2026-05-01 10:45:45,364 [INFO] Log: /home/blue/dev4T/flagOS/code/OpenSeek/openseek/competition/LongContext-ICL-Annotation/src/task3/v2/src/../logs/generate_task3_cot.log
2026-05-01 10:45:45,364 [INFO] Data: /home/blue/dev4T/flagOS/code/OpenSeek/openseek/competition/LongContext-ICL-Annotation/data/openseek-3_collatz_conjecture.json
2026-05-01 10:45:45,364 [INFO] Output: /home/blue/dev4T/flagOS/code/OpenSeek/openseek/competition/LongContext-ICL-Annotation/src/task3/v2/cot_data/openseek-3_collatz_conjecture_with_cot.json
2026-05-01 10:45:45,367 [INFO] 加载 3997 条示例
2026-05-01 10:45:45,367 [INFO] 实际需处理 10 条，跳过 0 条，并发数=3
2026-05-01 10:45:56,092 [INFO] HTTP Request: POST http://localhost:2026/v1/chat/completions "HTTP/1.1 200 OK"
2026-05-01 10:45:56,096 [INFO] [1/10] id=openseek-3-b1247c988 GT=[82, 298, 94, 448] ✅ (1872ch, attempts=1, 10.7s)
2026-05-01 10:45:56,685 [INFO] HTTP Request: POST http://localhost:2026/v1/chat/completions "HTTP/1.1 200 OK"
2026-05-01 10:45:56,687 [INFO] [2/10] id=openseek-3-87f9d0a0b GT=[484, 112, 61, 96, 52] ✅ (1738ch, attempts=1, 11.3s)
2026-05-01 10:46:00,692 [INFO] HTTP Request: POST http://localhost:2026/v1/chat/completions "HTTP/1.1 200 OK"
2026-05-01 10:46:00,694 [INFO] [3/10] id=openseek-3-f5f200656 GT=[36, 88, 148] ✅ (3110ch, attempts=1, 15.3s)
2026-05-01 10:46:04,519 [INFO] HTTP Request: POST http://localhost:2026/v1/chat/completions "HTTP/1.1 200 OK"
2026-05-01 10:46:04,520 [INFO] [4/10] id=openseek-3-e23d38c21 GT=[142, 46] ✅ (1600ch, attempts=1, 7.8s)
2026-05-01 10:46:10,986 [INFO] HTTP Request: POST http://localhost:2026/v1/chat/completions "HTTP/1.1 200 OK"
2026-05-01 10:46:10,988 [INFO] [5/10] id=openseek-3-447e41652 GT=[244, 17, 78, 274, 112, 316, 184] ✅ (2192ch, attempts=1, 14.9s)
2026-05-01 10:46:14,530 [INFO] HTTP Request: POST http://localhost:2026/v1/chat/completions "HTTP/1.1 200 OK"
2026-05-01 10:46:14,532 [INFO] [6/10] id=openseek-3-8d968f9a6 GT=[19, 208, 71, 226, 50] ✅ (1676ch, attempts=1, 10.0s)
2026-05-01 10:46:18,935 [INFO] HTTP Request: POST http://localhost:2026/v1/chat/completions "HTTP/1.1 200 OK"
2026-05-01 10:46:18,937 [INFO] [7/10] id=openseek-3-7aebc214c GT=[30, 81, 310, 91, 72, 130, 34, 538, 76] ✅ (2798ch, attempts=1, 18.2s)
2026-05-01 10:46:19,858 [INFO] HTTP Request: POST http://localhost:2026/v1/chat/completions "HTTP/1.1 200 OK"
2026-05-01 10:46:19,859 [INFO] [8/10] id=openseek-3-9991fa27f GT=[34, 35] ✅ (1876ch, attempts=1, 8.9s)
2026-05-01 10:46:34,958 [INFO] HTTP Request: POST http://localhost:2026/v1/chat/completions "HTTP/1.1 200 OK"
2026-05-01 10:46:34,959 [INFO] [9/10] id=openseek-3-d160c4eb8 GT=[424, 322, 92, 5, 364, 23, 514] ✅ (2861ch, attempts=1, 20.4s)
2026-05-01 10:46:37,342 [INFO] HTTP Request: POST http://localhost:2026/v1/chat/completions "HTTP/1.1 200 OK"
2026-05-01 10:46:37,343 [INFO] [10/10] id=openseek-3-ee1c405f5 GT=[178, 85, 586, 23, 460, 69] ✅ (2336ch, attempts=1, 18.4s)
2026-05-01 10:46:37,680 [INFO] ============================================================
2026-05-01 10:46:37,680 [INFO] 完成! 52s, 共处理 10 条
2026-05-01 10:46:37,680 [INFO]   think 验证通过: 10
2026-05-01 10:46:37,680 [INFO]   think 非空总数: 10
2026-05-01 10:46:37,680 [INFO]   think 降级（空）: 0
2026-05-01 10:46:37,680 [INFO]   跳过: 0
2026-05-01 10:46:37,680 [INFO]   think 验证通过率: 100.0%
2026-05-01 10:46:37,680 [INFO]   输出: /home/blue/dev4T/flagOS/code/OpenSeek/openseek/competition/LongContext-ICL-Annotation/src/task3/v2/cot_data/openseek-3_collatz_conjecture_with_cot.json
2026-05-01 10:47:05,266 [INFO] Log: /home/blue/dev4T/flagOS/code/OpenSeek/openseek/competition/LongContext-ICL-Annotation/src/task3/v2/src/../logs/generate_task3_cot.log
2026-05-01 10:47:05,266 [INFO] Data: /home/blue/dev4T/flagOS/code/OpenSeek/openseek/competition/LongContext-ICL-Annotation/data/openseek-3_collatz_conjecture.json
2026-05-01 10:47:05,266 [INFO] Output: /home/blue/dev4T/flagOS/code/OpenSeek/openseek/competition/LongContext-ICL-Annotation/src/task3/v2/cot_data/openseek-3_collatz_conjecture_with_cot.json
2026-05-01 10:47:05,269 [INFO] 加载 3997 条示例
2026-05-01 10:47:05,272 [INFO] 续跑: 已有 10 条 think
2026-05-01 10:47:05,272 [INFO] 实际需处理 3987 条，跳过 10 条，并发数=3
2026-05-01 10:47:16,349 [INFO] HTTP Request: POST http://localhost:2026/v1/chat/completions "HTTP/1.1 200 OK"
2026-05-01 10:47:16,354 [INFO] [1/3987] id=openseek-3-97373ed6b GT=[83, 62, 436, 334, 382] ✅ (1772ch, attempts=1, 11.1s)
2026-05-01 10:47:16,684 [INFO] HTTP Request: POST http://localhost:2026/v1/chat/completions "HTTP/1.1 200 OK"
2026-05-01 10:47:16,686 [INFO] [2/3987] id=openseek-3-a55ed62c1 GT=[118, 52, 77, 202, 226] ✅ (1845ch, attempts=1, 11.4s)
2026-05-01 10:47:21,480 [INFO] HTTP Request: POST http://localhost:2026/v1/chat/completions "HTTP/1.1 200 OK"
2026-05-01 10:47:21,481 [INFO] [3/3987] id=openseek-3-d05bf701c GT=[466, 39, 484, 43, 39, 424] ✅ (2686ch, attempts=1, 16.2s)
2026-05-01 10:47:25,349 [INFO] HTTP Request: POST http://localhost:2026/v1/chat/completions "HTTP/1.1 200 OK"
2026-05-01 10:47:25,350 [INFO] [4/3987] id=openseek-3-c9a0520bb GT=[53, 93, 304] ✅ (1701ch, attempts=1, 9.0s)
2026-05-01 10:47:34,341 [INFO] HTTP Request: POST http://localhost:2026/v1/chat/completions "HTTP/1.1 200 OK"
2026-05-01 10:47:34,342 [INFO] [5/3987] id=openseek-3-642c5f4e8 GT=[40, 39, 28, 22, 14, 148] ✅ (2314ch, attempts=1, 12.9s)
2026-05-01 10:47:37,619 [INFO] HTTP Request: POST http://localhost:2026/v1/chat/completions "HTTP/1.1 200 OK"
2026-05-01 10:47:37,732 [INFO] [6/3987] id=openseek-3-8cb76468d GT=[238, 580, 77, 100, 106] ✅ (2008ch, attempts=1, 12.4s)
2026-05-01 10:47:37,839 [INFO] HTTP Request: POST http://localhost:2026/v1/chat/completions "HTTP/1.1 200 OK"
2026-05-01 10:47:37,840 [INFO] [7/3987] id=openseek-3-0e630f428 GT=[214, 118, 550, 586, 532, 44, 79, 496] ✅ (3161ch, attempts=1, 21.2s)
2026-05-01 10:47:50,210 [INFO] HTTP Request: POST http://localhost:2026/v1/chat/completions "HTTP/1.1 200 OK"
2026-05-01 10:47:50,211 [INFO] [8/3987] id=openseek-3-ff81f84fc GT=[184, 142, 106, 136, 64] ✅ (2006ch, attempts=1, 12.4s)
2026-05-01 10:47:53,548 [INFO] HTTP Request: POST http://localhost:2026/v1/chat/completions "HTTP/1.1 200 OK"
2026-05-01 10:47:53,550 [INFO] [9/3987] id=openseek-3-b7e199da2 GT=[502, 74, 262, 32, 106, 30] ✅ (2772ch, attempts=1, 15.8s)
2026-05-01 10:47:59,123 [INFO] HTTP Request: POST http://localhost:2026/v1/chat/completions "HTTP/1.1 200 OK"
2026-05-01 10:47:59,125 [INFO] [10/3987] id=openseek-3-c957ba079 GT=[388, 94, 364, 69, 4, 520, 124, 196, 19] ✅ (3881ch, attempts=1, 24.8s)
2026-05-01 10:48:02,264 [INFO] HTTP Request: POST http://localhost:2026/v1/chat/completions "HTTP/1.1 200 OK"
2026-05-01 10:48:02,266 [INFO] [11/3987] id=openseek-3-1bd5e85be GT=[74, 5, 24, 94, 460, 82] ✅ (1908ch, attempts=1, 12.1s)
2026-05-01 10:48:05,422 [INFO] HTTP Request: POST http://localhost:2026/v1/chat/completions "HTTP/1.1 200 OK"
2026-05-01 10:48:05,423 [INFO] [12/3987] id=openseek-3-abb08c457 GT=[334, 91, 76, 232, 478] ✅ (1872ch, attempts=1, 11.9s)
2026-05-01 10:48:13,087 [INFO] HTTP Request: POST http://localhost:2026/v1/chat/completions "HTTP/1.1 200 OK"
2026-05-01 10:48:13,089 [INFO] [13/3987] id=openseek-3-9f37410f2 GT=[63, 53, 358, 53, 202] ✅ (1671ch, attempts=1, 10.8s)
2026-05-01 10:48:15,838 [INFO] HTTP Request: POST http://localhost:2026/v1/chat/completions "HTTP/1.1 200 OK"
2026-05-01 10:48:15,839 [INFO] [14/3987] id=openseek-3-4a9e5d10f GT=[80, 86, 106, 1, 514, 208, 124] ✅ (2662ch, attempts=1, 16.7s)
2026-05-01 10:48:20,617 [INFO] HTTP Request: POST http://localhost:2026/v1/chat/completions "HTTP/1.1 200 OK"
2026-05-01 10:48:20,618 [INFO] [15/3987] id=openseek-3-91ed25fec GT=[214, 1, 82, 574, 64, 31, 490] ✅ (2409ch, attempts=1, 15.2s)
2026-05-01 10:48:24,325 [INFO] HTTP Request: POST http://localhost:2026/v1/chat/completions "HTTP/1.1 200 OK"
2026-05-01 10:48:24,326 [INFO] [16/3987] id=openseek-3-3d861e093 GT=[28, 50, 29, 68, 51] ✅ (1872ch, attempts=1, 11.2s)
2026-05-01 10:48:30,921 [INFO] HTTP Request: POST http://localhost:2026/v1/chat/completions "HTTP/1.1 200 OK"
2026-05-01 10:48:30,922 [INFO] [17/3987] id=openseek-3-83f5df745 GT=[22, 466, 99] ✅ (2130ch, attempts=1, 10.3s)
2026-05-01 10:48:34,351 [INFO] HTTP Request: POST http://localhost:2026/v1/chat/completions "HTTP/1.1 200 OK"
2026-05-01 10:48:34,353 [INFO] [18/3987] id=openseek-3-d3f38e42c GT=[56, 76, 51, 95, 310, 256, 3, 36] ✅ (2988ch, attempts=1, 18.5s)
2026-05-01 10:48:35,488 [INFO] HTTP Request: POST http://localhost:2026/v1/chat/completions "HTTP/1.1 200 OK"
2026-05-01 10:48:35,489 [INFO] [19/3987] id=openseek-3-8b7f4f609 GT=[58, 472, 352] ✅ (2026ch, attempts=1, 11.2s)
2026-05-01 10:48:37,892 [INFO] HTTP Request: POST http://localhost:2026/v1/chat/completions "HTTP/1.1 200 OK"
2026-05-01 10:48:37,893 [INFO] [20/3987] id=openseek-3-105f2d92c GT=[90, 38] ✅ (1495ch, attempts=1, 7.0s)
2026-05-01 10:48:41,438 [INFO] HTTP Request: POST http://localhost:2026/v1/chat/completions "HTTP/1.1 200 OK"
2026-05-01 10:48:41,440 [INFO] [21/3987] id=openseek-3-5ac3254bc GT=[340, 3] ✅ (1477ch, attempts=1, 7.1s)
2026-05-01 10:48:43,806 [INFO] HTTP Request: POST http://localhost:2026/v1/chat/completions "HTTP/1.1 200 OK"
2026-05-01 10:48:43,807 [INFO] [22/3987] id=openseek-3-271752af6 GT=[32, 538] ✅ (1633ch, attempts=1, 8.3s)
2026-05-01 10:48:53,841 [INFO] HTTP Request: POST http://localhost:2026/v1/chat/completions "HTTP/1.1 200 OK"
2026-05-01 10:48:53,843 [INFO] [23/3987] id=openseek-3-ebc807169 GT=[5, 280, 94, 40, 160] ✅ (1747ch, attempts=1, 10.0s)
2026-05-01 10:48:55,968 [INFO] HTTP Request: POST http://localhost:2026/v1/chat/completions "HTTP/1.1 200 OK"
2026-05-01 10:48:55,969 [INFO] [24/3987] id=openseek-3-93cc03162 GT=[160, 17, 34, 76, 262, 91, 78, 56] ✅ (3219ch, attempts=1, 18.1s)
2026-05-01 10:48:58,525 [INFO] HTTP Request: POST http://localhost:2026/v1/chat/completions "HTTP/1.1 200 OK"
2026-05-01 10:48:58,527 [INFO] [25/3987] id=openseek-3-6da4dbe08 GT=[286, 35, 55, 310, 328, 112, 74, 208] ✅ (2497ch, attempts=1, 17.1s)
2026-05-01 10:49:05,639 [INFO] HTTP Request: POST http://localhost:2026/v1/chat/completions "HTTP/1.1 200 OK"
2026-05-01 10:49:05,639 [INFO] HTTP Request: POST http://localhost:2026/v1/chat/completions "HTTP/1.1 200 OK"
2026-05-01 10:49:05,643 [INFO] [26/3987] id=openseek-3-9a20718f7 GT=[358, 87, 388, 51] ✅ (1979ch, attempts=1, 11.8s)
2026-05-01 10:49:05,643 [INFO] [27/3987] id=openseek-3-419628ea1 GT=[88, 34, 484] ✅ (1708ch, attempts=1, 9.7s)
2026-05-01 10:49:14,280 [INFO] HTTP Request: POST http://localhost:2026/v1/chat/completions "HTTP/1.1 200 OK"
2026-05-01 10:49:14,281 [INFO] [28/3987] id=openseek-3-f4efbc3c0 GT=[41, 23, 26, 68] ✅ (1567ch, attempts=1, 8.6s)
2026-05-01 10:49:18,045 [INFO] HTTP Request: POST http://localhost:2026/v1/chat/completions "HTTP/1.1 200 OK"
2026-05-01 10:49:18,047 [INFO] [29/3987] id=openseek-3-345851a4d GT=[56, 31, 304, 53, 28] ✅ (2088ch, attempts=1, 12.4s)
2026-05-01 10:49:22,150 [INFO] HTTP Request: POST http://localhost:2026/v1/chat/completions "HTTP/1.1 200 OK"
2026-05-01 10:49:22,151 [INFO] [30/3987] id=openseek-3-4a1494800 GT=[39, 448, 71, 106, 94, 328, 118, 44, 100 ✅ (3412ch, attempts=1, 23.6s)
2026-05-01 10:49:28,307 [INFO] HTTP Request: POST http://localhost:2026/v1/chat/completions "HTTP/1.1 200 OK"
2026-05-01 10:49:28,308 [INFO] [31/3987] id=openseek-3-e55087ce9 GT=[41, 334, 136] ✅ (1896ch, attempts=1, 10.3s)
2026-05-01 10:49:34,000 [INFO] HTTP Request: POST http://localhost:2026/v1/chat/completions "HTTP/1.1 200 OK"
2026-05-01 10:49:34,001 [INFO] [32/3987] id=openseek-3-86e44c7da GT=[77, 490, 64, 61, 91, 592, 70, 124] ✅ (2859ch, attempts=1, 19.7s)
2026-05-01 10:49:35,811 [INFO] HTTP Request: POST http://localhost:2026/v1/chat/completions "HTTP/1.1 200 OK"
2026-05-01 10:49:35,813 [INFO] [33/3987] id=openseek-3-484c0e618 GT=[328, 190, 23, 388, 406, 35] ✅ (2107ch, attempts=1, 13.7s)
2026-05-01 10:49:42,633 [INFO] HTTP Request: POST http://localhost:2026/v1/chat/completions "HTTP/1.1 200 OK"
2026-05-01 10:49:42,634 [INFO] [34/3987] id=openseek-3-8e7826a8d GT=[92, 69] ✅ (1850ch, attempts=1, 8.6s)
2026-05-01 10:49:45,277 [INFO] HTTP Request: POST http://localhost:2026/v1/chat/completions "HTTP/1.1 200 OK"
2026-05-01 10:49:45,279 [INFO] [35/3987] id=openseek-3-97bb2fc2c GT=[49, 1] ✅ (2136ch, attempts=1, 9.5s)
2026-05-01 10:49:51,487 [INFO] HTTP Request: POST http://localhost:2026/v1/chat/completions "HTTP/1.1 200 OK"
2026-05-01 10:49:51,489 [INFO] [36/3987] id=openseek-3-8fc509bc4 GT=[400, 526, 42, 436, 412, 27, 190, 36] ✅ (3972ch, attempts=1, 23.2s)
2026-05-01 10:49:52,546 [INFO] HTTP Request: POST http://localhost:2026/v1/chat/completions "HTTP/1.1 200 OK"
2026-05-01 10:49:52,548 [INFO] [37/3987] id=openseek-3-a7316fce3 GT=[16, 93, 31] ✅ (1975ch, attempts=1, 9.9s)
2026-05-01 10:49:59,543 [INFO] HTTP Request: POST http://localhost:2026/v1/chat/completions "HTTP/1.1 200 OK"
2026-05-01 10:49:59,545 [INFO] [38/3987] id=openseek-3-e1d7cde5c GT=[268, 83, 86, 226, 57, 58, 106] ✅ (2194ch, attempts=1, 14.3s)
2026-05-01 10:49:59,835 [INFO] HTTP Request: POST http://localhost:2026/v1/chat/completions "HTTP/1.1 200 OK"
2026-05-01 10:49:59,837 [INFO] [39/3987] id=openseek-3-6c46145ed GT=[99, 88] ✅ (1543ch, attempts=1, 7.3s)
2026-05-01 10:50:07,734 [INFO] HTTP Request: POST http://localhost:2026/v1/chat/completions "HTTP/1.1 200 OK"
2026-05-01 10:50:07,735 [INFO] [40/3987] id=openseek-3-e66df3907 GT=[89, 12, 310, 72, 14, 88, 32, 1, 6] ✅ (2468ch, attempts=1, 16.2s)
2026-05-01 10:50:18,154 [INFO] HTTP Request: POST http://localhost:2026/v1/chat/completions "HTTP/1.1 200 OK"
2026-05-01 10:50:18,155 [INFO] [41/3987] id=openseek-3-a2f98c7d7 GT=[95, 574, 14, 418, 130, 34, 85, 85] ✅ (2801ch, attempts=1, 18.3s)
2026-05-01 10:50:19,513 [INFO] HTTP Request: POST http://localhost:2026/v1/chat/completions "HTTP/1.1 200 OK"
2026-05-01 10:50:19,515 [INFO] [42/3987] id=openseek-3-005a9dd46 GT=[38, 92, 16, 92, 63, 64, 484, 178] ✅ (3015ch, attempts=1, 20.0s)
2026-05-01 10:50:28,856 [INFO] HTTP Request: POST http://localhost:2026/v1/chat/completions "HTTP/1.1 200 OK"
2026-05-01 10:50:28,857 [INFO] [43/3987] id=openseek-3-3c197191e GT=[184, 5, 64, 62, 46, 64, 71, 24, 3] ✅ (3420ch, attempts=1, 21.1s)
2026-05-01 10:50:31,151 [INFO] HTTP Request: POST http://localhost:2026/v1/chat/completions "HTTP/1.1 200 OK"
2026-05-01 10:50:31,153 [INFO] [44/3987] id=openseek-3-51f69624d GT=[34, 424, 562] ✅ (2235ch, attempts=1, 13.0s)
2026-05-01 10:50:40,735 [INFO] HTTP Request: POST http://localhost:2026/v1/chat/completions "HTTP/1.1 200 OK"
2026-05-01 10:50:40,736 [INFO] [45/3987] id=openseek-3-1db4f50e7 GT=[310, 304, 65, 1, 196, 526, 67, 94] ✅ (3215ch, attempts=1, 21.2s)
2026-05-01 10:50:40,980 [INFO] HTTP Request: POST http://localhost:2026/v1/chat/completions "HTTP/1.1 200 OK"
2026-05-01 10:50:40,981 [INFO] [46/3987] id=openseek-3-96a434975 GT=[544, 4, 352, 76] ✅ (2059ch, attempts=1, 12.1s)
2026-05-01 10:50:50,577 [INFO] HTTP Request: POST http://localhost:2026/v1/chat/completions "HTTP/1.1 200 OK"
2026-05-01 10:50:50,578 [INFO] [47/3987] id=openseek-3-5cbf4275d GT=[62, 478, 244, 89, 286, 484, 16, 112] ✅ (2970ch, attempts=1, 19.4s)
2026-05-01 10:50:53,886 [INFO] HTTP Request: POST http://localhost:2026/v1/chat/completions "HTTP/1.1 200 OK"
2026-05-01 10:50:53,888 [INFO] [48/3987] id=openseek-3-05b757bed GT=[37, 358, 526, 388, 15] ✅ (2059ch, attempts=1, 12.9s)
2026-05-01 10:50:54,061 [INFO] HTTP Request: POST http://localhost:2026/v1/chat/completions "HTTP/1.1 200 OK"
2026-05-01 10:50:54,062 [INFO] [49/3987] id=openseek-3-d3cea6872 GT=[184, 21, 292, 76, 37, 12] ✅ (2262ch, attempts=1, 13.3s)
2026-05-01 10:51:03,108 [INFO] HTTP Request: POST http://localhost:2026/v1/chat/completions "HTTP/1.1 200 OK"
2026-05-01 10:51:03,109 [INFO] [50/3987] id=openseek-3-7305b1da7 GT=[400, 196, 448] ✅ (2349ch, attempts=1, 12.5s)
2026-05-01 10:51:03,140 [INFO]   💾 已保存 (成功=50 验证通过=50 降级=0) | 4.8s/条均值 | ETA=312min
2026-05-01 10:51:03,888 [INFO] HTTP Request: POST http://localhost:2026/v1/chat/completions "HTTP/1.1 200 OK"
2026-05-01 10:51:03,889 [INFO] [51/3987] id=openseek-3-b54ba6197 GT=[118, 370, 9, 89, 45] ✅ (1709ch, attempts=1, 9.8s)
2026-05-01 10:51:13,061 [INFO] HTTP Request: POST http://localhost:2026/v1/chat/completions "HTTP/1.1 200 OK"
2026-05-01 10:51:13,062 [INFO] [52/3987] id=openseek-3-a42946e2c GT=[45, 43, 454, 358, 41, 436, 220, 16] ✅ (3044ch, attempts=1, 19.2s)
2026-05-01 10:51:14,107 [INFO] HTTP Request: POST http://localhost:2026/v1/chat/completions "HTTP/1.1 200 OK"
2026-05-01 10:51:14,108 [INFO] [53/3987] id=openseek-3-31febde3f GT=[19, 442, 10, 68, 70, 298] ✅ (1755ch, attempts=1, 11.0s)
2026-05-01 10:51:14,317 [INFO] HTTP Request: POST http://localhost:2026/v1/chat/completions "HTTP/1.1 200 OK"
2026-05-01 10:51:14,318 [INFO] [54/3987] id=openseek-3-43786b18d GT=[29, 388] ✅ (1967ch, attempts=1, 10.4s)
2026-05-01 10:51:21,238 [INFO] HTTP Request: POST http://localhost:2026/v1/chat/completions "HTTP/1.1 200 OK"
2026-05-01 10:51:21,239 [INFO] [55/3987] id=openseek-3-bc202d594 GT=[73, 22] ✅ (1850ch, attempts=1, 8.2s)
2026-05-01 10:51:32,148 [INFO] HTTP Request: POST http://localhost:2026/v1/chat/completions "HTTP/1.1 200 OK"
2026-05-01 10:51:32,150 [INFO] [56/3987] id=openseek-3-2f023197f GT=[478, 316, 78, 43, 57, 84, 424, 70] ✅ (2790ch, attempts=1, 18.0s)
2026-05-01 10:51:34,212 [INFO] HTTP Request: POST http://localhost:2026/v1/chat/completions "HTTP/1.1 200 OK"
2026-05-01 10:51:34,214 [INFO] [57/3987] id=openseek-3-fe037a1b7 GT=[250, 382, 34, 50, 556, 10, 40] ✅ (3348ch, attempts=1, 19.9s)
2026-05-01 10:51:40,272 [INFO] HTTP Request: POST http://localhost:2026/v1/chat/completions "HTTP/1.1 200 OK"
2026-05-01 10:51:40,273 [INFO] [58/3987] id=openseek-3-8727ad01d GT=[154, 76, 100, 10, 4, 544, 304, 412] ✅ (3105ch, attempts=1, 19.0s)
2026-05-01 10:51:47,090 [INFO] HTTP Request: POST http://localhost:2026/v1/chat/completions "HTTP/1.1 200 OK"
2026-05-01 10:51:47,091 [INFO] [59/3987] id=openseek-3-30c77fa55 GT=[22, 328, 66, 190, 430] ✅ (2062ch, attempts=1, 12.9s)
2026-05-01 10:51:51,037 [INFO] HTTP Request: POST http://localhost:2026/v1/chat/completions "HTTP/1.1 200 OK"
2026-05-01 10:51:51,038 [INFO] [60/3987] id=openseek-3-0aef0a917 GT=[42, 97, 37, 21, 364, 382, 40, 38] ✅ (3046ch, attempts=1, 18.9s)
2026-05-01 10:51:54,608 [INFO] HTTP Request: POST http://localhost:2026/v1/chat/completions "HTTP/1.1 200 OK"
2026-05-01 10:51:54,610 [INFO] [61/3987] id=openseek-3-27294ec4a GT=[478, 63, 298, 65, 86, 93] ✅ (2426ch, attempts=1, 14.3s)
2026-05-01 10:52:02,993 [INFO] HTTP Request: POST http://localhost:2026/v1/chat/completions "HTTP/1.1 200 OK"
2026-05-01 10:52:02,995 [INFO] [62/3987] id=openseek-3-9c22e1053 GT=[364, 10, 9] ✅ (1742ch, attempts=1, 8.4s)
2026-05-01 10:52:04,614 [INFO] HTTP Request: POST http://localhost:2026/v1/chat/completions "HTTP/1.1 200 OK"
2026-05-01 10:52:04,615 [INFO] [63/3987] id=openseek-3-4adb8ecb9 GT=[508, 82, 17, 32, 54, 526] ✅ (2319ch, attempts=1, 13.6s)
2026-05-01 10:52:05,864 [INFO] HTTP Request: POST http://localhost:2026/v1/chat/completions "HTTP/1.1 200 OK"
2026-05-01 10:52:05,865 [INFO] [64/3987] id=openseek-3-993d1c7a9 GT=[442, 54, 26, 86, 550, 412, 81] ✅ (3063ch, attempts=1, 18.8s)
2026-05-01 10:52:12,600 [INFO] HTTP Request: POST http://localhost:2026/v1/chat/completions "HTTP/1.1 200 OK"
2026-05-01 10:52:12,601 [INFO] [65/3987] id=openseek-3-891f9bace GT=[436, 466] ✅ (1570ch, attempts=1, 8.0s)
2026-05-01 10:52:17,648 [INFO] HTTP Request: POST http://localhost:2026/v1/chat/completions "HTTP/1.1 200 OK"
2026-05-01 10:52:17,650 [INFO] [66/3987] id=openseek-3-476be2083 GT=[196, 86, 388, 238, 214, 316] ✅ (1930ch, attempts=1, 11.8s)
2026-05-01 10:52:18,046 [INFO] HTTP Request: POST http://localhost:2026/v1/chat/completions "HTTP/1.1 200 OK"
2026-05-01 10:52:18,047 [INFO] [67/3987] id=openseek-3-64f0583cf GT=[226, 29, 304, 94, 18, 73, 80] ✅ (2364ch, attempts=1, 15.1s)
2026-05-01 10:52:24,873 [INFO] HTTP Request: POST http://localhost:2026/v1/chat/completions "HTTP/1.1 200 OK"
2026-05-01 10:52:24,874 [INFO] [68/3987] id=openseek-3-11cd04633 GT=[76, 98, 60, 59, 16, 69] ✅ (2184ch, attempts=1, 12.3s)
2026-05-01 10:52:28,396 [INFO] HTTP Request: POST http://localhost:2026/v1/chat/completions "HTTP/1.1 200 OK"
2026-05-01 10:52:28,397 [INFO] [69/3987] id=openseek-3-44904941b GT=[574, 592] ✅ (2254ch, attempts=1, 10.7s)
2026-05-01 10:52:34,287 [INFO] HTTP Request: POST http://localhost:2026/v1/chat/completions "HTTP/1.1 200 OK"
2026-05-01 10:52:34,288 [INFO] [70/3987] id=openseek-3-c8221ca25 GT=[322, 63, 388, 40, 328, 31, 142, 88, 17] ✅ (2752ch, attempts=1, 16.2s)
2026-05-01 10:52:35,000 [INFO] HTTP Request: POST http://localhost:2026/v1/chat/completions "HTTP/1.1 200 OK"
2026-05-01 10:52:35,001 [INFO] [71/3987] id=openseek-3-019b7eae4 GT=[87, 47, 87, 58] ✅ (1879ch, attempts=1, 10.1s)
2026-05-01 10:52:41,612 [INFO] HTTP Request: POST http://localhost:2026/v1/chat/completions "HTTP/1.1 200 OK"
2026-05-01 10:52:41,613 [INFO] [72/3987] id=openseek-3-d12814f4c GT=[70, 598, 6, 352, 59, 142] ✅ (2059ch, attempts=1, 13.2s)
2026-05-01 10:52:43,794 [INFO] HTTP Request: POST http://localhost:2026/v1/chat/completions "HTTP/1.1 200 OK"
2026-05-01 10:52:43,795 [INFO] [73/3987] id=openseek-3-ee29e0f74 GT=[400, 16, 430, 84] ✅ (1621ch, attempts=1, 9.5s)
2026-05-01 10:52:52,498 [INFO] HTTP Request: POST http://localhost:2026/v1/chat/completions "HTTP/1.1 200 OK"
2026-05-01 10:52:52,499 [INFO] [74/3987] id=openseek-3-5663923fc GT=[322, 340, 88, 2, 166, 52, 53] ✅ (3015ch, attempts=1, 17.5s)
2026-05-01 10:52:53,083 [INFO] HTTP Request: POST http://localhost:2026/v1/chat/completions "HTTP/1.1 200 OK"
2026-05-01 10:52:53,084 [INFO] [75/3987] id=openseek-3-b991617ae GT=[382, 8, 32, 208, 72] ✅ (2052ch, attempts=1, 11.5s)
2026-05-01 10:53:03,042 [INFO] HTTP Request: POST http://localhost:2026/v1/chat/completions "HTTP/1.1 200 OK"
2026-05-01 10:53:03,043 [INFO] [76/3987] id=openseek-3-86eb1ad7c GT=[40, 352, 226, 442, 118, 370, 316, 532] ✅ (3036ch, attempts=1, 19.2s)
2026-05-01 10:53:03,111 [INFO] HTTP Request: POST http://localhost:2026/v1/chat/completions "HTTP/1.1 200 OK"
2026-05-01 10:53:03,112 [INFO] [77/3987] id=openseek-3-6b57505da GT=[334, 75, 472, 238] ✅ (1916ch, attempts=1, 10.6s)
2026-05-01 10:53:10,206 [INFO] HTTP Request: POST http://localhost:2026/v1/chat/completions "HTTP/1.1 200 OK"
2026-05-01 10:53:10,207 [INFO] [78/3987] id=openseek-3-da9d22f6c GT=[84, 34, 598] ✅ (1264ch, attempts=1, 7.1s)
2026-05-01 10:53:11,243 [INFO] HTTP Request: POST http://localhost:2026/v1/chat/completions "HTTP/1.1 200 OK"
2026-05-01 10:53:11,245 [INFO] [79/3987] id=openseek-3-771c78c15 GT=[66, 54, 592, 598, 400, 32, 160, 46, 38] ✅ (2904ch, attempts=1, 18.2s)
2026-05-01 10:53:21,412 [INFO] HTTP Request: POST http://localhost:2026/v1/chat/completions "HTTP/1.1 200 OK"
2026-05-01 10:53:21,414 [INFO] [80/3987] id=openseek-3-cfa7493c9 GT=[562, 38, 88, 376, 68, 31, 79, 24] ✅ (3373ch, attempts=1, 18.4s)
2026-05-01 10:53:21,856 [INFO] HTTP Request: POST http://localhost:2026/v1/chat/completions "HTTP/1.1 200 OK"
2026-05-01 10:53:21,857 [INFO] [81/3987] id=openseek-3-db5c8e004 GT=[238, 514, 67] ✅ (2187ch, attempts=1, 11.6s)
2026-05-01 10:53:28,554 [INFO] HTTP Request: POST http://localhost:2026/v1/chat/completions "HTTP/1.1 200 OK"
2026-05-01 10:53:28,555 [INFO] [82/3987] id=openseek-3-76e42091a GT=[58, 82] ✅ (1521ch, attempts=1, 7.1s)
2026-05-01 10:53:33,369 [INFO] HTTP Request: POST http://localhost:2026/v1/chat/completions "HTTP/1.1 200 OK"
2026-05-01 10:53:33,371 [INFO] [83/3987] id=openseek-3-d80096e60 GT=[72, 532, 130, 10, 33, 87, 526, 568] ✅ (3399ch, attempts=1, 22.1s)
2026-05-01 10:53:37,491 [INFO] HTTP Request: POST http://localhost:2026/v1/chat/completions "HTTP/1.1 200 OK"
2026-05-01 10:53:37,492 [INFO] [84/3987] id=openseek-3-c08424fa1 GT=[478, 160, 8, 63, 9, 25, 56] ✅ (2749ch, attempts=1, 15.6s)
2026-05-01 10:53:45,447 [INFO] HTTP Request: POST http://localhost:2026/v1/chat/completions "HTTP/1.1 200 OK"
2026-05-01 10:53:45,449 [INFO] [85/3987] id=openseek-3-839a37720 GT=[28, 58, 598, 166, 61, 190] ✅ (1974ch, attempts=1, 12.1s)
2026-05-01 10:53:47,387 [INFO] HTTP Request: POST http://localhost:2026/v1/chat/completions "HTTP/1.1 200 OK"
2026-05-01 10:53:47,388 [INFO] [86/3987] id=openseek-3-abcb772fb GT=[30, 7, 57, 550, 100, 45, 316, 69, 16] ✅ (3296ch, attempts=1, 18.8s)
2026-05-01 10:53:49,827 [INFO] HTTP Request: POST http://localhost:2026/v1/chat/completions "HTTP/1.1 200 OK"
2026-05-01 10:53:49,828 [INFO] [87/3987] id=openseek-3-e7fd212e5 GT=[370, 95, 352, 1] ✅ (2236ch, attempts=1, 12.3s)
2026-05-01 10:53:56,284 [INFO] HTTP Request: POST http://localhost:2026/v1/chat/completions "HTTP/1.1 200 OK"
2026-05-01 10:53:56,285 [INFO] [88/3987] id=openseek-3-f210229f5 GT=[370, 382] ✅ (1812ch, attempts=1, 8.9s)
2026-05-01 10:53:58,993 [INFO] HTTP Request: POST http://localhost:2026/v1/chat/completions "HTTP/1.1 200 OK"
2026-05-01 10:53:58,994 [INFO] [89/3987] id=openseek-3-c2d2229a1 GT=[43, 454, 460, 10] ✅ (1639ch, attempts=1, 9.2s)
2026-05-01 10:54:07,088 [INFO] HTTP Request: POST http://localhost:2026/v1/chat/completions "HTTP/1.1 200 OK"
2026-05-01 10:54:07,090 [INFO] [90/3987] id=openseek-3-68028d69d GT=[81, 90, 286, 48, 28, 49, 66] ✅ (3938ch, attempts=1, 21.6s)
2026-05-01 10:54:09,623 [INFO] HTTP Request: POST http://localhost:2026/v1/chat/completions "HTTP/1.1 200 OK"
2026-05-01 10:54:09,624 [INFO] [91/3987] id=openseek-3-0c9c51cf5 GT=[274, 520, 49, 12] ✅ (2312ch, attempts=1, 13.3s)
2026-05-01 10:54:12,161 [INFO] HTTP Request: POST http://localhost:2026/v1/chat/completions "HTTP/1.1 200 OK"
2026-05-01 10:54:12,162 [INFO] [92/3987] id=openseek-3-a979e9c7b GT=[88, 544, 1, 70, 2, 28] ✅ (2090ch, attempts=1, 13.2s)
2026-05-01 10:54:21,451 [INFO] HTTP Request: POST http://localhost:2026/v1/chat/completions "HTTP/1.1 200 OK"
2026-05-01 10:54:21,452 [INFO] [93/3987] id=openseek-3-2a4602786 GT=[508, 88, 95, 286] ✅ (2008ch, attempts=1, 11.8s)
2026-05-01 10:54:26,057 [INFO] HTTP Request: POST http://localhost:2026/v1/chat/completions "HTTP/1.1 200 OK"
2026-05-01 10:54:26,058 [INFO] [94/3987] id=openseek-3-47cca61d1 GT=[79, 53, 84, 13, 490, 61, 40, 460] ✅ (3107ch, attempts=1, 19.0s)
2026-05-01 10:54:31,687 [INFO] HTTP Request: POST http://localhost:2026/v1/chat/completions "HTTP/1.1 200 OK"
2026-05-01 10:54:31,688 [INFO] [95/3987] id=openseek-3-621921395 GT=[568, 394, 220] ✅ (1831ch, attempts=1, 10.2s)
2026-05-01 10:54:33,120 [INFO] HTTP Request: POST http://localhost:2026/v1/chat/completions "HTTP/1.1 200 OK"
2026-05-01 10:54:33,122 [INFO] [96/3987] id=openseek-3-116765384 GT=[586, 28, 3, 71, 394, 214, 48, 94, 520] ✅ (3419ch, attempts=1, 21.0s)
2026-05-01 10:54:37,344 [INFO] HTTP Request: POST http://localhost:2026/v1/chat/completions "HTTP/1.1 200 OK"
2026-05-01 10:54:37,345 [INFO] [97/3987] id=openseek-3-c2501c59e GT=[95, 466, 250, 586, 322, 556] ✅ (1739ch, attempts=1, 11.3s)
2026-05-01 10:54:41,884 [INFO] HTTP Request: POST http://localhost:2026/v1/chat/completions "HTTP/1.1 200 OK"
2026-05-01 10:54:41,885 [INFO] [98/3987] id=openseek-3-41c5b2bac GT=[29, 71, 68] ✅ (2036ch, attempts=1, 10.2s)
2026-05-01 10:54:46,189 [INFO] HTTP Request: POST http://localhost:2026/v1/chat/completions "HTTP/1.1 200 OK"
2026-05-01 10:54:46,191 [INFO] [99/3987] id=openseek-3-5c2ffbfbd GT=[226, 70, 79, 472, 31, 70, 298] ✅ (2023ch, attempts=1, 13.1s)
2026-05-01 10:54:50,309 [INFO] HTTP Request: POST http://localhost:2026/v1/chat/completions "HTTP/1.1 200 OK"
2026-05-01 10:54:50,310 [INFO] [100/3987] id=openseek-3-4daffbe02 GT=[23, 14] ✅ (1949ch, attempts=1, 8.4s)
2026-05-01 10:54:50,330 [INFO]   💾 已保存 (成功=100 验证通过=100 降级=0) | 4.7s/条均值 | ETA=301min
2026-05-01 10:54:54,895 [INFO] HTTP Request: POST http://localhost:2026/v1/chat/completions "HTTP/1.1 200 OK"
2026-05-01 10:54:54,896 [INFO] [101/3987] id=openseek-3-958a7ab1a GT=[4, 23, 64, 250, 430, 42, 244, 346, 67] ✅ (2779ch, attempts=1, 17.6s)
2026-05-01 10:54:59,104 [INFO] HTTP Request: POST http://localhost:2026/v1/chat/completions "HTTP/1.1 200 OK"
2026-05-01 10:54:59,105 [INFO] [102/3987] id=openseek-3-d8c823f7f GT=[95, 36, 29, 69] ✅ (1691ch, attempts=1, 8.8s)
2026-05-01 10:55:01,172 [INFO] HTTP Request: POST http://localhost:2026/v1/chat/completions "HTTP/1.1 200 OK"
2026-05-01 10:55:01,173 [INFO] [103/3987] id=openseek-3-b777e49cc GT=[69, 592, 18, 74, 388, 24] ✅ (2503ch, attempts=1, 15.0s)
2026-05-01 10:55:02,100 [INFO] HTTP Request: POST http://localhost:2026/v1/chat/completions "HTTP/1.1 200 OK"
2026-05-01 10:55:02,101 [INFO] [104/3987] id=openseek-3-93886dc26 GT=[586, 47] ✅ (1446ch, attempts=1, 7.2s)
2026-05-01 10:55:12,834 [INFO] HTTP Request: POST http://localhost:2026/v1/chat/completions "HTTP/1.1 200 OK"
2026-05-01 10:55:12,835 [INFO] [105/3987] id=openseek-3-e7596afd6 GT=[496, 6, 496, 106, 9] ✅ (2009ch, attempts=1, 11.7s)
2026-05-01 10:55:14,470 [INFO] HTTP Request: POST http://localhost:2026/v1/chat/completions "HTTP/1.1 200 OK"
2026-05-01 10:55:14,472 [INFO] [106/3987] id=openseek-3-9afcf5a82 GT=[478, 66, 94, 478, 514, 202, 42, 568] ✅ (2435ch, attempts=1, 15.4s)
2026-05-01 10:55:23,773 [INFO] HTTP Request: POST http://localhost:2026/v1/chat/completions "HTTP/1.1 200 OK"
2026-05-01 10:55:23,774 [INFO] [107/3987] id=openseek-3-fc1ce8389 GT=[274, 586, 442, 322, 160, 412, 21] ✅ (3548ch, attempts=1, 21.7s)
2026-05-01 10:55:31,306 [INFO] HTTP Request: POST http://localhost:2026/v1/chat/completions "HTTP/1.1 200 OK"
2026-05-01 10:55:31,307 [INFO] [108/3987] id=openseek-3-9e00f8c20 GT=[292, 532, 30, 358, 172, 46, 12, 544, 82 ✅ (2817ch, attempts=1, 18.5s)
2026-05-01 10:55:31,989 [INFO] HTTP Request: POST http://localhost:2026/v1/chat/completions "HTTP/1.1 200 OK"
2026-05-01 10:55:31,990 [INFO] [109/3987] id=openseek-3-447609374 GT=[12, 11, 96, 97, 49, 88, 67, 124] ✅ (2939ch, attempts=1, 17.5s)
2026-05-01 10:55:38,116 [INFO] HTTP Request: POST http://localhost:2026/v1/chat/completions "HTTP/1.1 200 OK"
2026-05-01 10:55:38,117 [INFO] [110/3987] id=openseek-3-f944284f3 GT=[568, 30, 47, 65, 532, 46] ✅ (2471ch, attempts=1, 14.3s)
2026-05-01 10:55:38,602 [INFO] HTTP Request: POST http://localhost:2026/v1/chat/completions "HTTP/1.1 200 OK"
2026-05-01 10:55:38,603 [INFO] [111/3987] id=openseek-3-7cae78ff1 GT=[11, 28, 88, 95] ✅ (1349ch, attempts=1, 7.3s)
2026-05-01 10:55:48,754 [INFO] HTTP Request: POST http://localhost:2026/v1/chat/completions "HTTP/1.1 200 OK"
2026-05-01 10:55:48,755 [INFO] [112/3987] id=openseek-3-ab3b7e315 GT=[220, 99, 48] ✅ (1935ch, attempts=1, 10.2s)
2026-05-01 10:55:49,739 [INFO] HTTP Request: POST http://localhost:2026/v1/chat/completions "HTTP/1.1 200 OK"
2026-05-01 10:55:49,740 [INFO] [113/3987] id=openseek-3-cafe9b79a GT=[178, 154, 15, 400, 178, 22, 88, 54, 88] ✅ (2732ch, attempts=1, 17.8s)
2026-05-01 10:55:55,549 [INFO] HTTP Request: POST http://localhost:2026/v1/chat/completions "HTTP/1.1 200 OK"
2026-05-01 10:55:55,551 [INFO] [114/3987] id=openseek-3-dfd6c5d45 GT=[72, 28] ✅ (1531ch, attempts=1, 6.8s)
2026-05-01 10:55:57,783 [INFO] HTTP Request: POST http://localhost:2026/v1/chat/completions "HTTP/1.1 200 OK"
2026-05-01 10:55:57,784 [INFO] [115/3987] id=openseek-3-b828ff563 GT=[490, 394, 322, 36, 89, 298, 412, 31, 46 ✅ (3154ch, attempts=1, 19.7s)
2026-05-01 10:55:58,598 [INFO] HTTP Request: POST http://localhost:2026/v1/chat/completions "HTTP/1.1 200 OK"
2026-05-01 10:55:58,599 [INFO] [116/3987] id=openseek-3-4b3700a9f GT=[238, 154, 56] ✅ (1572ch, attempts=1, 8.9s)
2026-05-01 10:56:09,390 [INFO] HTTP Request: POST http://localhost:2026/v1/chat/completions "HTTP/1.1 200 OK"
2026-05-01 10:56:09,392 [INFO] [117/3987] id=openseek-3-8a70a10b9 GT=[38, 61, 406, 118, 46, 208] ✅ (2093ch, attempts=1, 13.8s)
2026-05-01 10:56:09,536 [INFO] HTTP Request: POST http://localhost:2026/v1/chat/completions "HTTP/1.1 200 OK"
2026-05-01 10:56:09,537 [INFO] [118/3987] id=openseek-3-c1294fafe GT=[472, 33, 172, 59, 48] ✅ (2125ch, attempts=1, 11.8s)
2026-05-01 10:56:17,580 [INFO] HTTP Request: POST http://localhost:2026/v1/chat/completions "HTTP/1.1 200 OK"
2026-05-01 10:56:17,582 [INFO] [119/3987] id=openseek-3-73d85fe80 GT=[274, 18, 28, 448, 184, 81, 69, 36, 508] ✅ (3031ch, attempts=1, 19.0s)
2026-05-01 10:56:18,690 [INFO] HTTP Request: POST http://localhost:2026/v1/chat/completions "HTTP/1.1 200 OK"
2026-05-01 10:56:18,691 [INFO] [120/3987] id=openseek-3-8e4bb6ef7 GT=[91, 85, 59, 66, 95] ✅ (1539ch, attempts=1, 9.3s)
2026-05-01 10:56:18,892 [INFO] HTTP Request: POST http://localhost:2026/v1/chat/completions "HTTP/1.1 200 OK"
2026-05-01 10:56:18,893 [INFO] [121/3987] id=openseek-3-6394d21b7 GT=[29, 15, 73] ✅ (1876ch, attempts=1, 9.4s)
2026-05-01 10:56:27,774 [INFO] HTTP Request: POST http://localhost:2026/v1/chat/completions "HTTP/1.1 200 OK"
2026-05-01 10:56:27,776 [INFO] [122/3987] id=openseek-3-e0fc830ce GT=[90, 57, 17] ✅ (2084ch, attempts=1, 10.2s)
2026-05-01 10:56:28,658 [INFO] HTTP Request: POST http://localhost:2026/v1/chat/completions "HTTP/1.1 200 OK"
2026-05-01 10:56:28,659 [INFO] [123/3987] id=openseek-3-fb9b6cfe0 GT=[262, 346] ✅ (1979ch, attempts=1, 9.8s)
2026-05-01 10:56:31,060 [INFO] HTTP Request: POST http://localhost:2026/v1/chat/completions "HTTP/1.1 200 OK"
2026-05-01 10:56:31,061 [INFO] [124/3987] id=openseek-3-1635e64b5 GT=[29, 8, 35, 58, 130, 64, 244] ✅ (2052ch, attempts=1, 12.4s)
2026-05-01 10:56:38,746 [INFO] HTTP Request: POST http://localhost:2026/v1/chat/completions "HTTP/1.1 200 OK"
2026-05-01 10:56:38,748 [INFO] [125/3987] id=openseek-3-a4d1462c6 GT=[57, 88, 532, 292, 37] ✅ (1751ch, attempts=1, 11.0s)
2026-05-01 10:56:42,987 [INFO] HTTP Request: POST http://localhost:2026/v1/chat/completions "HTTP/1.1 200 OK"
2026-05-01 10:56:42,988 [INFO] [126/3987] id=openseek-3-44f27b099 GT=[60, 520, 478] ✅ (2241ch, attempts=1, 11.9s)
2026-05-01 10:56:48,331 [INFO] HTTP Request: POST http://localhost:2026/v1/chat/completions "HTTP/1.1 200 OK"
2026-05-01 10:56:48,332 [INFO] [127/3987] id=openseek-3-d11c138aa GT=[334, 67, 412, 72, 42, 544, 43, 94, 70] ✅ (3293ch, attempts=1, 19.7s)
2026-05-01 10:56:59,045 [INFO] HTTP Request: POST http://localhost:2026/v1/chat/completions "HTTP/1.1 200 OK"
2026-05-01 10:56:59,046 [INFO] [128/3987] id=openseek-3-2539d0f28 GT=[568, 32, 202, 424, 61, 520] ✅ (2561ch, attempts=1, 16.1s)
2026-05-01 10:56:59,349 [INFO] HTTP Request: POST http://localhost:2026/v1/chat/completions "HTTP/1.1 200 OK"
2026-05-01 10:56:59,350 [INFO] [129/3987] id=openseek-3-ea810d77e GT=[136, 52, 598, 424] ✅ (1880ch, attempts=1, 11.0s)
2026-05-01 10:56:59,647 [INFO] HTTP Request: POST http://localhost:2026/v1/chat/completions "HTTP/1.1 200 OK"
2026-05-01 10:56:59,648 [INFO] [130/3987] id=openseek-3-ab185ac58 GT=[424, 382, 71, 19, 220, 478, 39, 87, 310 ✅ (3190ch, attempts=1, 20.9s)
2026-05-01 10:57:09,609 [INFO] HTTP Request: POST http://localhost:2026/v1/chat/completions "HTTP/1.1 200 OK"
2026-05-01 10:57:09,610 [INFO] [131/3987] id=openseek-3-61ba3c399 GT=[28, 69, 67] ✅ (1967ch, attempts=1, 10.0s)
2026-05-01 10:57:11,284 [INFO] HTTP Request: POST http://localhost:2026/v1/chat/completions "HTTP/1.1 200 OK"
2026-05-01 10:57:11,285 [INFO] [132/3987] id=openseek-3-640202e14 GT=[124, 586, 39, 424, 580] ✅ (1940ch, attempts=1, 12.2s)
2026-05-01 10:57:11,993 [INFO] HTTP Request: POST http://localhost:2026/v1/chat/completions "HTTP/1.1 200 OK"
2026-05-01 10:57:11,994 [INFO] [133/3987] id=openseek-3-ffaee6723 GT=[11, 12, 99, 37, 274, 28, 21] ✅ (1933ch, attempts=1, 12.6s)
2026-05-01 10:57:21,126 [INFO] HTTP Request: POST http://localhost:2026/v1/chat/completions "HTTP/1.1 200 OK"
2026-05-01 10:57:21,128 [INFO] [134/3987] id=openseek-3-30b01c584 GT=[25, 1, 532, 340] ✅ (1947ch, attempts=1, 11.5s)
2026-05-01 10:57:29,768 [INFO] HTTP Request: POST http://localhost:2026/v1/chat/completions "HTTP/1.1 200 OK"
2026-05-01 10:57:29,769 [INFO] [135/3987] id=openseek-3-c0b5f1991 GT=[490, 4, 208, 4, 532, 45, 502, 66, 34] ✅ (2951ch, attempts=1, 17.8s)
2026-05-01 10:57:31,406 [INFO] HTTP Request: POST http://localhost:2026/v1/chat/completions "HTTP/1.1 200 OK"
2026-05-01 10:57:31,407 [INFO] [136/3987] id=openseek-3-4fb75989a GT=[59, 21, 86, 5, 598, 70, 15] ✅ (3468ch, attempts=1, 20.1s)
2026-05-01 10:57:39,357 [INFO] HTTP Request: POST http://localhost:2026/v1/chat/completions "HTTP/1.1 200 OK"
2026-05-01 10:57:39,358 [INFO] [137/3987] id=openseek-3-64a5ab6bb GT=[40, 19, 16] ✅ (1970ch, attempts=1, 9.6s)
2026-05-01 10:57:39,444 [INFO] HTTP Request: POST http://localhost:2026/v1/chat/completions "HTTP/1.1 200 OK"
2026-05-01 10:57:39,446 [INFO] [138/3987] id=openseek-3-209da83a0 GT=[98, 76, 52, 136, 328, 214, 76, 328] ✅ (3053ch, attempts=1, 18.3s)
2026-05-01 10:57:40,666 [INFO] HTTP Request: POST http://localhost:2026/v1/chat/completions "HTTP/1.1 200 OK"
2026-05-01 10:57:40,667 [INFO] [139/3987] id=openseek-3-f2319f2a3 GT=[57, 94, 83, 55, 15] ✅ (1623ch, attempts=1, 9.3s)
2026-05-01 10:57:55,046 [INFO] HTTP Request: POST http://localhost:2026/v1/chat/completions "HTTP/1.1 200 OK"
2026-05-01 10:57:55,048 [INFO] [140/3987] id=openseek-3-d331d8d70 GT=[124, 556, 23, 55, 17, 514, 322] ✅ (2446ch, attempts=1, 15.6s)
2026-05-01 10:57:58,888 [INFO] HTTP Request: POST http://localhost:2026/v1/chat/completions "HTTP/1.1 200 OK"
2026-05-01 10:57:58,890 [INFO] [141/3987] id=openseek-3-a1d096439 GT=[22, 21, 472, 412, 88, 466, 370, 598, 46 ✅ (2804ch, attempts=1, 19.5s)
2026-05-01 10:57:59,562 [INFO] HTTP Request: POST http://localhost:2026/v1/chat/completions "HTTP/1.1 200 OK"
2026-05-01 10:57:59,564 [INFO] [142/3987] id=openseek-3-07c2e9cb3 GT=[94, 77, 21, 202, 382, 388, 61] ✅ (3116ch, attempts=1, 18.9s)
2026-05-01 10:58:14,203 [INFO] HTTP Request: POST http://localhost:2026/v1/chat/completions "HTTP/1.1 200 OK"
2026-05-01 10:58:14,204 [INFO] [143/3987] id=openseek-3-dc340a12a GT=[556, 196, 55, 160, 292, 382, 21] ✅ (2345ch, attempts=1, 14.6s)
2026-05-01 10:58:14,703 [INFO] HTTP Request: POST http://localhost:2026/v1/chat/completions "HTTP/1.1 200 OK"
2026-05-01 10:58:14,705 [INFO] [144/3987] id=openseek-3-1508de5b8 GT=[454, 118, 67, 34, 424, 364, 20, 76, 13] ✅ (3073ch, attempts=1, 19.7s)
2026-05-01 10:58:15,713 [INFO] HTTP Request: POST http://localhost:2026/v1/chat/completions "HTTP/1.1 200 OK"
2026-05-01 10:58:15,715 [INFO] [145/3987] id=openseek-3-37d28d2f4 GT=[598, 430, 90, 478, 71, 66, 358, 75, 34] ✅ (2499ch, attempts=1, 16.8s)
2026-05-01 10:58:25,590 [INFO] HTTP Request: POST http://localhost:2026/v1/chat/completions "HTTP/1.1 200 OK"
2026-05-01 10:58:25,591 [INFO] [146/3987] id=openseek-3-315d15bcc GT=[40, 580, 29] ✅ (1956ch, attempts=1, 10.9s)
2026-05-01 10:58:26,450 [INFO] HTTP Request: POST http://localhost:2026/v1/chat/completions "HTTP/1.1 200 OK"
2026-05-01 10:58:26,451 [INFO] [147/3987] id=openseek-3-3be29b1df GT=[46, 406, 322, 71] ✅ (1827ch, attempts=1, 10.7s)
2026-05-01 10:58:29,949 [INFO] HTTP Request: POST http://localhost:2026/v1/chat/completions "HTTP/1.1 200 OK"
2026-05-01 10:58:29,951 [INFO] [148/3987] id=openseek-3-be4ddee75 GT=[394, 19, 58, 59, 46, 23, 26, 28, 95] ✅ (2708ch, attempts=1, 15.7s)
2026-05-01 10:58:38,630 [INFO] HTTP Request: POST http://localhost:2026/v1/chat/completions "HTTP/1.1 200 OK"
2026-05-01 10:58:38,631 [INFO] [149/3987] id=openseek-3-34af17be7 GT=[274, 70, 364, 68, 442] ✅ (1962ch, attempts=1, 12.2s)
2026-05-01 10:58:40,007 [INFO] HTTP Request: POST http://localhost:2026/v1/chat/completions "HTTP/1.1 200 OK"
2026-05-01 10:58:40,008 [INFO] [150/3987] id=openseek-3-e58331f83 GT=[424, 80, 532, 10, 74] ✅ (1563ch, attempts=1, 10.1s)
2026-05-01 10:58:40,037 [INFO]   💾 已保存 (成功=150 验证通过=150 降级=0) | 4.6s/条均值 | ETA=296min
2026-05-01 10:58:41,434 [INFO] HTTP Request: POST http://localhost:2026/v1/chat/completions "HTTP/1.1 200 OK"
2026-05-01 10:58:41,435 [INFO] [151/3987] id=openseek-3-defc7c2ba GT=[592, 22, 48, 32, 112, 35, 24, 562] ✅ (2583ch, attempts=1, 15.8s)
2026-05-01 10:58:48,199 [INFO] HTTP Request: POST http://localhost:2026/v1/chat/completions "HTTP/1.1 200 OK"
2026-05-01 10:58:48,201 [INFO] [152/3987] id=openseek-3-c69098f8a GT=[544, 34] ✅ (1249ch, attempts=1, 6.8s)
2026-05-01 10:58:49,959 [INFO] HTTP Request: POST http://localhost:2026/v1/chat/completions "HTTP/1.1 200 OK"
2026-05-01 10:58:49,960 [INFO] [153/3987] id=openseek-3-951b23243 GT=[44, 60, 46, 6, 41, 12] ✅ (1789ch, attempts=1, 10.0s)
2026-05-01 10:58:51,073 [INFO] HTTP Request: POST http://localhost:2026/v1/chat/completions "HTTP/1.1 200 OK"
2026-05-01 10:58:51,074 [INFO] [154/3987] id=openseek-3-2538ced40 GT=[50, 99, 64, 84] ✅ (2172ch, attempts=1, 12.4s)
2026-05-01 10:58:55,856 [INFO] HTTP Request: POST http://localhost:2026/v1/chat/completions "HTTP/1.1 200 OK"
2026-05-01 10:58:55,857 [INFO] [155/3987] id=openseek-3-964f74999 GT=[424, 484] ✅ (1424ch, attempts=1, 7.7s)
2026-05-01 10:59:00,979 [INFO] HTTP Request: POST http://localhost:2026/v1/chat/completions "HTTP/1.1 200 OK"
2026-05-01 10:59:00,980 [INFO] [156/3987] id=openseek-3-da372cbb7 GT=[376, 1, 79, 298, 484] ✅ (1853ch, attempts=1, 11.0s)
2026-05-01 10:59:09,516 [INFO] HTTP Request: POST http://localhost:2026/v1/chat/completions "HTTP/1.1 200 OK"
2026-05-01 10:59:09,517 [INFO] [157/3987] id=openseek-3-917a0dd1b GT=[268, 38, 6, 4, 304, 98, 22, 100] ✅ (3127ch, attempts=1, 18.4s)
2026-05-01 10:59:09,738 [INFO] HTTP Request: POST http://localhost:2026/v1/chat/completions "HTTP/1.1 200 OK"
2026-05-01 10:59:09,739 [INFO] [158/3987] id=openseek-3-6a0bde6f0 GT=[19, 12] ✅ (2019ch, attempts=1, 8.8s)
2026-05-01 10:59:15,273 [INFO] HTTP Request: POST http://localhost:2026/v1/chat/completions "HTTP/1.1 200 OK"
2026-05-01 10:59:15,274 [INFO] [159/3987] id=openseek-3-56d83d843 GT=[178, 442, 100, 9, 82, 178, 430, 562] ✅ (3123ch, attempts=1, 19.4s)
2026-05-01 10:59:19,769 [INFO] HTTP Request: POST http://localhost:2026/v1/chat/completions "HTTP/1.1 200 OK"
2026-05-01 10:59:19,770 [INFO] [160/3987] id=openseek-3-31dc247be GT=[17, 538, 7, 376, 226] ✅ (1598ch, attempts=1, 10.0s)
2026-05-01 10:59:21,832 [INFO] HTTP Request: POST http://localhost:2026/v1/chat/completions "HTTP/1.1 200 OK"
2026-05-01 10:59:21,833 [INFO] [161/3987] id=openseek-3-4dd3ee742 GT=[400, 424, 78, 100] ✅ (2090ch, attempts=1, 12.3s)
2026-05-01 10:59:32,025 [INFO] HTTP Request: POST http://localhost:2026/v1/chat/completions "HTTP/1.1 200 OK"
2026-05-01 10:59:32,027 [INFO] [162/3987] id=openseek-3-eb7cae86d GT=[586, 1, 526, 466, 232] ✅ (1951ch, attempts=1, 12.3s)
2026-05-01 10:59:33,348 [INFO] HTTP Request: POST http://localhost:2026/v1/chat/completions "HTTP/1.1 200 OK"
2026-05-01 10:59:33,349 [INFO] [163/3987] id=openseek-3-e253875de GT=[56, 424, 19, 340, 1, 514, 100, 69] ✅ (2975ch, attempts=1, 18.1s)
2026-05-01 10:59:40,000 [INFO] HTTP Request: POST http://localhost:2026/v1/chat/completions "HTTP/1.1 200 OK"
2026-05-01 10:59:40,001 [INFO] [164/3987] id=openseek-3-a485a4088 GT=[208, 94] ✅ (1609ch, attempts=1, 8.0s)
2026-05-01 10:59:40,601 [INFO] HTTP Request: POST http://localhost:2026/v1/chat/completions "HTTP/1.1 200 OK"
2026-05-01 10:59:40,602 [INFO] [165/3987] id=openseek-3-9c2e808ae GT=[49, 346, 514, 47, 250, 90, 80, 250] ✅ (3090ch, attempts=1, 18.8s)
2026-05-01 10:59:43,940 [INFO] HTTP Request: POST http://localhost:2026/v1/chat/completions "HTTP/1.1 200 OK"
2026-05-01 10:59:43,941 [INFO] [166/3987] id=openseek-3-10f9aa82c GT=[262, 32, 592] ✅ (1901ch, attempts=1, 10.6s)
2026-05-01 10:59:56,087 [INFO] HTTP Request: POST http://localhost:2026/v1/chat/completions "HTTP/1.1 200 OK"
2026-05-01 10:59:56,088 [INFO] [167/3987] id=openseek-3-3a2ee2360 GT=[33, 424, 59, 352, 11, 75, 15, 90] ✅ (2584ch, attempts=1, 15.5s)
2026-05-01 10:59:56,718 [INFO] HTTP Request: POST http://localhost:2026/v1/chat/completions "HTTP/1.1 200 OK"
2026-05-01 10:59:56,720 [INFO] [168/3987] id=openseek-3-b5450145c GT=[85, 190, 46, 33, 51, 274, 424] ✅ (2542ch, attempts=1, 16.7s)
2026-05-01 10:59:59,959 [INFO] HTTP Request: POST http://localhost:2026/v1/chat/completions "HTTP/1.1 200 OK"
2026-05-01 10:59:59,960 [INFO] [169/3987] id=openseek-3-db6e15d07 GT=[580, 124, 208, 352, 430, 16, 490] ✅ (2685ch, attempts=1, 16.0s)
2026-05-01 11:00:09,017 [INFO] HTTP Request: POST http://localhost:2026/v1/chat/completions "HTTP/1.1 200 OK"
2026-05-01 11:00:09,019 [INFO] [170/3987] id=openseek-3-10c859a7f GT=[184, 56, 23, 82, 81, 41] ✅ (2063ch, attempts=1, 12.3s)
2026-05-01 11:00:09,581 [INFO] HTTP Request: POST http://localhost:2026/v1/chat/completions "HTTP/1.1 200 OK"
2026-05-01 11:00:09,582 [INFO] [171/3987] id=openseek-3-e8c227cd9 GT=[46, 484, 160, 19, 22] ✅ (2319ch, attempts=1, 13.5s)
2026-05-01 11:00:12,078 [INFO] HTTP Request: POST http://localhost:2026/v1/chat/completions "HTTP/1.1 200 OK"
2026-05-01 11:00:12,079 [INFO] [172/3987] id=openseek-3-f61879cb9 GT=[47, 89, 14, 48] ✅ (2373ch, attempts=1, 12.1s)
2026-05-01 11:00:21,504 [INFO] HTTP Request: POST http://localhost:2026/v1/chat/completions "HTTP/1.1 200 OK"
2026-05-01 11:00:21,505 [INFO] [173/3987] id=openseek-3-f93f6a8bc GT=[28, 418, 310] ✅ (2372ch, attempts=1, 12.5s)
2026-05-01 11:00:25,776 [INFO] HTTP Request: POST http://localhost:2026/v1/chat/completions "HTTP/1.1 200 OK"
2026-05-01 11:00:25,777 [INFO] [174/3987] id=openseek-3-d93383b32 GT=[99, 69, 62, 238, 75, 88, 316] ✅ (2730ch, attempts=1, 16.2s)
2026-05-01 11:00:29,821 [INFO] HTTP Request: POST http://localhost:2026/v1/chat/completions "HTTP/1.1 200 OK"
2026-05-01 11:00:29,822 [INFO] [175/3987] id=openseek-3-875ba67a4 GT=[436, 57, 220, 23, 40, 298, 136] ✅ (2768ch, attempts=1, 17.7s)
2026-05-01 11:00:33,385 [INFO] HTTP Request: POST http://localhost:2026/v1/chat/completions "HTTP/1.1 200 OK"
2026-05-01 11:00:33,386 [INFO] [176/3987] id=openseek-3-184942f61 GT=[592, 42, 280, 8, 598] ✅ (1985ch, attempts=1, 11.9s)
2026-05-01 11:00:39,492 [INFO] HTTP Request: POST http://localhost:2026/v1/chat/completions "HTTP/1.1 200 OK"
2026-05-01 11:00:39,493 [INFO] [177/3987] id=openseek-3-a5d60f541 GT=[30, 340, 60, 82, 226] ✅ (2346ch, attempts=1, 13.7s)
2026-05-01 11:00:46,252 [INFO] HTTP Request: POST http://localhost:2026/v1/chat/completions "HTTP/1.1 200 OK"
2026-05-01 11:00:46,253 [INFO] [178/3987] id=openseek-3-1439cf0a3 GT=[97, 280, 76, 93, 136, 67, 16, 69, 55] ✅ (2475ch, attempts=1, 16.4s)
2026-05-01 11:00:53,831 [INFO] HTTP Request: POST http://localhost:2026/v1/chat/completions "HTTP/1.1 200 OK"
2026-05-01 11:00:53,831 [INFO] [179/3987] id=openseek-3-4306e9bfe GT=[42, 352, 496, 244, 63, 6, 124] ✅ (2200ch, attempts=1, 14.3s)
2026-05-01 11:00:57,493 [INFO] HTTP Request: POST http://localhost:2026/v1/chat/completions "HTTP/1.1 200 OK"
2026-05-01 11:00:57,494 [INFO] [180/3987] id=openseek-3-f3c21fbb0 GT=[352, 454, 42, 178, 11, 268, 45, 442, 61 ✅ (3864ch, attempts=1, 24.1s)
2026-05-01 11:01:04,934 [INFO] HTTP Request: POST http://localhost:2026/v1/chat/completions "HTTP/1.1 200 OK"
2026-05-01 11:01:04,935 [INFO] [181/3987] id=openseek-3-edafff5f3 GT=[58, 118] ✅ (1511ch, attempts=1, 7.4s)
2026-05-01 11:01:10,872 [INFO] HTTP Request: POST http://localhost:2026/v1/chat/completions "HTTP/1.1 200 OK"
2026-05-01 11:01:10,873 [INFO] [182/3987] id=openseek-3-04434e208 GT=[466, 70, 86, 3, 52, 172, 18, 30, 36] ✅ (4496ch, attempts=1, 24.6s)
2026-05-01 11:01:14,099 [INFO] HTTP Request: POST http://localhost:2026/v1/chat/completions "HTTP/1.1 200 OK"
2026-05-01 11:01:14,100 [INFO] [183/3987] id=openseek-3-c7ddeaef3 GT=[47, 130, 97, 51, 62, 436, 478, 52] ✅ (3122ch, attempts=1, 20.3s)
2026-05-01 11:01:14,357 [INFO] HTTP Request: POST http://localhost:2026/v1/chat/completions "HTTP/1.1 200 OK"
2026-05-01 11:01:14,358 [INFO] [184/3987] id=openseek-3-d034b687c GT=[256, 100, 580, 32] ✅ (1543ch, attempts=1, 9.4s)
2026-05-01 11:01:18,083 [INFO] HTTP Request: POST http://localhost:2026/v1/chat/completions "HTTP/1.1 200 OK"
2026-05-01 11:01:18,084 [INFO] [185/3987] id=openseek-3-9e0a09051 GT=[32, 424] ✅ (1488ch, attempts=1, 7.2s)
2026-05-01 11:01:26,469 [INFO] HTTP Request: POST http://localhost:2026/v1/chat/completions "HTTP/1.1 200 OK"
2026-05-01 11:01:26,471 [INFO] [186/3987] id=openseek-3-7787f0d93 GT=[30, 106, 41, 490] ✅ (2215ch, attempts=1, 12.1s)
2026-05-01 11:01:33,630 [INFO] HTTP Request: POST http://localhost:2026/v1/chat/completions "HTTP/1.1 200 OK"
2026-05-01 11:01:33,631 [INFO] [187/3987] id=openseek-3-53ebc811e GT=[71, 562, 95, 268, 19, 508, 382, 93] ✅ (3112ch, attempts=1, 19.5s)
2026-05-01 11:01:37,170 [INFO] HTTP Request: POST http://localhost:2026/v1/chat/completions "HTTP/1.1 200 OK"
2026-05-01 11:01:37,171 [INFO] [188/3987] id=openseek-3-d1cae61c5 GT=[32, 310, 10, 63, 550, 96, 63, 70] ✅ (2931ch, attempts=1, 19.1s)
2026-05-01 11:01:46,294 [INFO] HTTP Request: POST http://localhost:2026/v1/chat/completions "HTTP/1.1 200 OK"
2026-05-01 11:01:46,295 [INFO] [189/3987] id=openseek-3-fb6ce1be3 GT=[322, 72] ✅ (1807ch, attempts=1, 9.1s)
2026-05-01 11:01:49,151 [INFO] HTTP Request: POST http://localhost:2026/v1/chat/completions "HTTP/1.1 200 OK"
2026-05-01 11:01:49,152 [INFO] [190/3987] id=openseek-3-a147b94ca GT=[436, 6, 87, 90, 382, 532] ✅ (2803ch, attempts=1, 15.5s)
2026-05-01 11:01:52,616 [INFO] HTTP Request: POST http://localhost:2026/v1/chat/completions "HTTP/1.1 200 OK"
2026-05-01 11:01:52,617 [INFO] [191/3987] id=openseek-3-e808b3375 GT=[20, 436, 466, 574, 81, 95, 1, 178, 23] ✅ (4689ch, attempts=1, 26.1s)
2026-05-01 11:01:57,557 [INFO] HTTP Request: POST http://localhost:2026/v1/chat/completions "HTTP/1.1 200 OK"
2026-05-01 11:01:57,558 [INFO] [192/3987] id=openseek-3-c45a570f4 GT=[25, 35, 196, 226, 406] ✅ (1856ch, attempts=1, 11.3s)
2026-05-01 11:01:59,813 [INFO] HTTP Request: POST http://localhost:2026/v1/chat/completions "HTTP/1.1 200 OK"
2026-05-01 11:01:59,814 [INFO] [193/3987] id=openseek-3-aba2b1b67 GT=[412, 256, 310, 95, 25] ✅ (1720ch, attempts=1, 10.7s)
2026-05-01 11:02:03,476 [INFO] HTTP Request: POST http://localhost:2026/v1/chat/completions "HTTP/1.1 200 OK"
2026-05-01 11:02:03,477 [INFO] [194/3987] id=openseek-3-08407e4ce GT=[514, 346, 90, 34] ✅ (1924ch, attempts=1, 10.9s)
2026-05-01 11:02:08,696 [INFO] HTTP Request: POST http://localhost:2026/v1/chat/completions "HTTP/1.1 200 OK"
2026-05-01 11:02:08,698 [INFO] [195/3987] id=openseek-3-e84eb4d11 GT=[67, 52, 376, 298, 124] ✅ (1907ch, attempts=1, 11.1s)
2026-05-01 11:02:10,898 [INFO] HTTP Request: POST http://localhost:2026/v1/chat/completions "HTTP/1.1 200 OK"
2026-05-01 11:02:10,899 [INFO] [196/3987] id=openseek-3-8b20daaab GT=[118, 358, 14, 64] ✅ (2019ch, attempts=1, 11.1s)
2026-05-01 11:02:13,498 [INFO] HTTP Request: POST http://localhost:2026/v1/chat/completions "HTTP/1.1 200 OK"
2026-05-01 11:02:13,499 [INFO] [197/3987] id=openseek-3-c09110b95 GT=[89, 73, 47] ✅ (2145ch, attempts=1, 10.0s)
2026-05-01 11:02:16,416 [INFO] HTTP Request: POST http://localhost:2026/v1/chat/completions "HTTP/1.1 200 OK"
2026-05-01 11:02:16,417 [INFO] [198/3987] id=openseek-3-386e1f05b GT=[526, 60] ✅ (1575ch, attempts=1, 7.7s)
2026-05-01 11:02:21,804 [INFO] HTTP Request: POST http://localhost:2026/v1/chat/completions "HTTP/1.1 200 OK"
2026-05-01 11:02:21,805 [INFO] [199/3987] id=openseek-3-1da447869 GT=[10, 54] ✅ (1815ch, attempts=1, 8.3s)
2026-05-01 11:02:25,561 [INFO] HTTP Request: POST http://localhost:2026/v1/chat/completions "HTTP/1.1 200 OK"
2026-05-01 11:02:25,562 [INFO] [200/3987] id=openseek-3-6fe6e73f1 GT=[112, 44, 3, 148] ✅ (1698ch, attempts=1, 9.1s)
2026-05-01 11:02:25,590 [INFO]   💾 已保存 (成功=200 验证通过=200 降级=0) | 4.6s/条均值 | ETA=290min
2026-05-01 11:02:28,169 [INFO] HTTP Request: POST http://localhost:2026/v1/chat/completions "HTTP/1.1 200 OK"
2026-05-01 11:02:28,170 [INFO] [201/3987] id=openseek-3-001bce49d GT=[178, 220, 376, 81, 172, 418, 50, 78] ✅ (2816ch, attempts=1, 17.3s)
2026-05-01 11:02:33,746 [INFO] HTTP Request: POST http://localhost:2026/v1/chat/completions "HTTP/1.1 200 OK"
2026-05-01 11:02:33,747 [INFO] [202/3987] id=openseek-3-9f93b523e GT=[4, 58, 454, 370, 16, 50] ✅ (1975ch, attempts=1, 11.9s)
2026-05-01 11:02:34,967 [INFO] HTTP Request: POST http://localhost:2026/v1/chat/completions "HTTP/1.1 200 OK"
2026-05-01 11:02:34,968 [INFO] [203/3987] id=openseek-3-8776205ce GT=[42, 80] ✅ (2075ch, attempts=1, 9.4s)
2026-05-01 11:02:37,567 [INFO] HTTP Request: POST http://localhost:2026/v1/chat/completions "HTTP/1.1 200 OK"
2026-05-01 11:02:37,568 [INFO] [204/3987] id=openseek-3-9bc7d74ac GT=[60, 25, 76, 136, 88, 106, 14] ✅ (1462ch, attempts=1, 9.4s)
2026-05-01 11:02:45,879 [INFO] HTTP Request: POST http://localhost:2026/v1/chat/completions "HTTP/1.1 200 OK"
2026-05-01 11:02:45,880 [INFO] [205/3987] id=openseek-3-3d194d1d4 GT=[20, 454, 64, 508] ✅ (2008ch, attempts=1, 12.1s)
2026-05-01 11:02:46,860 [INFO] HTTP Request: POST http://localhost:2026/v1/chat/completions "HTTP/1.1 200 OK"
2026-05-01 11:02:46,861 [INFO] [206/3987] id=openseek-3-ba7315192 GT=[430, 78, 196] ✅ (1825ch, attempts=1, 9.3s)
2026-05-01 11:02:50,292 [INFO] HTTP Request: POST http://localhost:2026/v1/chat/completions "HTTP/1.1 200 OK"
2026-05-01 11:02:50,293 [INFO] [207/3987] id=openseek-3-b4e4ea6ac GT=[60, 292, 73, 32, 160, 46, 43] ✅ (2403ch, attempts=1, 15.3s)
2026-05-01 11:02:56,023 [INFO] HTTP Request: POST http://localhost:2026/v1/chat/completions "HTTP/1.1 200 OK"
2026-05-01 11:02:56,024 [INFO] [208/3987] id=openseek-3-dd7c85107 GT=[17, 35, 526, 97] ✅ (1769ch, attempts=1, 10.1s)
2026-05-01 11:03:02,189 [INFO] HTTP Request: POST http://localhost:2026/v1/chat/completions "HTTP/1.1 200 OK"
2026-05-01 11:03:02,191 [INFO] [209/3987] id=openseek-3-0178993aa GT=[148, 83, 580, 68, 16, 31, 79, 42] ✅ (2705ch, attempts=1, 15.3s)
2026-05-01 11:03:08,752 [INFO] HTTP Request: POST http://localhost:2026/v1/chat/completions "HTTP/1.1 200 OK"
2026-05-01 11:03:08,753 [INFO] [210/3987] id=openseek-3-1b87d0c59 GT=[20, 6, 88, 136, 40, 544, 358, 232, 568] ✅ (2875ch, attempts=1, 18.5s)
2026-05-01 11:03:10,630 [INFO] HTTP Request: POST http://localhost:2026/v1/chat/completions "HTTP/1.1 200 OK"
2026-05-01 11:03:10,631 [INFO] [211/3987] id=openseek-3-12a8312bc GT=[136, 65, 316, 48, 19, 358, 8, 56] ✅ (2353ch, attempts=1, 14.6s)
2026-05-01 11:03:19,617 [INFO] HTTP Request: POST http://localhost:2026/v1/chat/completions "HTTP/1.1 200 OK"
2026-05-01 11:03:19,619 [INFO] [212/3987] id=openseek-3-f9d959f9d GT=[26, 592] ✅ (2195ch, attempts=1, 10.9s)
2026-05-01 11:03:20,082 [INFO] HTTP Request: POST http://localhost:2026/v1/chat/completions "HTTP/1.1 200 OK"
2026-05-01 11:03:20,083 [INFO] [213/3987] id=openseek-3-162d5119f GT=[10, 40, 136, 532, 10, 2, 58] ✅ (2972ch, attempts=1, 17.9s)
2026-05-01 11:03:29,851 [INFO] HTTP Request: POST http://localhost:2026/v1/chat/completions "HTTP/1.1 200 OK"
2026-05-01 11:03:29,852 [INFO] [214/3987] id=openseek-3-95107b6ea GT=[66, 78, 82, 220] ✅ (1838ch, attempts=1, 10.2s)
2026-05-01 11:03:32,778 [INFO] HTTP Request: POST http://localhost:2026/v1/chat/completions "HTTP/1.1 200 OK"
2026-05-01 11:03:32,779 [INFO] [215/3987] id=openseek-3-ecc3a8e71 GT=[90, 89, 19, 100, 25, 388, 77, 418, 598] ✅ (3367ch, attempts=1, 22.1s)
2026-05-01 11:03:40,582 [INFO] HTTP Request: POST http://localhost:2026/v1/chat/completions "HTTP/1.1 200 OK"
2026-05-01 11:03:40,583 [INFO] [216/3987] id=openseek-3-32b8cae31 GT=[16, 63, 21, 64, 21, 34, 412, 86] ✅ (3257ch, attempts=1, 20.5s)
2026-05-01 11:03:48,846 [INFO] HTTP Request: POST http://localhost:2026/v1/chat/completions "HTTP/1.1 200 OK"
2026-05-01 11:03:48,848 [INFO] [217/3987] id=openseek-3-e12dae764 GT=[66, 526, 20, 64, 514, 232, 586] ✅ (3064ch, attempts=1, 19.0s)
2026-05-01 11:03:51,826 [INFO] HTTP Request: POST http://localhost:2026/v1/chat/completions "HTTP/1.1 200 OK"
2026-05-01 11:03:51,827 [INFO] [218/3987] id=openseek-3-120350cbf GT=[2, 202, 130, 346, 526, 496] ✅ (1813ch, attempts=1, 11.2s)
2026-05-01 11:03:51,879 [INFO] HTTP Request: POST http://localhost:2026/v1/chat/completions "HTTP/1.1 200 OK"
2026-05-01 11:03:51,880 [INFO] [219/3987] id=openseek-3-1f6ad796f GT=[86, 424, 82, 55, 124, 63, 85, 94, 202] ✅ (2857ch, attempts=1, 19.1s)
2026-05-01 11:03:56,679 [INFO] HTTP Request: POST http://localhost:2026/v1/chat/completions "HTTP/1.1 200 OK"
2026-05-01 11:03:56,681 [INFO] [220/3987] id=openseek-3-af2fe2e5b GT=[28, 4] ✅ (1780ch, attempts=1, 7.8s)
2026-05-01 11:04:01,736 [INFO] HTTP Request: POST http://localhost:2026/v1/chat/completions "HTTP/1.1 200 OK"
2026-05-01 11:04:01,737 [INFO] [221/3987] id=openseek-3-e7c2071d4 GT=[22, 79, 85] ✅ (2057ch, attempts=1, 9.9s)
2026-05-01 11:04:03,937 [INFO] HTTP Request: POST http://localhost:2026/v1/chat/completions "HTTP/1.1 200 OK"
2026-05-01 11:04:03,938 [INFO] [222/3987] id=openseek-3-9f037d33e GT=[48, 73, 91, 58] ✅ (2310ch, attempts=1, 12.1s)
2026-05-01 11:04:17,188 [INFO] HTTP Request: POST http://localhost:2026/v1/chat/completions "HTTP/1.1 200 OK"
2026-05-01 11:04:17,189 [INFO] [223/3987] id=openseek-3-75479f541 GT=[406, 544, 1, 118, 448, 27, 130, 92, 508 ✅ (3104ch, attempts=1, 20.5s)
2026-05-01 11:04:18,644 [INFO] HTTP Request: POST http://localhost:2026/v1/chat/completions "HTTP/1.1 200 OK"
2026-05-01 11:04:18,645 [INFO] [224/3987] id=openseek-3-b45a50d03 GT=[592, 382, 12, 166, 460, 86, 292] ✅ (2714ch, attempts=1, 16.9s)
2026-05-01 11:04:20,143 [INFO] HTTP Request: POST http://localhost:2026/v1/chat/completions "HTTP/1.1 200 OK"
2026-05-01 11:04:20,144 [INFO] [225/3987] id=openseek-3-461bcbde7 GT=[63, 29, 10, 64, 10, 96, 580] ✅ (2759ch, attempts=1, 16.2s)
2026-05-01 11:04:28,363 [INFO] HTTP Request: POST http://localhost:2026/v1/chat/completions "HTTP/1.1 200 OK"
2026-05-01 11:04:28,365 [INFO] [226/3987] id=openseek-3-7825c8c33 GT=[59, 51, 91, 49] ✅ (1903ch, attempts=1, 9.7s)
2026-05-01 11:04:36,589 [INFO] HTTP Request: POST http://localhost:2026/v1/chat/completions "HTTP/1.1 200 OK"
2026-05-01 11:04:36,591 [INFO] [227/3987] id=openseek-3-a12c14848 GT=[256, 388, 76, 106, 274] ✅ (2677ch, attempts=1, 16.4s)
2026-05-01 11:04:38,321 [INFO] HTTP Request: POST http://localhost:2026/v1/chat/completions "HTTP/1.1 200 OK"
2026-05-01 11:04:38,322 [INFO] [228/3987] id=openseek-3-b8e4242c8 GT=[436, 58, 81, 508, 86, 292, 490, 53, 68] ✅ (3274ch, attempts=1, 21.1s)
2026-05-01 11:04:40,146 [INFO] HTTP Request: POST http://localhost:2026/v1/chat/completions "HTTP/1.1 200 OK"
2026-05-01 11:04:40,147 [INFO] [229/3987] id=openseek-3-6e17e0463 GT=[91, 84, 81, 280, 42] ✅ (2017ch, attempts=1, 11.8s)
2026-05-01 11:04:51,628 [INFO] HTTP Request: POST http://localhost:2026/v1/chat/completions "HTTP/1.1 200 OK"
2026-05-01 11:04:51,630 [INFO] [230/3987] id=openseek-3-127b639df GT=[232, 130, 9, 364] ✅ (2214ch, attempts=1, 13.3s)
2026-05-01 11:04:56,659 [INFO] HTTP Request: POST http://localhost:2026/v1/chat/completions "HTTP/1.1 200 OK"
2026-05-01 11:04:56,660 [INFO] [231/3987] id=openseek-3-fa4223947 GT=[514, 370, 328, 520, 232, 262, 514, 76] ✅ (3147ch, attempts=1, 20.1s)
2026-05-01 11:04:58,050 [INFO] HTTP Request: POST http://localhost:2026/v1/chat/completions "HTTP/1.1 200 OK"
2026-05-01 11:04:58,052 [INFO] [232/3987] id=openseek-3-48213382e GT=[51, 51, 92, 58, 520, 16, 508, 40] ✅ (2699ch, attempts=1, 17.9s)
2026-05-01 11:05:03,321 [INFO] HTTP Request: POST http://localhost:2026/v1/chat/completions "HTTP/1.1 200 OK"
2026-05-01 11:05:03,322 [INFO] [233/3987] id=openseek-3-156dca0c7 GT=[25, 592, 520, 232, 370] ✅ (1753ch, attempts=1, 11.7s)
2026-05-01 11:05:07,722 [INFO] HTTP Request: POST http://localhost:2026/v1/chat/completions "HTTP/1.1 200 OK"
2026-05-01 11:05:07,723 [INFO] [234/3987] id=openseek-3-41af33d8f GT=[4, 32] ✅ (2253ch, attempts=1, 9.7s)
2026-05-01 11:05:16,200 [INFO] HTTP Request: POST http://localhost:2026/v1/chat/completions "HTTP/1.1 200 OK"
2026-05-01 11:05:16,201 [INFO] [235/3987] id=openseek-3-ca4342ee8 GT=[496, 67] ✅ (1753ch, attempts=1, 8.5s)
2026-05-01 11:05:17,178 [INFO] HTTP Request: POST http://localhost:2026/v1/chat/completions "HTTP/1.1 200 OK"
2026-05-01 11:05:17,180 [INFO] [236/3987] id=openseek-3-1ec70f2c2 GT=[10, 65, 280, 55, 466, 286, 57] ✅ (3454ch, attempts=1, 20.5s)
2026-05-01 11:05:21,863 [INFO] HTTP Request: POST http://localhost:2026/v1/chat/completions "HTTP/1.1 200 OK"
2026-05-01 11:05:21,864 [INFO] [237/3987] id=openseek-3-c49bc0fec GT=[232, 64, 37, 57, 24, 316, 244, 52, 49] ✅ (2865ch, attempts=1, 18.5s)
2026-05-01 11:05:28,807 [INFO] HTTP Request: POST http://localhost:2026/v1/chat/completions "HTTP/1.1 200 OK"
2026-05-01 11:05:28,808 [INFO] [238/3987] id=openseek-3-fbae0c15e GT=[430, 1, 7, 250, 70] ✅ (1988ch, attempts=1, 11.6s)
2026-05-01 11:05:34,078 [INFO] HTTP Request: POST http://localhost:2026/v1/chat/completions "HTTP/1.1 200 OK"
2026-05-01 11:05:34,079 [INFO] [239/3987] id=openseek-3-69ce93863 GT=[50, 19, 448, 226, 27, 91] ✅ (1964ch, attempts=1, 12.2s)
2026-05-01 11:05:42,508 [INFO] HTTP Request: POST http://localhost:2026/v1/chat/completions "HTTP/1.1 200 OK"
2026-05-01 11:05:42,509 [INFO] [240/3987] id=openseek-3-76537943d GT=[220, 106, 448, 598, 370, 436, 72] ✅ (4586ch, attempts=1, 26.3s)
2026-05-01 11:05:42,627 [INFO] HTTP Request: POST http://localhost:2026/v1/chat/completions "HTTP/1.1 200 OK"
2026-05-01 11:05:42,628 [INFO] [241/3987] id=openseek-3-3d1b6dc98 GT=[14, 214] ✅ (1672ch, attempts=1, 8.5s)
2026-05-01 11:05:47,444 [INFO] HTTP Request: POST http://localhost:2026/v1/chat/completions "HTTP/1.1 200 OK"
2026-05-01 11:05:47,445 [INFO] [242/3987] id=openseek-3-285d69ee4 GT=[19, 394, 79, 208, 100, 36, 88, 442] ✅ (2731ch, attempts=1, 18.6s)
2026-05-01 11:05:53,838 [INFO] HTTP Request: POST http://localhost:2026/v1/chat/completions "HTTP/1.1 200 OK"
2026-05-01 11:05:53,839 [INFO] [243/3987] id=openseek-3-c57abbd58 GT=[598, 388, 16, 20] ✅ (2053ch, attempts=1, 11.2s)
2026-05-01 11:06:03,052 [INFO] HTTP Request: POST http://localhost:2026/v1/chat/completions "HTTP/1.1 200 OK"
2026-05-01 11:06:03,054 [INFO] [244/3987] id=openseek-3-f35fee69b GT=[322, 73, 86, 94, 4, 53, 442, 430, 172] ✅ (3230ch, attempts=1, 20.5s)
2026-05-01 11:06:03,306 [INFO] HTTP Request: POST http://localhost:2026/v1/chat/completions "HTTP/1.1 200 OK"
2026-05-01 11:06:03,307 [INFO] [245/3987] id=openseek-3-24320ac86 GT=[178, 35, 592, 232, 412, 26] ✅ (2424ch, attempts=1, 15.9s)
2026-05-01 11:06:10,820 [INFO] HTTP Request: POST http://localhost:2026/v1/chat/completions "HTTP/1.1 200 OK"
2026-05-01 11:06:10,821 [INFO] [246/3987] id=openseek-3-f2f6bc4c4 GT=[67, 90, 36, 76, 448, 424, 394] ✅ (2794ch, attempts=1, 17.0s)
2026-05-01 11:06:14,848 [INFO] HTTP Request: POST http://localhost:2026/v1/chat/completions "HTTP/1.1 200 OK"
2026-05-01 11:06:14,849 [INFO] [247/3987] id=openseek-3-248366256 GT=[34, 280] ✅ (2435ch, attempts=1, 11.8s)
2026-05-01 11:06:16,144 [INFO] HTTP Request: POST http://localhost:2026/v1/chat/completions "HTTP/1.1 200 OK"
2026-05-01 11:06:16,145 [INFO] [248/3987] id=openseek-3-2da0874e8 GT=[82, 96, 83, 166, 45, 280] ✅ (2137ch, attempts=1, 12.8s)
2026-05-01 11:06:25,056 [INFO] HTTP Request: POST http://localhost:2026/v1/chat/completions "HTTP/1.1 200 OK"
2026-05-01 11:06:25,057 [INFO] [249/3987] id=openseek-3-237b842da GT=[28, 32] ✅ (1913ch, attempts=1, 8.9s)
2026-05-01 11:06:26,233 [INFO] HTTP Request: POST http://localhost:2026/v1/chat/completions "HTTP/1.1 200 OK"
2026-05-01 11:06:26,234 [INFO] [250/3987] id=openseek-3-b6e9a78b2 GT=[262, 41, 92, 130, 418, 69, 95, 526] ✅ (2506ch, attempts=1, 15.4s)
2026-05-01 11:06:26,274 [INFO]   💾 已保存 (成功=250 验证通过=250 降级=0) | 4.6s/条均值 | ETA=289min
2026-05-01 11:06:29,377 [INFO] HTTP Request: POST http://localhost:2026/v1/chat/completions "HTTP/1.1 200 OK"
2026-05-01 11:06:29,378 [INFO] [251/3987] id=openseek-3-c91cee3ff GT=[56, 21, 370, 83, 550, 27] ✅ (2538ch, attempts=1, 14.5s)
2026-05-01 11:06:36,367 [INFO] HTTP Request: POST http://localhost:2026/v1/chat/completions "HTTP/1.1 200 OK"
2026-05-01 11:06:36,368 [INFO] [252/3987] id=openseek-3-2ca121644 GT=[4, 39, 4, 57] ✅ (1965ch, attempts=1, 10.1s)
2026-05-01 11:06:41,244 [INFO] HTTP Request: POST http://localhost:2026/v1/chat/completions "HTTP/1.1 200 OK"
2026-05-01 11:06:41,244 [INFO] HTTP Request: POST http://localhost:2026/v1/chat/completions "HTTP/1.1 200 OK"
2026-05-01 11:06:41,245 [INFO] [253/3987] id=openseek-3-fecc2e2f4 GT=[18, 28, 532] ✅ (2224ch, attempts=1, 11.9s)
2026-05-01 11:06:41,247 [INFO] [254/3987] id=openseek-3-740c3c1ad GT=[62, 18, 95, 328, 88, 298, 364, 76] ✅ (2701ch, attempts=1, 16.2s)
2026-05-01 11:06:50,173 [INFO] HTTP Request: POST http://localhost:2026/v1/chat/completions "HTTP/1.1 200 OK"
2026-05-01 11:06:50,174 [INFO] [255/3987] id=openseek-3-4824fa706 GT=[55, 75] ✅ (2043ch, attempts=1, 8.9s)
2026-05-01 11:06:57,685 [INFO] HTTP Request: POST http://localhost:2026/v1/chat/completions "HTTP/1.1 200 OK"
2026-05-01 11:06:57,686 [INFO] [256/3987] id=openseek-3-8145facc0 GT=[44, 328, 514, 59, 10, 82, 9, 412] ✅ (3460ch, attempts=1, 21.3s)
2026-05-01 11:06:57,845 [INFO] HTTP Request: POST http://localhost:2026/v1/chat/completions "HTTP/1.1 200 OK"
2026-05-01 11:06:57,847 [INFO] [257/3987] id=openseek-3-f6bb03f3c GT=[334, 81, 76, 268, 84, 71, 472, 37, 61] ✅ (2552ch, attempts=1, 16.6s)
2026-05-01 11:07:06,141 [INFO] HTTP Request: POST http://localhost:2026/v1/chat/completions "HTTP/1.1 200 OK"
2026-05-01 11:07:06,143 [INFO] [258/3987] id=openseek-3-1ff983325 GT=[98, 244] ✅ (1854ch, attempts=1, 8.3s)
2026-05-01 11:07:08,016 [INFO] HTTP Request: POST http://localhost:2026/v1/chat/completions "HTTP/1.1 200 OK"
2026-05-01 11:07:08,017 [INFO] [259/3987] id=openseek-3-11cfe4b72 GT=[90, 274, 28, 58] ✅ (3383ch, attempts=1, 17.8s)
2026-05-01 11:07:14,576 [INFO] HTTP Request: POST http://localhost:2026/v1/chat/completions "HTTP/1.1 200 OK"
2026-05-01 11:07:14,578 [INFO] [260/3987] id=openseek-3-eb2c650a3 GT=[76, 10, 46, 262, 25, 490, 61] ✅ (2758ch, attempts=1, 16.9s)
2026-05-01 11:07:19,410 [INFO] HTTP Request: POST http://localhost:2026/v1/chat/completions "HTTP/1.1 200 OK"
2026-05-01 11:07:19,412 [INFO] [261/3987] id=openseek-3-6afe5b1b9 GT=[298, 23, 502] ✅ (2406ch, attempts=1, 13.3s)
2026-05-01 11:07:22,576 [INFO] HTTP Request: POST http://localhost:2026/v1/chat/completions "HTTP/1.1 200 OK"
2026-05-01 11:07:22,577 [INFO] [262/3987] id=openseek-3-f42b50df1 GT=[20, 76, 42, 48, 58, 190, 69] ✅ (2512ch, attempts=1, 14.6s)
2026-05-01 11:07:23,529 [INFO] HTTP Request: POST http://localhost:2026/v1/chat/completions "HTTP/1.1 200 OK"
2026-05-01 11:07:23,531 [INFO] [263/3987] id=openseek-3-0ab9f0733 GT=[51, 556, 63, 2, 10] ✅ (1474ch, attempts=1, 9.0s)
2026-05-01 11:07:31,496 [INFO] HTTP Request: POST http://localhost:2026/v1/chat/completions "HTTP/1.1 200 OK"
2026-05-01 11:07:31,497 [INFO] [264/3987] id=openseek-3-ccf113c54 GT=[232, 112] ✅ (1719ch, attempts=1, 8.9s)
2026-05-01 11:07:31,643 [INFO] HTTP Request: POST http://localhost:2026/v1/chat/completions "HTTP/1.1 200 OK"
2026-05-01 11:07:31,644 [INFO] [265/3987] id=openseek-3-dbbd92251 GT=[46, 436, 460, 13] ✅ (2111ch, attempts=1, 12.2s)
2026-05-01 11:07:31,889 [INFO] HTTP Request: POST http://localhost:2026/v1/chat/completions "HTTP/1.1 200 OK"
2026-05-01 11:07:31,890 [INFO] [266/3987] id=openseek-3-2e87e70ec GT=[70, 13] ✅ (1816ch, attempts=1, 8.4s)
2026-05-01 11:07:47,819 [INFO] HTTP Request: POST http://localhost:2026/v1/chat/completions "HTTP/1.1 200 OK"
2026-05-01 11:07:47,820 [INFO] [267/3987] id=openseek-3-40bffcbc3 GT=[394, 382, 88, 586, 304, 77] ✅ (2488ch, attempts=1, 16.2s)
2026-05-01 11:07:48,049 [INFO] HTTP Request: POST http://localhost:2026/v1/chat/completions "HTTP/1.1 200 OK"
2026-05-01 11:07:48,051 [INFO] [268/3987] id=openseek-3-da4a2dec4 GT=[478, 11, 586, 226, 148, 148, 442] ✅ (2778ch, attempts=1, 16.6s)
2026-05-01 11:07:48,427 [INFO] HTTP Request: POST http://localhost:2026/v1/chat/completions "HTTP/1.1 200 OK"
2026-05-01 11:07:48,428 [INFO] [269/3987] id=openseek-3-a18047199 GT=[274, 376, 23, 388, 310] ✅ (2819ch, attempts=1, 16.5s)
2026-05-01 11:07:57,306 [INFO] HTTP Request: POST http://localhost:2026/v1/chat/completions "HTTP/1.1 200 OK"
2026-05-01 11:07:57,308 [INFO] [270/3987] id=openseek-3-25b91eedd GT=[73, 568, 466, 112] ✅ (1566ch, attempts=1, 9.5s)
2026-05-01 11:08:07,614 [INFO] HTTP Request: POST http://localhost:2026/v1/chat/completions "HTTP/1.1 200 OK"
2026-05-01 11:08:07,615 [INFO] [271/3987] id=openseek-3-85a9c5a4d GT=[96, 262, 14, 63, 202, 58, 352, 424] ✅ (3057ch, attempts=1, 19.2s)
2026-05-01 11:08:07,817 [INFO] HTTP Request: POST http://localhost:2026/v1/chat/completions "HTTP/1.1 200 OK"
2026-05-01 11:08:07,819 [INFO] [272/3987] id=openseek-3-84b39ec0d GT=[80, 58, 190, 520, 66, 39, 89, 50, 310] ✅ (3233ch, attempts=1, 19.8s)
2026-05-01 11:08:10,125 [INFO] HTTP Request: POST http://localhost:2026/v1/chat/completions "HTTP/1.1 200 OK"
2026-05-01 11:08:10,126 [INFO] [273/3987] id=openseek-3-40cdc15de GT=[4, 81, 502, 4, 364, 370] ✅ (2113ch, attempts=1, 12.8s)
2026-05-01 11:08:17,354 [INFO] HTTP Request: POST http://localhost:2026/v1/chat/completions "HTTP/1.1 200 OK"
2026-05-01 11:08:17,356 [INFO] [274/3987] id=openseek-3-612a342e3 GT=[274, 42] ✅ (2041ch, attempts=1, 9.7s)
2026-05-01 11:08:21,564 [INFO] HTTP Request: POST http://localhost:2026/v1/chat/completions "HTTP/1.1 200 OK"
2026-05-01 11:08:21,565 [INFO] [275/3987] id=openseek-3-fd2687fa2 GT=[448, 46, 232, 10, 8, 448, 29] ✅ (2179ch, attempts=1, 13.7s)
2026-05-01 11:08:26,796 [INFO] HTTP Request: POST http://localhost:2026/v1/chat/completions "HTTP/1.1 200 OK"
2026-05-01 11:08:26,797 [INFO] [276/3987] id=openseek-3-7492bb6f5 GT=[41, 3, 442, 84, 88, 100, 514, 16] ✅ (2752ch, attempts=1, 16.7s)
2026-05-01 11:08:28,812 [INFO] HTTP Request: POST http://localhost:2026/v1/chat/completions "HTTP/1.1 200 OK"
2026-05-01 11:08:28,813 [INFO] [277/3987] id=openseek-3-46663c0b5 GT=[80, 478, 70, 94] ✅ (2005ch, attempts=1, 11.5s)
2026-05-01 11:08:32,211 [INFO] HTTP Request: POST http://localhost:2026/v1/chat/completions "HTTP/1.1 200 OK"
2026-05-01 11:08:32,212 [INFO] [278/3987] id=openseek-3-8cc143ebd GT=[310, 51, 322, 586, 8] ✅ (1683ch, attempts=1, 10.6s)
2026-05-01 11:08:39,833 [INFO] HTTP Request: POST http://localhost:2026/v1/chat/completions "HTTP/1.1 200 OK"
2026-05-01 11:08:39,835 [INFO] [279/3987] id=openseek-3-c3f510709 GT=[31, 78, 64, 154, 18, 352] ✅ (2151ch, attempts=1, 13.0s)
2026-05-01 11:08:47,462 [INFO] HTTP Request: POST http://localhost:2026/v1/chat/completions "HTTP/1.1 200 OK"
2026-05-01 11:08:47,463 [INFO] [280/3987] id=openseek-3-11de595a5 GT=[490, 11, 28, 340, 70, 430] ✅ (3181ch, attempts=1, 18.6s)
2026-05-01 11:08:51,241 [INFO] HTTP Request: POST http://localhost:2026/v1/chat/completions "HTTP/1.1 200 OK"
2026-05-01 11:08:51,242 [INFO] [281/3987] id=openseek-3-6c624f645 GT=[80, 34, 96, 208, 76, 352, 12, 340, 298] ✅ (2895ch, attempts=1, 19.0s)
2026-05-01 11:08:55,706 [INFO] HTTP Request: POST http://localhost:2026/v1/chat/completions "HTTP/1.1 200 OK"
2026-05-01 11:08:55,708 [INFO] [282/3987] id=openseek-3-61dd2d7db GT=[220, 32, 59, 35, 73, 82] ✅ (2764ch, attempts=1, 15.9s)
2026-05-01 11:08:58,992 [INFO] HTTP Request: POST http://localhost:2026/v1/chat/completions "HTTP/1.1 200 OK"
2026-05-01 11:08:58,994 [INFO] [283/3987] id=openseek-3-f1af75fa7 GT=[16, 71, 538, 79] ✅ (2319ch, attempts=1, 11.5s)
2026-05-01 11:09:00,449 [INFO] HTTP Request: POST http://localhost:2026/v1/chat/completions "HTTP/1.1 200 OK"
2026-05-01 11:09:00,451 [INFO] [284/3987] id=openseek-3-43d23314e GT=[40, 30, 52, 29, 76] ✅ (1634ch, attempts=1, 9.2s)
2026-05-01 11:09:08,569 [INFO] HTTP Request: POST http://localhost:2026/v1/chat/completions "HTTP/1.1 200 OK"
2026-05-01 11:09:08,570 [INFO] [285/3987] id=openseek-3-bd267e88f GT=[88, 34, 388] ✅ (1634ch, attempts=1, 9.6s)
2026-05-01 11:09:14,097 [INFO] HTTP Request: POST http://localhost:2026/v1/chat/completions "HTTP/1.1 200 OK"
2026-05-01 11:09:14,099 [INFO] [286/3987] id=openseek-3-92b5c9c77 GT=[280, 98, 196, 286, 55] ✅ (2237ch, attempts=1, 13.6s)
2026-05-01 11:09:14,149 [INFO] HTTP Request: POST http://localhost:2026/v1/chat/completions "HTTP/1.1 200 OK"
2026-05-01 11:09:14,151 [INFO] [287/3987] id=openseek-3-d35c4e5ec GT=[61, 430, 190, 544, 76, 418, 34] ✅ (3008ch, attempts=1, 18.4s)
2026-05-01 11:09:18,391 [INFO] HTTP Request: POST http://localhost:2026/v1/chat/completions "HTTP/1.1 200 OK"
2026-05-01 11:09:18,392 [INFO] [288/3987] id=openseek-3-28cb4e606 GT=[430, 9, 45, 2] ✅ (1883ch, attempts=1, 9.8s)
2026-05-01 11:09:22,632 [INFO] HTTP Request: POST http://localhost:2026/v1/chat/completions "HTTP/1.1 200 OK"
2026-05-01 11:09:22,633 [INFO] [289/3987] id=openseek-3-99aa0ff70 GT=[17, 124, 46, 37] ✅ (1470ch, attempts=1, 8.5s)
2026-05-01 11:09:28,631 [INFO] HTTP Request: POST http://localhost:2026/v1/chat/completions "HTTP/1.1 200 OK"
2026-05-01 11:09:28,632 [INFO] [290/3987] id=openseek-3-e731dc37c GT=[72, 54, 202, 97, 400] ✅ (2267ch, attempts=1, 14.5s)
2026-05-01 11:09:34,109 [INFO] HTTP Request: POST http://localhost:2026/v1/chat/completions "HTTP/1.1 200 OK"
2026-05-01 11:09:34,110 [INFO] [291/3987] id=openseek-3-827b4af70 GT=[97, 304, 298, 574, 85, 64, 81] ✅ (2588ch, attempts=1, 15.7s)
2026-05-01 11:09:39,691 [INFO] HTTP Request: POST http://localhost:2026/v1/chat/completions "HTTP/1.1 200 OK"
2026-05-01 11:09:39,692 [INFO] [292/3987] id=openseek-3-411b9a302 GT=[50, 2, 16, 5, 68, 262, 292, 74] ✅ (2952ch, attempts=1, 17.1s)
2026-05-01 11:09:44,306 [INFO] HTTP Request: POST http://localhost:2026/v1/chat/completions "HTTP/1.1 200 OK"
2026-05-01 11:09:44,307 [INFO] [293/3987] id=openseek-3-71cdd6966 GT=[86, 196, 142, 520, 21, 21, 19] ✅ (2493ch, attempts=1, 15.7s)
2026-05-01 11:09:44,551 [INFO] HTTP Request: POST http://localhost:2026/v1/chat/completions "HTTP/1.1 200 OK"
2026-05-01 11:09:44,552 [INFO] [294/3987] id=openseek-3-9ff255633 GT=[31, 89, 11] ✅ (2295ch, attempts=1, 10.4s)
2026-05-01 11:09:50,065 [INFO] HTTP Request: POST http://localhost:2026/v1/chat/completions "HTTP/1.1 200 OK"
2026-05-01 11:09:50,066 [INFO] [295/3987] id=openseek-3-ab2fd5174 GT=[36, 562, 98] ✅ (1849ch, attempts=1, 10.4s)
2026-05-01 11:09:52,144 [INFO] HTTP Request: POST http://localhost:2026/v1/chat/completions "HTTP/1.1 200 OK"
2026-05-01 11:09:52,145 [INFO] [296/3987] id=openseek-3-217280fbe GT=[574, 316] ✅ (1492ch, attempts=1, 7.8s)
2026-05-01 11:09:55,867 [INFO] HTTP Request: POST http://localhost:2026/v1/chat/completions "HTTP/1.1 200 OK"
2026-05-01 11:09:55,868 [INFO] [297/3987] id=openseek-3-905537576 GT=[25, 238, 46, 154, 84] ✅ (1850ch, attempts=1, 11.3s)
2026-05-01 11:10:02,505 [INFO] HTTP Request: POST http://localhost:2026/v1/chat/completions "HTTP/1.1 200 OK"
2026-05-01 11:10:02,506 [INFO] [298/3987] id=openseek-3-f64e14faf GT=[556, 370, 44, 89] ✅ (2195ch, attempts=1, 12.4s)
2026-05-01 11:10:03,480 [INFO] HTTP Request: POST http://localhost:2026/v1/chat/completions "HTTP/1.1 200 OK"
2026-05-01 11:10:03,481 [INFO] [299/3987] id=openseek-3-e51c58d89 GT=[532, 78] ✅ (1568ch, attempts=1, 7.6s)
2026-05-01 11:10:10,089 [INFO] HTTP Request: POST http://localhost:2026/v1/chat/completions "HTTP/1.1 200 OK"
2026-05-01 11:10:10,090 [INFO] [300/3987] id=openseek-3-245ab9e13 GT=[82, 424, 13, 67, 48, 2, 526, 66] ✅ (2938ch, attempts=1, 17.9s)
2026-05-01 11:10:10,125 [INFO]   💾 已保存 (成功=300 验证通过=300 降级=0) | 4.6s/条均值 | ETA=284min
2026-05-01 11:10:14,322 [INFO] HTTP Request: POST http://localhost:2026/v1/chat/completions "HTTP/1.1 200 OK"
2026-05-01 11:10:14,323 [INFO] [301/3987] id=openseek-3-a571f1806 GT=[97, 448, 77, 166] ✅ (1890ch, attempts=1, 10.8s)
2026-05-01 11:10:20,673 [INFO] HTTP Request: POST http://localhost:2026/v1/chat/completions "HTTP/1.1 200 OK"
2026-05-01 11:10:20,675 [INFO] [302/3987] id=openseek-3-c0b31ccb0 GT=[5, 16, 286] ✅ (2129ch, attempts=1, 10.6s)
2026-05-01 11:10:25,381 [INFO] HTTP Request: POST http://localhost:2026/v1/chat/completions "HTTP/1.1 200 OK"
2026-05-01 11:10:25,382 [INFO] [303/3987] id=openseek-3-1ecf7476d GT=[84, 436, 16, 31, 15, 214, 196, 472, 43] ✅ (3670ch, attempts=1, 22.9s)
2026-05-01 11:10:28,616 [INFO] HTTP Request: POST http://localhost:2026/v1/chat/completions "HTTP/1.1 200 OK"
2026-05-01 11:10:28,617 [INFO] [304/3987] id=openseek-3-d40d23e29 GT=[5, 14, 88, 17, 550, 4] ✅ (2375ch, attempts=1, 14.3s)
2026-05-01 11:10:30,774 [INFO] HTTP Request: POST http://localhost:2026/v1/chat/completions "HTTP/1.1 200 OK"
2026-05-01 11:10:30,776 [INFO] [305/3987] id=openseek-3-bc16b1982 GT=[81, 112, 298] ✅ (1868ch, attempts=1, 10.1s)
2026-05-01 11:10:38,226 [INFO] HTTP Request: POST http://localhost:2026/v1/chat/completions "HTTP/1.1 200 OK"
2026-05-01 11:10:38,227 [INFO] [306/3987] id=openseek-3-b1aca546a GT=[490, 94, 43, 64, 9, 44] ✅ (1962ch, attempts=1, 12.8s)
2026-05-01 11:10:39,524 [INFO] HTTP Request: POST http://localhost:2026/v1/chat/completions "HTTP/1.1 200 OK"
2026-05-01 11:10:39,525 [INFO] [307/3987] id=openseek-3-ff7221267 GT=[40, 490] ✅ (1772ch, attempts=1, 8.7s)
2026-05-01 11:10:46,086 [INFO] HTTP Request: POST http://localhost:2026/v1/chat/completions "HTTP/1.1 200 OK"
2026-05-01 11:10:46,087 [INFO] [308/3987] id=openseek-3-85eec019a GT=[85, 310, 88, 508, 6, 67, 65, 238] ✅ (2723ch, attempts=1, 17.5s)
2026-05-01 11:10:51,275 [INFO] HTTP Request: POST http://localhost:2026/v1/chat/completions "HTTP/1.1 200 OK"
2026-05-01 11:10:51,276 [INFO] [309/3987] id=openseek-3-14d4327be GT=[40, 472, 442, 60] ✅ (1948ch, attempts=1, 11.8s)
2026-05-01 11:10:53,108 [INFO] HTTP Request: POST http://localhost:2026/v1/chat/completions "HTTP/1.1 200 OK"
2026-05-01 11:10:53,110 [INFO] [310/3987] id=openseek-3-00288f36f GT=[17, 15] ✅ (1464ch, attempts=1, 7.0s)
2026-05-01 11:10:57,234 [INFO] HTTP Request: POST http://localhost:2026/v1/chat/completions "HTTP/1.1 200 OK"
2026-05-01 11:10:57,235 [INFO] [311/3987] id=openseek-3-27d7756d8 GT=[238, 12, 72, 80, 6, 80, 11, 448, 25] ✅ (3084ch, attempts=1, 19.0s)
2026-05-01 11:11:02,644 [INFO] HTTP Request: POST http://localhost:2026/v1/chat/completions "HTTP/1.1 200 OK"
2026-05-01 11:11:02,645 [INFO] [312/3987] id=openseek-3-b0b423ee9 GT=[346, 26, 49, 298] ✅ (1867ch, attempts=1, 9.5s)
2026-05-01 11:11:04,283 [INFO] HTTP Request: POST http://localhost:2026/v1/chat/completions "HTTP/1.1 200 OK"
2026-05-01 11:11:04,285 [INFO] [313/3987] id=openseek-3-737e07bc4 GT=[358, 388, 430] ✅ (2116ch, attempts=1, 13.0s)
2026-05-01 11:11:08,387 [INFO] HTTP Request: POST http://localhost:2026/v1/chat/completions "HTTP/1.1 200 OK"
2026-05-01 11:11:08,388 [INFO] [314/3987] id=openseek-3-0d9ded50c GT=[86, 93, 67, 28] ✅ (2098ch, attempts=1, 11.2s)
2026-05-01 11:11:11,758 [INFO] HTTP Request: POST http://localhost:2026/v1/chat/completions "HTTP/1.1 200 OK"
2026-05-01 11:11:11,759 [INFO] [315/3987] id=openseek-3-818023737 GT=[178, 550] ✅ (1414ch, attempts=1, 7.5s)
2026-05-01 11:11:15,758 [INFO] HTTP Request: POST http://localhost:2026/v1/chat/completions "HTTP/1.1 200 OK"
2026-05-01 11:11:15,759 [INFO] [316/3987] id=openseek-3-bb252155c GT=[54, 93, 37, 48, 334, 214] ✅ (2085ch, attempts=1, 13.1s)
2026-05-01 11:11:19,746 [INFO] HTTP Request: POST http://localhost:2026/v1/chat/completions "HTTP/1.1 200 OK"
2026-05-01 11:11:19,747 [INFO] [317/3987] id=openseek-3-cd96e806a GT=[67, 82, 106] ✅ (1452ch, attempts=1, 8.0s)
2026-05-01 11:11:21,124 [INFO] HTTP Request: POST http://localhost:2026/v1/chat/completions "HTTP/1.1 200 OK"
2026-05-01 11:11:21,125 [INFO] [318/3987] id=openseek-3-7193457a6 GT=[472, 388] ✅ (2293ch, attempts=1, 12.7s)
2026-05-01 11:11:27,322 [INFO] HTTP Request: POST http://localhost:2026/v1/chat/completions "HTTP/1.1 200 OK"
2026-05-01 11:11:27,324 [INFO] [319/3987] id=openseek-3-67947ae62 GT=[56, 106, 562, 70, 106] ✅ (1941ch, attempts=1, 11.6s)
2026-05-01 11:11:32,116 [INFO] HTTP Request: POST http://localhost:2026/v1/chat/completions "HTTP/1.1 200 OK"
2026-05-01 11:11:32,117 [INFO] [320/3987] id=openseek-3-982cd034a GT=[508, 94, 83, 83] ✅ (2068ch, attempts=1, 11.0s)
2026-05-01 11:11:42,545 [INFO] HTTP Request: POST http://localhost:2026/v1/chat/completions "HTTP/1.1 200 OK"
2026-05-01 11:11:42,547 [INFO] [321/3987] id=openseek-3-5822e1c69 GT=[400, 3, 292, 418, 22, 46, 97, 3, 496] ✅ (3674ch, attempts=1, 22.8s)
2026-05-01 11:11:43,884 [INFO] HTTP Request: POST http://localhost:2026/v1/chat/completions "HTTP/1.1 200 OK"
2026-05-01 11:11:43,885 [INFO] [322/3987] id=openseek-3-15a42c789 GT=[586, 61, 86, 406, 15, 21, 47] ✅ (2748ch, attempts=1, 16.6s)
2026-05-01 11:11:55,314 [INFO] HTTP Request: POST http://localhost:2026/v1/chat/completions "HTTP/1.1 200 OK"
2026-05-01 11:11:55,315 [INFO] [323/3987] id=openseek-3-800829d09 GT=[44, 20, 44, 4, 178, 57] ✅ (2121ch, attempts=1, 12.8s)
2026-05-01 11:11:58,799 [INFO] HTTP Request: POST http://localhost:2026/v1/chat/completions "HTTP/1.1 200 OK"
2026-05-01 11:11:58,800 [INFO] [324/3987] id=openseek-3-105cd2c54 GT=[424, 538, 76, 100, 13, 304, 89, 292, 36 ✅ (3984ch, attempts=1, 26.7s)
2026-05-01 11:12:01,079 [INFO] HTTP Request: POST http://localhost:2026/v1/chat/completions "HTTP/1.1 200 OK"
2026-05-01 11:12:01,080 [INFO] [325/3987] id=openseek-3-0fadd995c GT=[256, 400, 8, 95, 9, 89, 298, 274] ✅ (2711ch, attempts=1, 17.2s)
2026-05-01 11:12:10,195 [INFO] HTTP Request: POST http://localhost:2026/v1/chat/completions "HTTP/1.1 200 OK"
2026-05-01 11:12:10,196 [INFO] [326/3987] id=openseek-3-08c61faec GT=[18, 22, 6, 80, 52, 22] ✅ (1951ch, attempts=1, 11.4s)
2026-05-01 11:12:13,338 [INFO] HTTP Request: POST http://localhost:2026/v1/chat/completions "HTTP/1.1 200 OK"
2026-05-01 11:12:13,339 [INFO] [327/3987] id=openseek-3-e62b869e4 GT=[83, 40, 77, 49, 41, 68, 23, 544, 22] ✅ (2854ch, attempts=1, 18.0s)
2026-05-01 11:12:21,571 [INFO] HTTP Request: POST http://localhost:2026/v1/chat/completions "HTTP/1.1 200 OK"
2026-05-01 11:12:21,572 [INFO] [328/3987] id=openseek-3-fb9dbed97 GT=[544, 532, 124, 19, 376, 46, 8, 89, 388] ✅ (3048ch, attempts=1, 20.5s)
2026-05-01 11:12:29,204 [INFO] HTTP Request: POST http://localhost:2026/v1/chat/completions "HTTP/1.1 200 OK"
2026-05-01 11:12:29,205 [INFO] [329/3987] id=openseek-3-c82785f6b GT=[340, 74, 466, 27, 370, 586, 47, 346] ✅ (3049ch, attempts=1, 19.0s)
2026-05-01 11:12:30,646 [INFO] HTTP Request: POST http://localhost:2026/v1/chat/completions "HTTP/1.1 200 OK"
2026-05-01 11:12:30,648 [INFO] [330/3987] id=openseek-3-fe60d6b3b GT=[27, 7, 40, 100, 232, 34, 57, 106, 50] ✅ (2651ch, attempts=1, 17.3s)
2026-05-01 11:12:33,352 [INFO] HTTP Request: POST http://localhost:2026/v1/chat/completions "HTTP/1.1 200 OK"
2026-05-01 11:12:33,353 [INFO] [331/3987] id=openseek-3-ffd66eef3 GT=[91, 55, 268, 598] ✅ (2043ch, attempts=1, 11.8s)
2026-05-01 11:12:40,429 [INFO] HTTP Request: POST http://localhost:2026/v1/chat/completions "HTTP/1.1 200 OK"
2026-05-01 11:12:40,431 [INFO] [332/3987] id=openseek-3-0e79e275a GT=[2, 22, 80] ✅ (2012ch, attempts=1, 9.8s)
2026-05-01 11:12:40,681 [INFO] HTTP Request: POST http://localhost:2026/v1/chat/completions "HTTP/1.1 200 OK"
2026-05-01 11:12:40,682 [INFO] [333/3987] id=openseek-3-9342e32c2 GT=[84, 88, 34, 226, 466, 112, 292] ✅ (1620ch, attempts=1, 11.5s)
2026-05-01 11:12:45,828 [INFO] HTTP Request: POST http://localhost:2026/v1/chat/completions "HTTP/1.1 200 OK"
2026-05-01 11:12:45,830 [INFO] [334/3987] id=openseek-3-d6a716a39 GT=[9, 400, 8, 490, 14, 85] ✅ (1931ch, attempts=1, 12.5s)
2026-05-01 11:12:55,966 [INFO] HTTP Request: POST http://localhost:2026/v1/chat/completions "HTTP/1.1 200 OK"
2026-05-01 11:12:55,967 [INFO] [335/3987] id=openseek-3-deeabf3e7 GT=[82, 52, 448, 508] ✅ (2445ch, attempts=1, 15.3s)
2026-05-01 11:12:57,956 [INFO] HTTP Request: POST http://localhost:2026/v1/chat/completions "HTTP/1.1 200 OK"
2026-05-01 11:12:57,957 [INFO] [336/3987] id=openseek-3-7804ca485 GT=[90, 69, 148, 166, 232, 304] ✅ (1873ch, attempts=1, 12.1s)
2026-05-01 11:13:00,364 [INFO] HTTP Request: POST http://localhost:2026/v1/chat/completions "HTTP/1.1 200 OK"
2026-05-01 11:13:00,365 [INFO] [337/3987] id=openseek-3-fa7ec357e GT=[23, 292, 436, 79, 63, 88, 304, 502, 75] ✅ (2892ch, attempts=1, 19.9s)
2026-05-01 11:13:11,073 [INFO] HTTP Request: POST http://localhost:2026/v1/chat/completions "HTTP/1.1 200 OK"
2026-05-01 11:13:11,074 [INFO] [338/3987] id=openseek-3-f12911b49 GT=[64, 42, 358, 97] ✅ (1947ch, attempts=1, 10.7s)
2026-05-01 11:13:12,312 [INFO] HTTP Request: POST http://localhost:2026/v1/chat/completions "HTTP/1.1 200 OK"
2026-05-01 11:13:12,313 [INFO] [339/3987] id=openseek-3-42ab40714 GT=[40, 250, 220, 31, 49, 40] ✅ (2308ch, attempts=1, 14.4s)
2026-05-01 11:13:15,434 [INFO] HTTP Request: POST http://localhost:2026/v1/chat/completions "HTTP/1.1 200 OK"
2026-05-01 11:13:15,436 [INFO] [340/3987] id=openseek-3-9caeed5f1 GT=[90, 418, 63, 454, 526, 220, 568, 22, 16 ✅ (2930ch, attempts=1, 19.5s)
2026-05-01 11:13:19,882 [INFO] HTTP Request: POST http://localhost:2026/v1/chat/completions "HTTP/1.1 200 OK"
2026-05-01 11:13:19,883 [INFO] [341/3987] id=openseek-3-831d4c4a3 GT=[95, 84, 34, 26, 92] ✅ (1500ch, attempts=1, 8.8s)
2026-05-01 11:13:21,166 [INFO] HTTP Request: POST http://localhost:2026/v1/chat/completions "HTTP/1.1 200 OK"
2026-05-01 11:13:21,167 [INFO] [342/3987] id=openseek-3-73cf6fd04 GT=[85, 6, 44, 50] ✅ (1631ch, attempts=1, 8.9s)
2026-05-01 11:13:29,279 [INFO] HTTP Request: POST http://localhost:2026/v1/chat/completions "HTTP/1.1 200 OK"
2026-05-01 11:13:29,280 [INFO] [343/3987] id=openseek-3-e483fc3a5 GT=[89, 226, 30, 340, 98] ✅ (1458ch, attempts=1, 9.4s)
2026-05-01 11:13:35,438 [INFO] HTTP Request: POST http://localhost:2026/v1/chat/completions "HTTP/1.1 200 OK"
2026-05-01 11:13:35,440 [INFO] [344/3987] id=openseek-3-de5629731 GT=[28, 47, 454, 36, 310, 96, 2, 96] ✅ (2258ch, attempts=1, 14.3s)
2026-05-01 11:13:41,840 [INFO] HTTP Request: POST http://localhost:2026/v1/chat/completions "HTTP/1.1 200 OK"
2026-05-01 11:13:41,842 [INFO] [345/3987] id=openseek-3-d282f8bd9 GT=[18, 370, 40, 520, 124] ✅ (2046ch, attempts=1, 12.6s)
2026-05-01 11:13:44,791 [INFO] HTTP Request: POST http://localhost:2026/v1/chat/completions "HTTP/1.1 200 OK"
2026-05-01 11:13:44,793 [INFO] [346/3987] id=openseek-3-bdcfc70b9 GT=[43, 82, 64, 69, 436, 376, 83, 52, 316] ✅ (5073ch, attempts=1, 29.4s)
2026-05-01 11:13:55,852 [INFO] HTTP Request: POST http://localhost:2026/v1/chat/completions "HTTP/1.1 200 OK"
2026-05-01 11:13:55,853 [INFO] [347/3987] id=openseek-3-99dacb1c6 GT=[346, 94, 52, 38, 12, 93] ✅ (1715ch, attempts=1, 11.1s)
2026-05-01 11:13:57,249 [INFO] HTTP Request: POST http://localhost:2026/v1/chat/completions "HTTP/1.1 200 OK"
2026-05-01 11:13:57,250 [INFO] [348/3987] id=openseek-3-f7a772920 GT=[112, 328, 82, 2, 562, 16, 556, 256] ✅ (3354ch, attempts=1, 21.8s)
2026-05-01 11:13:57,979 [INFO] HTTP Request: POST http://localhost:2026/v1/chat/completions "HTTP/1.1 200 OK"
2026-05-01 11:13:57,980 [INFO] [349/3987] id=openseek-3-0089fe62a GT=[35, 430, 9, 73, 46, 580, 520] ✅ (2653ch, attempts=1, 16.1s)
2026-05-01 11:14:08,203 [INFO] HTTP Request: POST http://localhost:2026/v1/chat/completions "HTTP/1.1 200 OK"
2026-05-01 11:14:08,204 [INFO] [350/3987] id=openseek-3-69a39b026 GT=[83, 15, 53, 45] ✅ (2109ch, attempts=1, 11.0s)
2026-05-01 11:14:08,236 [INFO]   💾 已保存 (成功=350 验证通过=350 降级=0) | 4.6s/条均值 | ETA=281min
2026-05-01 11:14:14,597 [INFO] HTTP Request: POST http://localhost:2026/v1/chat/completions "HTTP/1.1 200 OK"
2026-05-01 11:14:14,598 [INFO] [351/3987] id=openseek-3-97eadb32a GT=[130, 90, 364, 22, 394, 550, 54, 51] ✅ (2959ch, attempts=1, 18.7s)
2026-05-01 11:14:19,580 [INFO] HTTP Request: POST http://localhost:2026/v1/chat/completions "HTTP/1.1 200 OK"
2026-05-01 11:14:19,582 [INFO] [352/3987] id=openseek-3-a5bbba89e GT=[478, 526, 57, 334, 592] ✅ (4060ch, attempts=1, 21.6s)
2026-05-01 11:14:29,496 [INFO] HTTP Request: POST http://localhost:2026/v1/chat/completions "HTTP/1.1 200 OK"
2026-05-01 11:14:29,498 [INFO] [353/3987] id=openseek-3-28cc448ee GT=[17, 42, 32, 538, 118, 256, 148, 55, 394 ✅ (3510ch, attempts=1, 21.3s)
2026-05-01 11:14:31,806 [INFO] HTTP Request: POST http://localhost:2026/v1/chat/completions "HTTP/1.1 200 OK"
2026-05-01 11:14:31,807 [INFO] [354/3987] id=openseek-3-d47ef4679 GT=[424, 73, 56, 17, 48, 442] ✅ (2789ch, attempts=1, 17.2s)
2026-05-01 11:14:35,737 [INFO] HTTP Request: POST http://localhost:2026/v1/chat/completions "HTTP/1.1 200 OK"
2026-05-01 11:14:35,738 [INFO] [355/3987] id=openseek-3-271699413 GT=[97, 19, 22, 268, 53, 562, 54] ✅ (2622ch, attempts=1, 16.2s)
2026-05-01 11:14:41,200 [INFO] HTTP Request: POST http://localhost:2026/v1/chat/completions "HTTP/1.1 200 OK"
2026-05-01 11:14:41,202 [INFO] [356/3987] id=openseek-3-bc2081ac3 GT=[142, 166, 58, 95, 58] ✅ (1941ch, attempts=1, 11.7s)
2026-05-01 11:14:44,697 [INFO] HTTP Request: POST http://localhost:2026/v1/chat/completions "HTTP/1.1 200 OK"
2026-05-01 11:14:44,698 [INFO] [357/3987] id=openseek-3-f94c4125a GT=[142, 436, 160, 92, 73, 58] ✅ (2088ch, attempts=1, 12.9s)
2026-05-01 11:14:47,649 [INFO] HTTP Request: POST http://localhost:2026/v1/chat/completions "HTTP/1.1 200 OK"
2026-05-01 11:14:47,651 [INFO] [358/3987] id=openseek-3-e11782261 GT=[76, 58] ✅ (1339ch, attempts=1, 6.4s)
2026-05-01 11:14:54,273 [INFO] HTTP Request: POST http://localhost:2026/v1/chat/completions "HTTP/1.1 200 OK"
2026-05-01 11:14:54,274 [INFO] [359/3987] id=openseek-3-194b2adb7 GT=[15, 568, 40, 250, 9, 340, 322, 97] ✅ (2994ch, attempts=1, 18.5s)
2026-05-01 11:14:54,990 [INFO] HTTP Request: POST http://localhost:2026/v1/chat/completions "HTTP/1.1 200 OK"
2026-05-01 11:14:54,991 [INFO] [360/3987] id=openseek-3-ca63c4d39 GT=[81, 94, 556] ✅ (2016ch, attempts=1, 10.3s)
2026-05-01 11:15:01,161 [INFO] HTTP Request: POST http://localhost:2026/v1/chat/completions "HTTP/1.1 200 OK"
2026-05-01 11:15:01,162 [INFO] [361/3987] id=openseek-3-d24b7f088 GT=[406, 98, 36, 220, 292, 328, 4, 412] ✅ (2088ch, attempts=1, 13.5s)
2026-05-01 11:15:04,831 [INFO] HTTP Request: POST http://localhost:2026/v1/chat/completions "HTTP/1.1 200 OK"
2026-05-01 11:15:04,832 [INFO] [362/3987] id=openseek-3-8c434e228 GT=[4, 484, 574, 25] ✅ (1762ch, attempts=1, 9.8s)
2026-05-01 11:15:08,270 [INFO] HTTP Request: POST http://localhost:2026/v1/chat/completions "HTTP/1.1 200 OK"
2026-05-01 11:15:08,271 [INFO] [363/3987] id=openseek-3-e69c69753 GT=[34, 478, 49, 550, 310, 38] ✅ (2094ch, attempts=1, 14.0s)
2026-05-01 11:15:09,782 [INFO] HTTP Request: POST http://localhost:2026/v1/chat/completions "HTTP/1.1 200 OK"
2026-05-01 11:15:09,783 [INFO] [364/3987] id=openseek-3-05e935ce4 GT=[1, 166, 44, 412, 358] ✅ (1434ch, attempts=1, 8.6s)
2026-05-01 11:15:15,139 [INFO] HTTP Request: POST http://localhost:2026/v1/chat/completions "HTTP/1.1 200 OK"
2026-05-01 11:15:15,140 [INFO] [365/3987] id=openseek-3-46fd9d73f GT=[32, 244, 10, 124, 56, 74] ✅ (1675ch, attempts=1, 10.3s)
2026-05-01 11:15:16,438 [INFO] HTTP Request: POST http://localhost:2026/v1/chat/completions "HTTP/1.1 200 OK"
2026-05-01 11:15:16,439 [INFO] [366/3987] id=openseek-3-a3d039a7c GT=[256, 99] ✅ (1707ch, attempts=1, 8.2s)
2026-05-01 11:15:30,687 [INFO] HTTP Request: POST http://localhost:2026/v1/chat/completions "HTTP/1.1 200 OK"
2026-05-01 11:15:30,688 [INFO] [367/3987] id=openseek-3-4ce4e7464 GT=[37, 562, 394, 95, 66, 42] ✅ (2163ch, attempts=1, 14.2s)
2026-05-01 11:15:31,371 [INFO] HTTP Request: POST http://localhost:2026/v1/chat/completions "HTTP/1.1 200 OK"
2026-05-01 11:15:31,372 [INFO] [368/3987] id=openseek-3-f1b33609f GT=[484, 81, 322, 136, 1] ✅ (2895ch, attempts=1, 16.2s)
2026-05-01 11:15:32,632 [INFO] HTTP Request: POST http://localhost:2026/v1/chat/completions "HTTP/1.1 200 OK"
2026-05-01 11:15:32,634 [INFO] [369/3987] id=openseek-3-5abdac106 GT=[42, 6, 460, 508, 178, 346, 472, 84] ✅ (3499ch, attempts=1, 22.9s)
2026-05-01 11:15:42,452 [INFO] HTTP Request: POST http://localhost:2026/v1/chat/completions "HTTP/1.1 200 OK"
2026-05-01 11:15:42,453 [INFO] [370/3987] id=openseek-3-2dbacf721 GT=[364, 36, 92, 9, 10, 45] ✅ (2009ch, attempts=1, 11.8s)
2026-05-01 11:15:43,259 [INFO] HTTP Request: POST http://localhost:2026/v1/chat/completions "HTTP/1.1 200 OK"
2026-05-01 11:15:43,260 [INFO] [371/3987] id=openseek-3-07669a2e9 GT=[166, 42, 16, 51, 56] ✅ (1743ch, attempts=1, 10.6s)
2026-05-01 11:15:47,912 [INFO] HTTP Request: POST http://localhost:2026/v1/chat/completions "HTTP/1.1 200 OK"
2026-05-01 11:15:48,096 [INFO] [372/3987] id=openseek-3-74cb879ed GT=[27, 112, 97, 63, 34, 58, 52] ✅ (2684ch, attempts=1, 16.7s)
2026-05-01 11:15:56,928 [INFO] HTTP Request: POST http://localhost:2026/v1/chat/completions "HTTP/1.1 200 OK"
2026-05-01 11:15:56,929 [INFO] [373/3987] id=openseek-3-db99d90c7 GT=[91, 406, 70, 340, 112, 514] ✅ (2359ch, attempts=1, 14.5s)
2026-05-01 11:15:59,582 [INFO] HTTP Request: POST http://localhost:2026/v1/chat/completions "HTTP/1.1 200 OK"
2026-05-01 11:15:59,583 [INFO] [374/3987] id=openseek-3-7bf5476bd GT=[61, 56, 79, 214] ✅ (2967ch, attempts=1, 16.3s)
2026-05-01 11:16:01,507 [INFO] HTTP Request: POST http://localhost:2026/v1/chat/completions "HTTP/1.1 200 OK"
2026-05-01 11:16:01,508 [INFO] [375/3987] id=openseek-3-2b448581a GT=[98, 250, 160, 256] ✅ (2404ch, attempts=1, 13.4s)
2026-05-01 11:16:09,952 [INFO] HTTP Request: POST http://localhost:2026/v1/chat/completions "HTTP/1.1 200 OK"
2026-05-01 11:16:09,953 [INFO] [376/3987] id=openseek-3-53bf9b4e9 GT=[304, 58, 406, 526, 55] ✅ (2132ch, attempts=1, 13.0s)
2026-05-01 11:16:11,561 [INFO] HTTP Request: POST http://localhost:2026/v1/chat/completions "HTTP/1.1 200 OK"
2026-05-01 11:16:11,562 [INFO] [377/3987] id=openseek-3-1760c5bbb GT=[580, 74, 160, 100, 526] ✅ (2050ch, attempts=1, 12.0s)
2026-05-01 11:16:15,421 [INFO] HTTP Request: POST http://localhost:2026/v1/chat/completions "HTTP/1.1 200 OK"
2026-05-01 11:16:15,422 [INFO] [378/3987] id=openseek-3-e27219c6d GT=[400, 8, 550, 82, 124, 36] ✅ (2207ch, attempts=1, 13.9s)
2026-05-01 11:16:29,428 [INFO] HTTP Request: POST http://localhost:2026/v1/chat/completions "HTTP/1.1 200 OK"
2026-05-01 11:16:29,429 [INFO] [379/3987] id=openseek-3-187da4b54 GT=[262, 304, 466, 26, 364, 130] ✅ (2790ch, attempts=1, 17.9s)
2026-05-01 11:16:31,931 [INFO] HTTP Request: POST http://localhost:2026/v1/chat/completions "HTTP/1.1 200 OK"
2026-05-01 11:16:31,932 [INFO] [380/3987] id=openseek-3-bbe3dff25 GT=[310, 514, 97, 274, 33, 538, 106, 202, 4 ✅ (3477ch, attempts=1, 22.0s)
2026-05-01 11:16:34,581 [INFO] HTTP Request: POST http://localhost:2026/v1/chat/completions "HTTP/1.1 200 OK"
2026-05-01 11:16:34,583 [INFO] [381/3987] id=openseek-3-da40e9fd3 GT=[58, 44, 70, 274, 532, 466, 93] ✅ (3049ch, attempts=1, 19.2s)
2026-05-01 11:16:50,031 [INFO] HTTP Request: POST http://localhost:2026/v1/chat/completions "HTTP/1.1 200 OK"
2026-05-01 11:16:50,032 [INFO] [382/3987] id=openseek-3-fb8739194 GT=[33, 48, 484, 88, 81, 280, 376, 23, 6] ✅ (3138ch, attempts=1, 20.6s)
2026-05-01 11:16:50,791 [INFO] HTTP Request: POST http://localhost:2026/v1/chat/completions "HTTP/1.1 200 OK"
2026-05-01 11:16:50,792 [INFO] [383/3987] id=openseek-3-cfb044a5e GT=[10, 23, 412, 3, 58, 42, 154, 33, 18] ✅ (3044ch, attempts=1, 18.9s)
2026-05-01 11:16:51,783 [INFO] HTTP Request: POST http://localhost:2026/v1/chat/completions "HTTP/1.1 200 OK"
2026-05-01 11:16:51,785 [INFO] [384/3987] id=openseek-3-23bf73ef9 GT=[98, 502, 22, 142, 15, 80, 50, 442, 88] ✅ (2434ch, attempts=1, 17.2s)
2026-05-01 11:17:01,294 [INFO] HTTP Request: POST http://localhost:2026/v1/chat/completions "HTTP/1.1 200 OK"
2026-05-01 11:17:01,296 [INFO] [385/3987] id=openseek-3-3810ed069 GT=[94, 76, 70, 7, 364, 59] ✅ (1544ch, attempts=1, 9.5s)
2026-05-01 11:17:07,784 [INFO] HTTP Request: POST http://localhost:2026/v1/chat/completions "HTTP/1.1 200 OK"
2026-05-01 11:17:07,785 [INFO] [386/3987] id=openseek-3-2a43f3ff4 GT=[7, 69, 93, 53, 65, 496, 208, 304] ✅ (2693ch, attempts=1, 17.0s)
2026-05-01 11:17:08,503 [INFO] HTTP Request: POST http://localhost:2026/v1/chat/completions "HTTP/1.1 200 OK"
2026-05-01 11:17:08,504 [INFO] [387/3987] id=openseek-3-32dd622b4 GT=[88, 53, 26, 376, 352, 10, 22, 63] ✅ (2942ch, attempts=1, 18.5s)
2026-05-01 11:17:16,284 [INFO] HTTP Request: POST http://localhost:2026/v1/chat/completions "HTTP/1.1 200 OK"
2026-05-01 11:17:16,285 [INFO] [388/3987] id=openseek-3-ec47dbef6 GT=[22, 98, 73, 34, 94] ✅ (2651ch, attempts=1, 15.0s)
2026-05-01 11:17:23,557 [INFO] HTTP Request: POST http://localhost:2026/v1/chat/completions "HTTP/1.1 200 OK"
2026-05-01 11:17:23,558 [INFO] [389/3987] id=openseek-3-e2233f74d GT=[3, 9, 29, 568, 466, 220, 196] ✅ (2275ch, attempts=1, 15.1s)
2026-05-01 11:17:24,223 [INFO] HTTP Request: POST http://localhost:2026/v1/chat/completions "HTTP/1.1 200 OK"
2026-05-01 11:17:24,225 [INFO] [390/3987] id=openseek-3-88ce14b6c GT=[48, 514, 55, 48, 61, 4, 64, 550] ✅ (2588ch, attempts=1, 16.4s)
2026-05-01 11:17:44,532 [INFO] HTTP Request: POST http://localhost:2026/v1/chat/completions "HTTP/1.1 200 OK"
2026-05-01 11:17:44,533 [INFO] [391/3987] id=openseek-3-78b61e4c2 GT=[106, 38, 47, 448, 568, 25, 53, 490, 280 ✅ (4960ch, attempts=1, 28.2s)
2026-05-01 11:17:44,669 [INFO] HTTP Request: POST http://localhost:2026/v1/chat/completions "HTTP/1.1 200 OK"
2026-05-01 11:17:44,670 [INFO] [392/3987] id=openseek-3-88cbf1317 GT=[472, 17, 346, 4, 12, 22, 7, 586] ✅ (3644ch, attempts=1, 21.1s)
2026-05-01 11:17:45,708 [INFO] HTTP Request: POST http://localhost:2026/v1/chat/completions "HTTP/1.1 200 OK"
2026-05-01 11:17:45,709 [INFO] [393/3987] id=openseek-3-2b4308d49 GT=[298, 22, 23, 64, 61, 65, 130, 66, 73] ✅ (3395ch, attempts=1, 21.5s)
2026-05-01 11:17:57,966 [INFO] HTTP Request: POST http://localhost:2026/v1/chat/completions "HTTP/1.1 200 OK"
2026-05-01 11:17:57,967 [INFO] [394/3987] id=openseek-3-df8472cb9 GT=[460, 136, 58, 3, 58] ✅ (2063ch, attempts=1, 12.3s)
2026-05-01 11:18:03,056 [INFO] HTTP Request: POST http://localhost:2026/v1/chat/completions "HTTP/1.1 200 OK"
2026-05-01 11:18:03,057 [INFO] [395/3987] id=openseek-3-489b90423 GT=[9, 59, 124, 34, 90, 25, 526, 532, 98] ✅ (2878ch, attempts=1, 18.4s)
2026-05-01 11:18:04,893 [INFO] HTTP Request: POST http://localhost:2026/v1/chat/completions "HTTP/1.1 200 OK"
2026-05-01 11:18:04,894 [INFO] [396/3987] id=openseek-3-6e9d205c6 GT=[274, 268, 14, 454, 53, 83, 98, 454] ✅ (3071ch, attempts=1, 20.4s)
2026-05-01 11:18:13,160 [INFO] HTTP Request: POST http://localhost:2026/v1/chat/completions "HTTP/1.1 200 OK"
2026-05-01 11:18:13,161 [INFO] [397/3987] id=openseek-3-0df6074ba GT=[142, 81] ✅ (1676ch, attempts=1, 8.3s)
2026-05-01 11:18:14,049 [INFO] HTTP Request: POST http://localhost:2026/v1/chat/completions "HTTP/1.1 200 OK"
2026-05-01 11:18:14,050 [INFO] [398/3987] id=openseek-3-53d017887 GT=[26, 40, 310, 97, 34, 208, 3] ✅ (2689ch, attempts=1, 16.1s)
2026-05-01 11:18:23,865 [INFO] HTTP Request: POST http://localhost:2026/v1/chat/completions "HTTP/1.1 200 OK"
2026-05-01 11:18:23,866 [INFO] [399/3987] id=openseek-3-f797c5a8f GT=[334, 112] ✅ (2060ch, attempts=1, 9.8s)
2026-05-01 11:18:26,025 [INFO] HTTP Request: POST http://localhost:2026/v1/chat/completions "HTTP/1.1 200 OK"
2026-05-01 11:18:26,026 [INFO] [400/3987] id=openseek-3-c2399c1a0 GT=[190, 154, 376, 310, 190, 370, 97, 136,  ✅ (3336ch, attempts=1, 23.0s)
2026-05-01 11:18:26,056 [INFO]   💾 已保存 (成功=400 验证通过=400 降级=0) | 4.7s/条均值 | ETA=281min
2026-05-01 11:18:35,681 [INFO] HTTP Request: POST http://localhost:2026/v1/chat/completions "HTTP/1.1 200 OK"
2026-05-01 11:18:35,683 [INFO] [401/3987] id=openseek-3-45638932d GT=[46, 370, 69, 550, 136, 18, 304, 76, 18] ✅ (3431ch, attempts=1, 22.5s)
2026-05-01 11:18:39,130 [INFO] HTTP Request: POST http://localhost:2026/v1/chat/completions "HTTP/1.1 200 OK"
2026-05-01 11:18:39,131 [INFO] [402/3987] id=openseek-3-7f92fc48b GT=[77, 37, 22, 334, 89, 89, 76, 62] ✅ (2437ch, attempts=1, 15.3s)
2026-05-01 11:18:43,080 [INFO] HTTP Request: POST http://localhost:2026/v1/chat/completions "HTTP/1.1 200 OK"
2026-05-01 11:18:43,081 [INFO] [403/3987] id=openseek-3-56cb253b1 GT=[514, 130, 39, 166, 39, 400, 31] ✅ (2919ch, attempts=1, 17.1s)
2026-05-01 11:18:50,939 [INFO] HTTP Request: POST http://localhost:2026/v1/chat/completions "HTTP/1.1 200 OK"
2026-05-01 11:18:50,941 [INFO] [404/3987] id=openseek-3-fda46e1c7 GT=[71, 71, 136, 52, 496, 41] ✅ (2565ch, attempts=1, 15.3s)
2026-05-01 11:18:57,267 [INFO] HTTP Request: POST http://localhost:2026/v1/chat/completions "HTTP/1.1 200 OK"
2026-05-01 11:18:57,268 [INFO] [405/3987] id=openseek-3-bfd7cb1a7 GT=[472, 25, 12, 340, 352, 88] ✅ (3078ch, attempts=1, 18.1s)
2026-05-01 11:18:59,503 [INFO] HTTP Request: POST http://localhost:2026/v1/chat/completions "HTTP/1.1 200 OK"
2026-05-01 11:18:59,504 [INFO] [406/3987] id=openseek-3-97ffa4bae GT=[35, 118, 37] ✅ (3505ch, attempts=1, 16.4s)
2026-05-01 11:19:02,956 [INFO] HTTP Request: POST http://localhost:2026/v1/chat/completions "HTTP/1.1 200 OK"
2026-05-01 11:19:02,957 [INFO] [407/3987] id=openseek-3-4b314674d GT=[526, 60, 436, 52] ✅ (2178ch, attempts=1, 12.0s)
2026-05-01 11:19:12,077 [INFO] HTTP Request: POST http://localhost:2026/v1/chat/completions "HTTP/1.1 200 OK"
2026-05-01 11:19:12,078 [INFO] [408/3987] id=openseek-3-23a007020 GT=[496, 460, 54, 74, 7, 76] ✅ (2090ch, attempts=1, 12.6s)
2026-05-01 11:19:16,798 [INFO] HTTP Request: POST http://localhost:2026/v1/chat/completions "HTTP/1.1 200 OK"
2026-05-01 11:19:16,800 [INFO] [409/3987] id=openseek-3-959661141 GT=[250, 280, 53, 50, 40, 340, 63, 75] ✅ (2941ch, attempts=1, 19.5s)
2026-05-01 11:19:23,862 [INFO] HTTP Request: POST http://localhost:2026/v1/chat/completions "HTTP/1.1 200 OK"
2026-05-01 11:19:23,863 [INFO] [410/3987] id=openseek-3-751287f90 GT=[490, 79, 11, 364, 478, 52, 31, 34, 520] ✅ (3268ch, attempts=1, 20.9s)
2026-05-01 11:19:28,130 [INFO] HTTP Request: POST http://localhost:2026/v1/chat/completions "HTTP/1.1 200 OK"
2026-05-01 11:19:28,131 [INFO] [411/3987] id=openseek-3-63e4c1764 GT=[47, 352, 322, 214, 10, 184] ✅ (1651ch, attempts=1, 11.3s)
2026-05-01 11:19:30,256 [INFO] HTTP Request: POST http://localhost:2026/v1/chat/completions "HTTP/1.1 200 OK"
2026-05-01 11:19:30,257 [INFO] [412/3987] id=openseek-3-f8539eb4c GT=[66, 81, 40, 95, 172, 25, 62, 75] ✅ (3039ch, attempts=1, 18.2s)
2026-05-01 11:19:39,614 [INFO] HTTP Request: POST http://localhost:2026/v1/chat/completions "HTTP/1.1 200 OK"
2026-05-01 11:19:39,615 [INFO] [413/3987] id=openseek-3-6e6c201d0 GT=[87, 166, 202, 99, 196, 7, 298] ✅ (2377ch, attempts=1, 15.8s)
2026-05-01 11:19:45,380 [INFO] HTTP Request: POST http://localhost:2026/v1/chat/completions "HTTP/1.1 200 OK"
2026-05-01 11:19:45,381 [INFO] [414/3987] id=openseek-3-1016e81d8 GT=[154, 32, 346, 358, 40, 448] ✅ (2777ch, attempts=1, 17.3s)
2026-05-01 11:19:48,232 [INFO] HTTP Request: POST http://localhost:2026/v1/chat/completions "HTTP/1.1 200 OK"
2026-05-01 11:19:48,233 [INFO] [415/3987] id=openseek-3-4bbf46917 GT=[94, 4, 460, 76, 23, 79, 268, 40] ✅ (2915ch, attempts=1, 18.0s)
2026-05-01 11:19:54,909 [INFO] HTTP Request: POST http://localhost:2026/v1/chat/completions "HTTP/1.1 200 OK"
2026-05-01 11:19:54,910 [INFO] [416/3987] id=openseek-3-23627bcd6 GT=[526, 442] ✅ (1789ch, attempts=1, 9.5s)
2026-05-01 11:20:00,933 [INFO] HTTP Request: POST http://localhost:2026/v1/chat/completions "HTTP/1.1 200 OK"
2026-05-01 11:20:00,934 [INFO] [417/3987] id=openseek-3-1179f515f GT=[196, 238, 514, 48] ✅ (2214ch, attempts=1, 12.7s)
2026-05-01 11:20:05,431 [INFO] HTTP Request: POST http://localhost:2026/v1/chat/completions "HTTP/1.1 200 OK"
2026-05-01 11:20:05,432 [INFO] [418/3987] id=openseek-3-12ea6c28b GT=[36, 304, 304, 400, 490, 460, 10, 12, 46 ✅ (3953ch, attempts=1, 25.8s)
2026-05-01 11:20:09,849 [INFO] HTTP Request: POST http://localhost:2026/v1/chat/completions "HTTP/1.1 200 OK"
2026-05-01 11:20:09,850 [INFO] [419/3987] id=openseek-3-149511b8c GT=[69, 46, 1, 37, 49, 95, 214, 220] ✅ (2441ch, attempts=1, 14.9s)
2026-05-01 11:20:16,035 [INFO] HTTP Request: POST http://localhost:2026/v1/chat/completions "HTTP/1.1 200 OK"
2026-05-01 11:20:16,036 [INFO] [420/3987] id=openseek-3-4cb67b0e2 GT=[4, 70, 94, 22, 322, 214, 85] ✅ (1592ch, attempts=1, 10.6s)
2026-05-01 11:20:18,729 [INFO] HTTP Request: POST http://localhost:2026/v1/chat/completions "HTTP/1.1 200 OK"
2026-05-01 11:20:18,730 [INFO] [421/3987] id=openseek-3-79e6feaad GT=[34, 29, 98, 82, 190, 520, 298] ✅ (2885ch, attempts=1, 17.8s)
2026-05-01 11:20:22,843 [INFO] HTTP Request: POST http://localhost:2026/v1/chat/completions "HTTP/1.1 200 OK"
2026-05-01 11:20:22,844 [INFO] [422/3987] id=openseek-3-70d62972d GT=[304, 73, 65, 118, 256, 424] ✅ (1865ch, attempts=1, 13.0s)
2026-05-01 11:20:27,159 [INFO] HTTP Request: POST http://localhost:2026/v1/chat/completions "HTTP/1.1 200 OK"
2026-05-01 11:20:27,160 [INFO] [423/3987] id=openseek-3-35149cdb2 GT=[76, 52, 79, 32] ✅ (2129ch, attempts=1, 11.1s)
2026-05-01 11:20:34,041 [INFO] HTTP Request: POST http://localhost:2026/v1/chat/completions "HTTP/1.1 200 OK"
2026-05-01 11:20:34,042 [INFO] [424/3987] id=openseek-3-97311a28b GT=[214, 37, 238, 76, 358] ✅ (1861ch, attempts=1, 11.2s)
2026-05-01 11:20:34,357 [INFO] HTTP Request: POST http://localhost:2026/v1/chat/completions "HTTP/1.1 200 OK"
2026-05-01 11:20:34,358 [INFO] [425/3987] id=openseek-3-327e439e6 GT=[80, 58, 202, 88, 28, 4, 238, 298] ✅ (2429ch, attempts=1, 15.6s)
2026-05-01 11:20:35,727 [INFO] HTTP Request: POST http://localhost:2026/v1/chat/completions "HTTP/1.1 200 OK"
2026-05-01 11:20:35,728 [INFO] [426/3987] id=openseek-3-71d4627a9 GT=[34, 69, 75] ✅ (1633ch, attempts=1, 8.6s)
2026-05-01 11:20:44,205 [INFO] HTTP Request: POST http://localhost:2026/v1/chat/completions "HTTP/1.1 200 OK"
2026-05-01 11:20:44,206 [INFO] [427/3987] id=openseek-3-4d9bfbe73 GT=[95, 568] ✅ (1789ch, attempts=1, 8.5s)
2026-05-01 11:20:44,994 [INFO] HTTP Request: POST http://localhost:2026/v1/chat/completions "HTTP/1.1 200 OK"
2026-05-01 11:20:44,995 [INFO] [428/3987] id=openseek-3-fc3c3ca8e GT=[100, 33, 69, 550] ✅ (2010ch, attempts=1, 11.0s)
2026-05-01 11:20:45,927 [INFO] HTTP Request: POST http://localhost:2026/v1/chat/completions "HTTP/1.1 200 OK"
2026-05-01 11:20:45,928 [INFO] [429/3987] id=openseek-3-715616593 GT=[172, 49, 63] ✅ (2246ch, attempts=1, 11.6s)
2026-05-01 11:20:51,816 [INFO] HTTP Request: POST http://localhost:2026/v1/chat/completions "HTTP/1.1 200 OK"
2026-05-01 11:20:51,817 [INFO] [430/3987] id=openseek-3-258e18165 GT=[25, 226, 88] ✅ (1424ch, attempts=1, 7.6s)
2026-05-01 11:20:56,135 [INFO] HTTP Request: POST http://localhost:2026/v1/chat/completions "HTTP/1.1 200 OK"
2026-05-01 11:20:56,136 [INFO] [431/3987] id=openseek-3-6d5b55d5a GT=[69, 106, 81, 47, 538, 520] ✅ (1781ch, attempts=1, 11.1s)
2026-05-01 11:21:03,182 [INFO] HTTP Request: POST http://localhost:2026/v1/chat/completions "HTTP/1.1 200 OK"
2026-05-01 11:21:03,183 [INFO] [432/3987] id=openseek-3-a113210d8 GT=[33, 382] ✅ (1432ch, attempts=1, 7.0s)
2026-05-01 11:21:04,771 [INFO] HTTP Request: POST http://localhost:2026/v1/chat/completions "HTTP/1.1 200 OK"
2026-05-01 11:21:04,773 [INFO] [433/3987] id=openseek-3-d69d46e9d GT=[574, 27, 148, 56, 95, 11] ✅ (2187ch, attempts=1, 13.0s)
2026-05-01 11:21:04,965 [INFO] HTTP Request: POST http://localhost:2026/v1/chat/completions "HTTP/1.1 200 OK"
2026-05-01 11:21:04,966 [INFO] [434/3987] id=openseek-3-d44cbe4c3 GT=[184, 18, 154, 9, 4, 526, 99] ✅ (3425ch, attempts=1, 19.0s)
2026-05-01 11:21:12,954 [INFO] HTTP Request: POST http://localhost:2026/v1/chat/completions "HTTP/1.1 200 OK"
2026-05-01 11:21:12,955 [INFO] [435/3987] id=openseek-3-0f9a87a51 GT=[286, 73] ✅ (1677ch, attempts=1, 8.0s)
2026-05-01 11:21:15,077 [INFO] HTTP Request: POST http://localhost:2026/v1/chat/completions "HTTP/1.1 200 OK"
2026-05-01 11:21:15,079 [INFO] [436/3987] id=openseek-3-34f17c538 GT=[28, 86, 34, 406, 65] ✅ (2017ch, attempts=1, 11.9s)
2026-05-01 11:21:23,662 [INFO] HTTP Request: POST http://localhost:2026/v1/chat/completions "HTTP/1.1 200 OK"
2026-05-01 11:21:23,663 [INFO] [437/3987] id=openseek-3-29acc3141 GT=[77, 36, 544, 304, 136, 406, 67, 100] ✅ (2972ch, attempts=1, 18.9s)
2026-05-01 11:21:24,829 [INFO] HTTP Request: POST http://localhost:2026/v1/chat/completions "HTTP/1.1 200 OK"
2026-05-01 11:21:24,830 [INFO] [438/3987] id=openseek-3-d0e6b1466 GT=[78, 274, 55, 16] ✅ (2030ch, attempts=1, 11.9s)
2026-05-01 11:21:30,979 [INFO] HTTP Request: POST http://localhost:2026/v1/chat/completions "HTTP/1.1 200 OK"
2026-05-01 11:21:30,980 [INFO] [439/3987] id=openseek-3-91812a1b8 GT=[394, 10, 274, 3, 82, 18, 334] ✅ (2468ch, attempts=1, 15.9s)
2026-05-01 11:21:31,123 [INFO] HTTP Request: POST http://localhost:2026/v1/chat/completions "HTTP/1.1 200 OK"
2026-05-01 11:21:31,124 [INFO] [440/3987] id=openseek-3-a013cc3a4 GT=[18, 124, 5, 11] ✅ (1336ch, attempts=1, 7.5s)
2026-05-01 11:21:39,042 [INFO] HTTP Request: POST http://localhost:2026/v1/chat/completions "HTTP/1.1 200 OK"
2026-05-01 11:21:39,043 [INFO] [441/3987] id=openseek-3-3f30f6917 GT=[250, 59, 172, 27, 58, 172, 46] ✅ (2298ch, attempts=1, 14.2s)
2026-05-01 11:21:40,485 [INFO] HTTP Request: POST http://localhost:2026/v1/chat/completions "HTTP/1.1 200 OK"
2026-05-01 11:21:40,486 [INFO] [442/3987] id=openseek-3-3d371bd47 GT=[89, 10] ✅ (2099ch, attempts=1, 9.4s)
2026-05-01 11:21:48,801 [INFO] HTTP Request: POST http://localhost:2026/v1/chat/completions "HTTP/1.1 200 OK"
2026-05-01 11:21:48,802 [INFO] [443/3987] id=openseek-3-2344e4dc6 GT=[62, 84, 364, 46, 64, 67, 208, 35, 412] ✅ (2728ch, attempts=1, 17.8s)
2026-05-01 11:21:49,336 [INFO] HTTP Request: POST http://localhost:2026/v1/chat/completions "HTTP/1.1 200 OK"
2026-05-01 11:21:49,337 [INFO] [444/3987] id=openseek-3-d95bc5cb6 GT=[526, 83, 88] ✅ (1998ch, attempts=1, 10.3s)
2026-05-01 11:21:57,070 [INFO] HTTP Request: POST http://localhost:2026/v1/chat/completions "HTTP/1.1 200 OK"
2026-05-01 11:21:57,071 [INFO] [445/3987] id=openseek-3-417dc1ce4 GT=[32, 33, 76, 556, 76, 40, 93, 60] ✅ (2676ch, attempts=1, 16.6s)
2026-05-01 11:22:00,110 [INFO] HTTP Request: POST http://localhost:2026/v1/chat/completions "HTTP/1.1 200 OK"
2026-05-01 11:22:00,111 [INFO] [446/3987] id=openseek-3-7aacefa34 GT=[94, 13, 202, 280] ✅ (2070ch, attempts=1, 11.3s)
2026-05-01 11:22:00,601 [INFO] HTTP Request: POST http://localhost:2026/v1/chat/completions "HTTP/1.1 200 OK"
2026-05-01 11:22:00,602 [INFO] [447/3987] id=openseek-3-20882a11f GT=[37, 214, 59, 214] ✅ (2066ch, attempts=1, 11.3s)
2026-05-01 11:22:09,134 [INFO] HTTP Request: POST http://localhost:2026/v1/chat/completions "HTTP/1.1 200 OK"
2026-05-01 11:22:09,136 [INFO] [448/3987] id=openseek-3-027d05b62 GT=[118, 598, 562, 48] ✅ (2007ch, attempts=1, 12.1s)
2026-05-01 11:22:10,161 [INFO] HTTP Request: POST http://localhost:2026/v1/chat/completions "HTTP/1.1 200 OK"
2026-05-01 11:22:10,162 [INFO] [449/3987] id=openseek-3-c4399b2bb GT=[220, 82] ✅ (2029ch, attempts=1, 10.1s)
2026-05-01 11:22:10,304 [INFO] HTTP Request: POST http://localhost:2026/v1/chat/completions "HTTP/1.1 200 OK"
2026-05-01 11:22:10,305 [INFO] [450/3987] id=openseek-3-aee68ad87 GT=[55, 59, 316, 91, 37] ✅ (1564ch, attempts=1, 9.7s)
2026-05-01 11:22:10,331 [INFO]   💾 已保存 (成功=450 验证通过=450 降级=0) | 4.7s/条均值 | ETA=276min
2026-05-01 11:22:21,860 [INFO] HTTP Request: POST http://localhost:2026/v1/chat/completions "HTTP/1.1 200 OK"
2026-05-01 11:22:21,861 [INFO] [451/3987] id=openseek-3-0b58c3344 GT=[508, 88, 37, 346] ✅ (2158ch, attempts=1, 11.6s)
2026-05-01 11:22:25,815 [INFO] HTTP Request: POST http://localhost:2026/v1/chat/completions "HTTP/1.1 200 OK"
2026-05-01 11:22:25,816 [INFO] [452/3987] id=openseek-3-e27a76801 GT=[472, 81, 3, 598, 13, 478, 142] ✅ (2566ch, attempts=1, 15.7s)
2026-05-01 11:22:27,661 [INFO] HTTP Request: POST http://localhost:2026/v1/chat/completions "HTTP/1.1 200 OK"
2026-05-01 11:22:27,662 [INFO] [453/3987] id=openseek-3-d1c45b705 GT=[310, 31, 70, 25, 358, 56, 95, 280] ✅ (2890ch, attempts=1, 18.5s)
2026-05-01 11:22:36,465 [INFO] HTTP Request: POST http://localhost:2026/v1/chat/completions "HTTP/1.1 200 OK"
2026-05-01 11:22:36,466 [INFO] [454/3987] id=openseek-3-c42456e0e GT=[9, 33, 106, 280, 250] ✅ (1703ch, attempts=1, 10.7s)
2026-05-01 11:22:39,609 [INFO] HTTP Request: POST http://localhost:2026/v1/chat/completions "HTTP/1.1 200 OK"
2026-05-01 11:22:39,610 [INFO] [455/3987] id=openseek-3-c4e84eefc GT=[70, 298, 30, 80, 310] ✅ (1947ch, attempts=1, 11.9s)
2026-05-01 11:22:41,683 [INFO] HTTP Request: POST http://localhost:2026/v1/chat/completions "HTTP/1.1 200 OK"
2026-05-01 11:22:41,684 [INFO] [456/3987] id=openseek-3-608ff4fe2 GT=[556, 65, 562, 340, 71, 52, 94, 592] ✅ (3367ch, attempts=1, 19.8s)
2026-05-01 11:22:49,457 [INFO] HTTP Request: POST http://localhost:2026/v1/chat/completions "HTTP/1.1 200 OK"
2026-05-01 11:22:49,458 [INFO] [457/3987] id=openseek-3-3414a0345 GT=[394, 76, 87, 286, 31, 520] ✅ (1992ch, attempts=1, 13.0s)
2026-05-01 11:22:57,145 [INFO] HTTP Request: POST http://localhost:2026/v1/chat/completions "HTTP/1.1 200 OK"
2026-05-01 11:22:57,147 [INFO] [458/3987] id=openseek-3-461608952 GT=[63, 376, 46, 53, 226, 586, 42] ✅ (2514ch, attempts=1, 15.5s)
2026-05-01 11:22:59,568 [INFO] HTTP Request: POST http://localhost:2026/v1/chat/completions "HTTP/1.1 200 OK"
2026-05-01 11:22:59,569 [INFO] [459/3987] id=openseek-3-affe9eaf4 GT=[29, 52, 382, 41, 502, 406, 538, 592, 47 ✅ (2952ch, attempts=1, 20.0s)
2026-05-01 11:23:10,108 [INFO] HTTP Request: POST http://localhost:2026/v1/chat/completions "HTTP/1.1 200 OK"
2026-05-01 11:23:10,109 [INFO] [460/3987] id=openseek-3-42736842e GT=[370, 58, 33, 64] ✅ (1916ch, attempts=1, 10.5s)
2026-05-01 11:23:14,136 [INFO] HTTP Request: POST http://localhost:2026/v1/chat/completions "HTTP/1.1 200 OK"
2026-05-01 11:23:14,137 [INFO] [461/3987] id=openseek-3-e598b165b GT=[496, 34, 316, 46, 29, 23, 88, 304, 406] ✅ (3823ch, attempts=1, 24.7s)
2026-05-01 11:23:17,614 [INFO] HTTP Request: POST http://localhost:2026/v1/chat/completions "HTTP/1.1 200 OK"
2026-05-01 11:23:17,615 [INFO] [462/3987] id=openseek-3-70891e06f GT=[37, 490, 88, 286, 226, 94, 33, 88, 34] ✅ (3205ch, attempts=1, 20.5s)
2026-05-01 11:23:27,287 [INFO] HTTP Request: POST http://localhost:2026/v1/chat/completions "HTTP/1.1 200 OK"
2026-05-01 11:23:27,288 [INFO] [463/3987] id=openseek-3-f5da07c17 GT=[202, 52, 75, 7] ✅ (1759ch, attempts=1, 9.7s)
2026-05-01 11:23:29,429 [INFO] HTTP Request: POST http://localhost:2026/v1/chat/completions "HTTP/1.1 200 OK"
2026-05-01 11:23:29,431 [INFO] [464/3987] id=openseek-3-0c4e18d98 GT=[66, 76, 190, 87, 46, 83, 88, 280, 250] ✅ (2853ch, attempts=1, 19.3s)
2026-05-01 11:23:32,987 [INFO] HTTP Request: POST http://localhost:2026/v1/chat/completions "HTTP/1.1 200 OK"
2026-05-01 11:23:32,989 [INFO] [465/3987] id=openseek-3-81eb5cbbb GT=[33, 60, 424, 46, 37, 51, 55, 388, 55] ✅ (2972ch, attempts=1, 18.9s)
2026-05-01 11:23:37,716 [INFO] HTTP Request: POST http://localhost:2026/v1/chat/completions "HTTP/1.1 200 OK"
2026-05-01 11:23:37,717 [INFO] [466/3987] id=openseek-3-7f050dd42 GT=[90, 556, 238] ✅ (1977ch, attempts=1, 10.4s)
2026-05-01 11:23:45,007 [INFO] HTTP Request: POST http://localhost:2026/v1/chat/completions "HTTP/1.1 200 OK"
2026-05-01 11:23:45,008 [INFO] [467/3987] id=openseek-3-6a11b7f88 GT=[226, 328, 52, 63, 340] ✅ (1995ch, attempts=1, 12.0s)
2026-05-01 11:24:00,146 [INFO] HTTP Request: POST http://localhost:2026/v1/chat/completions "HTTP/1.1 200 OK"
2026-05-01 11:24:00,147 [WARNING]   [attempt 1/3] pred=[148, 179, 35, 92, 102, 190, 11] vs GT=[74, 538, 106, 46, 51, 95, 34] (think_len=5671)
2026-05-01 11:24:00,569 [INFO] HTTP Request: POST http://localhost:2026/v1/chat/completions "HTTP/1.1 200 OK"
2026-05-01 11:24:00,570 [INFO] [468/3987] id=openseek-3-8201b28e6 GT=[124, 66, 45, 292, 36, 98, 532, 47, 86] ✅ (3637ch, attempts=1, 22.9s)
2026-05-01 11:24:03,601 [INFO] HTTP Request: POST http://localhost:2026/v1/chat/completions "HTTP/1.1 200 OK"
2026-05-01 11:24:03,602 [INFO] [469/3987] id=openseek-3-8eaf9ab05 GT=[364, 45, 166, 92, 526, 18, 39, 580] ✅ (2881ch, attempts=1, 18.6s)
2026-05-01 11:24:17,137 [INFO] HTTP Request: POST http://localhost:2026/v1/chat/completions "HTTP/1.1 200 OK"
2026-05-01 11:24:17,139 [INFO] [470/3987] id=openseek-3-b3596d34d GT=[74, 538, 106, 46, 51, 95, 34] ✅ (2804ch, attempts=2, 47.7s)
2026-05-01 11:24:18,279 [INFO] HTTP Request: POST http://localhost:2026/v1/chat/completions "HTTP/1.1 200 OK"
2026-05-01 11:24:18,280 [INFO] [471/3987] id=openseek-3-9ee46cb63 GT=[430, 340, 54, 52] ✅ (2477ch, attempts=1, 14.7s)
2026-05-01 11:24:23,277 [INFO] HTTP Request: POST http://localhost:2026/v1/chat/completions "HTTP/1.1 200 OK"
2026-05-01 11:24:23,278 [INFO] [472/3987] id=openseek-3-9bc0d6183 GT=[148, 63, 48, 472, 10, 72, 79, 58, 26] ✅ (3595ch, attempts=1, 22.7s)
2026-05-01 11:24:27,182 [INFO] HTTP Request: POST http://localhost:2026/v1/chat/completions "HTTP/1.1 200 OK"
2026-05-01 11:24:27,183 [INFO] [473/3987] id=openseek-3-46aedc2e8 GT=[250, 334] ✅ (1680ch, attempts=1, 8.9s)
2026-05-01 11:24:33,419 [INFO] HTTP Request: POST http://localhost:2026/v1/chat/completions "HTTP/1.1 200 OK"
2026-05-01 11:24:33,421 [INFO] [474/3987] id=openseek-3-dc4bdecaa GT=[388, 568, 25, 74, 298, 84, 172, 118] ✅ (2575ch, attempts=1, 16.3s)
2026-05-01 11:24:38,189 [INFO] HTTP Request: POST http://localhost:2026/v1/chat/completions "HTTP/1.1 200 OK"
2026-05-01 11:24:38,190 [INFO] [475/3987] id=openseek-3-6100f0d97 GT=[2, 32, 304, 71, 57, 406] ✅ (2360ch, attempts=1, 14.9s)
2026-05-01 11:24:43,130 [INFO] HTTP Request: POST http://localhost:2026/v1/chat/completions "HTTP/1.1 200 OK"
2026-05-01 11:24:43,132 [INFO] [476/3987] id=openseek-3-b79e76df0 GT=[286, 58, 46, 53, 69] ✅ (1571ch, attempts=1, 9.7s)
2026-05-01 11:24:46,774 [INFO] HTTP Request: POST http://localhost:2026/v1/chat/completions "HTTP/1.1 200 OK"
2026-05-01 11:24:46,776 [INFO] [477/3987] id=openseek-3-ae9d40372 GT=[544, 208] ✅ (1654ch, attempts=1, 8.6s)
2026-05-01 11:24:48,025 [INFO] HTTP Request: POST http://localhost:2026/v1/chat/completions "HTTP/1.1 200 OK"
2026-05-01 11:24:48,026 [INFO] [478/3987] id=openseek-3-68874e9fb GT=[454, 340, 490, 5, 316, 27, 24, 334] ✅ (3098ch, attempts=1, 20.8s)
2026-05-01 11:24:51,074 [INFO] HTTP Request: POST http://localhost:2026/v1/chat/completions "HTTP/1.1 200 OK"
2026-05-01 11:24:51,076 [INFO] [479/3987] id=openseek-3-f1045a628 GT=[46, 208] ✅ (1601ch, attempts=1, 7.9s)
2026-05-01 11:25:01,803 [INFO] HTTP Request: POST http://localhost:2026/v1/chat/completions "HTTP/1.1 200 OK"
2026-05-01 11:25:01,804 [INFO] [480/3987] id=openseek-3-9a5865e2c GT=[99, 418, 39, 4, 10, 75, 52] ✅ (2533ch, attempts=1, 15.0s)
2026-05-01 11:25:06,569 [INFO] HTTP Request: POST http://localhost:2026/v1/chat/completions "HTTP/1.1 200 OK"
2026-05-01 11:25:06,571 [INFO] [481/3987] id=openseek-3-580aa0c03 GT=[64, 424, 100, 75, 52] ✅ (2705ch, attempts=1, 15.5s)
2026-05-01 11:25:08,670 [INFO] HTTP Request: POST http://localhost:2026/v1/chat/completions "HTTP/1.1 200 OK"
2026-05-01 11:25:08,671 [INFO] [482/3987] id=openseek-3-3d36e94cc GT=[214, 89, 22, 2, 232, 568, 304, 130] ✅ (3807ch, attempts=1, 20.6s)
2026-05-01 11:25:13,259 [INFO] HTTP Request: POST http://localhost:2026/v1/chat/completions "HTTP/1.1 200 OK"
2026-05-01 11:25:13,260 [INFO] [483/3987] id=openseek-3-73bfdd170 GT=[340, 50] ✅ (1290ch, attempts=1, 6.7s)
2026-05-01 11:25:22,294 [INFO] HTTP Request: POST http://localhost:2026/v1/chat/completions "HTTP/1.1 200 OK"
2026-05-01 11:25:22,295 [INFO] [484/3987] id=openseek-3-0155cf59c GT=[364, 94, 70, 31, 532, 73] ✅ (2162ch, attempts=1, 13.6s)
2026-05-01 11:25:22,731 [INFO] HTTP Request: POST http://localhost:2026/v1/chat/completions "HTTP/1.1 200 OK"
2026-05-01 11:25:22,732 [INFO] [485/3987] id=openseek-3-7e3feee6b GT=[136, 226, 346, 11, 3, 106, 43, 52] ✅ (3261ch, attempts=1, 20.9s)
2026-05-01 11:25:29,671 [INFO] HTTP Request: POST http://localhost:2026/v1/chat/completions "HTTP/1.1 200 OK"
2026-05-01 11:25:29,673 [INFO] [486/3987] id=openseek-3-5283836be GT=[586, 148, 100, 44, 556, 82, 98, 62] ✅ (2545ch, attempts=1, 16.4s)
2026-05-01 11:25:35,802 [INFO] HTTP Request: POST http://localhost:2026/v1/chat/completions "HTTP/1.1 200 OK"
2026-05-01 11:25:35,803 [INFO] [487/3987] id=openseek-3-edb3d332f GT=[184, 268, 568, 292] ✅ (2272ch, attempts=1, 13.5s)
2026-05-01 11:25:39,103 [INFO] HTTP Request: POST http://localhost:2026/v1/chat/completions "HTTP/1.1 200 OK"
2026-05-01 11:25:39,104 [INFO] [488/3987] id=openseek-3-8a1d2eac2 GT=[40, 43, 406, 28, 136, 47, 16] ✅ (2712ch, attempts=1, 16.4s)
2026-05-01 11:25:39,160 [INFO] HTTP Request: POST http://localhost:2026/v1/chat/completions "HTTP/1.1 200 OK"
2026-05-01 11:25:39,162 [INFO] [489/3987] id=openseek-3-caef310aa GT=[460, 47] ✅ (1762ch, attempts=1, 9.5s)
2026-05-01 11:25:47,049 [INFO] HTTP Request: POST http://localhost:2026/v1/chat/completions "HTTP/1.1 200 OK"
2026-05-01 11:25:47,050 [INFO] [490/3987] id=openseek-3-9dfa16c93 GT=[472, 72, 394, 78] ✅ (1843ch, attempts=1, 11.2s)
2026-05-01 11:25:57,176 [INFO] HTTP Request: POST http://localhost:2026/v1/chat/completions "HTTP/1.1 200 OK"
2026-05-01 11:25:57,177 [INFO] [491/3987] id=openseek-3-9faf33a62 GT=[454, 562, 232, 38, 208, 568, 556] ✅ (2715ch, attempts=1, 18.1s)
2026-05-01 11:26:00,224 [INFO] HTTP Request: POST http://localhost:2026/v1/chat/completions "HTTP/1.1 200 OK"
2026-05-01 11:26:00,225 [INFO] [492/3987] id=openseek-3-a8ef2d00b GT=[244, 96, 160, 59, 328, 43, 76, 130] ✅ (3468ch, attempts=1, 21.1s)
2026-05-01 11:26:06,860 [INFO] HTTP Request: POST http://localhost:2026/v1/chat/completions "HTTP/1.1 200 OK"
2026-05-01 11:26:06,861 [INFO] [493/3987] id=openseek-3-e1136481e GT=[514, 44, 24, 31, 262, 550, 130, 69, 454 ✅ (3062ch, attempts=1, 19.8s)
2026-05-01 11:26:13,062 [INFO] HTTP Request: POST http://localhost:2026/v1/chat/completions "HTTP/1.1 200 OK"
2026-05-01 11:26:13,063 [INFO] [494/3987] id=openseek-3-ca69238d4 GT=[88, 316, 190, 298, 64, 25] ✅ (2435ch, attempts=1, 15.9s)
2026-05-01 11:26:21,525 [INFO] HTTP Request: POST http://localhost:2026/v1/chat/completions "HTTP/1.1 200 OK"
2026-05-01 11:26:21,526 [INFO] [495/3987] id=openseek-3-6207f85a7 GT=[316, 4, 87, 520, 502, 142, 70, 100, 340 ✅ (3354ch, attempts=1, 21.3s)
2026-05-01 11:26:22,488 [INFO] HTTP Request: POST http://localhost:2026/v1/chat/completions "HTTP/1.1 200 OK"
2026-05-01 11:26:22,489 [INFO] [496/3987] id=openseek-3-37e309aec GT=[130, 55, 97, 232, 514, 298, 472] ✅ (2539ch, attempts=1, 15.6s)
2026-05-01 11:26:24,052 [INFO] HTTP Request: POST http://localhost:2026/v1/chat/completions "HTTP/1.1 200 OK"
2026-05-01 11:26:24,054 [INFO] [497/3987] id=openseek-3-945eac31b GT=[67, 23, 28, 598] ✅ (2085ch, attempts=1, 11.0s)
2026-05-01 11:26:33,436 [INFO] HTTP Request: POST http://localhost:2026/v1/chat/completions "HTTP/1.1 200 OK"
2026-05-01 11:26:33,437 [INFO] [498/3987] id=openseek-3-d2ff57714 GT=[13, 250, 280, 184, 10] ✅ (1716ch, attempts=1, 10.9s)
2026-05-01 11:26:39,174 [INFO] HTTP Request: POST http://localhost:2026/v1/chat/completions "HTTP/1.1 200 OK"
2026-05-01 11:26:39,175 [INFO] [499/3987] id=openseek-3-73c2b0160 GT=[418, 196, 226, 358, 394, 64, 49, 51] ✅ (2594ch, attempts=1, 17.6s)
2026-05-01 11:26:40,669 [INFO] HTTP Request: POST http://localhost:2026/v1/chat/completions "HTTP/1.1 200 OK"
2026-05-01 11:26:40,670 [INFO] [500/3987] id=openseek-3-59f609564 GT=[76, 544, 13, 598] ✅ (3009ch, attempts=1, 16.6s)
2026-05-01 11:26:40,701 [INFO]   💾 已保存 (成功=500 验证通过=500 降级=0) | 4.8s/条均值 | ETA=276min
2026-05-01 11:26:41,171 [INFO] HTTP Request: POST http://localhost:2026/v1/chat/completions "HTTP/1.1 200 OK"
2026-05-01 11:26:41,173 [INFO] [501/3987] id=openseek-3-ea8e9ad71 GT=[388, 99] ✅ (1564ch, attempts=1, 7.7s)
2026-05-01 11:26:54,087 [INFO] HTTP Request: POST http://localhost:2026/v1/chat/completions "HTTP/1.1 200 OK"
2026-05-01 11:26:54,089 [INFO] [502/3987] id=openseek-3-7ffcc6be6 GT=[10, 20, 190, 71, 42, 376] ✅ (2017ch, attempts=1, 12.9s)
2026-05-01 11:26:56,463 [INFO] HTTP Request: POST http://localhost:2026/v1/chat/completions "HTTP/1.1 200 OK"
2026-05-01 11:26:56,464 [INFO] [503/3987] id=openseek-3-e41a991d3 GT=[334, 148, 382, 55] ✅ (3345ch, attempts=1, 17.3s)
2026-05-01 11:26:57,656 [INFO] HTTP Request: POST http://localhost:2026/v1/chat/completions "HTTP/1.1 200 OK"
2026-05-01 11:26:57,791 [INFO] [504/3987] id=openseek-3-3cb4bcd99 GT=[52, 28, 16, 41, 52, 154, 77, 13, 63] ✅ (2560ch, attempts=1, 17.1s)
2026-05-01 11:27:07,077 [INFO] HTTP Request: POST http://localhost:2026/v1/chat/completions "HTTP/1.1 200 OK"
2026-05-01 11:27:07,078 [INFO] [505/3987] id=openseek-3-4f210df7d GT=[280, 93] ✅ (1882ch, attempts=1, 9.3s)
2026-05-01 11:27:07,094 [INFO] HTTP Request: POST http://localhost:2026/v1/chat/completions "HTTP/1.1 200 OK"
2026-05-01 11:27:07,096 [INFO] [506/3987] id=openseek-3-3d8bf3375 GT=[79, 196, 98] ✅ (2187ch, attempts=1, 10.6s)
2026-05-01 11:27:14,452 [INFO] HTTP Request: POST http://localhost:2026/v1/chat/completions "HTTP/1.1 200 OK"
2026-05-01 11:27:14,453 [INFO] [507/3987] id=openseek-3-01ca1d2c4 GT=[352, 520, 84, 28, 154, 334, 514, 520, 8 ✅ (3406ch, attempts=1, 20.4s)
2026-05-01 11:27:14,873 [INFO] HTTP Request: POST http://localhost:2026/v1/chat/completions "HTTP/1.1 200 OK"
2026-05-01 11:27:14,874 [INFO] [508/3987] id=openseek-3-8f7cc7a28 GT=[268, 69] ✅ (1540ch, attempts=1, 7.8s)
2026-05-01 11:27:21,448 [INFO] HTTP Request: POST http://localhost:2026/v1/chat/completions "HTTP/1.1 200 OK"
2026-05-01 11:27:21,449 [INFO] [509/3987] id=openseek-3-644a34b72 GT=[544, 89, 436, 99, 412, 31, 16, 478] ✅ (2344ch, attempts=1, 14.4s)
2026-05-01 11:27:25,874 [INFO] HTTP Request: POST http://localhost:2026/v1/chat/completions "HTTP/1.1 200 OK"
2026-05-01 11:27:25,875 [INFO] [510/3987] id=openseek-3-9a6545fe0 GT=[44, 118, 286] ✅ (2275ch, attempts=1, 11.4s)
2026-05-01 11:27:27,783 [INFO] HTTP Request: POST http://localhost:2026/v1/chat/completions "HTTP/1.1 200 OK"
2026-05-01 11:27:27,784 [INFO] [511/3987] id=openseek-3-e6b677dfc GT=[226, 3, 28, 71] ✅ (2418ch, attempts=1, 12.9s)
2026-05-01 11:27:29,137 [INFO] HTTP Request: POST http://localhost:2026/v1/chat/completions "HTTP/1.1 200 OK"
2026-05-01 11:27:29,138 [INFO] [512/3987] id=openseek-3-a399ac5c0 GT=[418, 69] ✅ (1576ch, attempts=1, 7.7s)
2026-05-01 11:27:38,326 [INFO] HTTP Request: POST http://localhost:2026/v1/chat/completions "HTTP/1.1 200 OK"
2026-05-01 11:27:38,327 [INFO] [513/3987] id=openseek-3-fceda8869 GT=[86, 340] ✅ (1919ch, attempts=1, 9.2s)
2026-05-01 11:27:41,654 [INFO] HTTP Request: POST http://localhost:2026/v1/chat/completions "HTTP/1.1 200 OK"
2026-05-01 11:27:41,655 [INFO] [514/3987] id=openseek-3-f67ce8fa1 GT=[39, 40, 35, 25, 16, 91, 460, 33] ✅ (2608ch, attempts=1, 15.8s)
2026-05-01 11:27:44,971 [INFO] HTTP Request: POST http://localhost:2026/v1/chat/completions "HTTP/1.1 200 OK"
2026-05-01 11:27:44,972 [INFO] [515/3987] id=openseek-3-d2761e963 GT=[64, 574, 72, 556, 90, 77, 250] ✅ (2706ch, attempts=1, 17.2s)
2026-05-01 11:27:46,687 [INFO] HTTP Request: POST http://localhost:2026/v1/chat/completions "HTTP/1.1 200 OK"
2026-05-01 11:27:46,688 [INFO] [516/3987] id=openseek-3-97e0d37b0 GT=[70, 586, 2] ✅ (1517ch, attempts=1, 8.4s)
2026-05-01 11:27:55,445 [INFO] HTTP Request: POST http://localhost:2026/v1/chat/completions "HTTP/1.1 200 OK"
2026-05-01 11:27:55,447 [INFO] [517/3987] id=openseek-3-d36c859bc GT=[5, 280, 256, 9, 514] ✅ (2367ch, attempts=1, 13.8s)
2026-05-01 11:27:56,798 [INFO] HTTP Request: POST http://localhost:2026/v1/chat/completions "HTTP/1.1 200 OK"
2026-05-01 11:27:56,800 [INFO] [518/3987] id=openseek-3-6ac0b82da GT=[43, 562, 16, 12] ✅ (2187ch, attempts=1, 11.8s)
2026-05-01 11:27:58,921 [INFO] HTTP Request: POST http://localhost:2026/v1/chat/completions "HTTP/1.1 200 OK"
2026-05-01 11:27:58,922 [INFO] [519/3987] id=openseek-3-6321ad0b6 GT=[10, 65, 57, 334] ✅ (2389ch, attempts=1, 12.2s)
2026-05-01 11:28:04,566 [INFO] HTTP Request: POST http://localhost:2026/v1/chat/completions "HTTP/1.1 200 OK"
2026-05-01 11:28:04,568 [INFO] [520/3987] id=openseek-3-041b41a9e GT=[352, 220, 27] ✅ (1679ch, attempts=1, 9.1s)
2026-05-01 11:28:15,967 [INFO] HTTP Request: POST http://localhost:2026/v1/chat/completions "HTTP/1.1 200 OK"
2026-05-01 11:28:15,968 [INFO] [521/3987] id=openseek-3-0c965b8bf GT=[87, 42, 592, 412, 4, 73, 424, 574] ✅ (3059ch, attempts=1, 19.2s)
2026-05-01 11:28:17,315 [INFO] HTTP Request: POST http://localhost:2026/v1/chat/completions "HTTP/1.1 200 OK"
2026-05-01 11:28:17,316 [INFO] [522/3987] id=openseek-3-5bbc79bc3 GT=[232, 68, 340, 66, 118, 136] ✅ (1914ch, attempts=1, 12.7s)
2026-05-01 11:28:18,301 [INFO] HTTP Request: POST http://localhost:2026/v1/chat/completions "HTTP/1.1 200 OK"
2026-05-01 11:28:18,302 [INFO] [523/3987] id=openseek-3-1155ea38d GT=[1, 586, 394, 430, 490, 472, 38, 586] ✅ (2767ch, attempts=1, 19.4s)
2026-05-01 11:28:25,353 [INFO] HTTP Request: POST http://localhost:2026/v1/chat/completions "HTTP/1.1 200 OK"
2026-05-01 11:28:25,355 [INFO] [524/3987] id=openseek-3-38f679207 GT=[16, 62] ✅ (1996ch, attempts=1, 9.4s)
2026-05-01 11:28:26,876 [INFO] HTTP Request: POST http://localhost:2026/v1/chat/completions "HTTP/1.1 200 OK"
2026-05-01 11:28:26,877 [INFO] [525/3987] id=openseek-3-3f2de42a7 GT=[88, 142] ✅ (1940ch, attempts=1, 9.6s)
2026-05-01 11:28:35,540 [INFO] HTTP Request: POST http://localhost:2026/v1/chat/completions "HTTP/1.1 200 OK"
2026-05-01 11:28:35,542 [INFO] [526/3987] id=openseek-3-f5b0a2e95 GT=[51, 130] ✅ (1759ch, attempts=1, 8.7s)
2026-05-01 11:28:39,779 [INFO] HTTP Request: POST http://localhost:2026/v1/chat/completions "HTTP/1.1 200 OK"
2026-05-01 11:28:39,781 [INFO] [527/3987] id=openseek-3-a3d51d90c GT=[238, 226, 56, 16, 58, 4, 32, 592] ✅ (3517ch, attempts=1, 21.5s)
2026-05-01 11:28:41,807 [INFO] HTTP Request: POST http://localhost:2026/v1/chat/completions "HTTP/1.1 200 OK"
2026-05-01 11:28:41,809 [INFO] [528/3987] id=openseek-3-9e4a01ee8 GT=[22, 154, 60, 4, 2, 208, 61] ✅ (2800ch, attempts=1, 16.5s)
2026-05-01 11:28:51,835 [INFO] HTTP Request: POST http://localhost:2026/v1/chat/completions "HTTP/1.1 200 OK"
2026-05-01 11:28:51,836 [INFO] [529/3987] id=openseek-3-7c968c104 GT=[526, 202, 472, 364, 95, 79, 538] ✅ (2679ch, attempts=1, 16.3s)
2026-05-01 11:28:53,380 [INFO] HTTP Request: POST http://localhost:2026/v1/chat/completions "HTTP/1.1 200 OK"
2026-05-01 11:28:53,381 [INFO] [530/3987] id=openseek-3-484bf4481 GT=[60, 208, 172, 274] ✅ (1920ch, attempts=1, 11.6s)
2026-05-01 11:28:58,963 [INFO] HTTP Request: POST http://localhost:2026/v1/chat/completions "HTTP/1.1 200 OK"
2026-05-01 11:28:58,965 [INFO] [531/3987] id=openseek-3-d7abac854 GT=[60, 520] ✅ (1374ch, attempts=1, 7.1s)
2026-05-01 11:29:04,540 [INFO] HTTP Request: POST http://localhost:2026/v1/chat/completions "HTTP/1.1 200 OK"
2026-05-01 11:29:04,542 [INFO] [532/3987] id=openseek-3-e0254f252 GT=[346, 556, 418, 244, 81, 61, 568, 502] ✅ (3940ch, attempts=1, 24.8s)
2026-05-01 11:29:06,358 [INFO] HTTP Request: POST http://localhost:2026/v1/chat/completions "HTTP/1.1 200 OK"
2026-05-01 11:29:06,360 [INFO] [533/3987] id=openseek-3-bcdc6bc3e GT=[118, 556, 424, 61, 40] ✅ (2102ch, attempts=1, 13.0s)
2026-05-01 11:29:11,183 [INFO] HTTP Request: POST http://localhost:2026/v1/chat/completions "HTTP/1.1 200 OK"
2026-05-01 11:29:11,184 [INFO] [534/3987] id=openseek-3-d766a60ab GT=[316, 364, 340, 448] ✅ (2064ch, attempts=1, 12.2s)
2026-05-01 11:29:19,317 [INFO] HTTP Request: POST http://localhost:2026/v1/chat/completions "HTTP/1.1 200 OK"
2026-05-01 11:29:19,318 [INFO] [535/3987] id=openseek-3-540815373 GT=[92, 352] ✅ (1685ch, attempts=1, 8.1s)
2026-05-01 11:29:19,735 [INFO] HTTP Request: POST http://localhost:2026/v1/chat/completions "HTTP/1.1 200 OK"
2026-05-01 11:29:19,736 [INFO] [536/3987] id=openseek-3-9260810c6 GT=[27, 88, 22, 112, 94, 96, 46] ✅ (2430ch, attempts=1, 15.2s)
2026-05-01 11:29:23,081 [INFO] HTTP Request: POST http://localhost:2026/v1/chat/completions "HTTP/1.1 200 OK"
2026-05-01 11:29:23,083 [INFO] [537/3987] id=openseek-3-1db8a9d45 GT=[63, 238, 394, 53, 3, 574] ✅ (2686ch, attempts=1, 16.7s)
2026-05-01 11:29:33,671 [INFO] HTTP Request: POST http://localhost:2026/v1/chat/completions "HTTP/1.1 200 OK"
2026-05-01 11:29:33,672 [INFO] [538/3987] id=openseek-3-2b0ccfd39 GT=[334, 478, 23, 42] ✅ (1837ch, attempts=1, 10.6s)
2026-05-01 11:29:33,950 [INFO] HTTP Request: POST http://localhost:2026/v1/chat/completions "HTTP/1.1 200 OK"
2026-05-01 11:29:33,951 [INFO] [539/3987] id=openseek-3-6a587ac54 GT=[96, 250, 83, 16, 316] ✅ (2474ch, attempts=1, 14.2s)
2026-05-01 11:29:35,866 [INFO] HTTP Request: POST http://localhost:2026/v1/chat/completions "HTTP/1.1 200 OK"
2026-05-01 11:29:35,868 [INFO] [540/3987] id=openseek-3-fa3e1ebcb GT=[47, 448, 78, 63, 28, 496] ✅ (2852ch, attempts=1, 16.5s)
2026-05-01 11:29:44,689 [INFO] HTTP Request: POST http://localhost:2026/v1/chat/completions "HTTP/1.1 200 OK"
2026-05-01 11:29:44,690 [INFO] [541/3987] id=openseek-3-88386f105 GT=[6, 430] ✅ (2436ch, attempts=1, 10.7s)
2026-05-01 11:29:47,029 [INFO] HTTP Request: POST http://localhost:2026/v1/chat/completions "HTTP/1.1 200 OK"
2026-05-01 11:29:47,030 [INFO] [542/3987] id=openseek-3-cc2bb1352 GT=[85, 142, 484, 250, 382, 316, 280] ✅ (1873ch, attempts=1, 13.4s)
2026-05-01 11:29:53,799 [INFO] HTTP Request: POST http://localhost:2026/v1/chat/completions "HTTP/1.1 200 OK"
2026-05-01 11:29:53,800 [INFO] [543/3987] id=openseek-3-bb631d6ac GT=[232, 238, 448, 27, 46, 292, 65, 98, 85] ✅ (2834ch, attempts=1, 17.9s)
2026-05-01 11:29:53,924 [INFO] HTTP Request: POST http://localhost:2026/v1/chat/completions "HTTP/1.1 200 OK"
2026-05-01 11:29:53,925 [INFO] [544/3987] id=openseek-3-fc79857b3 GT=[79, 96, 256, 87] ✅ (1528ch, attempts=1, 9.2s)
2026-05-01 11:30:00,884 [INFO] HTTP Request: POST http://localhost:2026/v1/chat/completions "HTTP/1.1 200 OK"
2026-05-01 11:30:00,885 [INFO] [545/3987] id=openseek-3-1e5cb365b GT=[25, 322, 538, 50, 23, 89, 274] ✅ (1971ch, attempts=1, 13.9s)
2026-05-01 11:30:04,575 [INFO] HTTP Request: POST http://localhost:2026/v1/chat/completions "HTTP/1.1 200 OK"
2026-05-01 11:30:04,577 [INFO] [546/3987] id=openseek-3-d7565ce34 GT=[23, 98, 490] ✅ (2103ch, attempts=1, 10.8s)
2026-05-01 11:30:09,898 [INFO] HTTP Request: POST http://localhost:2026/v1/chat/completions "HTTP/1.1 200 OK"
2026-05-01 11:30:09,899 [INFO] [547/3987] id=openseek-3-56e5efa9c GT=[73, 436, 37, 77, 4, 33, 78, 72] ✅ (2496ch, attempts=1, 16.0s)
2026-05-01 11:30:16,864 [INFO] HTTP Request: POST http://localhost:2026/v1/chat/completions "HTTP/1.1 200 OK"
2026-05-01 11:30:16,865 [INFO] [548/3987] id=openseek-3-b5951c0f3 GT=[91, 40, 57, 82, 136, 91, 226] ✅ (2665ch, attempts=1, 16.0s)
2026-05-01 11:30:17,655 [INFO] HTTP Request: POST http://localhost:2026/v1/chat/completions "HTTP/1.1 200 OK"
2026-05-01 11:30:17,656 [INFO] [549/3987] id=openseek-3-cd956d893 GT=[52, 92] ✅ (1539ch, attempts=1, 7.8s)
2026-05-01 11:30:23,800 [INFO] HTTP Request: POST http://localhost:2026/v1/chat/completions "HTTP/1.1 200 OK"
2026-05-01 11:30:23,802 [INFO] [550/3987] id=openseek-3-2818cef43 GT=[31, 20, 244, 496, 442, 412, 430, 1, 29] ✅ (2939ch, attempts=1, 19.2s)
2026-05-01 11:30:23,832 [INFO]   💾 已保存 (成功=550 验证通过=550 降级=0) | 4.7s/条均值 | ETA=271min
2026-05-01 11:30:30,946 [INFO] HTTP Request: POST http://localhost:2026/v1/chat/completions "HTTP/1.1 200 OK"
2026-05-01 11:30:30,947 [INFO] [551/3987] id=openseek-3-5dd7e0563 GT=[47, 15, 130, 574, 89, 27] ✅ (2111ch, attempts=1, 13.3s)
2026-05-01 11:30:35,527 [INFO] HTTP Request: POST http://localhost:2026/v1/chat/completions "HTTP/1.1 200 OK"
2026-05-01 11:30:35,528 [INFO] [552/3987] id=openseek-3-08119c3f3 GT=[154, 6, 7, 322, 424, 484, 84] ✅ (2778ch, attempts=1, 18.7s)
2026-05-01 11:30:43,228 [INFO] HTTP Request: POST http://localhost:2026/v1/chat/completions "HTTP/1.1 200 OK"
2026-05-01 11:30:43,230 [INFO] [553/3987] id=openseek-3-5743f56ab GT=[160, 28, 388, 76, 24, 532, 460, 15] ✅ (2979ch, attempts=1, 19.4s)
2026-05-01 11:30:43,328 [INFO] HTTP Request: POST http://localhost:2026/v1/chat/completions "HTTP/1.1 200 OK"
2026-05-01 11:30:43,329 [INFO] [554/3987] id=openseek-3-13927eb3f GT=[22, 88, 90, 256] ✅ (2138ch, attempts=1, 12.4s)
2026-05-01 11:30:46,949 [INFO] HTTP Request: POST http://localhost:2026/v1/chat/completions "HTTP/1.1 200 OK"
2026-05-01 11:30:46,951 [INFO] [555/3987] id=openseek-3-a3f6c6141 GT=[292, 100, 190, 48, 160] ✅ (1825ch, attempts=1, 11.4s)
2026-05-01 11:30:56,247 [INFO] HTTP Request: POST http://localhost:2026/v1/chat/completions "HTTP/1.1 200 OK"
2026-05-01 11:30:56,249 [INFO] [556/3987] id=openseek-3-e670a0769 GT=[496, 46, 27, 56, 29] ✅ (1681ch, attempts=1, 9.3s)
2026-05-01 11:30:56,640 [INFO] HTTP Request: POST http://localhost:2026/v1/chat/completions "HTTP/1.1 200 OK"
2026-05-01 11:30:56,641 [INFO] [557/3987] id=openseek-3-ecc121eec GT=[84, 15, 406, 28, 2, 27, 36] ✅ (2173ch, attempts=1, 13.3s)
2026-05-01 11:31:01,684 [INFO] HTTP Request: POST http://localhost:2026/v1/chat/completions "HTTP/1.1 200 OK"
2026-05-01 11:31:01,685 [INFO] [558/3987] id=openseek-3-4c3fa03e4 GT=[94, 29, 76, 598, 84, 550, 40] ✅ (2974ch, attempts=1, 18.5s)
2026-05-01 11:31:04,391 [INFO] HTTP Request: POST http://localhost:2026/v1/chat/completions "HTTP/1.1 200 OK"
2026-05-01 11:31:04,393 [INFO] [559/3987] id=openseek-3-242a7de35 GT=[3, 30, 49, 89] ✅ (1508ch, attempts=1, 8.1s)
2026-05-01 11:31:13,658 [INFO] HTTP Request: POST http://localhost:2026/v1/chat/completions "HTTP/1.1 200 OK"
2026-05-01 11:31:13,659 [INFO] [560/3987] id=openseek-3-b2ea8c754 GT=[86, 508, 39, 9] ✅ (2088ch, attempts=1, 12.0s)
2026-05-01 11:31:15,463 [INFO] HTTP Request: POST http://localhost:2026/v1/chat/completions "HTTP/1.1 200 OK"
2026-05-01 11:31:15,464 [INFO] [561/3987] id=openseek-3-6fa5ffb37 GT=[328, 98, 23, 43, 394, 328, 544, 71] ✅ (3133ch, attempts=1, 18.8s)
2026-05-01 11:31:16,020 [INFO] HTTP Request: POST http://localhost:2026/v1/chat/completions "HTTP/1.1 200 OK"
2026-05-01 11:31:16,021 [INFO] [562/3987] id=openseek-3-cf4037631 GT=[64, 526, 94, 14] ✅ (2066ch, attempts=1, 11.6s)
2026-05-01 11:31:24,148 [INFO] HTTP Request: POST http://localhost:2026/v1/chat/completions "HTTP/1.1 200 OK"
2026-05-01 11:31:24,150 [INFO] [563/3987] id=openseek-3-4829e9ab1 GT=[66, 340, 93, 77] ✅ (1744ch, attempts=1, 10.5s)
2026-05-01 11:31:29,275 [INFO] HTTP Request: POST http://localhost:2026/v1/chat/completions "HTTP/1.1 200 OK"
2026-05-01 11:31:29,276 [INFO] [564/3987] id=openseek-3-e75576389 GT=[54, 96, 73, 520, 358, 41] ✅ (2087ch, attempts=1, 13.3s)
2026-05-01 11:31:32,940 [INFO] HTTP Request: POST http://localhost:2026/v1/chat/completions "HTTP/1.1 200 OK"
2026-05-01 11:31:32,942 [INFO] [565/3987] id=openseek-3-1ce30fec2 GT=[91, 16, 280, 220, 23, 47, 61, 172] ✅ (2717ch, attempts=1, 17.5s)
2026-05-01 11:31:39,624 [INFO] HTTP Request: POST http://localhost:2026/v1/chat/completions "HTTP/1.1 200 OK"
2026-05-01 11:31:39,625 [INFO] [566/3987] id=openseek-3-5ee6ded16 GT=[20, 280, 16] ✅ (2109ch, attempts=1, 10.3s)
2026-05-01 11:31:42,358 [INFO] HTTP Request: POST http://localhost:2026/v1/chat/completions "HTTP/1.1 200 OK"
2026-05-01 11:31:42,360 [INFO] [567/3987] id=openseek-3-55ab995f0 GT=[95, 83, 1, 94, 250, 190, 292, 16] ✅ (2894ch, attempts=1, 18.2s)
2026-05-01 11:31:49,334 [INFO] HTTP Request: POST http://localhost:2026/v1/chat/completions "HTTP/1.1 200 OK"
2026-05-01 11:31:49,336 [INFO] [568/3987] id=openseek-3-2cc814df5 GT=[49, 448, 57, 472, 214] ✅ (2647ch, attempts=1, 16.4s)
2026-05-01 11:31:51,779 [INFO] HTTP Request: POST http://localhost:2026/v1/chat/completions "HTTP/1.1 200 OK"
2026-05-01 11:31:51,780 [INFO] [569/3987] id=openseek-3-26610bb96 GT=[148, 10, 18] ✅ (1878ch, attempts=1, 9.4s)
2026-05-01 11:31:55,054 [INFO] HTTP Request: POST http://localhost:2026/v1/chat/completions "HTTP/1.1 200 OK"
2026-05-01 11:31:55,055 [INFO] [570/3987] id=openseek-3-1cee40441 GT=[406, 28, 454, 262, 49, 94] ✅ (2643ch, attempts=1, 15.4s)
2026-05-01 11:32:04,332 [INFO] HTTP Request: POST http://localhost:2026/v1/chat/completions "HTTP/1.1 200 OK"
2026-05-01 11:32:04,333 [INFO] [571/3987] id=openseek-3-025d3b783 GT=[262, 58, 10, 59, 484] ✅ (2563ch, attempts=1, 15.0s)
2026-05-01 11:32:04,994 [INFO] HTTP Request: POST http://localhost:2026/v1/chat/completions "HTTP/1.1 200 OK"
2026-05-01 11:32:04,995 [INFO] [572/3987] id=openseek-3-a6f013b5c GT=[33, 71, 346, 166, 70, 214] ✅ (2036ch, attempts=1, 13.2s)
2026-05-01 11:32:10,340 [INFO] HTTP Request: POST http://localhost:2026/v1/chat/completions "HTTP/1.1 200 OK"
2026-05-01 11:32:10,341 [INFO] [573/3987] id=openseek-3-5d933ff16 GT=[58, 418, 544, 34, 87, 364] ✅ (2260ch, attempts=1, 15.3s)
2026-05-01 11:32:20,912 [INFO] HTTP Request: POST http://localhost:2026/v1/chat/completions "HTTP/1.1 200 OK"
2026-05-01 11:32:20,914 [INFO] [574/3987] id=openseek-3-1a30b7447 GT=[430, 4, 160, 87, 568, 376, 310, 484] ✅ (2523ch, attempts=1, 16.6s)
2026-05-01 11:32:22,401 [INFO] HTTP Request: POST http://localhost:2026/v1/chat/completions "HTTP/1.1 200 OK"
2026-05-01 11:32:22,403 [INFO] [575/3987] id=openseek-3-44881c94d GT=[586, 67, 436, 90] ✅ (2047ch, attempts=1, 12.1s)
2026-05-01 11:32:22,891 [INFO] HTTP Request: POST http://localhost:2026/v1/chat/completions "HTTP/1.1 200 OK"
2026-05-01 11:32:22,893 [INFO] [576/3987] id=openseek-3-2521cf680 GT=[34, 60, 67, 79, 78, 92, 46, 91] ✅ (3027ch, attempts=1, 17.9s)
2026-05-01 11:32:29,338 [INFO] HTTP Request: POST http://localhost:2026/v1/chat/completions "HTTP/1.1 200 OK"
2026-05-01 11:32:29,340 [INFO] [577/3987] id=openseek-3-3167d2029 GT=[26, 26] ✅ (1475ch, attempts=1, 6.4s)
2026-05-01 11:32:32,795 [INFO] HTTP Request: POST http://localhost:2026/v1/chat/completions "HTTP/1.1 200 OK"
2026-05-01 11:32:32,796 [INFO] [578/3987] id=openseek-3-4bd554946 GT=[328, 4, 598, 79, 44] ✅ (2001ch, attempts=1, 11.9s)
2026-05-01 11:32:33,810 [INFO] HTTP Request: POST http://localhost:2026/v1/chat/completions "HTTP/1.1 200 OK"
2026-05-01 11:32:33,812 [INFO] [579/3987] id=openseek-3-f1dfaaa43 GT=[17, 43, 490, 95, 5] ✅ (2063ch, attempts=1, 11.4s)
2026-05-01 11:32:42,022 [INFO] HTTP Request: POST http://localhost:2026/v1/chat/completions "HTTP/1.1 200 OK"
2026-05-01 11:32:42,024 [INFO] [580/3987] id=openseek-3-ad11f72f3 GT=[214, 34, 16, 406, 94] ✅ (2112ch, attempts=1, 12.7s)
2026-05-01 11:32:44,442 [INFO] HTTP Request: POST http://localhost:2026/v1/chat/completions "HTTP/1.1 200 OK"
2026-05-01 11:32:44,444 [INFO] [581/3987] id=openseek-3-8b0c69e28 GT=[382, 376, 226, 406] ✅ (1901ch, attempts=1, 11.6s)
2026-05-01 11:32:50,475 [INFO] HTTP Request: POST http://localhost:2026/v1/chat/completions "HTTP/1.1 200 OK"
2026-05-01 11:32:50,477 [INFO] [582/3987] id=openseek-3-692fc83aa GT=[292, 334, 6, 448, 526, 538, 514] ✅ (2523ch, attempts=1, 16.7s)
2026-05-01 11:32:59,433 [INFO] HTTP Request: POST http://localhost:2026/v1/chat/completions "HTTP/1.1 200 OK"
2026-05-01 11:32:59,435 [INFO] [583/3987] id=openseek-3-0abe097ca GT=[484, 412, 334, 82, 406] ✅ (2745ch, attempts=1, 17.4s)
2026-05-01 11:33:01,087 [INFO] HTTP Request: POST http://localhost:2026/v1/chat/completions "HTTP/1.1 200 OK"
2026-05-01 11:33:01,089 [INFO] [584/3987] id=openseek-3-e0df48f97 GT=[556, 66, 562, 544, 388] ✅ (3041ch, attempts=1, 16.6s)
2026-05-01 11:33:09,095 [INFO] HTTP Request: POST http://localhost:2026/v1/chat/completions "HTTP/1.1 200 OK"
2026-05-01 11:33:09,096 [INFO] [585/3987] id=openseek-3-1bc4fe4b6 GT=[44, 418, 202, 220, 68, 232, 66, 78, 88] ✅ (2770ch, attempts=1, 18.6s)
2026-05-01 11:33:10,572 [INFO] HTTP Request: POST http://localhost:2026/v1/chat/completions "HTTP/1.1 200 OK"
2026-05-01 11:33:10,574 [INFO] [586/3987] id=openseek-3-ecadd4640 GT=[7, 454] ✅ (1866ch, attempts=1, 9.5s)
2026-05-01 11:33:16,961 [INFO] HTTP Request: POST http://localhost:2026/v1/chat/completions "HTTP/1.1 200 OK"
2026-05-01 11:33:16,962 [INFO] [587/3987] id=openseek-3-669d153b2 GT=[20, 5, 49, 92, 490, 23, 382] ✅ (2996ch, attempts=1, 17.5s)
2026-05-01 11:33:20,939 [INFO] HTTP Request: POST http://localhost:2026/v1/chat/completions "HTTP/1.1 200 OK"
2026-05-01 11:33:20,940 [INFO] [588/3987] id=openseek-3-3e6d452e6 GT=[23, 85, 66, 67, 10] ✅ (1737ch, attempts=1, 10.4s)
2026-05-01 11:33:25,468 [INFO] HTTP Request: POST http://localhost:2026/v1/chat/completions "HTTP/1.1 200 OK"
2026-05-01 11:33:25,469 [INFO] [589/3987] id=openseek-3-1f513e9fa GT=[370, 82, 550, 154, 76, 160, 502] ✅ (2530ch, attempts=1, 16.4s)
2026-05-01 11:33:30,362 [INFO] HTTP Request: POST http://localhost:2026/v1/chat/completions "HTTP/1.1 200 OK"
2026-05-01 11:33:30,363 [INFO] [590/3987] id=openseek-3-161db4f65 GT=[96, 83, 98, 376, 56] ✅ (1683ch, attempts=1, 9.4s)
2026-05-01 11:33:30,601 [INFO] HTTP Request: POST http://localhost:2026/v1/chat/completions "HTTP/1.1 200 OK"
2026-05-01 11:33:30,602 [INFO] [591/3987] id=openseek-3-bd6d84077 GT=[89, 5, 28, 394, 136] ✅ (2281ch, attempts=1, 13.6s)
2026-05-01 11:33:37,748 [INFO] HTTP Request: POST http://localhost:2026/v1/chat/completions "HTTP/1.1 200 OK"
2026-05-01 11:33:37,749 [INFO] [592/3987] id=openseek-3-d44b344ec GT=[538, 358, 76, 382] ✅ (2147ch, attempts=1, 12.3s)
2026-05-01 11:33:47,234 [INFO] HTTP Request: POST http://localhost:2026/v1/chat/completions "HTTP/1.1 200 OK"
2026-05-01 11:33:47,235 [INFO] [593/3987] id=openseek-3-6e44856e9 GT=[41, 280, 34, 45, 304, 418, 4] ✅ (2692ch, attempts=1, 16.9s)
2026-05-01 11:33:47,751 [INFO] HTTP Request: POST http://localhost:2026/v1/chat/completions "HTTP/1.1 200 OK"
2026-05-01 11:33:47,753 [INFO] [594/3987] id=openseek-3-32e3189f0 GT=[44, 91, 27, 24, 62, 106, 12, 63, 598] ✅ (2655ch, attempts=1, 17.2s)
2026-05-01 11:33:50,879 [INFO] HTTP Request: POST http://localhost:2026/v1/chat/completions "HTTP/1.1 200 OK"
2026-05-01 11:33:50,881 [INFO] [595/3987] id=openseek-3-53128366f GT=[184, 214, 166, 65] ✅ (2288ch, attempts=1, 13.1s)
2026-05-01 11:33:58,024 [INFO] HTTP Request: POST http://localhost:2026/v1/chat/completions "HTTP/1.1 200 OK"
2026-05-01 11:33:58,025 [INFO] [596/3987] id=openseek-3-ae1c1e196 GT=[592, 26, 562] ✅ (1960ch, attempts=1, 10.3s)
2026-05-01 11:33:58,109 [INFO] HTTP Request: POST http://localhost:2026/v1/chat/completions "HTTP/1.1 200 OK"
2026-05-01 11:33:58,110 [INFO] [597/3987] id=openseek-3-2feca5aba GT=[142, 586, 466] ✅ (1898ch, attempts=1, 10.9s)
2026-05-01 11:34:11,401 [INFO] HTTP Request: POST http://localhost:2026/v1/chat/completions "HTTP/1.1 200 OK"
2026-05-01 11:34:11,403 [INFO] [598/3987] id=openseek-3-f390fcd95 GT=[358, 94, 46, 93, 526] ✅ (2196ch, attempts=1, 13.4s)
2026-05-01 11:34:14,548 [INFO] HTTP Request: POST http://localhost:2026/v1/chat/completions "HTTP/1.1 200 OK"
2026-05-01 11:34:14,549 [INFO] [599/3987] id=openseek-3-f107de2ba GT=[430, 418, 62, 82, 59, 196, 370, 18] ✅ (3750ch, attempts=1, 23.7s)
2026-05-01 11:34:22,022 [INFO] HTTP Request: POST http://localhost:2026/v1/chat/completions "HTTP/1.1 200 OK"
2026-05-01 11:34:22,023 [INFO] [600/3987] id=openseek-3-db03df4a0 GT=[19, 26, 46, 448, 436, 148, 60, 80, 63] ✅ (3757ch, attempts=1, 23.9s)
2026-05-01 11:34:22,048 [INFO]   💾 已保存 (成功=600 验证通过=600 降级=0) | 4.7s/条均值 | ETA=267min
2026-05-01 11:34:22,837 [INFO] HTTP Request: POST http://localhost:2026/v1/chat/completions "HTTP/1.1 200 OK"
2026-05-01 11:34:22,838 [INFO] [601/3987] id=openseek-3-8fa4bcda0 GT=[76, 69, 376, 63] ✅ (2001ch, attempts=1, 11.4s)
2026-05-01 11:34:24,296 [INFO] HTTP Request: POST http://localhost:2026/v1/chat/completions "HTTP/1.1 200 OK"
2026-05-01 11:34:24,297 [INFO] [602/3987] id=openseek-3-0b68260a0 GT=[33, 364] ✅ (2050ch, attempts=1, 9.7s)
2026-05-01 11:34:31,741 [INFO] HTTP Request: POST http://localhost:2026/v1/chat/completions "HTTP/1.1 200 OK"
2026-05-01 11:34:31,742 [INFO] [603/3987] id=openseek-3-449d52d4d GT=[400, 79, 598, 316] ✅ (1595ch, attempts=1, 9.7s)
2026-05-01 11:34:39,722 [INFO] HTTP Request: POST http://localhost:2026/v1/chat/completions "HTTP/1.1 200 OK"
2026-05-01 11:34:39,723 [INFO] [604/3987] id=openseek-3-9dab48491 GT=[91, 328, 34, 89, 100, 84] ✅ (2431ch, attempts=1, 15.4s)
2026-05-01 11:34:44,498 [INFO] HTTP Request: POST http://localhost:2026/v1/chat/completions "HTTP/1.1 200 OK"
2026-05-01 11:34:44,500 [INFO] [605/3987] id=openseek-3-f5d653a1e GT=[75, 27, 154, 32, 496, 124, 90, 97, 106] ✅ (3280ch, attempts=1, 21.7s)
2026-05-01 11:34:49,661 [INFO] HTTP Request: POST http://localhost:2026/v1/chat/completions "HTTP/1.1 200 OK"
2026-05-01 11:34:49,662 [INFO] [606/3987] id=openseek-3-8986f8f9c GT=[100, 54, 85, 90, 466, 394, 48, 34, 94] ✅ (2765ch, attempts=1, 17.9s)
2026-05-01 11:34:52,928 [INFO] HTTP Request: POST http://localhost:2026/v1/chat/completions "HTTP/1.1 200 OK"
2026-05-01 11:34:52,929 [INFO] [607/3987] id=openseek-3-05706e6c6 GT=[25, 262, 334, 184, 38] ✅ (2183ch, attempts=1, 13.2s)
2026-05-01 11:34:56,184 [INFO] HTTP Request: POST http://localhost:2026/v1/chat/completions "HTTP/1.1 200 OK"
2026-05-01 11:34:56,186 [INFO] [608/3987] id=openseek-3-496376aae GT=[47, 250, 61, 118] ✅ (2088ch, attempts=1, 11.7s)
2026-05-01 11:35:00,305 [INFO] HTTP Request: POST http://localhost:2026/v1/chat/completions "HTTP/1.1 200 OK"
2026-05-01 11:35:00,307 [INFO] [609/3987] id=openseek-3-57eeeb317 GT=[98, 190] ✅ (2162ch, attempts=1, 10.6s)
2026-05-01 11:35:06,883 [INFO] HTTP Request: POST http://localhost:2026/v1/chat/completions "HTTP/1.1 200 OK"
2026-05-01 11:35:06,884 [INFO] [610/3987] id=openseek-3-93da86b76 GT=[346, 178, 238, 220, 94, 244] ✅ (2191ch, attempts=1, 14.0s)
2026-05-01 11:35:07,082 [INFO] HTTP Request: POST http://localhost:2026/v1/chat/completions "HTTP/1.1 200 OK"
2026-05-01 11:35:07,083 [INFO] [611/3987] id=openseek-3-d1847542a GT=[69, 27, 58, 334] ✅ (1999ch, attempts=1, 10.9s)
2026-05-01 11:35:14,704 [INFO] HTTP Request: POST http://localhost:2026/v1/chat/completions "HTTP/1.1 200 OK"
2026-05-01 11:35:14,705 [INFO] [612/3987] id=openseek-3-08fe0b700 GT=[112, 85, 310, 34, 20, 12, 23, 27] ✅ (2383ch, attempts=1, 14.4s)
2026-05-01 11:35:16,201 [INFO] HTTP Request: POST http://localhost:2026/v1/chat/completions "HTTP/1.1 200 OK"
2026-05-01 11:35:16,202 [INFO] [613/3987] id=openseek-3-1381647f2 GT=[286, 100, 24, 59] ✅ (1709ch, attempts=1, 9.3s)
2026-05-01 11:35:25,053 [INFO] HTTP Request: POST http://localhost:2026/v1/chat/completions "HTTP/1.1 200 OK"
2026-05-01 11:35:25,054 [INFO] [614/3987] id=openseek-3-39496008c GT=[41, 24, 370, 24, 220, 60, 142, 22, 72] ✅ (2882ch, attempts=1, 18.0s)
2026-05-01 11:35:29,713 [INFO] HTTP Request: POST http://localhost:2026/v1/chat/completions "HTTP/1.1 200 OK"
2026-05-01 11:35:29,715 [INFO] [615/3987] id=openseek-3-5faaa9211 GT=[67, 95, 214, 568, 11, 89] ✅ (2503ch, attempts=1, 15.0s)
2026-05-01 11:35:29,817 [INFO] HTTP Request: POST http://localhost:2026/v1/chat/completions "HTTP/1.1 200 OK"
2026-05-01 11:35:29,818 [INFO] [616/3987] id=openseek-3-3cc919d7d GT=[448, 226, 496, 484, 19, 244] ✅ (2232ch, attempts=1, 13.6s)
2026-05-01 11:35:34,910 [INFO] HTTP Request: POST http://localhost:2026/v1/chat/completions "HTTP/1.1 200 OK"
2026-05-01 11:35:34,911 [INFO] [617/3987] id=openseek-3-80ac0314f GT=[166, 31, 94, 484] ✅ (1663ch, attempts=1, 9.9s)
2026-05-01 11:35:43,625 [INFO] HTTP Request: POST http://localhost:2026/v1/chat/completions "HTTP/1.1 200 OK"
2026-05-01 11:35:43,626 [INFO] [618/3987] id=openseek-3-8dc76e67d GT=[100, 69, 30, 91, 364] ✅ (2442ch, attempts=1, 13.9s)
2026-05-01 11:35:45,810 [INFO] HTTP Request: POST http://localhost:2026/v1/chat/completions "HTTP/1.1 200 OK"
2026-05-01 11:35:45,811 [INFO] [619/3987] id=openseek-3-fe43c4a0e GT=[83, 15, 424] ✅ (1956ch, attempts=1, 10.9s)
2026-05-01 11:35:48,716 [INFO] HTTP Request: POST http://localhost:2026/v1/chat/completions "HTTP/1.1 200 OK"
2026-05-01 11:35:48,717 [INFO] [620/3987] id=openseek-3-ad5fac800 GT=[124, 33, 430, 370, 29, 436, 442, 9] ✅ (2974ch, attempts=1, 18.9s)
2026-05-01 11:35:52,962 [INFO] HTTP Request: POST http://localhost:2026/v1/chat/completions "HTTP/1.1 200 OK"
2026-05-01 11:35:52,963 [INFO] [621/3987] id=openseek-3-e53b7889b GT=[26, 54] ✅ (1920ch, attempts=1, 9.3s)
2026-05-01 11:35:56,943 [INFO] HTTP Request: POST http://localhost:2026/v1/chat/completions "HTTP/1.1 200 OK"
2026-05-01 11:35:56,944 [INFO] [622/3987] id=openseek-3-2147c504e GT=[376, 6, 100, 52, 36] ✅ (1908ch, attempts=1, 11.1s)
2026-05-01 11:36:00,836 [INFO] HTTP Request: POST http://localhost:2026/v1/chat/completions "HTTP/1.1 200 OK"
2026-05-01 11:36:00,837 [INFO] [623/3987] id=openseek-3-dea55ff52 GT=[358, 196, 448, 63] ✅ (2049ch, attempts=1, 12.1s)
2026-05-01 11:36:04,713 [INFO] HTTP Request: POST http://localhost:2026/v1/chat/completions "HTTP/1.1 200 OK"
2026-05-01 11:36:04,715 [INFO] [624/3987] id=openseek-3-e75dd80bb GT=[106, 77] ✅ (1504ch, attempts=1, 7.8s)
2026-05-01 11:36:10,111 [INFO] HTTP Request: POST http://localhost:2026/v1/chat/completions "HTTP/1.1 200 OK"
2026-05-01 11:36:10,112 [INFO] [625/3987] id=openseek-3-59273e254 GT=[88, 376, 118, 13, 136, 148, 75, 568] ✅ (2713ch, attempts=1, 17.1s)
2026-05-01 11:36:13,180 [INFO] HTTP Request: POST http://localhost:2026/v1/chat/completions "HTTP/1.1 200 OK"
2026-05-01 11:36:13,181 [INFO] [626/3987] id=openseek-3-b135e966a GT=[31, 70, 45, 48, 502] ✅ (1970ch, attempts=1, 12.3s)
2026-05-01 11:36:17,407 [INFO] HTTP Request: POST http://localhost:2026/v1/chat/completions "HTTP/1.1 200 OK"
2026-05-01 11:36:17,408 [INFO] [627/3987] id=openseek-3-bb1d13763 GT=[76, 87, 160] ✅ (1283ch, attempts=1, 7.3s)
2026-05-01 11:36:20,587 [INFO] HTTP Request: POST http://localhost:2026/v1/chat/completions "HTTP/1.1 200 OK"
2026-05-01 11:36:20,589 [INFO] [628/3987] id=openseek-3-66f61744a GT=[66, 50, 406, 376, 98, 382] ✅ (2547ch, attempts=1, 15.9s)
2026-05-01 11:36:25,691 [INFO] HTTP Request: POST http://localhost:2026/v1/chat/completions "HTTP/1.1 200 OK"
2026-05-01 11:36:25,692 [INFO] [629/3987] id=openseek-3-c99043153 GT=[46, 172, 64, 82] ✅ (2152ch, attempts=1, 12.5s)
2026-05-01 11:36:31,103 [INFO] HTTP Request: POST http://localhost:2026/v1/chat/completions "HTTP/1.1 200 OK"
2026-05-01 11:36:31,105 [INFO] [630/3987] id=openseek-3-b208a4853 GT=[316, 49, 73, 69, 214, 238, 24] ✅ (2125ch, attempts=1, 13.7s)
2026-05-01 11:36:31,395 [INFO] HTTP Request: POST http://localhost:2026/v1/chat/completions "HTTP/1.1 200 OK"
2026-05-01 11:36:31,397 [INFO] [631/3987] id=openseek-3-2b6cf8b05 GT=[90, 58, 75, 70] ✅ (1940ch, attempts=1, 10.8s)
2026-05-01 11:36:39,193 [INFO] HTTP Request: POST http://localhost:2026/v1/chat/completions "HTTP/1.1 200 OK"
2026-05-01 11:36:39,195 [INFO] [632/3987] id=openseek-3-d0248db03 GT=[388, 346] ✅ (1489ch, attempts=1, 7.8s)
2026-05-01 11:36:45,794 [INFO] HTTP Request: POST http://localhost:2026/v1/chat/completions "HTTP/1.1 200 OK"
2026-05-01 11:36:45,795 [INFO] [633/3987] id=openseek-3-caca4a775 GT=[6, 69, 44, 13, 454, 16, 33, 28, 58] ✅ (3024ch, attempts=1, 20.1s)
2026-05-01 11:36:54,691 [INFO] HTTP Request: POST http://localhost:2026/v1/chat/completions "HTTP/1.1 200 OK"
2026-05-01 11:36:54,692 [INFO] [634/3987] id=openseek-3-6fdecb5a0 GT=[418, 16, 16, 76, 99, 83, 84, 61, 39] ✅ (3926ch, attempts=1, 23.6s)
2026-05-01 11:36:56,167 [INFO] HTTP Request: POST http://localhost:2026/v1/chat/completions "HTTP/1.1 200 OK"
2026-05-01 11:36:56,168 [INFO] [635/3987] id=openseek-3-4110735c6 GT=[17, 88, 96] ✅ (2077ch, attempts=1, 10.4s)
2026-05-01 11:36:56,752 [INFO] HTTP Request: POST http://localhost:2026/v1/chat/completions "HTTP/1.1 200 OK"
2026-05-01 11:36:56,754 [INFO] [636/3987] id=openseek-3-376ea0e7a GT=[44, 100, 226, 6, 232, 44, 136, 94, 55] ✅ (2604ch, attempts=1, 17.6s)
2026-05-01 11:37:10,989 [INFO] HTTP Request: POST http://localhost:2026/v1/chat/completions "HTTP/1.1 200 OK"
2026-05-01 11:37:10,990 [INFO] [637/3987] id=openseek-3-a7fdd10e0 GT=[14, 208, 59, 514, 166, 574] ✅ (2197ch, attempts=1, 14.8s)
2026-05-01 11:37:11,888 [INFO] HTTP Request: POST http://localhost:2026/v1/chat/completions "HTTP/1.1 200 OK"
2026-05-01 11:37:11,889 [INFO] [638/3987] id=openseek-3-f752f02e7 GT=[58, 70, 34, 89, 95, 43, 29, 436] ✅ (2566ch, attempts=1, 17.2s)
2026-05-01 11:37:13,841 [INFO] HTTP Request: POST http://localhost:2026/v1/chat/completions "HTTP/1.1 200 OK"
2026-05-01 11:37:13,842 [INFO] [639/3987] id=openseek-3-69c366020 GT=[41, 51, 20, 76, 10, 3, 226, 100] ✅ (2859ch, attempts=1, 17.1s)
2026-05-01 11:37:21,679 [INFO] HTTP Request: POST http://localhost:2026/v1/chat/completions "HTTP/1.1 200 OK"
2026-05-01 11:37:21,680 [INFO] [640/3987] id=openseek-3-9ecf5f501 GT=[136, 67] ✅ (1958ch, attempts=1, 9.8s)
2026-05-01 11:37:23,265 [INFO] HTTP Request: POST http://localhost:2026/v1/chat/completions "HTTP/1.1 200 OK"
2026-05-01 11:37:23,266 [INFO] [641/3987] id=openseek-3-7bfd1fc87 GT=[220, 238, 328, 56] ✅ (2095ch, attempts=1, 12.3s)
2026-05-01 11:37:29,472 [INFO] HTTP Request: POST http://localhost:2026/v1/chat/completions "HTTP/1.1 200 OK"
2026-05-01 11:37:29,474 [INFO] [642/3987] id=openseek-3-e20fd9dab GT=[91, 520, 68, 70, 142] ✅ (2918ch, attempts=1, 15.6s)
2026-05-01 11:37:31,632 [INFO] HTTP Request: POST http://localhost:2026/v1/chat/completions "HTTP/1.1 200 OK"
2026-05-01 11:37:31,633 [INFO] [643/3987] id=openseek-3-8bfa34b51 GT=[10, 96] ✅ (1848ch, attempts=1, 8.4s)
2026-05-01 11:37:45,984 [INFO] HTTP Request: POST http://localhost:2026/v1/chat/completions "HTTP/1.1 200 OK"
2026-05-01 11:37:45,985 [INFO] [644/3987] id=openseek-3-3d19f2317 GT=[28, 93, 502, 478, 334, 88, 25, 4] ✅ (3811ch, attempts=1, 24.3s)
2026-05-01 11:37:46,484 [INFO] HTTP Request: POST http://localhost:2026/v1/chat/completions "HTTP/1.1 200 OK"
2026-05-01 11:37:46,486 [INFO] [645/3987] id=openseek-3-4f54d3bd2 GT=[18, 550, 71, 24, 100, 58, 64, 55] ✅ (2765ch, attempts=1, 17.0s)
2026-05-01 11:37:50,493 [INFO] HTTP Request: POST http://localhost:2026/v1/chat/completions "HTTP/1.1 200 OK"
2026-05-01 11:37:50,494 [INFO] [646/3987] id=openseek-3-28b7063ea GT=[256, 64, 28, 90, 62, 28, 82] ✅ (3164ch, attempts=1, 18.9s)
2026-05-01 11:37:57,932 [INFO] HTTP Request: POST http://localhost:2026/v1/chat/completions "HTTP/1.1 200 OK"
2026-05-01 11:37:57,933 [INFO] [647/3987] id=openseek-3-2edd304c6 GT=[508, 65, 27, 100, 79] ✅ (2201ch, attempts=1, 11.9s)
2026-05-01 11:38:00,235 [INFO] HTTP Request: POST http://localhost:2026/v1/chat/completions "HTTP/1.1 200 OK"
2026-05-01 11:38:00,236 [INFO] [648/3987] id=openseek-3-6da54eaf8 GT=[83, 112, 598] ✅ (1938ch, attempts=1, 9.7s)
2026-05-01 11:38:03,396 [INFO] HTTP Request: POST http://localhost:2026/v1/chat/completions "HTTP/1.1 200 OK"
2026-05-01 11:38:03,398 [INFO] [649/3987] id=openseek-3-dd1ef220f GT=[202, 42, 89, 184, 232, 23, 136] ✅ (2607ch, attempts=1, 16.9s)
2026-05-01 11:38:07,989 [INFO] HTTP Request: POST http://localhost:2026/v1/chat/completions "HTTP/1.1 200 OK"
2026-05-01 11:38:07,990 [INFO] [650/3987] id=openseek-3-22d894c4e GT=[334, 64, 42, 130, 376] ✅ (1608ch, attempts=1, 10.1s)
2026-05-01 11:38:08,023 [INFO]   💾 已保存 (成功=650 验证通过=650 降级=0) | 4.7s/条均值 | ETA=262min
2026-05-01 11:38:16,536 [INFO] HTTP Request: POST http://localhost:2026/v1/chat/completions "HTTP/1.1 200 OK"
2026-05-01 11:38:16,537 [INFO] [651/3987] id=openseek-3-0be8288e5 GT=[99, 28, 520, 63] ✅ (2165ch, attempts=1, 13.1s)
2026-05-01 11:38:18,717 [INFO] HTTP Request: POST http://localhost:2026/v1/chat/completions "HTTP/1.1 200 OK"
2026-05-01 11:38:18,718 [INFO] [652/3987] id=openseek-3-1cc0fe7d2 GT=[65, 95, 28, 87, 33, 106, 58, 574] ✅ (2914ch, attempts=1, 18.5s)
2026-05-01 11:38:19,813 [INFO] HTTP Request: POST http://localhost:2026/v1/chat/completions "HTTP/1.1 200 OK"
2026-05-01 11:38:19,814 [INFO] [653/3987] id=openseek-3-46cde5b86 GT=[27, 90, 526, 376] ✅ (2037ch, attempts=1, 11.8s)
2026-05-01 11:38:31,718 [INFO] HTTP Request: POST http://localhost:2026/v1/chat/completions "HTTP/1.1 200 OK"
2026-05-01 11:38:31,719 [INFO] [654/3987] id=openseek-3-d7f2c97fe GT=[89, 82, 92, 52, 598] ✅ (2322ch, attempts=1, 13.0s)
2026-05-01 11:38:33,174 [INFO] HTTP Request: POST http://localhost:2026/v1/chat/completions "HTTP/1.1 200 OK"
2026-05-01 11:38:33,175 [INFO] [655/3987] id=openseek-3-31ab0d90b GT=[298, 78, 124, 166, 28] ✅ (2342ch, attempts=1, 13.4s)
2026-05-01 11:38:41,344 [INFO] HTTP Request: POST http://localhost:2026/v1/chat/completions "HTTP/1.1 200 OK"
2026-05-01 11:38:41,345 [INFO] [656/3987] id=openseek-3-a001d0399 GT=[448, 316, 31, 142, 49, 400, 82, 59] ✅ (4281ch, attempts=1, 24.8s)
2026-05-01 11:38:42,037 [INFO] HTTP Request: POST http://localhost:2026/v1/chat/completions "HTTP/1.1 200 OK"
2026-05-01 11:38:42,038 [INFO] [657/3987] id=openseek-3-c4d2d7356 GT=[73, 60, 73, 550] ✅ (1511ch, attempts=1, 8.9s)
2026-05-01 11:38:42,732 [INFO] HTTP Request: POST http://localhost:2026/v1/chat/completions "HTTP/1.1 200 OK"
2026-05-01 11:38:42,733 [INFO] [658/3987] id=openseek-3-2972c6a96 GT=[89, 388, 388, 74] ✅ (1970ch, attempts=1, 11.0s)
2026-05-01 11:38:58,103 [INFO] HTTP Request: POST http://localhost:2026/v1/chat/completions "HTTP/1.1 200 OK"
2026-05-01 11:38:58,104 [INFO] [659/3987] id=openseek-3-5e86f7401 GT=[96, 328, 76, 34, 97, 316] ✅ (2492ch, attempts=1, 16.1s)
2026-05-01 11:38:59,239 [INFO] HTTP Request: POST http://localhost:2026/v1/chat/completions "HTTP/1.1 200 OK"
2026-05-01 11:38:59,240 [INFO] [660/3987] id=openseek-3-091e8b4a0 GT=[46, 63, 160, 3, 598, 562, 16, 424] ✅ (2568ch, attempts=1, 16.5s)
2026-05-01 11:39:00,111 [INFO] HTTP Request: POST http://localhost:2026/v1/chat/completions "HTTP/1.1 200 OK"
2026-05-01 11:39:00,112 [INFO] [661/3987] id=openseek-3-a495a788d GT=[92, 550, 45, 316, 256, 406, 48, 28, 112 ✅ (2756ch, attempts=1, 18.8s)
2026-05-01 11:39:11,341 [INFO] HTTP Request: POST http://localhost:2026/v1/chat/completions "HTTP/1.1 200 OK"
2026-05-01 11:39:11,342 [INFO] [662/3987] id=openseek-3-1ce73b16d GT=[29, 70, 172, 310, 418, 82] ✅ (1895ch, attempts=1, 12.1s)
2026-05-01 11:39:12,142 [INFO] HTTP Request: POST http://localhost:2026/v1/chat/completions "HTTP/1.1 200 OK"
2026-05-01 11:39:12,143 [INFO] [663/3987] id=openseek-3-55b9b6bed GT=[544, 400, 85, 238, 28] ✅ (2445ch, attempts=1, 14.0s)
2026-05-01 11:39:12,614 [INFO] HTTP Request: POST http://localhost:2026/v1/chat/completions "HTTP/1.1 200 OK"
2026-05-01 11:39:12,615 [INFO] [664/3987] id=openseek-3-5f7bd31a4 GT=[44, 11, 166, 80] ✅ (2215ch, attempts=1, 12.5s)
2026-05-01 11:39:24,151 [INFO] HTTP Request: POST http://localhost:2026/v1/chat/completions "HTTP/1.1 200 OK"
2026-05-01 11:39:24,153 [INFO] [665/3987] id=openseek-3-085d90162 GT=[32, 1, 538, 50, 166] ✅ (1955ch, attempts=1, 11.5s)
2026-05-01 11:39:25,403 [INFO] HTTP Request: POST http://localhost:2026/v1/chat/completions "HTTP/1.1 200 OK"
2026-05-01 11:39:25,404 [INFO] [666/3987] id=openseek-3-c67b46898 GT=[75, 436, 202] ✅ (2699ch, attempts=1, 13.3s)
2026-05-01 11:39:27,308 [INFO] HTTP Request: POST http://localhost:2026/v1/chat/completions "HTTP/1.1 200 OK"
2026-05-01 11:39:27,309 [INFO] [667/3987] id=openseek-3-b145fc131 GT=[75, 41, 83, 484, 424, 412, 29, 178] ✅ (2498ch, attempts=1, 16.0s)
2026-05-01 11:39:36,381 [INFO] HTTP Request: POST http://localhost:2026/v1/chat/completions "HTTP/1.1 200 OK"
2026-05-01 11:39:36,382 [INFO] [668/3987] id=openseek-3-b8eb294ce GT=[262, 75, 21, 17] ✅ (1941ch, attempts=1, 11.0s)
2026-05-01 11:39:36,462 [INFO] HTTP Request: POST http://localhost:2026/v1/chat/completions "HTTP/1.1 200 OK"
2026-05-01 11:39:36,463 [INFO] [669/3987] id=openseek-3-78e182780 GT=[4, 502, 64, 89, 244] ✅ (2046ch, attempts=1, 12.3s)
2026-05-01 11:39:37,777 [INFO] HTTP Request: POST http://localhost:2026/v1/chat/completions "HTTP/1.1 200 OK"
2026-05-01 11:39:37,778 [INFO] [670/3987] id=openseek-3-ececcc4d3 GT=[6, 490, 89, 83, 36, 80] ✅ (1674ch, attempts=1, 10.5s)
2026-05-01 11:39:46,481 [INFO] HTTP Request: POST http://localhost:2026/v1/chat/completions "HTTP/1.1 200 OK"
2026-05-01 11:39:46,483 [INFO] [671/3987] id=openseek-3-89b4af1e0 GT=[316, 6, 2] ✅ (2044ch, attempts=1, 10.0s)
2026-05-01 11:39:47,249 [INFO] HTTP Request: POST http://localhost:2026/v1/chat/completions "HTTP/1.1 200 OK"
2026-05-01 11:39:47,250 [INFO] [672/3987] id=openseek-3-0126c307b GT=[22, 57, 5] ✅ (2114ch, attempts=1, 10.9s)
2026-05-01 11:39:51,928 [INFO] HTTP Request: POST http://localhost:2026/v1/chat/completions "HTTP/1.1 200 OK"
2026-05-01 11:39:51,929 [INFO] [673/3987] id=openseek-3-86e9c0c51 GT=[136, 66, 226, 4, 20, 538] ✅ (2276ch, attempts=1, 14.2s)
2026-05-01 11:39:56,611 [INFO] HTTP Request: POST http://localhost:2026/v1/chat/completions "HTTP/1.1 200 OK"
2026-05-01 11:39:56,612 [INFO] [674/3987] id=openseek-3-862b3387e GT=[400, 364, 81, 538] ✅ (1675ch, attempts=1, 10.1s)
2026-05-01 11:40:06,628 [INFO] HTTP Request: POST http://localhost:2026/v1/chat/completions "HTTP/1.1 200 OK"
2026-05-01 11:40:06,629 [INFO] [675/3987] id=openseek-3-d6dfe47d6 GT=[63, 34, 322, 97, 226, 34, 24, 55, 76] ✅ (3004ch, attempts=1, 19.4s)
2026-05-01 11:40:07,287 [INFO] HTTP Request: POST http://localhost:2026/v1/chat/completions "HTTP/1.1 200 OK"
2026-05-01 11:40:07,288 [INFO] [676/3987] id=openseek-3-be422fa9b GT=[136, 28, 83, 364, 280, 412] ✅ (2366ch, attempts=1, 15.4s)
2026-05-01 11:40:09,115 [INFO] HTTP Request: POST http://localhost:2026/v1/chat/completions "HTTP/1.1 200 OK"
2026-05-01 11:40:09,117 [INFO] [677/3987] id=openseek-3-6d5886b9d GT=[208, 448, 83] ✅ (2326ch, attempts=1, 12.5s)
2026-05-01 11:40:25,141 [INFO] HTTP Request: POST http://localhost:2026/v1/chat/completions "HTTP/1.1 200 OK"
2026-05-01 11:40:25,142 [INFO] [678/3987] id=openseek-3-81f9d54ab GT=[154, 106, 556, 7] ✅ (3097ch, attempts=1, 16.0s)
2026-05-01 11:40:27,085 [INFO] HTTP Request: POST http://localhost:2026/v1/chat/completions "HTTP/1.1 200 OK"
2026-05-01 11:40:27,086 [INFO] [679/3987] id=openseek-3-db7f06142 GT=[472, 46, 70, 14, 46, 124, 84, 83, 29] ✅ (3230ch, attempts=1, 20.5s)
2026-05-01 11:40:28,148 [INFO] HTTP Request: POST http://localhost:2026/v1/chat/completions "HTTP/1.1 200 OK"
2026-05-01 11:40:28,149 [INFO] [680/3987] id=openseek-3-23c463495 GT=[598, 538, 394, 244, 61, 118, 322, 598,  ✅ (3209ch, attempts=1, 20.9s)
2026-05-01 11:40:37,604 [INFO] HTTP Request: POST http://localhost:2026/v1/chat/completions "HTTP/1.1 200 OK"
2026-05-01 11:40:37,605 [INFO] [681/3987] id=openseek-3-2243d66f9 GT=[19, 48, 52, 520, 71] ✅ (1709ch, attempts=1, 10.5s)
2026-05-01 11:40:41,093 [INFO] HTTP Request: POST http://localhost:2026/v1/chat/completions "HTTP/1.1 200 OK"
2026-05-01 11:40:41,094 [INFO] [682/3987] id=openseek-3-3d0307790 GT=[78, 586, 472, 40, 37, 89] ✅ (2538ch, attempts=1, 16.0s)
2026-05-01 11:40:51,655 [INFO] HTTP Request: POST http://localhost:2026/v1/chat/completions "HTTP/1.1 200 OK"
2026-05-01 11:40:51,656 [INFO] [683/3987] id=openseek-3-de6dc5c9f GT=[42, 89, 88, 550, 166] ✅ (1709ch, attempts=1, 10.6s)
2026-05-01 11:40:56,510 [INFO] HTTP Request: POST http://localhost:2026/v1/chat/completions "HTTP/1.1 200 OK"
2026-05-01 11:40:56,512 [INFO] [684/3987] id=openseek-3-339c8b770 GT=[424, 72, 172, 17, 4, 580, 92, 508, 65] ✅ (4859ch, attempts=1, 28.4s)
2026-05-01 11:40:58,462 [INFO] HTTP Request: POST http://localhost:2026/v1/chat/completions "HTTP/1.1 200 OK"
2026-05-01 11:40:58,463 [INFO] [685/3987] id=openseek-3-b3838056f GT=[85, 14, 76, 99, 262, 79, 460, 448, 13] ✅ (3111ch, attempts=1, 20.9s)
2026-05-01 11:41:03,291 [INFO] HTTP Request: POST http://localhost:2026/v1/chat/completions "HTTP/1.1 200 OK"
2026-05-01 11:41:03,292 [INFO] [686/3987] id=openseek-3-fba320c39 GT=[454, 148, 55] ✅ (1979ch, attempts=1, 11.6s)
2026-05-01 11:41:04,116 [INFO] HTTP Request: POST http://localhost:2026/v1/chat/completions "HTTP/1.1 200 OK"
2026-05-01 11:41:04,117 [INFO] [687/3987] id=openseek-3-b211b4e29 GT=[75, 64] ✅ (1622ch, attempts=1, 7.6s)
2026-05-01 11:41:05,652 [INFO] HTTP Request: POST http://localhost:2026/v1/chat/completions "HTTP/1.1 200 OK"
2026-05-01 11:41:05,654 [INFO] [688/3987] id=openseek-3-4ae82cc48 GT=[28, 70] ✅ (1439ch, attempts=1, 7.2s)
2026-05-01 11:41:13,896 [INFO] HTTP Request: POST http://localhost:2026/v1/chat/completions "HTTP/1.1 200 OK"
2026-05-01 11:41:13,897 [INFO] [689/3987] id=openseek-3-7be7a5147 GT=[556, 34, 56, 58] ✅ (1907ch, attempts=1, 9.8s)
2026-05-01 11:41:14,994 [INFO] HTTP Request: POST http://localhost:2026/v1/chat/completions "HTTP/1.1 200 OK"
2026-05-01 11:41:14,996 [INFO] [690/3987] id=openseek-3-56467af56 GT=[280, 340, 2] ✅ (1728ch, attempts=1, 9.3s)
2026-05-01 11:41:17,536 [INFO] HTTP Request: POST http://localhost:2026/v1/chat/completions "HTTP/1.1 200 OK"
2026-05-01 11:41:17,537 [INFO] [691/3987] id=openseek-3-5ecaced66 GT=[322, 544, 73, 328] ✅ (2270ch, attempts=1, 14.2s)
2026-05-01 11:41:24,995 [INFO] HTTP Request: POST http://localhost:2026/v1/chat/completions "HTTP/1.1 200 OK"
2026-05-01 11:41:24,997 [INFO] [692/3987] id=openseek-3-692ca3fd6 GT=[226, 532, 93, 436] ✅ (1907ch, attempts=1, 11.1s)
2026-05-01 11:41:27,954 [INFO] HTTP Request: POST http://localhost:2026/v1/chat/completions "HTTP/1.1 200 OK"
2026-05-01 11:41:27,956 [INFO] [693/3987] id=openseek-3-034631065 GT=[310, 80, 25, 388, 79, 190] ✅ (1867ch, attempts=1, 13.0s)
2026-05-01 11:41:27,972 [INFO] HTTP Request: POST http://localhost:2026/v1/chat/completions "HTTP/1.1 200 OK"
2026-05-01 11:41:27,973 [INFO] [694/3987] id=openseek-3-583ce60d8 GT=[79, 32, 244, 178] ✅ (1871ch, attempts=1, 10.4s)
2026-05-01 11:41:34,874 [INFO] HTTP Request: POST http://localhost:2026/v1/chat/completions "HTTP/1.1 200 OK"
2026-05-01 11:41:34,875 [INFO] [695/3987] id=openseek-3-87121547d GT=[520, 346, 406, 99] ✅ (1786ch, attempts=1, 9.9s)
2026-05-01 11:41:42,969 [INFO] HTTP Request: POST http://localhost:2026/v1/chat/completions "HTTP/1.1 200 OK"
2026-05-01 11:41:42,971 [INFO] [696/3987] id=openseek-3-b3b406567 GT=[33, 382, 520, 11, 130, 76, 45] ✅ (2293ch, attempts=1, 15.0s)
2026-05-01 11:41:47,034 [INFO] HTTP Request: POST http://localhost:2026/v1/chat/completions "HTTP/1.1 200 OK"
2026-05-01 11:41:47,035 [INFO] [697/3987] id=openseek-3-8f5ef70e9 GT=[448, 79, 40, 592, 61, 550, 42, 74, 214] ✅ (3061ch, attempts=1, 19.1s)
2026-05-01 11:41:50,134 [INFO] HTTP Request: POST http://localhost:2026/v1/chat/completions "HTTP/1.1 200 OK"
2026-05-01 11:41:50,135 [INFO] [698/3987] id=openseek-3-84dbb352b GT=[430, 364, 268, 244] ✅ (2611ch, attempts=1, 15.3s)
2026-05-01 11:41:52,738 [INFO] HTTP Request: POST http://localhost:2026/v1/chat/completions "HTTP/1.1 200 OK"
2026-05-01 11:41:52,740 [INFO] [699/3987] id=openseek-3-d86bb7f57 GT=[14, 400, 40, 220] ✅ (1761ch, attempts=1, 9.8s)
2026-05-01 11:42:00,788 [INFO] HTTP Request: POST http://localhost:2026/v1/chat/completions "HTTP/1.1 200 OK"
2026-05-01 11:42:00,789 [INFO] [700/3987] id=openseek-3-ad015f33d GT=[76, 1, 22, 346, 484] ✅ (2199ch, attempts=1, 13.8s)
2026-05-01 11:42:00,817 [INFO]   💾 已保存 (成功=700 验证通过=700 降级=0) | 4.7s/条均值 | ETA=258min
2026-05-01 11:42:06,351 [INFO] HTTP Request: POST http://localhost:2026/v1/chat/completions "HTTP/1.1 200 OK"
2026-05-01 11:42:06,353 [INFO] [701/3987] id=openseek-3-cf52099b6 GT=[550, 100, 394, 40, 292, 72, 532] ✅ (2634ch, attempts=1, 16.2s)
2026-05-01 11:42:07,216 [INFO] HTTP Request: POST http://localhost:2026/v1/chat/completions "HTTP/1.1 200 OK"
2026-05-01 11:42:07,218 [INFO] [702/3987] id=openseek-3-e28a8ec16 GT=[574, 87, 28, 592, 1, 24, 56, 61] ✅ (2394ch, attempts=1, 14.5s)
2026-05-01 11:42:15,414 [INFO] HTTP Request: POST http://localhost:2026/v1/chat/completions "HTTP/1.1 200 OK"
2026-05-01 11:42:15,415 [INFO] [703/3987] id=openseek-3-85c3a182b GT=[38, 19, 376] ✅ (1805ch, attempts=1, 9.1s)
2026-05-01 11:42:15,649 [INFO] HTTP Request: POST http://localhost:2026/v1/chat/completions "HTTP/1.1 200 OK"
2026-05-01 11:42:15,651 [INFO] [704/3987] id=openseek-3-cecb991a4 GT=[17, 47, 238, 214, 34, 7, 23] ✅ (2293ch, attempts=1, 14.9s)
2026-05-01 11:42:22,845 [INFO] HTTP Request: POST http://localhost:2026/v1/chat/completions "HTTP/1.1 200 OK"
2026-05-01 11:42:22,847 [INFO] [705/3987] id=openseek-3-cf0d24732 GT=[256, 82, 166, 316, 556] ✅ (2741ch, attempts=1, 15.6s)
2026-05-01 11:42:23,260 [INFO] HTTP Request: POST http://localhost:2026/v1/chat/completions "HTTP/1.1 200 OK"
2026-05-01 11:42:23,261 [INFO] [706/3987] id=openseek-3-67507c9d8 GT=[394, 40] ✅ (1616ch, attempts=1, 7.8s)
2026-05-01 11:42:28,569 [INFO] HTTP Request: POST http://localhost:2026/v1/chat/completions "HTTP/1.1 200 OK"
2026-05-01 11:42:28,571 [INFO] [707/3987] id=openseek-3-51335fc8c GT=[406, 580, 334, 316, 4] ✅ (2043ch, attempts=1, 12.9s)
2026-05-01 11:42:36,250 [INFO] HTTP Request: POST http://localhost:2026/v1/chat/completions "HTTP/1.1 200 OK"
2026-05-01 11:42:36,252 [INFO] [708/3987] id=openseek-3-bb41e33b7 GT=[95, 544, 43, 51, 75, 388] ✅ (2073ch, attempts=1, 13.0s)
2026-05-01 11:42:37,093 [INFO] HTTP Request: POST http://localhost:2026/v1/chat/completions "HTTP/1.1 200 OK"
2026-05-01 11:42:37,095 [INFO] [709/3987] id=openseek-3-fd8a22c1e GT=[202, 34, 388, 86] ✅ (2566ch, attempts=1, 14.2s)
2026-05-01 11:42:39,441 [INFO] HTTP Request: POST http://localhost:2026/v1/chat/completions "HTTP/1.1 200 OK"
2026-05-01 11:42:39,442 [INFO] [710/3987] id=openseek-3-ea296671b GT=[33, 95] ✅ (2359ch, attempts=1, 10.9s)
2026-05-01 11:42:46,134 [INFO] HTTP Request: POST http://localhost:2026/v1/chat/completions "HTTP/1.1 200 OK"
2026-05-01 11:42:46,136 [INFO] [711/3987] id=openseek-3-f36754288 GT=[430, 35, 136, 64, 85] ✅ (1673ch, attempts=1, 9.9s)
2026-05-01 11:42:48,088 [INFO] HTTP Request: POST http://localhost:2026/v1/chat/completions "HTTP/1.1 200 OK"
2026-05-01 11:42:48,089 [INFO] [712/3987] id=openseek-3-64b591a61 GT=[412, 4, 19, 67, 526, 86, 4] ✅ (1776ch, attempts=1, 11.0s)
2026-05-01 11:42:53,614 [INFO] HTTP Request: POST http://localhost:2026/v1/chat/completions "HTTP/1.1 200 OK"
2026-05-01 11:42:53,615 [INFO] [713/3987] id=openseek-3-47fd3bb13 GT=[586, 376, 55, 13, 112, 64] ✅ (2274ch, attempts=1, 14.2s)
2026-05-01 11:42:57,836 [INFO] HTTP Request: POST http://localhost:2026/v1/chat/completions "HTTP/1.1 200 OK"
2026-05-01 11:42:57,837 [INFO] [714/3987] id=openseek-3-ce4c852c3 GT=[56, 244, 86, 49, 160, 574] ✅ (1708ch, attempts=1, 11.7s)
2026-05-01 11:43:03,040 [INFO] HTTP Request: POST http://localhost:2026/v1/chat/completions "HTTP/1.1 200 OK"
2026-05-01 11:43:03,041 [INFO] [715/3987] id=openseek-3-03a35f8e3 GT=[54, 56, 232, 21, 79, 598, 96] ✅ (2596ch, attempts=1, 15.0s)
2026-05-01 11:43:04,005 [INFO] HTTP Request: POST http://localhost:2026/v1/chat/completions "HTTP/1.1 200 OK"
2026-05-01 11:43:04,006 [INFO] [716/3987] id=openseek-3-bd8d09f68 GT=[61, 46, 6, 41] ✅ (1973ch, attempts=1, 10.4s)
2026-05-01 11:43:15,514 [INFO] HTTP Request: POST http://localhost:2026/v1/chat/completions "HTTP/1.1 200 OK"
2026-05-01 11:43:15,516 [INFO] [717/3987] id=openseek-3-19ae880dd GT=[256, 25, 33, 418, 58, 78, 39, 90] ✅ (2842ch, attempts=1, 17.7s)
2026-05-01 11:43:15,738 [INFO] HTTP Request: POST http://localhost:2026/v1/chat/completions "HTTP/1.1 200 OK"
2026-05-01 11:43:15,739 [INFO] [718/3987] id=openseek-3-8f4362aa6 GT=[46, 172, 142, 45, 60] ✅ (1899ch, attempts=1, 11.7s)
2026-05-01 11:43:16,761 [INFO] HTTP Request: POST http://localhost:2026/v1/chat/completions "HTTP/1.1 200 OK"
2026-05-01 11:43:16,762 [INFO] [719/3987] id=openseek-3-650d93fa1 GT=[72, 490, 89, 280] ✅ (2354ch, attempts=1, 13.7s)
2026-05-01 11:43:26,470 [INFO] HTTP Request: POST http://localhost:2026/v1/chat/completions "HTTP/1.1 200 OK"
2026-05-01 11:43:26,471 [INFO] [720/3987] id=openseek-3-e867dde32 GT=[214, 75, 51] ✅ (2022ch, attempts=1, 10.7s)
2026-05-01 11:43:29,394 [INFO] HTTP Request: POST http://localhost:2026/v1/chat/completions "HTTP/1.1 200 OK"
2026-05-01 11:43:29,396 [INFO] [721/3987] id=openseek-3-1e1f8b131 GT=[67, 75, 26, 298, 478, 19] ✅ (2310ch, attempts=1, 13.9s)
2026-05-01 11:43:34,314 [INFO] HTTP Request: POST http://localhost:2026/v1/chat/completions "HTTP/1.1 200 OK"
2026-05-01 11:43:34,316 [INFO] [722/3987] id=openseek-3-08d1a2bee GT=[328, 346, 8, 44, 44, 358, 74, 14] ✅ (3067ch, attempts=1, 17.6s)
2026-05-01 11:43:35,811 [INFO] HTTP Request: POST http://localhost:2026/v1/chat/completions "HTTP/1.1 200 OK"
2026-05-01 11:43:35,812 [INFO] [723/3987] id=openseek-3-452054d1e GT=[580, 82, 85, 28, 39] ✅ (1560ch, attempts=1, 9.3s)
2026-05-01 11:43:50,113 [INFO] HTTP Request: POST http://localhost:2026/v1/chat/completions "HTTP/1.1 200 OK"
2026-05-01 11:43:50,114 [INFO] [724/3987] id=openseek-3-eb0aeb25e GT=[19, 16, 22, 53, 100, 4, 14, 91, 214] ✅ (3354ch, attempts=1, 20.7s)
2026-05-01 11:43:50,556 [INFO] HTTP Request: POST http://localhost:2026/v1/chat/completions "HTTP/1.1 200 OK"
2026-05-01 11:43:50,557 [INFO] [725/3987] id=openseek-3-371050f5b GT=[412, 448, 172, 124, 35, 5, 508, 2] ✅ (2351ch, attempts=1, 16.2s)
2026-05-01 11:43:51,118 [INFO] HTTP Request: POST http://localhost:2026/v1/chat/completions "HTTP/1.1 200 OK"
2026-05-01 11:43:51,119 [INFO] [726/3987] id=openseek-3-d64ffec45 GT=[28, 166, 79, 328, 77, 34, 586] ✅ (2665ch, attempts=1, 15.3s)
2026-05-01 11:44:00,708 [INFO] HTTP Request: POST http://localhost:2026/v1/chat/completions "HTTP/1.1 200 OK"
2026-05-01 11:44:00,709 [INFO] [727/3987] id=openseek-3-2c018bdf5 GT=[22, 89, 310] ✅ (1753ch, attempts=1, 9.6s)
2026-05-01 11:44:08,976 [INFO] HTTP Request: POST http://localhost:2026/v1/chat/completions "HTTP/1.1 200 OK"
2026-05-01 11:44:08,977 [INFO] [728/3987] id=openseek-3-b09c4066a GT=[76, 52, 508, 448, 43, 61, 118, 8, 5] ✅ (2832ch, attempts=1, 18.9s)
2026-05-01 11:44:10,653 [INFO] HTTP Request: POST http://localhost:2026/v1/chat/completions "HTTP/1.1 200 OK"
2026-05-01 11:44:10,654 [INFO] [729/3987] id=openseek-3-b61b933e2 GT=[53, 77, 460, 44, 59, 394, 50, 88] ✅ (3191ch, attempts=1, 20.1s)
2026-05-01 11:44:12,510 [INFO] HTTP Request: POST http://localhost:2026/v1/chat/completions "HTTP/1.1 200 OK"
2026-05-01 11:44:12,511 [INFO] [730/3987] id=openseek-3-77137c441 GT=[30, 51, 96, 94, 316] ✅ (2019ch, attempts=1, 11.8s)
2026-05-01 11:44:18,912 [INFO] HTTP Request: POST http://localhost:2026/v1/chat/completions "HTTP/1.1 200 OK"
2026-05-01 11:44:18,913 [INFO] [731/3987] id=openseek-3-552002e7c GT=[358, 36, 15, 80, 85] ✅ (1740ch, attempts=1, 9.9s)
2026-05-01 11:44:24,793 [INFO] HTTP Request: POST http://localhost:2026/v1/chat/completions "HTTP/1.1 200 OK"
2026-05-01 11:44:24,794 [INFO] [732/3987] id=openseek-3-104a536d9 GT=[448, 76, 37, 106, 556, 5] ✅ (1971ch, attempts=1, 12.3s)
2026-05-01 11:44:27,193 [INFO] HTTP Request: POST http://localhost:2026/v1/chat/completions "HTTP/1.1 200 OK"
2026-05-01 11:44:27,194 [INFO] [733/3987] id=openseek-3-ddf8b30fa GT=[29, 22, 54, 10, 454, 25, 61, 22] ✅ (2714ch, attempts=1, 16.5s)
2026-05-01 11:44:32,504 [INFO] HTTP Request: POST http://localhost:2026/v1/chat/completions "HTTP/1.1 200 OK"
2026-05-01 11:44:32,505 [INFO] [734/3987] id=openseek-3-50571ca04 GT=[67, 286, 70, 454, 80, 28] ✅ (2166ch, attempts=1, 13.6s)
2026-05-01 11:44:37,235 [INFO] HTTP Request: POST http://localhost:2026/v1/chat/completions "HTTP/1.1 200 OK"
2026-05-01 11:44:37,236 [INFO] [735/3987] id=openseek-3-e3d34eac0 GT=[64, 370, 100] ✅ (1846ch, attempts=1, 10.0s)
2026-05-01 11:44:37,464 [INFO] HTTP Request: POST http://localhost:2026/v1/chat/completions "HTTP/1.1 200 OK"
2026-05-01 11:44:37,465 [INFO] [736/3987] id=openseek-3-420e6a72c GT=[52, 502, 196] ✅ (2297ch, attempts=1, 12.7s)
2026-05-01 11:44:45,737 [INFO] HTTP Request: POST http://localhost:2026/v1/chat/completions "HTTP/1.1 200 OK"
2026-05-01 11:44:45,738 [INFO] [737/3987] id=openseek-3-46d177208 GT=[532, 75, 16] ✅ (1592ch, attempts=1, 8.5s)
2026-05-01 11:44:46,127 [INFO] HTTP Request: POST http://localhost:2026/v1/chat/completions "HTTP/1.1 200 OK"
2026-05-01 11:44:46,128 [INFO] [738/3987] id=openseek-3-c04550f0b GT=[154, 598, 100, 9, 54, 21, 91] ✅ (2361ch, attempts=1, 13.6s)
2026-05-01 11:44:46,485 [INFO] HTTP Request: POST http://localhost:2026/v1/chat/completions "HTTP/1.1 200 OK"
2026-05-01 11:44:46,486 [INFO] [739/3987] id=openseek-3-cca4b84bc GT=[30, 232, 2, 124, 214] ✅ (1424ch, attempts=1, 9.0s)
2026-05-01 11:44:56,764 [INFO] HTTP Request: POST http://localhost:2026/v1/chat/completions "HTTP/1.1 200 OK"
2026-05-01 11:44:56,765 [INFO] [740/3987] id=openseek-3-eb7ab50f6 GT=[82, 96, 166] ✅ (2226ch, attempts=1, 11.0s)
2026-05-01 11:44:58,532 [INFO] HTTP Request: POST http://localhost:2026/v1/chat/completions "HTTP/1.1 200 OK"
2026-05-01 11:44:58,533 [INFO] [741/3987] id=openseek-3-c5ab2afa0 GT=[592, 412, 334, 232] ✅ (2112ch, attempts=1, 12.4s)
2026-05-01 11:45:07,461 [INFO] HTTP Request: POST http://localhost:2026/v1/chat/completions "HTTP/1.1 200 OK"
2026-05-01 11:45:07,463 [INFO] [742/3987] id=openseek-3-9b66e6d09 GT=[94, 304, 50, 70, 86, 48, 10, 41, 130] ✅ (3189ch, attempts=1, 21.0s)
2026-05-01 11:45:09,691 [INFO] HTTP Request: POST http://localhost:2026/v1/chat/completions "HTTP/1.1 200 OK"
2026-05-01 11:45:09,692 [INFO] [743/3987] id=openseek-3-00c1db7f8 GT=[24, 286, 478] ✅ (2374ch, attempts=1, 12.9s)
2026-05-01 11:45:22,364 [INFO] HTTP Request: POST http://localhost:2026/v1/chat/completions "HTTP/1.1 200 OK"
2026-05-01 11:45:22,365 [INFO] [744/3987] id=openseek-3-497f5d8cf GT=[262, 172, 514, 95] ✅ (2181ch, attempts=1, 12.7s)
2026-05-01 11:45:22,801 [INFO] HTTP Request: POST http://localhost:2026/v1/chat/completions "HTTP/1.1 200 OK"
2026-05-01 11:45:22,802 [INFO] [745/3987] id=openseek-3-7bfd7c0b6 GT=[346, 568, 250, 19, 44, 430, 358, 298, 1 ✅ (3489ch, attempts=1, 24.3s)
2026-05-01 11:45:24,732 [INFO] HTTP Request: POST http://localhost:2026/v1/chat/completions "HTTP/1.1 200 OK"
2026-05-01 11:45:24,734 [INFO] [746/3987] id=openseek-3-b010e9810 GT=[96, 562, 82, 178, 3] ✅ (3150ch, attempts=1, 17.3s)
2026-05-01 11:45:32,192 [INFO] HTTP Request: POST http://localhost:2026/v1/chat/completions "HTTP/1.1 200 OK"
2026-05-01 11:45:32,193 [INFO] [747/3987] id=openseek-3-9667a464a GT=[56, 17] ✅ (1544ch, attempts=1, 7.5s)
2026-05-01 11:45:36,391 [INFO] HTTP Request: POST http://localhost:2026/v1/chat/completions "HTTP/1.1 200 OK"
2026-05-01 11:45:36,392 [INFO] [748/3987] id=openseek-3-5bfc57ace GT=[1, 40, 436, 29, 508, 292, 15] ✅ (2107ch, attempts=1, 14.0s)
2026-05-01 11:45:38,966 [INFO] HTTP Request: POST http://localhost:2026/v1/chat/completions "HTTP/1.1 200 OK"
2026-05-01 11:45:38,967 [INFO] [749/3987] id=openseek-3-711f5e21b GT=[562, 196, 46, 27, 568] ✅ (2726ch, attempts=1, 16.2s)
2026-05-01 11:45:39,993 [INFO] HTTP Request: POST http://localhost:2026/v1/chat/completions "HTTP/1.1 200 OK"
2026-05-01 11:45:39,994 [INFO] [750/3987] id=openseek-3-09f859afb GT=[80, 99, 244] ✅ (1382ch, attempts=1, 7.8s)
2026-05-01 11:45:40,019 [INFO]   💾 已保存 (成功=750 验证通过=750 降级=0) | 4.7s/条均值 | ETA=253min
2026-05-01 11:45:49,746 [INFO] HTTP Request: POST http://localhost:2026/v1/chat/completions "HTTP/1.1 200 OK"
2026-05-01 11:45:49,747 [INFO] [751/3987] id=openseek-3-c62436fbe GT=[514, 19, 82, 5, 4, 520] ✅ (2268ch, attempts=1, 13.4s)
2026-05-01 11:45:52,079 [INFO] HTTP Request: POST http://localhost:2026/v1/chat/completions "HTTP/1.1 200 OK"
2026-05-01 11:45:52,080 [INFO] [752/3987] id=openseek-3-2b1b44224 GT=[34, 5, 448] ✅ (2703ch, attempts=1, 13.1s)
2026-05-01 11:45:59,890 [INFO] HTTP Request: POST http://localhost:2026/v1/chat/completions "HTTP/1.1 200 OK"
2026-05-01 11:45:59,891 [INFO] [753/3987] id=openseek-3-bbc52c7ff GT=[148, 268, 406, 580, 154, 51, 58, 508] ✅ (3026ch, attempts=1, 19.9s)
2026-05-01 11:46:00,053 [INFO] HTTP Request: POST http://localhost:2026/v1/chat/completions "HTTP/1.1 200 OK"
2026-05-01 11:46:00,054 [INFO] [754/3987] id=openseek-3-97226fa3f GT=[1, 142, 57, 23, 87] ✅ (1785ch, attempts=1, 10.3s)
2026-05-01 11:46:09,388 [INFO] HTTP Request: POST http://localhost:2026/v1/chat/completions "HTTP/1.1 200 OK"
2026-05-01 11:46:09,390 [INFO] [755/3987] id=openseek-3-571defa1d GT=[84, 118, 36, 92, 28, 352, 58] ✅ (2870ch, attempts=1, 17.3s)
2026-05-01 11:46:12,101 [INFO] HTTP Request: POST http://localhost:2026/v1/chat/completions "HTTP/1.1 200 OK"
2026-05-01 11:46:12,102 [INFO] [756/3987] id=openseek-3-ffc788277 GT=[2, 28, 53, 328, 10] ✅ (1954ch, attempts=1, 12.0s)
2026-05-01 11:46:15,969 [INFO] HTTP Request: POST http://localhost:2026/v1/chat/completions "HTTP/1.1 200 OK"
2026-05-01 11:46:15,971 [INFO] [757/3987] id=openseek-3-761eecaf0 GT=[30, 3, 22, 54, 76, 94, 34] ✅ (2713ch, attempts=1, 16.1s)
2026-05-01 11:46:27,335 [INFO] HTTP Request: POST http://localhost:2026/v1/chat/completions "HTTP/1.1 200 OK"
2026-05-01 11:46:27,336 [INFO] [758/3987] id=openseek-3-5681bfa4c GT=[44, 76, 62, 358, 10, 100, 86, 5, 15] ✅ (2932ch, attempts=1, 17.9s)
2026-05-01 11:46:27,809 [INFO] HTTP Request: POST http://localhost:2026/v1/chat/completions "HTTP/1.1 200 OK"
2026-05-01 11:46:27,810 [INFO] [759/3987] id=openseek-3-b41460f22 GT=[232, 562, 580] ✅ (2015ch, attempts=1, 11.8s)
2026-05-01 11:46:32,069 [INFO] HTTP Request: POST http://localhost:2026/v1/chat/completions "HTTP/1.1 200 OK"
2026-05-01 11:46:32,070 [INFO] [760/3987] id=openseek-3-ee4ee0868 GT=[79, 160, 97, 34, 44, 214, 20, 514] ✅ (3099ch, attempts=1, 20.0s)
2026-05-01 11:46:41,532 [INFO] HTTP Request: POST http://localhost:2026/v1/chat/completions "HTTP/1.1 200 OK"
2026-05-01 11:46:41,533 [INFO] [761/3987] id=openseek-3-01d3f9f6a GT=[508, 4, 574, 88, 77] ✅ (2429ch, attempts=1, 14.2s)
2026-05-01 11:46:48,219 [INFO] HTTP Request: POST http://localhost:2026/v1/chat/completions "HTTP/1.1 200 OK"
2026-05-01 11:46:48,221 [INFO] [762/3987] id=openseek-3-72fac8b7f GT=[274, 26] ✅ (4446ch, attempts=1, 20.4s)
2026-05-01 11:46:59,870 [INFO] HTTP Request: POST http://localhost:2026/v1/chat/completions "HTTP/1.1 200 OK"
2026-05-01 11:46:59,871 [INFO] [763/3987] id=openseek-3-f7e01a909 GT=[16, 502, 16, 53, 10, 502, 82, 41, 47] ✅ (2798ch, attempts=1, 18.3s)
2026-05-01 11:47:00,284 [INFO] HTTP Request: POST http://localhost:2026/v1/chat/completions "HTTP/1.1 200 OK"
2026-05-01 11:47:00,285 [INFO] [764/3987] id=openseek-3-2e9039409 GT=[46, 18, 226] ✅ (2239ch, attempts=1, 12.1s)
2026-05-01 11:47:01,186 [INFO] HTTP Request: POST http://localhost:2026/v1/chat/completions "HTTP/1.1 200 OK"
2026-05-01 11:47:01,188 [INFO] [765/3987] id=openseek-3-3c35b19d9 GT=[2, 370, 496, 460, 62, 508, 262, 81, 166 ✅ (4554ch, attempts=1, 29.1s)
2026-05-01 11:47:08,166 [INFO] HTTP Request: POST http://localhost:2026/v1/chat/completions "HTTP/1.1 200 OK"
2026-05-01 11:47:08,167 [INFO] [766/3987] id=openseek-3-e289d47cd GT=[352, 448] ✅ (1637ch, attempts=1, 8.3s)
2026-05-01 11:47:18,809 [INFO] HTTP Request: POST http://localhost:2026/v1/chat/completions "HTTP/1.1 200 OK"
2026-05-01 11:47:18,811 [INFO] [767/3987] id=openseek-3-0e1a98dd3 GT=[172, 51, 376, 46, 40, 13, 70, 52] ✅ (3059ch, attempts=1, 18.5s)
2026-05-01 11:47:19,622 [INFO] HTTP Request: POST http://localhost:2026/v1/chat/completions "HTTP/1.1 200 OK"
2026-05-01 11:47:19,623 [INFO] [768/3987] id=openseek-3-c5770aaed GT=[33, 358, 99, 73, 532, 184, 69] ✅ (3059ch, attempts=1, 18.4s)
2026-05-01 11:47:21,986 [INFO] HTTP Request: POST http://localhost:2026/v1/chat/completions "HTTP/1.1 200 OK"
2026-05-01 11:47:21,987 [INFO] [769/3987] id=openseek-3-12ba7fb77 GT=[62, 34, 12, 580, 256, 39] ✅ (2224ch, attempts=1, 13.8s)
2026-05-01 11:47:33,608 [INFO] HTTP Request: POST http://localhost:2026/v1/chat/completions "HTTP/1.1 200 OK"
2026-05-01 11:47:33,609 [INFO] [770/3987] id=openseek-3-42eb3a80c GT=[12, 40, 328, 454, 316, 538] ✅ (2187ch, attempts=1, 14.8s)
2026-05-01 11:47:33,796 [INFO] HTTP Request: POST http://localhost:2026/v1/chat/completions "HTTP/1.1 200 OK"
2026-05-01 11:47:33,797 [INFO] [771/3987] id=openseek-3-010a44c56 GT=[74, 328, 520] ✅ (2374ch, attempts=1, 11.8s)
2026-05-01 11:47:34,453 [INFO] HTTP Request: POST http://localhost:2026/v1/chat/completions "HTTP/1.1 200 OK"
2026-05-01 11:47:34,454 [INFO] [772/3987] id=openseek-3-560588b3a GT=[274, 442, 9, 66] ✅ (2360ch, attempts=1, 14.8s)
2026-05-01 11:47:42,921 [INFO] HTTP Request: POST http://localhost:2026/v1/chat/completions "HTTP/1.1 200 OK"
2026-05-01 11:47:42,922 [INFO] [773/3987] id=openseek-3-5ce3d3b7f GT=[508, 98, 20] ✅ (1629ch, attempts=1, 8.5s)
2026-05-01 11:47:46,028 [INFO] HTTP Request: POST http://localhost:2026/v1/chat/completions "HTTP/1.1 200 OK"
2026-05-01 11:47:46,029 [INFO] [774/3987] id=openseek-3-7e42c6ef9 GT=[532, 8, 59, 40] ✅ (2166ch, attempts=1, 12.4s)
2026-05-01 11:47:48,091 [INFO] HTTP Request: POST http://localhost:2026/v1/chat/completions "HTTP/1.1 200 OK"
2026-05-01 11:47:48,092 [INFO] [775/3987] id=openseek-3-975c71f4b GT=[442, 22, 148, 17, 208, 5, 46] ✅ (2279ch, attempts=1, 14.3s)
2026-05-01 11:47:54,901 [INFO] HTTP Request: POST http://localhost:2026/v1/chat/completions "HTTP/1.1 200 OK"
2026-05-01 11:47:54,902 [INFO] [776/3987] id=openseek-3-031c09497 GT=[88, 208, 47, 562, 97] ✅ (1972ch, attempts=1, 12.0s)
2026-05-01 11:47:56,894 [INFO] HTTP Request: POST http://localhost:2026/v1/chat/completions "HTTP/1.1 200 OK"
2026-05-01 11:47:56,896 [INFO] [777/3987] id=openseek-3-d8e04e34e GT=[184, 160, 556] ✅ (1861ch, attempts=1, 10.9s)
2026-05-01 11:47:58,839 [INFO] HTTP Request: POST http://localhost:2026/v1/chat/completions "HTTP/1.1 200 OK"
2026-05-01 11:47:58,840 [INFO] [778/3987] id=openseek-3-b3ddadd5c GT=[400, 2, 88, 274, 100] ✅ (1683ch, attempts=1, 10.7s)
2026-05-01 11:48:03,586 [INFO] HTTP Request: POST http://localhost:2026/v1/chat/completions "HTTP/1.1 200 OK"
2026-05-01 11:48:03,587 [INFO] [779/3987] id=openseek-3-53e963e86 GT=[27, 27, 592] ✅ (1745ch, attempts=1, 8.7s)
2026-05-01 11:48:05,249 [INFO] HTTP Request: POST http://localhost:2026/v1/chat/completions "HTTP/1.1 200 OK"
2026-05-01 11:48:05,250 [INFO] [780/3987] id=openseek-3-5b32924d3 GT=[33, 32] ✅ (1457ch, attempts=1, 6.4s)
2026-05-01 11:48:10,005 [INFO] HTTP Request: POST http://localhost:2026/v1/chat/completions "HTTP/1.1 200 OK"
2026-05-01 11:48:10,006 [INFO] [781/3987] id=openseek-3-13fb23159 GT=[568, 136, 43, 95, 256, 11, 10] ✅ (2057ch, attempts=1, 13.1s)
2026-05-01 11:48:13,304 [INFO] HTTP Request: POST http://localhost:2026/v1/chat/completions "HTTP/1.1 200 OK"
2026-05-01 11:48:13,305 [INFO] [782/3987] id=openseek-3-fe8ccdcad GT=[87, 54, 160, 22, 172] ✅ (1581ch, attempts=1, 9.7s)
2026-05-01 11:48:20,839 [INFO] HTTP Request: POST http://localhost:2026/v1/chat/completions "HTTP/1.1 200 OK"
2026-05-01 11:48:20,840 [INFO] [783/3987] id=openseek-3-722e12792 GT=[70, 33, 352, 49, 52, 52] ✅ (1749ch, attempts=1, 10.8s)
2026-05-01 11:48:21,099 [INFO] HTTP Request: POST http://localhost:2026/v1/chat/completions "HTTP/1.1 200 OK"
2026-05-01 11:48:21,100 [INFO] [784/3987] id=openseek-3-ed1fc90ca GT=[60, 124, 74, 3, 550, 48, 46] ✅ (2637ch, attempts=1, 15.9s)
2026-05-01 11:48:22,580 [INFO] HTTP Request: POST http://localhost:2026/v1/chat/completions "HTTP/1.1 200 OK"
2026-05-01 11:48:22,582 [INFO] [785/3987] id=openseek-3-c6a83fd45 GT=[97, 172, 12] ✅ (1814ch, attempts=1, 9.3s)
2026-05-01 11:48:29,964 [INFO] HTTP Request: POST http://localhost:2026/v1/chat/completions "HTTP/1.1 200 OK"
2026-05-01 11:48:29,965 [INFO] [786/3987] id=openseek-3-046e2ed68 GT=[49, 466, 49, 47] ✅ (1607ch, attempts=1, 9.1s)
2026-05-01 11:48:31,255 [INFO] HTTP Request: POST http://localhost:2026/v1/chat/completions "HTTP/1.1 200 OK"
2026-05-01 11:48:31,256 [INFO] [787/3987] id=openseek-3-ac32762d1 GT=[85, 58, 33] ✅ (2041ch, attempts=1, 10.2s)
2026-05-01 11:48:36,058 [INFO] HTTP Request: POST http://localhost:2026/v1/chat/completions "HTTP/1.1 200 OK"
2026-05-01 11:48:36,060 [INFO] [788/3987] id=openseek-3-e7a25d115 GT=[40, 328, 57, 16, 55, 310, 53] ✅ (2097ch, attempts=1, 13.5s)
2026-05-01 11:48:38,077 [INFO] HTTP Request: POST http://localhost:2026/v1/chat/completions "HTTP/1.1 200 OK"
2026-05-01 11:48:38,079 [INFO] [789/3987] id=openseek-3-a83068b51 GT=[43, 77, 84, 59, 96] ✅ (1370ch, attempts=1, 8.1s)
2026-05-01 11:48:43,658 [INFO] HTTP Request: POST http://localhost:2026/v1/chat/completions "HTTP/1.1 200 OK"
2026-05-01 11:48:43,659 [INFO] [790/3987] id=openseek-3-2eddffe77 GT=[166, 74, 274, 59, 64] ✅ (1946ch, attempts=1, 12.4s)
2026-05-01 11:48:45,592 [INFO] HTTP Request: POST http://localhost:2026/v1/chat/completions "HTTP/1.1 200 OK"
2026-05-01 11:48:45,593 [INFO] [791/3987] id=openseek-3-29eb4a2da GT=[298, 38] ✅ (1499ch, attempts=1, 7.5s)
2026-05-01 11:48:54,155 [INFO] HTTP Request: POST http://localhost:2026/v1/chat/completions "HTTP/1.1 200 OK"
2026-05-01 11:48:54,156 [INFO] [792/3987] id=openseek-3-a8393e38b GT=[484, 54, 172, 71, 316, 24, 310, 418, 37 ✅ (2634ch, attempts=1, 18.1s)
2026-05-01 11:48:56,045 [INFO] HTTP Request: POST http://localhost:2026/v1/chat/completions "HTTP/1.1 200 OK"
2026-05-01 11:48:56,046 [INFO] [793/3987] id=openseek-3-851270676 GT=[61, 86, 37, 49, 25, 196] ✅ (2096ch, attempts=1, 12.4s)
2026-05-01 11:48:59,065 [INFO] HTTP Request: POST http://localhost:2026/v1/chat/completions "HTTP/1.1 200 OK"
2026-05-01 11:48:59,066 [INFO] [794/3987] id=openseek-3-6e535d676 GT=[442, 544, 87, 32] ✅ (2574ch, attempts=1, 13.5s)
2026-05-01 11:49:06,232 [INFO] HTTP Request: POST http://localhost:2026/v1/chat/completions "HTTP/1.1 200 OK"
2026-05-01 11:49:06,233 [INFO] [795/3987] id=openseek-3-3e0e7c7d8 GT=[85, 22, 23] ✅ (1950ch, attempts=1, 10.2s)
2026-05-01 11:49:07,001 [INFO] HTTP Request: POST http://localhost:2026/v1/chat/completions "HTTP/1.1 200 OK"
2026-05-01 11:49:07,002 [INFO] [796/3987] id=openseek-3-2c7d87320 GT=[69, 80, 130] ✅ (1499ch, attempts=1, 7.9s)
2026-05-01 11:49:09,580 [INFO] HTTP Request: POST http://localhost:2026/v1/chat/completions "HTTP/1.1 200 OK"
2026-05-01 11:49:09,582 [INFO] [797/3987] id=openseek-3-04ba98d88 GT=[89, 3, 76, 64, 54, 298, 208] ✅ (2680ch, attempts=1, 15.4s)
2026-05-01 11:49:19,817 [INFO] HTTP Request: POST http://localhost:2026/v1/chat/completions "HTTP/1.1 200 OK"
2026-05-01 11:49:19,818 [INFO] [798/3987] id=openseek-3-75c9db840 GT=[71, 292, 154, 586] ✅ (2236ch, attempts=1, 12.8s)
2026-05-01 11:49:27,130 [INFO] HTTP Request: POST http://localhost:2026/v1/chat/completions "HTTP/1.1 200 OK"
2026-05-01 11:49:27,132 [INFO] [799/3987] id=openseek-3-34333c376 GT=[550, 41, 238, 2, 40, 31] ✅ (2913ch, attempts=1, 17.5s)
2026-05-01 11:49:35,830 [INFO] HTTP Request: POST http://localhost:2026/v1/chat/completions "HTTP/1.1 200 OK"
2026-05-01 11:49:35,831 [INFO] [800/3987] id=openseek-3-71fccffcd GT=[82, 478, 52, 23, 250, 45, 142, 37, 96] ✅ (4931ch, attempts=1, 29.6s)
2026-05-01 11:49:35,862 [INFO]   💾 已保存 (成功=800 验证通过=800 降级=0) | 4.7s/条均值 | ETA=249min
2026-05-01 11:49:39,772 [INFO] HTTP Request: POST http://localhost:2026/v1/chat/completions "HTTP/1.1 200 OK"
2026-05-01 11:49:39,774 [INFO] [801/3987] id=openseek-3-1be4d7861 GT=[56, 49, 364, 526, 87, 238, 502] ✅ (3153ch, attempts=1, 20.0s)
2026-05-01 11:49:47,241 [INFO] HTTP Request: POST http://localhost:2026/v1/chat/completions "HTTP/1.1 200 OK"
2026-05-01 11:49:47,242 [INFO] [802/3987] id=openseek-3-4567d6d99 GT=[400, 418, 154, 166] ✅ (1924ch, attempts=1, 11.4s)
2026-05-01 11:49:53,944 [INFO] HTTP Request: POST http://localhost:2026/v1/chat/completions "HTTP/1.1 200 OK"
2026-05-01 11:49:53,945 [INFO] [803/3987] id=openseek-3-df4a543ed GT=[178, 9, 262, 40, 406, 41, 70, 526, 238] ✅ (3999ch, attempts=1, 26.8s)
2026-05-01 11:49:55,970 [INFO] HTTP Request: POST http://localhost:2026/v1/chat/completions "HTTP/1.1 200 OK"
2026-05-01 11:49:55,971 [INFO] [804/3987] id=openseek-3-10e24de06 GT=[35, 52, 68, 88, 85, 17, 51, 61] ✅ (2523ch, attempts=1, 16.2s)
2026-05-01 11:49:58,200 [INFO] HTTP Request: POST http://localhost:2026/v1/chat/completions "HTTP/1.1 200 OK"
2026-05-01 11:49:58,201 [INFO] [805/3987] id=openseek-3-4f1e9f8c2 GT=[79, 22, 68, 6, 66] ✅ (1847ch, attempts=1, 11.0s)
2026-05-01 11:50:09,618 [INFO] HTTP Request: POST http://localhost:2026/v1/chat/completions "HTTP/1.1 200 OK"
2026-05-01 11:50:09,620 [INFO] [806/3987] id=openseek-3-5f0aaccb2 GT=[226, 220, 20] ✅ (2183ch, attempts=1, 11.4s)
2026-05-01 11:50:10,878 [INFO] HTTP Request: POST http://localhost:2026/v1/chat/completions "HTTP/1.1 200 OK"
2026-05-01 11:50:10,880 [INFO] [807/3987] id=openseek-3-0d625f496 GT=[196, 436, 334, 26, 32, 256] ✅ (2394ch, attempts=1, 14.9s)
2026-05-01 11:50:16,172 [INFO] HTTP Request: POST http://localhost:2026/v1/chat/completions "HTTP/1.1 200 OK"
2026-05-01 11:50:16,173 [INFO] [808/3987] id=openseek-3-91866a5f2 GT=[400, 124, 93, 81, 304, 89, 17, 9, 298] ✅ (3684ch, attempts=1, 22.2s)
2026-05-01 11:50:17,752 [INFO] HTTP Request: POST http://localhost:2026/v1/chat/completions "HTTP/1.1 200 OK"
2026-05-01 11:50:17,753 [INFO] [809/3987] id=openseek-3-202671578 GT=[55, 56] ✅ (1803ch, attempts=1, 8.1s)
2026-05-01 11:50:20,503 [INFO] HTTP Request: POST http://localhost:2026/v1/chat/completions "HTTP/1.1 200 OK"
2026-05-01 11:50:20,504 [INFO] [810/3987] id=openseek-3-f31518589 GT=[178, 256, 89] ✅ (1844ch, attempts=1, 9.6s)
2026-05-01 11:50:26,790 [INFO] HTTP Request: POST http://localhost:2026/v1/chat/completions "HTTP/1.1 200 OK"
2026-05-01 11:50:26,791 [INFO] [811/3987] id=openseek-3-726c79c33 GT=[44, 59, 382] ✅ (1796ch, attempts=1, 9.0s)
2026-05-01 11:50:33,549 [INFO] HTTP Request: POST http://localhost:2026/v1/chat/completions "HTTP/1.1 200 OK"
2026-05-01 11:50:33,550 [INFO] [812/3987] id=openseek-3-334cc496b GT=[91, 61, 322, 81, 292, 25, 376, 130] ✅ (2735ch, attempts=1, 17.4s)
2026-05-01 11:50:35,870 [INFO] HTTP Request: POST http://localhost:2026/v1/chat/completions "HTTP/1.1 200 OK"
2026-05-01 11:50:35,872 [INFO] [813/3987] id=openseek-3-08205a588 GT=[16, 23, 220, 6, 2, 430, 12, 370] ✅ (2571ch, attempts=1, 15.4s)
2026-05-01 11:50:41,381 [INFO] HTTP Request: POST http://localhost:2026/v1/chat/completions "HTTP/1.1 200 OK"
2026-05-01 11:50:41,382 [INFO] [814/3987] id=openseek-3-ac37d034d GT=[124, 44, 45, 514, 100, 556] ✅ (2344ch, attempts=1, 14.6s)
2026-05-01 11:50:42,259 [INFO] HTTP Request: POST http://localhost:2026/v1/chat/completions "HTTP/1.1 200 OK"
2026-05-01 11:50:42,260 [INFO] [815/3987] id=openseek-3-1e4faeba1 GT=[232, 48, 148] ✅ (1546ch, attempts=1, 8.7s)
2026-05-01 11:50:47,168 [INFO] HTTP Request: POST http://localhost:2026/v1/chat/completions "HTTP/1.1 200 OK"
2026-05-01 11:50:47,169 [INFO] [816/3987] id=openseek-3-a811c345d GT=[208, 412, 40, 502, 74] ✅ (1806ch, attempts=1, 11.3s)
2026-05-01 11:50:53,656 [INFO] HTTP Request: POST http://localhost:2026/v1/chat/completions "HTTP/1.1 200 OK"
2026-05-01 11:50:53,657 [INFO] [817/3987] id=openseek-3-2b495ba5a GT=[64, 42, 76, 514, 36, 64] ✅ (1965ch, attempts=1, 11.4s)
2026-05-01 11:51:02,942 [INFO] HTTP Request: POST http://localhost:2026/v1/chat/completions "HTTP/1.1 200 OK"
2026-05-01 11:51:02,943 [INFO] [818/3987] id=openseek-3-8c075d667 GT=[64, 70, 430, 160, 1, 55, 54, 136, 24] ✅ (3377ch, attempts=1, 21.6s)
2026-05-01 11:51:03,935 [INFO] HTTP Request: POST http://localhost:2026/v1/chat/completions "HTTP/1.1 200 OK"
2026-05-01 11:51:03,937 [INFO] [819/3987] id=openseek-3-24a80fb54 GT=[22, 50, 544, 436, 97, 15, 40, 37, 568] ✅ (2578ch, attempts=1, 16.8s)
2026-05-01 11:51:06,998 [INFO] HTTP Request: POST http://localhost:2026/v1/chat/completions "HTTP/1.1 200 OK"
2026-05-01 11:51:06,999 [INFO] [820/3987] id=openseek-3-08ea3b0af GT=[136, 82, 63, 172, 42, 39] ✅ (2169ch, attempts=1, 13.3s)
2026-05-01 11:51:13,452 [INFO] HTTP Request: POST http://localhost:2026/v1/chat/completions "HTTP/1.1 200 OK"
2026-05-01 11:51:13,453 [INFO] [821/3987] id=openseek-3-42d1142ea GT=[19, 502, 64] ✅ (2158ch, attempts=1, 10.5s)
2026-05-01 11:51:14,126 [INFO] HTTP Request: POST http://localhost:2026/v1/chat/completions "HTTP/1.1 200 OK"
2026-05-01 11:51:14,128 [INFO] [822/3987] id=openseek-3-af254c53d GT=[56, 214, 69] ✅ (1911ch, attempts=1, 10.2s)
2026-05-01 11:51:21,821 [INFO] HTTP Request: POST http://localhost:2026/v1/chat/completions "HTTP/1.1 200 OK"
2026-05-01 11:51:21,822 [INFO] [823/3987] id=openseek-3-af794baad GT=[514, 178, 49, 394, 92, 52, 94] ✅ (2372ch, attempts=1, 14.8s)
2026-05-01 11:51:31,852 [INFO] HTTP Request: POST http://localhost:2026/v1/chat/completions "HTTP/1.1 200 OK"
2026-05-01 11:51:31,854 [INFO] [824/3987] id=openseek-3-a13c3165d GT=[406, 394, 514, 430, 64, 30] ✅ (2901ch, attempts=1, 17.7s)
2026-05-01 11:51:32,409 [INFO] HTTP Request: POST http://localhost:2026/v1/chat/completions "HTTP/1.1 200 OK"
2026-05-01 11:51:32,410 [INFO] [825/3987] id=openseek-3-93111ecf1 GT=[95, 47, 316] ✅ (1975ch, attempts=1, 10.6s)
2026-05-01 11:51:32,579 [INFO] HTTP Request: POST http://localhost:2026/v1/chat/completions "HTTP/1.1 200 OK"
2026-05-01 11:51:32,580 [INFO] [826/3987] id=openseek-3-6804d80b7 GT=[244, 56, 81, 250, 10, 262, 72, 55] ✅ (3074ch, attempts=1, 19.1s)
2026-05-01 11:51:43,069 [INFO] HTTP Request: POST http://localhost:2026/v1/chat/completions "HTTP/1.1 200 OK"
2026-05-01 11:51:43,070 [INFO] [827/3987] id=openseek-3-f4ec972dd GT=[328, 508, 41] ✅ (2051ch, attempts=1, 11.2s)
2026-05-01 11:51:45,155 [INFO] HTTP Request: POST http://localhost:2026/v1/chat/completions "HTTP/1.1 200 OK"
2026-05-01 11:51:45,156 [INFO] [828/3987] id=openseek-3-be21a277c GT=[454, 598, 496] ✅ (2253ch, attempts=1, 12.7s)
2026-05-01 11:51:48,989 [INFO] HTTP Request: POST http://localhost:2026/v1/chat/completions "HTTP/1.1 200 OK"
2026-05-01 11:51:48,990 [INFO] [829/3987] id=openseek-3-1beef6205 GT=[53, 28, 310, 13, 49, 32, 71, 63, 39] ✅ (2683ch, attempts=1, 16.4s)
2026-05-01 11:51:56,868 [INFO] HTTP Request: POST http://localhost:2026/v1/chat/completions "HTTP/1.1 200 OK"
2026-05-01 11:51:56,869 [INFO] [830/3987] id=openseek-3-1eceee07d GT=[178, 364, 8] ✅ (2721ch, attempts=1, 13.8s)
2026-05-01 11:51:58,334 [INFO] HTTP Request: POST http://localhost:2026/v1/chat/completions "HTTP/1.1 200 OK"
2026-05-01 11:51:58,335 [INFO] [831/3987] id=openseek-3-ece82977b GT=[424, 376, 136, 85, 55] ✅ (2131ch, attempts=1, 13.2s)
2026-05-01 11:52:07,389 [INFO] HTTP Request: POST http://localhost:2026/v1/chat/completions "HTTP/1.1 200 OK"
2026-05-01 11:52:07,391 [INFO] [832/3987] id=openseek-3-4d72f72e0 GT=[98, 592, 65, 6, 358, 160, 69, 97, 400] ✅ (2842ch, attempts=1, 18.4s)
2026-05-01 11:52:08,656 [INFO] HTTP Request: POST http://localhost:2026/v1/chat/completions "HTTP/1.1 200 OK"
2026-05-01 11:52:08,658 [INFO] [833/3987] id=openseek-3-653d165f2 GT=[514, 25, 88, 57, 358, 262] ✅ (1904ch, attempts=1, 11.8s)
2026-05-01 11:52:15,125 [INFO] HTTP Request: POST http://localhost:2026/v1/chat/completions "HTTP/1.1 200 OK"
2026-05-01 11:52:15,127 [INFO] [834/3987] id=openseek-3-d2584cc84 GT=[100, 93, 10, 412, 340, 208, 33] ✅ (2635ch, attempts=1, 16.8s)
2026-05-01 11:52:18,381 [INFO] HTTP Request: POST http://localhost:2026/v1/chat/completions "HTTP/1.1 200 OK"
2026-05-01 11:52:18,383 [INFO] [835/3987] id=openseek-3-e62007015 GT=[538, 60, 226, 514, 54] ✅ (1919ch, attempts=1, 11.0s)
2026-05-01 11:52:20,977 [INFO] HTTP Request: POST http://localhost:2026/v1/chat/completions "HTTP/1.1 200 OK"
2026-05-01 11:52:20,979 [INFO] [836/3987] id=openseek-3-8dbd01035 GT=[28, 3, 28, 286, 538] ✅ (2055ch, attempts=1, 12.3s)
2026-05-01 11:52:30,068 [INFO] HTTP Request: POST http://localhost:2026/v1/chat/completions "HTTP/1.1 200 OK"
2026-05-01 11:52:30,069 [INFO] [837/3987] id=openseek-3-8db52caa0 GT=[59, 76, 42, 322, 74, 58, 88] ✅ (2584ch, attempts=1, 14.9s)
2026-05-01 11:52:32,425 [INFO] HTTP Request: POST http://localhost:2026/v1/chat/completions "HTTP/1.1 200 OK"
2026-05-01 11:52:32,427 [INFO] [838/3987] id=openseek-3-b79258bfd GT=[40, 23, 24, 38] ✅ (2248ch, attempts=1, 11.4s)
2026-05-01 11:52:38,855 [INFO] HTTP Request: POST http://localhost:2026/v1/chat/completions "HTTP/1.1 200 OK"
2026-05-01 11:52:38,857 [INFO] [839/3987] id=openseek-3-96027082c GT=[22, 48, 75, 11, 25, 154, 586, 7] ✅ (3248ch, attempts=1, 20.5s)
2026-05-01 11:52:39,936 [INFO] HTTP Request: POST http://localhost:2026/v1/chat/completions "HTTP/1.1 200 OK"
2026-05-01 11:52:39,937 [INFO] [840/3987] id=openseek-3-500b7c106 GT=[226, 142] ✅ (1996ch, attempts=1, 9.9s)
2026-05-01 11:52:43,857 [INFO] HTTP Request: POST http://localhost:2026/v1/chat/completions "HTTP/1.1 200 OK"
2026-05-01 11:52:43,858 [INFO] [841/3987] id=openseek-3-59af10118 GT=[394, 37, 556] ✅ (2096ch, attempts=1, 11.4s)
2026-05-01 11:52:47,895 [INFO] HTTP Request: POST http://localhost:2026/v1/chat/completions "HTTP/1.1 200 OK"
2026-05-01 11:52:47,897 [INFO] [842/3987] id=openseek-3-c76d6ea4e GT=[592, 328] ✅ (1536ch, attempts=1, 8.0s)
2026-05-01 11:52:48,508 [INFO] HTTP Request: POST http://localhost:2026/v1/chat/completions "HTTP/1.1 200 OK"
2026-05-01 11:52:48,510 [INFO] [843/3987] id=openseek-3-22dfb6685 GT=[34, 64, 250, 346, 46, 160, 68] ✅ (1408ch, attempts=1, 9.7s)
2026-05-01 11:52:52,507 [INFO] HTTP Request: POST http://localhost:2026/v1/chat/completions "HTTP/1.1 200 OK"
2026-05-01 11:52:52,508 [INFO] [844/3987] id=openseek-3-3ebadf9fe GT=[51, 79, 40, 90, 286] ✅ (1501ch, attempts=1, 8.7s)
2026-05-01 11:52:57,940 [INFO] HTTP Request: POST http://localhost:2026/v1/chat/completions "HTTP/1.1 200 OK"
2026-05-01 11:52:57,941 [INFO] [845/3987] id=openseek-3-a9810acbe GT=[60, 76] ✅ (2060ch, attempts=1, 9.4s)
2026-05-01 11:53:03,328 [INFO] HTTP Request: POST http://localhost:2026/v1/chat/completions "HTTP/1.1 200 OK"
2026-05-01 11:53:03,329 [INFO] [846/3987] id=openseek-3-931bae136 GT=[400, 316, 268] ✅ (1830ch, attempts=1, 10.8s)
2026-05-01 11:53:10,327 [INFO] HTTP Request: POST http://localhost:2026/v1/chat/completions "HTTP/1.1 200 OK"
2026-05-01 11:53:10,329 [INFO] [847/3987] id=openseek-3-6cdfe5fa3 GT=[490, 64, 100, 424, 20, 26, 232, 322, 54 ✅ (3451ch, attempts=1, 22.4s)
2026-05-01 11:53:19,257 [INFO] HTTP Request: POST http://localhost:2026/v1/chat/completions "HTTP/1.1 200 OK"
2026-05-01 11:53:19,258 [INFO] [848/3987] id=openseek-3-3c05771df GT=[52, 514, 46, 96, 63, 226, 27, 35] ✅ (3253ch, attempts=1, 21.3s)
2026-05-01 11:53:21,312 [INFO] HTTP Request: POST http://localhost:2026/v1/chat/completions "HTTP/1.1 200 OK"
2026-05-01 11:53:21,313 [INFO] [849/3987] id=openseek-3-af529023b GT=[526, 70, 376, 1, 11, 40, 442] ✅ (2962ch, attempts=1, 18.0s)
2026-05-01 11:53:22,107 [INFO] HTTP Request: POST http://localhost:2026/v1/chat/completions "HTTP/1.1 200 OK"
2026-05-01 11:53:22,109 [INFO] [850/3987] id=openseek-3-7cb0259b5 GT=[274, 172, 436, 412] ✅ (1757ch, attempts=1, 11.8s)
2026-05-01 11:53:22,136 [INFO]   💾 已保存 (成功=850 验证通过=850 降级=0) | 4.7s/条均值 | ETA=245min
2026-05-01 11:53:31,118 [INFO] HTTP Request: POST http://localhost:2026/v1/chat/completions "HTTP/1.1 200 OK"
2026-05-01 11:53:31,119 [INFO] [851/3987] id=openseek-3-2ab5a1484 GT=[19, 274, 130, 310] ✅ (2098ch, attempts=1, 11.9s)
2026-05-01 11:53:31,271 [INFO] HTTP Request: POST http://localhost:2026/v1/chat/completions "HTTP/1.1 200 OK"
2026-05-01 11:53:31,273 [INFO] [852/3987] id=openseek-3-317131990 GT=[14, 53] ✅ (1795ch, attempts=1, 9.2s)
2026-05-01 11:53:32,588 [INFO] HTTP Request: POST http://localhost:2026/v1/chat/completions "HTTP/1.1 200 OK"
2026-05-01 11:53:32,589 [INFO] [853/3987] id=openseek-3-3c4e02a9e GT=[16, 364, 232, 586, 448] ✅ (1644ch, attempts=1, 11.3s)
2026-05-01 11:53:39,872 [INFO] HTTP Request: POST http://localhost:2026/v1/chat/completions "HTTP/1.1 200 OK"
2026-05-01 11:53:39,873 [INFO] [854/3987] id=openseek-3-c4978ee69 GT=[358, 12, 7] ✅ (1754ch, attempts=1, 8.8s)
2026-05-01 11:53:51,103 [INFO] HTTP Request: POST http://localhost:2026/v1/chat/completions "HTTP/1.1 200 OK"
2026-05-01 11:53:51,104 [INFO] [855/3987] id=openseek-3-cedfbfb2e GT=[118, 178, 424, 24, 592, 262, 88] ✅ (3020ch, attempts=1, 19.8s)
2026-05-01 11:53:51,397 [INFO] HTTP Request: POST http://localhost:2026/v1/chat/completions "HTTP/1.1 200 OK"
2026-05-01 11:53:51,398 [INFO] [856/3987] id=openseek-3-f1c119d77 GT=[10, 90, 466, 334] ✅ (1995ch, attempts=1, 11.5s)
2026-05-01 11:53:57,333 [INFO] HTTP Request: POST http://localhost:2026/v1/chat/completions "HTTP/1.1 200 OK"
2026-05-01 11:53:57,334 [INFO] [857/3987] id=openseek-3-dc749302c GT=[142, 316, 76, 124, 100, 382, 66, 118] ✅ (4019ch, attempts=1, 24.7s)
2026-05-01 11:54:00,459 [INFO] HTTP Request: POST http://localhost:2026/v1/chat/completions "HTTP/1.1 200 OK"
2026-05-01 11:54:00,461 [INFO] [858/3987] id=openseek-3-5ff967f27 GT=[81, 90, 30, 118, 24] ✅ (1472ch, attempts=1, 9.4s)
2026-05-01 11:54:01,914 [INFO] HTTP Request: POST http://localhost:2026/v1/chat/completions "HTTP/1.1 200 OK"
2026-05-01 11:54:01,915 [INFO] [859/3987] id=openseek-3-47cf97270 GT=[94, 31, 65] ✅ (2167ch, attempts=1, 10.5s)
2026-05-01 11:54:13,389 [INFO] HTTP Request: POST http://localhost:2026/v1/chat/completions "HTTP/1.1 200 OK"
2026-05-01 11:54:13,390 [INFO] [860/3987] id=openseek-3-788da015b GT=[370, 514, 160] ✅ (2000ch, attempts=1, 11.5s)
2026-05-01 11:54:14,820 [INFO] HTTP Request: POST http://localhost:2026/v1/chat/completions "HTTP/1.1 200 OK"
2026-05-01 11:54:14,821 [INFO] [861/3987] id=openseek-3-e6d1c1463 GT=[496, 81, 29, 460, 208, 178, 11, 1, 346] ✅ (2683ch, attempts=1, 17.5s)
2026-05-01 11:54:17,986 [INFO] HTTP Request: POST http://localhost:2026/v1/chat/completions "HTTP/1.1 200 OK"
2026-05-01 11:54:17,988 [INFO] [862/3987] id=openseek-3-af69ce113 GT=[400, 63, 7, 598, 196, 532, 85, 21] ✅ (2863ch, attempts=1, 17.5s)
2026-05-01 11:54:26,029 [INFO] HTTP Request: POST http://localhost:2026/v1/chat/completions "HTTP/1.1 200 OK"
2026-05-01 11:54:26,030 [INFO] [863/3987] id=openseek-3-9e6f95c77 GT=[232, 38, 98] ✅ (2093ch, attempts=1, 11.2s)
2026-05-01 11:54:28,108 [INFO] HTTP Request: POST http://localhost:2026/v1/chat/completions "HTTP/1.1 200 OK"
2026-05-01 11:54:28,109 [INFO] [864/3987] id=openseek-3-74153eb9a GT=[172, 598, 31, 10, 502, 49] ✅ (2278ch, attempts=1, 14.7s)
2026-05-01 11:54:31,085 [INFO] HTTP Request: POST http://localhost:2026/v1/chat/completions "HTTP/1.1 200 OK"
2026-05-01 11:54:31,086 [INFO] [865/3987] id=openseek-3-627c5b37e GT=[81, 274, 83, 13, 31, 53] ✅ (2167ch, attempts=1, 13.1s)
2026-05-01 11:54:38,675 [INFO] HTTP Request: POST http://localhost:2026/v1/chat/completions "HTTP/1.1 200 OK"
2026-05-01 11:54:38,676 [INFO] [866/3987] id=openseek-3-e00bfaefb GT=[580, 190, 334, 4] ✅ (1771ch, attempts=1, 10.6s)
2026-05-01 11:54:43,289 [INFO] HTTP Request: POST http://localhost:2026/v1/chat/completions "HTTP/1.1 200 OK"
2026-05-01 11:54:43,290 [INFO] [867/3987] id=openseek-3-a1c774655 GT=[220, 65, 424, 54] ✅ (2127ch, attempts=1, 12.2s)
2026-05-01 11:54:47,284 [INFO] HTTP Request: POST http://localhost:2026/v1/chat/completions "HTTP/1.1 200 OK"
2026-05-01 11:54:47,286 [INFO] [868/3987] id=openseek-3-df8e5b022 GT=[34, 4, 526, 11, 19, 478, 99, 27, 532] ✅ (3337ch, attempts=1, 21.3s)
2026-05-01 11:54:49,294 [INFO] HTTP Request: POST http://localhost:2026/v1/chat/completions "HTTP/1.1 200 OK"
2026-05-01 11:54:49,295 [INFO] [869/3987] id=openseek-3-6fe432ff4 GT=[580, 51, 448, 100] ✅ (1872ch, attempts=1, 10.6s)
2026-05-01 11:54:58,508 [INFO] HTTP Request: POST http://localhost:2026/v1/chat/completions "HTTP/1.1 200 OK"
2026-05-01 11:54:58,509 [INFO] [870/3987] id=openseek-3-87ffa5e8c GT=[70, 520, 34, 25, 37] ✅ (1966ch, attempts=1, 11.2s)
2026-05-01 11:55:00,875 [INFO] HTTP Request: POST http://localhost:2026/v1/chat/completions "HTTP/1.1 200 OK"
2026-05-01 11:55:00,876 [INFO] [871/3987] id=openseek-3-1f13b56e4 GT=[6, 118, 166, 226] ✅ (2079ch, attempts=1, 11.6s)
2026-05-01 11:55:03,534 [INFO] HTTP Request: POST http://localhost:2026/v1/chat/completions "HTTP/1.1 200 OK"
2026-05-01 11:55:03,535 [INFO] [872/3987] id=openseek-3-bf9431842 GT=[36, 38, 56, 89, 274, 52, 496, 472, 46] ✅ (3165ch, attempts=1, 20.2s)
2026-05-01 11:55:07,997 [INFO] HTTP Request: POST http://localhost:2026/v1/chat/completions "HTTP/1.1 200 OK"
2026-05-01 11:55:07,998 [INFO] [873/3987] id=openseek-3-7bd50d90a GT=[9, 1, 22, 50] ✅ (1848ch, attempts=1, 9.5s)
2026-05-01 11:55:08,015 [INFO] HTTP Request: POST http://localhost:2026/v1/chat/completions "HTTP/1.1 200 OK"
2026-05-01 11:55:08,016 [INFO] [874/3987] id=openseek-3-24f981ab2 GT=[598, 16] ✅ (1425ch, attempts=1, 7.1s)
2026-05-01 11:55:17,870 [INFO] HTTP Request: POST http://localhost:2026/v1/chat/completions "HTTP/1.1 200 OK"
2026-05-01 11:55:17,871 [INFO] [875/3987] id=openseek-3-c85afaffe GT=[250, 514, 37, 82, 84, 51] ✅ (2386ch, attempts=1, 14.3s)
2026-05-01 11:55:19,346 [INFO] HTTP Request: POST http://localhost:2026/v1/chat/completions "HTTP/1.1 200 OK"
2026-05-01 11:55:19,347 [INFO] [876/3987] id=openseek-3-c125c4607 GT=[31, 2, 65, 90, 82, 502] ✅ (1696ch, attempts=1, 11.3s)
2026-05-01 11:55:22,354 [INFO] HTTP Request: POST http://localhost:2026/v1/chat/completions "HTTP/1.1 200 OK"
2026-05-01 11:55:22,355 [INFO] [877/3987] id=openseek-3-c016e0e0f GT=[544, 15, 58, 76, 466] ✅ (2381ch, attempts=1, 14.3s)
2026-05-01 11:55:29,491 [INFO] HTTP Request: POST http://localhost:2026/v1/chat/completions "HTTP/1.1 200 OK"
2026-05-01 11:55:29,492 [INFO] [878/3987] id=openseek-3-4955b1ae3 GT=[34, 72, 508, 148] ✅ (2053ch, attempts=1, 11.6s)
2026-05-01 11:55:38,782 [INFO] HTTP Request: POST http://localhost:2026/v1/chat/completions "HTTP/1.1 200 OK"
2026-05-01 11:55:38,783 [INFO] [879/3987] id=openseek-3-cd1696344 GT=[89, 59, 58, 42, 41, 526, 70, 7] ✅ (2674ch, attempts=1, 16.4s)
2026-05-01 11:55:40,389 [INFO] HTTP Request: POST http://localhost:2026/v1/chat/completions "HTTP/1.1 200 OK"
2026-05-01 11:55:40,391 [INFO] [880/3987] id=openseek-3-e4cc23f55 GT=[82, 142, 27, 78, 8, 340, 95, 75, 448] ✅ (3297ch, attempts=1, 21.0s)
2026-05-01 11:55:45,624 [INFO] HTTP Request: POST http://localhost:2026/v1/chat/completions "HTTP/1.1 200 OK"
2026-05-01 11:55:45,626 [INFO] [881/3987] id=openseek-3-7c4e95992 GT=[85, 208, 10, 7, 53, 34, 4] ✅ (2662ch, attempts=1, 16.1s)
2026-05-01 11:55:55,464 [INFO] HTTP Request: POST http://localhost:2026/v1/chat/completions "HTTP/1.1 200 OK"
2026-05-01 11:55:55,465 [INFO] [882/3987] id=openseek-3-77260234f GT=[382, 12, 496, 78, 46, 34, 256] ✅ (2751ch, attempts=1, 16.7s)
2026-05-01 11:55:58,321 [INFO] HTTP Request: POST http://localhost:2026/v1/chat/completions "HTTP/1.1 200 OK"
2026-05-01 11:55:58,323 [INFO] [883/3987] id=openseek-3-4f9162b70 GT=[256, 26, 556, 100, 50, 232] ✅ (2044ch, attempts=1, 12.7s)
2026-05-01 11:55:59,961 [INFO] HTTP Request: POST http://localhost:2026/v1/chat/completions "HTTP/1.1 200 OK"
2026-05-01 11:55:59,963 [INFO] [884/3987] id=openseek-3-8e5d8c530 GT=[59, 7, 184, 34, 51, 550, 304, 85, 250] ✅ (2968ch, attempts=1, 19.6s)
2026-05-01 11:56:09,906 [INFO] HTTP Request: POST http://localhost:2026/v1/chat/completions "HTTP/1.1 200 OK"
2026-05-01 11:56:09,907 [INFO] [885/3987] id=openseek-3-121a96d02 GT=[55, 358, 27, 79] ✅ (1769ch, attempts=1, 9.9s)
2026-05-01 11:56:13,641 [INFO] HTTP Request: POST http://localhost:2026/v1/chat/completions "HTTP/1.1 200 OK"
2026-05-01 11:56:13,642 [INFO] [886/3987] id=openseek-3-78103058a GT=[484, 86, 52, 412, 208, 25, 61, 178] ✅ (2854ch, attempts=1, 18.2s)
2026-05-01 11:56:16,140 [INFO] HTTP Request: POST http://localhost:2026/v1/chat/completions "HTTP/1.1 200 OK"
2026-05-01 11:56:16,142 [INFO] [887/3987] id=openseek-3-c7e368f9e GT=[112, 37, 208, 57, 448, 208] ✅ (3032ch, attempts=1, 17.8s)
2026-05-01 11:56:17,520 [INFO] HTTP Request: POST http://localhost:2026/v1/chat/completions "HTTP/1.1 200 OK"
2026-05-01 11:56:17,522 [INFO] [888/3987] id=openseek-3-890a8f667 GT=[202, 42] ✅ (1518ch, attempts=1, 7.6s)
2026-05-01 11:56:27,928 [INFO] HTTP Request: POST http://localhost:2026/v1/chat/completions "HTTP/1.1 200 OK"
2026-05-01 11:56:27,929 [INFO] [889/3987] id=openseek-3-59b21e1f2 GT=[484, 28] ✅ (2135ch, attempts=1, 10.4s)
2026-05-01 11:56:31,025 [INFO] HTTP Request: POST http://localhost:2026/v1/chat/completions "HTTP/1.1 200 OK"
2026-05-01 11:56:31,026 [INFO] [890/3987] id=openseek-3-395d6e7be GT=[92, 37, 89, 36, 136, 88, 20, 88, 52] ✅ (2616ch, attempts=1, 17.4s)
2026-05-01 11:56:36,675 [INFO] HTTP Request: POST http://localhost:2026/v1/chat/completions "HTTP/1.1 200 OK"
2026-05-01 11:56:36,676 [INFO] [891/3987] id=openseek-3-7aab32159 GT=[52, 256, 508, 310, 93, 14, 220, 244, 78 ✅ (3180ch, attempts=1, 20.5s)
2026-05-01 11:56:40,228 [INFO] HTTP Request: POST http://localhost:2026/v1/chat/completions "HTTP/1.1 200 OK"
2026-05-01 11:56:40,230 [INFO] [892/3987] id=openseek-3-f6a59443e GT=[73, 22, 220] ✅ (2325ch, attempts=1, 12.3s)
2026-05-01 11:56:45,465 [INFO] HTTP Request: POST http://localhost:2026/v1/chat/completions "HTTP/1.1 200 OK"
2026-05-01 11:56:45,466 [INFO] [893/3987] id=openseek-3-fcfd57597 GT=[3, 58, 94, 36] ✅ (1626ch, attempts=1, 8.8s)
2026-05-01 11:56:49,530 [INFO] HTTP Request: POST http://localhost:2026/v1/chat/completions "HTTP/1.1 200 OK"
2026-05-01 11:56:49,531 [INFO] [894/3987] id=openseek-3-034048b32 GT=[70, 424, 59] ✅ (1849ch, attempts=1, 9.3s)
2026-05-01 11:56:53,228 [INFO] HTTP Request: POST http://localhost:2026/v1/chat/completions "HTTP/1.1 200 OK"
2026-05-01 11:56:53,229 [INFO] [895/3987] id=openseek-3-e5dd7750d GT=[12, 36, 52, 496, 62, 178, 9, 34] ✅ (3816ch, attempts=1, 22.2s)
2026-05-01 11:56:58,145 [INFO] HTTP Request: POST http://localhost:2026/v1/chat/completions "HTTP/1.1 200 OK"
2026-05-01 11:56:58,147 [INFO] [896/3987] id=openseek-3-5ccb9b5ec GT=[58, 100, 71, 7] ✅ (1471ch, attempts=1, 8.6s)
2026-05-01 11:57:00,686 [INFO] HTTP Request: POST http://localhost:2026/v1/chat/completions "HTTP/1.1 200 OK"
2026-05-01 11:57:00,687 [INFO] [897/3987] id=openseek-3-7d3a4ebf7 GT=[424, 9, 118, 18, 29, 130, 508] ✅ (2475ch, attempts=1, 15.2s)
2026-05-01 11:57:06,519 [INFO] HTTP Request: POST http://localhost:2026/v1/chat/completions "HTTP/1.1 200 OK"
2026-05-01 11:57:06,520 [INFO] [898/3987] id=openseek-3-04327f29f GT=[100, 57, 118, 53, 44, 81] ✅ (2211ch, attempts=1, 13.3s)
2026-05-01 11:57:09,635 [INFO] HTTP Request: POST http://localhost:2026/v1/chat/completions "HTTP/1.1 200 OK"
2026-05-01 11:57:09,636 [INFO] [899/3987] id=openseek-3-dd435b5a7 GT=[196, 13, 74, 10, 84] ✅ (2022ch, attempts=1, 11.5s)
2026-05-01 11:57:10,848 [INFO] HTTP Request: POST http://localhost:2026/v1/chat/completions "HTTP/1.1 200 OK"
2026-05-01 11:57:10,849 [INFO] [900/3987] id=openseek-3-377e480a2 GT=[82, 48, 136] ✅ (1984ch, attempts=1, 10.2s)
2026-05-01 11:57:10,878 [INFO]   💾 已保存 (成功=900 验证通过=900 降级=0) | 4.7s/条均值 | ETA=240min
2026-05-01 11:57:19,513 [INFO] HTTP Request: POST http://localhost:2026/v1/chat/completions "HTTP/1.1 200 OK"
2026-05-01 11:57:19,514 [INFO] [901/3987] id=openseek-3-3018b46f0 GT=[88, 322, 76, 130] ✅ (2233ch, attempts=1, 13.0s)
2026-05-01 11:57:21,367 [INFO] HTTP Request: POST http://localhost:2026/v1/chat/completions "HTTP/1.1 200 OK"
2026-05-01 11:57:21,368 [INFO] [902/3987] id=openseek-3-e6cc2e9c3 GT=[3, 76, 454, 81] ✅ (2070ch, attempts=1, 11.7s)
2026-05-01 11:57:23,143 [INFO] HTTP Request: POST http://localhost:2026/v1/chat/completions "HTTP/1.1 200 OK"
2026-05-01 11:57:23,144 [INFO] [903/3987] id=openseek-3-d8bf8d603 GT=[40, 40, 27, 70, 100, 31] ✅ (2131ch, attempts=1, 12.3s)
2026-05-01 11:57:27,981 [INFO] HTTP Request: POST http://localhost:2026/v1/chat/completions "HTTP/1.1 200 OK"
2026-05-01 11:57:27,982 [INFO] [904/3987] id=openseek-3-7166004d2 GT=[148, 43] ✅ (1794ch, attempts=1, 8.5s)
2026-05-01 11:57:31,132 [INFO] HTTP Request: POST http://localhost:2026/v1/chat/completions "HTTP/1.1 200 OK"
2026-05-01 11:57:31,133 [INFO] [905/3987] id=openseek-3-c91995161 GT=[92, 292] ✅ (1713ch, attempts=1, 8.0s)
2026-05-01 11:57:32,744 [INFO] HTTP Request: POST http://localhost:2026/v1/chat/completions "HTTP/1.1 200 OK"
2026-05-01 11:57:32,745 [INFO] [906/3987] id=openseek-3-2688eeca6 GT=[74, 78, 88, 48, 418, 292] ✅ (1868ch, attempts=1, 11.4s)
2026-05-01 11:57:44,093 [INFO] HTTP Request: POST http://localhost:2026/v1/chat/completions "HTTP/1.1 200 OK"
2026-05-01 11:57:44,095 [INFO] [907/3987] id=openseek-3-e8d4bb32a GT=[58, 10, 9, 47, 514, 59, 352] ✅ (1657ch, attempts=1, 11.3s)
2026-05-01 11:57:46,070 [INFO] HTTP Request: POST http://localhost:2026/v1/chat/completions "HTTP/1.1 200 OK"
2026-05-01 11:57:46,071 [INFO] [908/3987] id=openseek-3-3c8e652cd GT=[478, 400, 35, 172, 466, 37, 46, 100] ✅ (2750ch, attempts=1, 18.1s)
2026-05-01 11:57:54,916 [INFO] HTTP Request: POST http://localhost:2026/v1/chat/completions "HTTP/1.1 200 OK"
2026-05-01 11:57:54,917 [INFO] [909/3987] id=openseek-3-1c51b9434 GT=[322, 3, 18, 14, 556, 112, 244, 18] ✅ (3974ch, attempts=1, 23.8s)
2026-05-01 11:58:03,261 [INFO] HTTP Request: POST http://localhost:2026/v1/chat/completions "HTTP/1.1 200 OK"
2026-05-01 11:58:03,262 [INFO] [910/3987] id=openseek-3-f186de1ce GT=[586, 568] ✅ (1579ch, attempts=1, 8.3s)
2026-05-01 11:58:06,898 [INFO] HTTP Request: POST http://localhost:2026/v1/chat/completions "HTTP/1.1 200 OK"
2026-05-01 11:58:06,899 [INFO] [911/3987] id=openseek-3-c2d5a3a41 GT=[10, 586, 5, 27, 13, 574, 58] ✅ (3418ch, attempts=1, 20.8s)
2026-05-01 11:58:13,446 [INFO] HTTP Request: POST http://localhost:2026/v1/chat/completions "HTTP/1.1 200 OK"
2026-05-01 11:58:13,448 [INFO] [912/3987] id=openseek-3-61b4cdd8f GT=[310, 598, 352, 8, 64, 69, 382, 90, 262] ✅ (4586ch, attempts=1, 29.4s)
2026-05-01 11:58:16,247 [INFO] HTTP Request: POST http://localhost:2026/v1/chat/completions "HTTP/1.1 200 OK"
2026-05-01 11:58:16,248 [INFO] [913/3987] id=openseek-3-e37247ad6 GT=[7, 298, 26, 49, 99] ✅ (1542ch, attempts=1, 9.3s)
2026-05-01 11:58:21,654 [INFO] HTTP Request: POST http://localhost:2026/v1/chat/completions "HTTP/1.1 200 OK"
2026-05-01 11:58:21,655 [INFO] [914/3987] id=openseek-3-693acaff2 GT=[42, 538, 68, 67, 568, 55, 52] ✅ (2860ch, attempts=1, 18.4s)
2026-05-01 11:58:23,405 [INFO] HTTP Request: POST http://localhost:2026/v1/chat/completions "HTTP/1.1 200 OK"
2026-05-01 11:58:23,406 [INFO] [915/3987] id=openseek-3-16a92f595 GT=[580, 17] ✅ (2039ch, attempts=1, 10.0s)
2026-05-01 11:58:29,043 [INFO] HTTP Request: POST http://localhost:2026/v1/chat/completions "HTTP/1.1 200 OK"
2026-05-01 11:58:29,044 [INFO] [916/3987] id=openseek-3-25e7be103 GT=[262, 460] ✅ (2422ch, attempts=1, 12.8s)
2026-05-01 11:58:31,646 [INFO] HTTP Request: POST http://localhost:2026/v1/chat/completions "HTTP/1.1 200 OK"
2026-05-01 11:58:31,647 [INFO] [917/3987] id=openseek-3-2c086db74 GT=[2, 11, 196] ✅ (1658ch, attempts=1, 8.2s)
2026-05-01 11:58:38,407 [INFO] HTTP Request: POST http://localhost:2026/v1/chat/completions "HTTP/1.1 200 OK"
2026-05-01 11:58:38,408 [INFO] [918/3987] id=openseek-3-7fca8f36b GT=[514, 412] ✅ (1661ch, attempts=1, 9.4s)
2026-05-01 11:58:48,043 [INFO] HTTP Request: POST http://localhost:2026/v1/chat/completions "HTTP/1.1 200 OK"
2026-05-01 11:58:48,044 [INFO] [919/3987] id=openseek-3-20fed11c8 GT=[220, 310, 9, 214, 62, 97, 412, 32] ✅ (4603ch, attempts=1, 26.4s)
2026-05-01 11:58:49,078 [INFO] HTTP Request: POST http://localhost:2026/v1/chat/completions "HTTP/1.1 200 OK"
2026-05-01 11:58:49,080 [INFO] [920/3987] id=openseek-3-1732d33cc GT=[46, 196, 17, 42, 8, 292, 94, 544] ✅ (2722ch, attempts=1, 17.4s)
2026-05-01 11:58:52,880 [INFO] HTTP Request: POST http://localhost:2026/v1/chat/completions "HTTP/1.1 200 OK"
2026-05-01 11:58:52,881 [INFO] [921/3987] id=openseek-3-7cdb82b91 GT=[49, 478, 340, 202, 94, 4] ✅ (2458ch, attempts=1, 14.5s)
2026-05-01 11:58:59,464 [INFO] HTTP Request: POST http://localhost:2026/v1/chat/completions "HTTP/1.1 200 OK"
2026-05-01 11:58:59,465 [INFO] [922/3987] id=openseek-3-c9ec99f98 GT=[28, 76, 424, 42, 274] ✅ (1907ch, attempts=1, 11.4s)
2026-05-01 11:59:02,239 [INFO] HTTP Request: POST http://localhost:2026/v1/chat/completions "HTTP/1.1 200 OK"
2026-05-01 11:59:02,240 [INFO] [923/3987] id=openseek-3-553b7606e GT=[96, 142, 31, 48] ✅ (1613ch, attempts=1, 9.4s)
2026-05-01 11:59:07,312 [INFO] HTTP Request: POST http://localhost:2026/v1/chat/completions "HTTP/1.1 200 OK"
2026-05-01 11:59:07,314 [INFO] [924/3987] id=openseek-3-294abfb74 GT=[68, 514, 514, 17, 79, 106, 388] ✅ (3051ch, attempts=1, 18.2s)
2026-05-01 11:59:09,713 [INFO] HTTP Request: POST http://localhost:2026/v1/chat/completions "HTTP/1.1 200 OK"
2026-05-01 11:59:09,714 [INFO] [925/3987] id=openseek-3-597501e1b GT=[55, 472, 33] ✅ (1350ch, attempts=1, 7.5s)
2026-05-01 11:59:19,410 [INFO] HTTP Request: POST http://localhost:2026/v1/chat/completions "HTTP/1.1 200 OK"
2026-05-01 11:59:19,411 [INFO] [926/3987] id=openseek-3-c19e3a23c GT=[412, 51, 82, 70, 17, 532, 532] ✅ (3383ch, attempts=1, 19.9s)
2026-05-01 11:59:24,381 [INFO] HTTP Request: POST http://localhost:2026/v1/chat/completions "HTTP/1.1 200 OK"
2026-05-01 11:59:24,383 [INFO] [927/3987] id=openseek-3-4a4b0b47c GT=[262, 15, 41, 14, 214, 58, 568] ✅ (2615ch, attempts=1, 17.1s)
2026-05-01 11:59:25,031 [INFO] HTTP Request: POST http://localhost:2026/v1/chat/completions "HTTP/1.1 200 OK"
2026-05-01 11:59:25,032 [INFO] [928/3987] id=openseek-3-bcec670b2 GT=[82, 418, 73, 250, 32, 18, 310, 286] ✅ (2399ch, attempts=1, 15.3s)
2026-05-01 11:59:35,566 [INFO] HTTP Request: POST http://localhost:2026/v1/chat/completions "HTTP/1.1 200 OK"
2026-05-01 11:59:35,568 [INFO] [929/3987] id=openseek-3-f80198c06 GT=[82, 87, 472, 250, 27, 42, 196] ✅ (2434ch, attempts=1, 16.2s)
2026-05-01 11:59:41,273 [INFO] HTTP Request: POST http://localhost:2026/v1/chat/completions "HTTP/1.1 200 OK"
2026-05-01 11:59:41,275 [INFO] [930/3987] id=openseek-3-b63f2735d GT=[520, 47, 76, 262, 16, 53, 26, 184, 454] ✅ (2569ch, attempts=1, 16.2s)
2026-05-01 11:59:43,142 [INFO] HTTP Request: POST http://localhost:2026/v1/chat/completions "HTTP/1.1 200 OK"
2026-05-01 11:59:43,144 [INFO] [931/3987] id=openseek-3-47566f69b GT=[12, 178, 436, 376, 52, 334, 86, 178] ✅ (2884ch, attempts=1, 18.8s)
2026-05-01 11:59:48,560 [INFO] HTTP Request: POST http://localhost:2026/v1/chat/completions "HTTP/1.1 200 OK"
2026-05-01 11:59:48,561 [INFO] [932/3987] id=openseek-3-07cf9b6ac GT=[70, 364, 250, 73, 31] ✅ (2066ch, attempts=1, 13.0s)
2026-05-01 11:59:52,432 [INFO] HTTP Request: POST http://localhost:2026/v1/chat/completions "HTTP/1.1 200 OK"
2026-05-01 11:59:52,433 [INFO] [933/3987] id=openseek-3-99fda6f30 GT=[3, 382, 73] ✅ (1801ch, attempts=1, 9.3s)
2026-05-01 11:59:54,190 [INFO] HTTP Request: POST http://localhost:2026/v1/chat/completions "HTTP/1.1 200 OK"
2026-05-01 11:59:54,192 [INFO] [934/3987] id=openseek-3-2fb99c927 GT=[4, 412, 19, 11, 22, 16] ✅ (2159ch, attempts=1, 12.9s)
2026-05-01 12:00:03,118 [INFO] HTTP Request: POST http://localhost:2026/v1/chat/completions "HTTP/1.1 200 OK"
2026-05-01 12:00:03,119 [INFO] [935/3987] id=openseek-3-9807ed804 GT=[490, 166, 46, 478, 71, 40] ✅ (2277ch, attempts=1, 14.6s)
2026-05-01 12:00:06,877 [INFO] HTTP Request: POST http://localhost:2026/v1/chat/completions "HTTP/1.1 200 OK"
2026-05-01 12:00:06,878 [INFO] [936/3987] id=openseek-3-8c74e8897 GT=[298, 190, 454, 68] ✅ (2051ch, attempts=1, 12.7s)
2026-05-01 12:00:11,372 [INFO] HTTP Request: POST http://localhost:2026/v1/chat/completions "HTTP/1.1 200 OK"
2026-05-01 12:00:11,373 [INFO] [937/3987] id=openseek-3-f2300cec1 GT=[59, 400, 16, 40, 3, 130, 16, 598] ✅ (3204ch, attempts=1, 18.9s)
2026-05-01 12:00:17,302 [INFO] HTTP Request: POST http://localhost:2026/v1/chat/completions "HTTP/1.1 200 OK"
2026-05-01 12:00:17,303 [INFO] [938/3987] id=openseek-3-01dbe3c64 GT=[78, 47, 412, 286, 466, 4] ✅ (2191ch, attempts=1, 14.2s)
2026-05-01 12:00:21,166 [INFO] HTTP Request: POST http://localhost:2026/v1/chat/completions "HTTP/1.1 200 OK"
2026-05-01 12:00:21,167 [INFO] [939/3987] id=openseek-3-4b3aba8f5 GT=[490, 26, 25, 94, 100, 82, 34] ✅ (2352ch, attempts=1, 14.3s)
2026-05-01 12:00:24,507 [INFO] HTTP Request: POST http://localhost:2026/v1/chat/completions "HTTP/1.1 200 OK"
2026-05-01 12:00:24,509 [INFO] [940/3987] id=openseek-3-a30943b2c GT=[17, 18, 418, 100, 178, 58, 27] ✅ (2146ch, attempts=1, 13.1s)
2026-05-01 12:00:32,572 [INFO] HTTP Request: POST http://localhost:2026/v1/chat/completions "HTTP/1.1 200 OK"
2026-05-01 12:00:32,572 [INFO] [941/3987] id=openseek-3-0a8f18df8 GT=[68, 85, 92, 178] ✅ (2015ch, attempts=1, 11.4s)
2026-05-01 12:00:36,734 [INFO] HTTP Request: POST http://localhost:2026/v1/chat/completions "HTTP/1.1 200 OK"
2026-05-01 12:00:36,736 [INFO] [942/3987] id=openseek-3-08bad483f GT=[38, 53, 21, 33, 226, 68, 4, 23] ✅ (3363ch, attempts=1, 19.4s)
2026-05-01 12:00:38,724 [INFO] HTTP Request: POST http://localhost:2026/v1/chat/completions "HTTP/1.1 200 OK"
2026-05-01 12:00:38,725 [INFO] [943/3987] id=openseek-3-8bcde4759 GT=[292, 90, 436, 358, 268] ✅ (2218ch, attempts=1, 14.2s)
2026-05-01 12:00:43,856 [INFO] HTTP Request: POST http://localhost:2026/v1/chat/completions "HTTP/1.1 200 OK"
2026-05-01 12:00:43,857 [INFO] [944/3987] id=openseek-3-7b6a01847 GT=[67, 10, 66] ✅ (2366ch, attempts=1, 11.3s)
2026-05-01 12:00:48,813 [INFO] HTTP Request: POST http://localhost:2026/v1/chat/completions "HTTP/1.1 200 OK"
2026-05-01 12:00:48,814 [INFO] [945/3987] id=openseek-3-4e1fb5fe1 GT=[100, 78, 58] ✅ (2035ch, attempts=1, 10.1s)
2026-05-01 12:00:53,700 [INFO] HTTP Request: POST http://localhost:2026/v1/chat/completions "HTTP/1.1 200 OK"
2026-05-01 12:00:53,701 [INFO] [946/3987] id=openseek-3-0d228dbe8 GT=[82, 268, 280, 202, 52, 73, 490] ✅ (2640ch, attempts=1, 17.0s)
2026-05-01 12:00:55,665 [INFO] HTTP Request: POST http://localhost:2026/v1/chat/completions "HTTP/1.1 200 OK"
2026-05-01 12:00:55,666 [INFO] [947/3987] id=openseek-3-b6a03ecce GT=[32, 82, 12, 29, 28, 24, 154] ✅ (1895ch, attempts=1, 11.8s)
2026-05-01 12:00:57,469 [INFO] HTTP Request: POST http://localhost:2026/v1/chat/completions "HTTP/1.1 200 OK"
2026-05-01 12:00:57,470 [INFO] [948/3987] id=openseek-3-a439af265 GT=[95, 20, 346, 57] ✅ (1509ch, attempts=1, 8.7s)
2026-05-01 12:01:04,429 [INFO] HTTP Request: POST http://localhost:2026/v1/chat/completions "HTTP/1.1 200 OK"
2026-05-01 12:01:04,430 [INFO] [949/3987] id=openseek-3-b2479e149 GT=[394, 46, 250] ✅ (2094ch, attempts=1, 10.7s)
2026-05-01 12:01:08,327 [INFO] HTTP Request: POST http://localhost:2026/v1/chat/completions "HTTP/1.1 200 OK"
2026-05-01 12:01:08,328 [INFO] [950/3987] id=openseek-3-82017172d GT=[63, 586, 262, 49] ✅ (2134ch, attempts=1, 12.7s)
2026-05-01 12:01:08,368 [INFO]   💾 已保存 (成功=950 验证通过=950 降级=0) | 4.7s/条均值 | ETA=237min
2026-05-01 12:01:13,462 [INFO] HTTP Request: POST http://localhost:2026/v1/chat/completions "HTTP/1.1 200 OK"
2026-05-01 12:01:13,463 [INFO] [951/3987] id=openseek-3-a7c7d10ce GT=[66, 502] ✅ (1928ch, attempts=1, 9.0s)
2026-05-01 12:01:13,549 [INFO] HTTP Request: POST http://localhost:2026/v1/chat/completions "HTTP/1.1 200 OK"
2026-05-01 12:01:13,550 [INFO] [952/3987] id=openseek-3-b055a0917 GT=[310, 484, 388, 25, 118, 12] ✅ (2314ch, attempts=1, 16.1s)
2026-05-01 12:01:23,632 [INFO] HTTP Request: POST http://localhost:2026/v1/chat/completions "HTTP/1.1 200 OK"
2026-05-01 12:01:23,633 [INFO] [953/3987] id=openseek-3-ff30b5051 GT=[298, 184, 25, 51, 232] ✅ (2404ch, attempts=1, 15.3s)
2026-05-01 12:01:26,788 [INFO] HTTP Request: POST http://localhost:2026/v1/chat/completions "HTTP/1.1 200 OK"
2026-05-01 12:01:26,789 [INFO] [954/3987] id=openseek-3-feaa0e740 GT=[49, 76, 76, 10, 142, 58, 43] ✅ (2125ch, attempts=1, 13.2s)
2026-05-01 12:01:27,968 [INFO] HTTP Request: POST http://localhost:2026/v1/chat/completions "HTTP/1.1 200 OK"
2026-05-01 12:01:27,969 [INFO] [955/3987] id=openseek-3-fc393f14a GT=[76, 520, 388, 10, 21] ✅ (2366ch, attempts=1, 14.5s)
2026-05-01 12:01:36,551 [INFO] HTTP Request: POST http://localhost:2026/v1/chat/completions "HTTP/1.1 200 OK"
2026-05-01 12:01:36,552 [INFO] [956/3987] id=openseek-3-58ede255d GT=[60, 424, 130, 56] ✅ (2322ch, attempts=1, 12.9s)
2026-05-01 12:01:41,251 [INFO] HTTP Request: POST http://localhost:2026/v1/chat/completions "HTTP/1.1 200 OK"
2026-05-01 12:01:41,252 [INFO] [957/3987] id=openseek-3-4148d74f9 GT=[430, 508, 16, 8, 89, 142] ✅ (2051ch, attempts=1, 13.3s)
2026-05-01 12:01:41,482 [INFO] HTTP Request: POST http://localhost:2026/v1/chat/completions "HTTP/1.1 200 OK"
2026-05-01 12:01:41,483 [INFO] [958/3987] id=openseek-3-4658138e1 GT=[148, 16, 478, 88, 76] ✅ (2499ch, attempts=1, 14.7s)
2026-05-01 12:01:49,123 [INFO] HTTP Request: POST http://localhost:2026/v1/chat/completions "HTTP/1.1 200 OK"
2026-05-01 12:01:49,124 [INFO] [959/3987] id=openseek-3-67f42d253 GT=[166, 226] ✅ (1555ch, attempts=1, 7.9s)
2026-05-01 12:01:51,158 [INFO] HTTP Request: POST http://localhost:2026/v1/chat/completions "HTTP/1.1 200 OK"
2026-05-01 12:01:51,159 [INFO] [960/3987] id=openseek-3-08552feb0 GT=[99, 33, 76, 10, 22, 26, 544, 85] ✅ (2325ch, attempts=1, 14.6s)
2026-05-01 12:01:57,292 [INFO] HTTP Request: POST http://localhost:2026/v1/chat/completions "HTTP/1.1 200 OK"
2026-05-01 12:01:57,294 [INFO] [961/3987] id=openseek-3-722854065 GT=[38, 166] ✅ (1693ch, attempts=1, 8.2s)
2026-05-01 12:02:03,259 [INFO] HTTP Request: POST http://localhost:2026/v1/chat/completions "HTTP/1.1 200 OK"
2026-05-01 12:02:03,260 [INFO] [962/3987] id=openseek-3-354207410 GT=[10, 41, 22, 4, 99, 286, 322, 226, 412] ✅ (3345ch, attempts=1, 21.8s)
2026-05-01 12:02:08,917 [INFO] HTTP Request: POST http://localhost:2026/v1/chat/completions "HTTP/1.1 200 OK"
2026-05-01 12:02:08,919 [INFO] [963/3987] id=openseek-3-58243570b GT=[292, 97, 84, 59, 15, 56, 262, 412, 28] ✅ (2782ch, attempts=1, 17.8s)
2026-05-01 12:02:09,885 [INFO] HTTP Request: POST http://localhost:2026/v1/chat/completions "HTTP/1.1 200 OK"
2026-05-01 12:02:09,886 [INFO] [964/3987] id=openseek-3-9a6efc9d5 GT=[250, 22, 49, 35, 70, 262] ✅ (1975ch, attempts=1, 12.6s)
2026-05-01 12:02:14,751 [INFO] HTTP Request: POST http://localhost:2026/v1/chat/completions "HTTP/1.1 200 OK"
2026-05-01 12:02:14,753 [INFO] [965/3987] id=openseek-3-e1dcb9120 GT=[94, 220, 14] ✅ (2252ch, attempts=1, 11.5s)
2026-05-01 12:02:24,230 [INFO] HTTP Request: POST http://localhost:2026/v1/chat/completions "HTTP/1.1 200 OK"
2026-05-01 12:02:24,231 [INFO] [966/3987] id=openseek-3-0f6380540 GT=[99, 91, 106, 94, 10, 3, 30] ✅ (2219ch, attempts=1, 14.3s)
2026-05-01 12:02:28,539 [INFO] HTTP Request: POST http://localhost:2026/v1/chat/completions "HTTP/1.1 200 OK"
2026-05-01 12:02:28,540 [INFO] [967/3987] id=openseek-3-4b030e319 GT=[202, 562, 80, 16, 232, 18, 16, 43] ✅ (3175ch, attempts=1, 19.6s)
2026-05-01 12:02:36,831 [INFO] HTTP Request: POST http://localhost:2026/v1/chat/completions "HTTP/1.1 200 OK"
2026-05-01 12:02:36,832 [INFO] [968/3987] id=openseek-3-53974aaa0 GT=[59, 10, 16, 74, 67, 358] ✅ (1950ch, attempts=1, 12.6s)
2026-05-01 12:02:38,759 [INFO] HTTP Request: POST http://localhost:2026/v1/chat/completions "HTTP/1.1 200 OK"
2026-05-01 12:02:38,760 [INFO] [969/3987] id=openseek-3-1df24a3b0 GT=[364, 34, 30, 13, 100, 96, 514, 400, 160 ✅ (3680ch, attempts=1, 24.0s)
2026-05-01 12:02:46,654 [INFO] HTTP Request: POST http://localhost:2026/v1/chat/completions "HTTP/1.1 200 OK"
2026-05-01 12:02:46,656 [INFO] [970/3987] id=openseek-3-03ece313b GT=[232, 94, 52, 562, 27, 364, 418] ✅ (2846ch, attempts=1, 18.1s)
2026-05-01 12:02:51,259 [INFO] HTTP Request: POST http://localhost:2026/v1/chat/completions "HTTP/1.1 200 OK"
2026-05-01 12:02:51,260 [INFO] [971/3987] id=openseek-3-9c398faff GT=[13, 15, 454, 262, 76, 64] ✅ (1931ch, attempts=1, 12.5s)
2026-05-01 12:02:55,540 [INFO] HTTP Request: POST http://localhost:2026/v1/chat/completions "HTTP/1.1 200 OK"
2026-05-01 12:02:55,541 [INFO] [972/3987] id=openseek-3-fe90d7c09 GT=[96, 85, 568] ✅ (1633ch, attempts=1, 8.9s)
2026-05-01 12:02:57,015 [INFO] HTTP Request: POST http://localhost:2026/v1/chat/completions "HTTP/1.1 200 OK"
2026-05-01 12:02:57,016 [INFO] [973/3987] id=openseek-3-d4ef036d4 GT=[220, 166, 580, 74, 97, 33, 178] ✅ (3177ch, attempts=1, 20.2s)
2026-05-01 12:03:02,142 [INFO] HTTP Request: POST http://localhost:2026/v1/chat/completions "HTTP/1.1 200 OK"
2026-05-01 12:03:02,143 [INFO] [974/3987] id=openseek-3-af33a4a39 GT=[256, 250, 76] ✅ (2067ch, attempts=1, 10.9s)
2026-05-01 12:03:08,461 [INFO] HTTP Request: POST http://localhost:2026/v1/chat/completions "HTTP/1.1 200 OK"
2026-05-01 12:03:08,462 [INFO] [975/3987] id=openseek-3-3c6fcd5ad GT=[310, 142, 31] ✅ (2100ch, attempts=1, 11.4s)
2026-05-01 12:03:15,724 [INFO] HTTP Request: POST http://localhost:2026/v1/chat/completions "HTTP/1.1 200 OK"
2026-05-01 12:03:15,726 [INFO] [976/3987] id=openseek-3-08633a07d GT=[256, 520, 280, 268, 57] ✅ (2051ch, attempts=1, 13.6s)
2026-05-01 12:03:16,209 [INFO] HTTP Request: POST http://localhost:2026/v1/chat/completions "HTTP/1.1 200 OK"
2026-05-01 12:03:16,210 [INFO] [977/3987] id=openseek-3-98949b5fc GT=[4, 6] ✅ (1809ch, attempts=1, 7.7s)
2026-05-01 12:03:18,654 [INFO] HTTP Request: POST http://localhost:2026/v1/chat/completions "HTTP/1.1 200 OK"
2026-05-01 12:03:18,656 [INFO] [978/3987] id=openseek-3-0c6b598b8 GT=[42, 23, 286, 10, 340, 38, 142, 112, 59] ✅ (3477ch, attempts=1, 23.1s)
2026-05-01 12:03:26,544 [INFO] HTTP Request: POST http://localhost:2026/v1/chat/completions "HTTP/1.1 200 OK"
2026-05-01 12:03:26,545 [INFO] [979/3987] id=openseek-3-4fd3bf483 GT=[118, 238, 184, 17] ✅ (1783ch, attempts=1, 10.8s)
2026-05-01 12:03:28,021 [INFO] HTTP Request: POST http://localhost:2026/v1/chat/completions "HTTP/1.1 200 OK"
2026-05-01 12:03:28,023 [INFO] [980/3987] id=openseek-3-851445834 GT=[64, 352] ✅ (1853ch, attempts=1, 9.4s)
2026-05-01 12:03:36,169 [INFO] HTTP Request: POST http://localhost:2026/v1/chat/completions "HTTP/1.1 200 OK"
2026-05-01 12:03:36,170 [INFO] [981/3987] id=openseek-3-1b9c40fdc GT=[580, 142, 55, 238, 82, 136, 586, 92, 44 ✅ (3007ch, attempts=1, 20.0s)
2026-05-01 12:03:44,375 [INFO] HTTP Request: POST http://localhost:2026/v1/chat/completions "HTTP/1.1 200 OK"
2026-05-01 12:03:44,377 [INFO] [982/3987] id=openseek-3-35eea60e6 GT=[29, 56, 256, 61, 44, 490, 53, 232] ✅ (2919ch, attempts=1, 17.8s)
2026-05-01 12:03:46,778 [INFO] HTTP Request: POST http://localhost:2026/v1/chat/completions "HTTP/1.1 200 OK"
2026-05-01 12:03:46,780 [INFO] [983/3987] id=openseek-3-f9de06689 GT=[226, 460, 520, 84, 27, 520, 274, 71, 14 ✅ (2894ch, attempts=1, 18.8s)
2026-05-01 12:03:51,978 [INFO] HTTP Request: POST http://localhost:2026/v1/chat/completions "HTTP/1.1 200 OK"
2026-05-01 12:03:51,980 [INFO] [984/3987] id=openseek-3-c9cf4f380 GT=[32, 502] ✅ (1598ch, attempts=1, 7.6s)
2026-05-01 12:03:56,745 [INFO] HTTP Request: POST http://localhost:2026/v1/chat/completions "HTTP/1.1 200 OK"
2026-05-01 12:03:56,746 [INFO] [985/3987] id=openseek-3-a01bd362e GT=[226, 148, 130, 85, 316, 29, 502, 3] ✅ (3259ch, attempts=1, 20.6s)
2026-05-01 12:04:03,923 [INFO] HTTP Request: POST http://localhost:2026/v1/chat/completions "HTTP/1.1 200 OK"
2026-05-01 12:04:03,925 [INFO] [986/3987] id=openseek-3-a7c634f67 GT=[520, 586, 94, 3, 12, 16] ✅ (3059ch, attempts=1, 17.1s)
2026-05-01 12:04:05,634 [INFO] HTTP Request: POST http://localhost:2026/v1/chat/completions "HTTP/1.1 200 OK"
2026-05-01 12:04:05,635 [INFO] [987/3987] id=openseek-3-cbcb0bbc3 GT=[142, 598] ✅ (1722ch, attempts=1, 8.9s)
2026-05-01 12:04:10,834 [INFO] HTTP Request: POST http://localhost:2026/v1/chat/completions "HTTP/1.1 200 OK"
2026-05-01 12:04:10,835 [INFO] [988/3987] id=openseek-3-7c66dce48 GT=[4, 8, 8, 74, 28, 75, 154, 13, 580] ✅ (2977ch, attempts=1, 18.9s)
2026-05-01 12:04:13,487 [INFO] HTTP Request: POST http://localhost:2026/v1/chat/completions "HTTP/1.1 200 OK"
2026-05-01 12:04:13,488 [INFO] [989/3987] id=openseek-3-5a394f765 GT=[502, 48] ✅ (1612ch, attempts=1, 7.9s)
2026-05-01 12:04:16,801 [INFO] HTTP Request: POST http://localhost:2026/v1/chat/completions "HTTP/1.1 200 OK"
2026-05-01 12:04:16,803 [INFO] [990/3987] id=openseek-3-ddcb3d15d GT=[55, 490, 80, 76, 490, 34, 20] ✅ (1925ch, attempts=1, 12.9s)
2026-05-01 12:04:20,544 [INFO] HTTP Request: POST http://localhost:2026/v1/chat/completions "HTTP/1.1 200 OK"
2026-05-01 12:04:20,545 [INFO] [991/3987] id=openseek-3-6eab1618d GT=[87, 190, 30] ✅ (1869ch, attempts=1, 9.7s)
2026-05-01 12:04:28,205 [INFO] HTTP Request: POST http://localhost:2026/v1/chat/completions "HTTP/1.1 200 OK"
2026-05-01 12:04:28,206 [INFO] [992/3987] id=openseek-3-0c3fd49cb GT=[322, 33, 7, 460] ✅ (1958ch, attempts=1, 11.4s)
2026-05-01 12:04:29,811 [INFO] HTTP Request: POST http://localhost:2026/v1/chat/completions "HTTP/1.1 200 OK"
2026-05-01 12:04:29,812 [INFO] [993/3987] id=openseek-3-92d8e7da0 GT=[442, 62, 520, 562, 328, 80, 82] ✅ (2679ch, attempts=1, 16.3s)
2026-05-01 12:04:35,463 [INFO] HTTP Request: POST http://localhost:2026/v1/chat/completions "HTTP/1.1 200 OK"
2026-05-01 12:04:35,464 [INFO] [994/3987] id=openseek-3-40cf9f354 GT=[184, 19] ✅ (1538ch, attempts=1, 7.3s)
2026-05-01 12:04:39,900 [INFO] HTTP Request: POST http://localhost:2026/v1/chat/completions "HTTP/1.1 200 OK"
2026-05-01 12:04:39,901 [INFO] [995/3987] id=openseek-3-075a84379 GT=[73, 28, 50] ✅ (1893ch, attempts=1, 10.1s)
2026-05-01 12:04:39,918 [INFO] HTTP Request: POST http://localhost:2026/v1/chat/completions "HTTP/1.1 200 OK"
2026-05-01 12:04:39,919 [INFO] [996/3987] id=openseek-3-1639a9fd8 GT=[490, 57, 26, 238, 10, 490, 24, 90, 148] ✅ (2986ch, attempts=1, 19.4s)
2026-05-01 12:04:46,703 [INFO] HTTP Request: POST http://localhost:2026/v1/chat/completions "HTTP/1.1 200 OK"
2026-05-01 12:04:46,705 [INFO] [997/3987] id=openseek-3-f71af6bad GT=[21, 50, 430, 26, 56] ✅ (1970ch, attempts=1, 11.2s)
2026-05-01 12:04:48,811 [INFO] HTTP Request: POST http://localhost:2026/v1/chat/completions "HTTP/1.1 200 OK"
2026-05-01 12:04:48,812 [INFO] [998/3987] id=openseek-3-1dd320306 GT=[334, 56] ✅ (1797ch, attempts=1, 8.9s)
2026-05-01 12:04:52,475 [INFO] HTTP Request: POST http://localhost:2026/v1/chat/completions "HTTP/1.1 200 OK"
2026-05-01 12:04:52,477 [INFO] [999/3987] id=openseek-3-de0d15c2d GT=[4, 97, 184] ✅ (2455ch, attempts=1, 12.6s)
2026-05-01 12:04:56,235 [INFO] HTTP Request: POST http://localhost:2026/v1/chat/completions "HTTP/1.1 200 OK"
2026-05-01 12:04:56,236 [INFO] [1000/3987] id=openseek-3-5a52b8427 GT=[55, 190, 86, 358, 60] ✅ (1508ch, attempts=1, 9.5s)
2026-05-01 12:04:56,265 [INFO]   💾 已保存 (成功=1000 验证通过=1000 降级=0) | 4.7s/条均值 | ETA=233min
2026-05-01 12:04:57,248 [INFO] HTTP Request: POST http://localhost:2026/v1/chat/completions "HTTP/1.1 200 OK"
2026-05-01 12:04:57,250 [INFO] [1001/3987] id=openseek-3-e8282d5a8 GT=[7, 16] ✅ (1887ch, attempts=1, 8.4s)
2026-05-01 12:05:04,673 [INFO] HTTP Request: POST http://localhost:2026/v1/chat/completions "HTTP/1.1 200 OK"
2026-05-01 12:05:04,675 [INFO] [1002/3987] id=openseek-3-d69b4894e GT=[27, 86, 30, 52] ✅ (2245ch, attempts=1, 12.2s)
2026-05-01 12:05:07,307 [INFO] HTTP Request: POST http://localhost:2026/v1/chat/completions "HTTP/1.1 200 OK"
2026-05-01 12:05:07,308 [INFO] [1003/3987] id=openseek-3-a53d7c409 GT=[286, 4, 12, 424] ✅ (1865ch, attempts=1, 10.1s)
2026-05-01 12:05:13,706 [INFO] HTTP Request: POST http://localhost:2026/v1/chat/completions "HTTP/1.1 200 OK"
2026-05-01 12:05:13,708 [INFO] [1004/3987] id=openseek-3-379a4c7de GT=[99, 49, 90, 70, 286, 80, 19, 262] ✅ (2843ch, attempts=1, 17.5s)
2026-05-01 12:05:20,066 [INFO] HTTP Request: POST http://localhost:2026/v1/chat/completions "HTTP/1.1 200 OK"
2026-05-01 12:05:20,067 [INFO] [1005/3987] id=openseek-3-bdf179440 GT=[124, 18, 38, 532, 268] ✅ (2540ch, attempts=1, 15.4s)
2026-05-01 12:05:20,068 [INFO] HTTP Request: POST http://localhost:2026/v1/chat/completions "HTTP/1.1 200 OK"
2026-05-01 12:05:20,068 [INFO] [1006/3987] id=openseek-3-14fb92bbc GT=[148, 358, 95, 166] ✅ (2191ch, attempts=1, 12.8s)
2026-05-01 12:05:28,170 [INFO] HTTP Request: POST http://localhost:2026/v1/chat/completions "HTTP/1.1 200 OK"
2026-05-01 12:05:28,171 [INFO] [1007/3987] id=openseek-3-5ab937ad4 GT=[232, 4] ✅ (1728ch, attempts=1, 8.1s)
2026-05-01 12:05:28,189 [INFO] HTTP Request: POST http://localhost:2026/v1/chat/completions "HTTP/1.1 200 OK"
2026-05-01 12:05:28,190 [INFO] [1008/3987] id=openseek-3-068fc1e8a GT=[244, 22, 16] ✅ (1533ch, attempts=1, 8.1s)
2026-05-01 12:05:35,989 [INFO] HTTP Request: POST http://localhost:2026/v1/chat/completions "HTTP/1.1 200 OK"
2026-05-01 12:05:35,990 [INFO] [1009/3987] id=openseek-3-bcbe45756 GT=[304, 292] ✅ (1433ch, attempts=1, 7.8s)
2026-05-01 12:05:38,366 [INFO] HTTP Request: POST http://localhost:2026/v1/chat/completions "HTTP/1.1 200 OK"
2026-05-01 12:05:38,368 [INFO] [1010/3987] id=openseek-3-731b9eb6a GT=[340, 178, 67] ✅ (1909ch, attempts=1, 10.2s)
2026-05-01 12:05:44,059 [INFO] HTTP Request: POST http://localhost:2026/v1/chat/completions "HTTP/1.1 200 OK"
2026-05-01 12:05:44,061 [INFO] [1011/3987] id=openseek-3-1b4456707 GT=[100, 81, 442, 142, 154, 2, 316, 34] ✅ (5359ch, attempts=1, 30.4s)
2026-05-01 12:05:45,864 [INFO] HTTP Request: POST http://localhost:2026/v1/chat/completions "HTTP/1.1 200 OK"
2026-05-01 12:05:45,865 [INFO] [1012/3987] id=openseek-3-541c443df GT=[17, 47, 73, 72] ✅ (1829ch, attempts=1, 9.9s)
2026-05-01 12:05:56,067 [INFO] HTTP Request: POST http://localhost:2026/v1/chat/completions "HTTP/1.1 200 OK"
2026-05-01 12:05:56,068 [INFO] [1013/3987] id=openseek-3-ffbccbfac GT=[17, 334] ✅ (2182ch, attempts=1, 10.2s)
2026-05-01 12:05:56,532 [INFO] HTTP Request: POST http://localhost:2026/v1/chat/completions "HTTP/1.1 200 OK"
2026-05-01 12:05:56,533 [INFO] [1014/3987] id=openseek-3-dfe2f667b GT=[71, 48, 88, 10, 28, 32, 29] ✅ (1947ch, attempts=1, 12.5s)
2026-05-01 12:05:57,562 [INFO] HTTP Request: POST http://localhost:2026/v1/chat/completions "HTTP/1.1 200 OK"
2026-05-01 12:05:57,564 [INFO] [1015/3987] id=openseek-3-020b1d415 GT=[568, 73, 2, 202, 346, 526, 42, 44, 598] ✅ (3070ch, attempts=1, 19.2s)
2026-05-01 12:06:04,465 [INFO] HTTP Request: POST http://localhost:2026/v1/chat/completions "HTTP/1.1 200 OK"
2026-05-01 12:06:04,466 [INFO] [1016/3987] id=openseek-3-a14e8b30f GT=[34, 118] ✅ (1732ch, attempts=1, 8.4s)
2026-05-01 12:06:07,158 [INFO] HTTP Request: POST http://localhost:2026/v1/chat/completions "HTTP/1.1 200 OK"
2026-05-01 12:06:07,160 [INFO] [1017/3987] id=openseek-3-f079cd989 GT=[59, 48, 7] ✅ (1948ch, attempts=1, 9.6s)
2026-05-01 12:06:20,865 [INFO] HTTP Request: POST http://localhost:2026/v1/chat/completions "HTTP/1.1 200 OK"
2026-05-01 12:06:20,867 [INFO] [1018/3987] id=openseek-3-cee8f93d5 GT=[538, 59, 586, 99, 322, 69] ✅ (2227ch, attempts=1, 13.7s)
2026-05-01 12:06:21,505 [INFO] HTTP Request: POST http://localhost:2026/v1/chat/completions "HTTP/1.1 200 OK"
2026-05-01 12:06:21,506 [INFO] [1019/3987] id=openseek-3-f4bfe8328 GT=[238, 142, 94, 556, 1] ✅ (2850ch, attempts=1, 17.0s)
2026-05-01 12:06:21,641 [INFO] HTTP Request: POST http://localhost:2026/v1/chat/completions "HTTP/1.1 200 OK"
2026-05-01 12:06:21,642 [INFO] [1020/3987] id=openseek-3-df840d725 GT=[31, 358, 574, 382, 1, 72, 238, 86] ✅ (4009ch, attempts=1, 25.1s)
2026-05-01 12:06:29,139 [INFO] HTTP Request: POST http://localhost:2026/v1/chat/completions "HTTP/1.1 200 OK"
2026-05-01 12:06:29,140 [INFO] [1021/3987] id=openseek-3-0708c3b86 GT=[15, 160] ✅ (1823ch, attempts=1, 8.3s)
2026-05-01 12:06:34,886 [INFO] HTTP Request: POST http://localhost:2026/v1/chat/completions "HTTP/1.1 200 OK"
2026-05-01 12:06:34,887 [INFO] [1022/3987] id=openseek-3-60e034a20 GT=[274, 37, 580, 562, 178] ✅ (1994ch, attempts=1, 13.2s)
2026-05-01 12:06:35,890 [INFO] HTTP Request: POST http://localhost:2026/v1/chat/completions "HTTP/1.1 200 OK"
2026-05-01 12:06:35,891 [INFO] [1023/3987] id=openseek-3-3fcd8b7e4 GT=[274, 394, 79, 96, 20, 74] ✅ (2334ch, attempts=1, 14.4s)
2026-05-01 12:06:39,614 [INFO] HTTP Request: POST http://localhost:2026/v1/chat/completions "HTTP/1.1 200 OK"
2026-05-01 12:06:39,615 [INFO] [1024/3987] id=openseek-3-ef4a6f2b6 GT=[346, 352] ✅ (2117ch, attempts=1, 10.5s)
2026-05-01 12:06:43,228 [INFO] HTTP Request: POST http://localhost:2026/v1/chat/completions "HTTP/1.1 200 OK"
2026-05-01 12:06:43,229 [INFO] [1025/3987] id=openseek-3-d5ffdff65 GT=[94, 16] ✅ (1776ch, attempts=1, 8.3s)
2026-05-01 12:06:45,826 [INFO] HTTP Request: POST http://localhost:2026/v1/chat/completions "HTTP/1.1 200 OK"
2026-05-01 12:06:45,827 [INFO] [1026/3987] id=openseek-3-1b852443d GT=[21, 586, 70] ✅ (2019ch, attempts=1, 9.9s)
2026-05-01 12:06:48,191 [INFO] HTTP Request: POST http://localhost:2026/v1/chat/completions "HTTP/1.1 200 OK"
2026-05-01 12:06:48,192 [INFO] [1027/3987] id=openseek-3-3e87b4482 GT=[96, 29, 81, 16, 43] ✅ (1450ch, attempts=1, 8.6s)
2026-05-01 12:06:52,070 [INFO] HTTP Request: POST http://localhost:2026/v1/chat/completions "HTTP/1.1 200 OK"
2026-05-01 12:06:52,071 [INFO] [1028/3987] id=openseek-3-c497453bd GT=[85, 16] ✅ (1986ch, attempts=1, 8.8s)
2026-05-01 12:06:55,895 [INFO] HTTP Request: POST http://localhost:2026/v1/chat/completions "HTTP/1.1 200 OK"
2026-05-01 12:06:55,896 [INFO] [1029/3987] id=openseek-3-63079c324 GT=[130, 32] ✅ (1585ch, attempts=1, 7.7s)
2026-05-01 12:06:57,968 [INFO] HTTP Request: POST http://localhost:2026/v1/chat/completions "HTTP/1.1 200 OK"
2026-05-01 12:06:57,969 [INFO] [1030/3987] id=openseek-3-a8deedb6a GT=[592, 84, 130] ✅ (2418ch, attempts=1, 12.1s)
2026-05-01 12:07:01,892 [INFO] HTTP Request: POST http://localhost:2026/v1/chat/completions "HTTP/1.1 200 OK"
2026-05-01 12:07:01,893 [INFO] [1031/3987] id=openseek-3-18d0910eb GT=[56, 34, 436] ✅ (1867ch, attempts=1, 9.8s)
2026-05-01 12:07:02,483 [INFO] HTTP Request: POST http://localhost:2026/v1/chat/completions "HTTP/1.1 200 OK"
2026-05-01 12:07:02,484 [INFO] [1032/3987] id=openseek-3-1e2f112d5 GT=[46, 85] ✅ (1431ch, attempts=1, 6.6s)
2026-05-01 12:07:12,617 [INFO] HTTP Request: POST http://localhost:2026/v1/chat/completions "HTTP/1.1 200 OK"
2026-05-01 12:07:12,619 [INFO] [1033/3987] id=openseek-3-624d7ab8a GT=[598, 95, 9, 16, 106] ✅ (1829ch, attempts=1, 10.7s)
2026-05-01 12:07:13,428 [INFO] HTTP Request: POST http://localhost:2026/v1/chat/completions "HTTP/1.1 200 OK"
2026-05-01 12:07:13,430 [INFO] [1034/3987] id=openseek-3-0995b2f0f GT=[31, 5, 274, 7, 202] ✅ (2808ch, attempts=1, 15.5s)
2026-05-01 12:07:21,176 [INFO] HTTP Request: POST http://localhost:2026/v1/chat/completions "HTTP/1.1 200 OK"
2026-05-01 12:07:21,177 [INFO] [1035/3987] id=openseek-3-25503c6d9 GT=[514, 20, 53, 262, 29, 172, 45, 62, 56] ✅ (3097ch, attempts=1, 18.7s)
2026-05-01 12:07:28,235 [INFO] HTTP Request: POST http://localhost:2026/v1/chat/completions "HTTP/1.1 200 OK"
2026-05-01 12:07:28,237 [INFO] [1036/3987] id=openseek-3-6e00bbea8 GT=[3, 99, 310, 25, 21, 10] ✅ (2713ch, attempts=1, 15.6s)
2026-05-01 12:07:31,707 [INFO] HTTP Request: POST http://localhost:2026/v1/chat/completions "HTTP/1.1 200 OK"
2026-05-01 12:07:31,709 [INFO] [1037/3987] id=openseek-3-eda4984bc GT=[454, 52, 36, 48, 214, 91, 15] ✅ (3142ch, attempts=1, 18.3s)
2026-05-01 12:07:35,144 [INFO] HTTP Request: POST http://localhost:2026/v1/chat/completions "HTTP/1.1 200 OK"
2026-05-01 12:07:35,146 [INFO] [1038/3987] id=openseek-3-849a722ae GT=[85, 100] ✅ (1372ch, attempts=1, 6.9s)
2026-05-01 12:07:41,179 [INFO] HTTP Request: POST http://localhost:2026/v1/chat/completions "HTTP/1.1 200 OK"
2026-05-01 12:07:41,181 [INFO] [1039/3987] id=openseek-3-97ac38a74 GT=[244, 250, 352, 43, 48, 562, 340] ✅ (3022ch, attempts=1, 20.0s)
2026-05-01 12:07:45,110 [INFO] HTTP Request: POST http://localhost:2026/v1/chat/completions "HTTP/1.1 200 OK"
2026-05-01 12:07:45,111 [INFO] [1040/3987] id=openseek-3-0e2d5b6f2 GT=[76, 54, 514, 76] ✅ (2264ch, attempts=1, 13.4s)
2026-05-01 12:07:47,682 [INFO] HTTP Request: POST http://localhost:2026/v1/chat/completions "HTTP/1.1 200 OK"
2026-05-01 12:07:47,683 [INFO] [1041/3987] id=openseek-3-9d156e100 GT=[79, 62, 92, 262] ✅ (2422ch, attempts=1, 12.5s)
2026-05-01 12:07:49,400 [INFO] HTTP Request: POST http://localhost:2026/v1/chat/completions "HTTP/1.1 200 OK"
2026-05-01 12:07:49,401 [INFO] [1042/3987] id=openseek-3-c0d69a77e GT=[18, 24] ✅ (1765ch, attempts=1, 8.2s)
2026-05-01 12:07:57,337 [INFO] HTTP Request: POST http://localhost:2026/v1/chat/completions "HTTP/1.1 200 OK"
2026-05-01 12:07:57,339 [INFO] [1043/3987] id=openseek-3-f2486b38b GT=[34, 484] ✅ (1835ch, attempts=1, 9.7s)
2026-05-01 12:08:00,415 [INFO] HTTP Request: POST http://localhost:2026/v1/chat/completions "HTTP/1.1 200 OK"
2026-05-01 12:08:00,416 [INFO] [1044/3987] id=openseek-3-53bfd9ac8 GT=[454, 56, 93, 52, 526, 388] ✅ (2456ch, attempts=1, 15.3s)
2026-05-01 12:08:08,336 [INFO] HTTP Request: POST http://localhost:2026/v1/chat/completions "HTTP/1.1 200 OK"
2026-05-01 12:08:08,337 [INFO] [1045/3987] id=openseek-3-36dd02eb3 GT=[58, 388, 250, 268, 100, 34, 57, 10, 32] ✅ (2794ch, attempts=1, 18.9s)
2026-05-01 12:08:13,054 [INFO] HTTP Request: POST http://localhost:2026/v1/chat/completions "HTTP/1.1 200 OK"
2026-05-01 12:08:13,055 [INFO] [1046/3987] id=openseek-3-2c99b8f01 GT=[25, 268, 226, 394, 44, 256] ✅ (2356ch, attempts=1, 15.7s)
2026-05-01 12:08:17,888 [INFO] HTTP Request: POST http://localhost:2026/v1/chat/completions "HTTP/1.1 200 OK"
2026-05-01 12:08:17,889 [INFO] [1047/3987] id=openseek-3-be0c5a2f0 GT=[592, 66, 38, 592, 340, 220, 22, 87, 29] ✅ (2706ch, attempts=1, 17.5s)
2026-05-01 12:08:19,379 [INFO] HTTP Request: POST http://localhost:2026/v1/chat/completions "HTTP/1.1 200 OK"
2026-05-01 12:08:19,380 [INFO] [1048/3987] id=openseek-3-95e060222 GT=[430, 16, 69] ✅ (2150ch, attempts=1, 11.0s)
2026-05-01 12:08:26,979 [INFO] HTTP Request: POST http://localhost:2026/v1/chat/completions "HTTP/1.1 200 OK"
2026-05-01 12:08:26,981 [INFO] [1049/3987] id=openseek-3-11a0c0559 GT=[64, 418, 448, 490, 178] ✅ (2103ch, attempts=1, 13.9s)
2026-05-01 12:08:27,239 [INFO] HTTP Request: POST http://localhost:2026/v1/chat/completions "HTTP/1.1 200 OK"
2026-05-01 12:08:27,240 [INFO] [1050/3987] id=openseek-3-593bdeb7e GT=[8, 466] ✅ (1664ch, attempts=1, 7.9s)
2026-05-01 12:08:27,273 [INFO]   💾 已保存 (成功=1050 验证通过=1050 降级=0) | 4.6s/条均值 | ETA=228min
2026-05-01 12:08:29,277 [INFO] HTTP Request: POST http://localhost:2026/v1/chat/completions "HTTP/1.1 200 OK"
2026-05-01 12:08:29,279 [INFO] [1051/3987] id=openseek-3-9b939615e GT=[59, 64] ✅ (2351ch, attempts=1, 11.4s)
2026-05-01 12:08:35,241 [INFO] HTTP Request: POST http://localhost:2026/v1/chat/completions "HTTP/1.1 200 OK"
2026-05-01 12:08:35,242 [INFO] [1052/3987] id=openseek-3-8526d22f9 GT=[52, 148] ✅ (1677ch, attempts=1, 8.0s)
2026-05-01 12:08:37,875 [INFO] HTTP Request: POST http://localhost:2026/v1/chat/completions "HTTP/1.1 200 OK"
2026-05-01 12:08:37,876 [INFO] [1053/3987] id=openseek-3-7a3bd1a02 GT=[592, 94, 9] ✅ (1622ch, attempts=1, 8.6s)
2026-05-01 12:08:38,886 [INFO] HTTP Request: POST http://localhost:2026/v1/chat/completions "HTTP/1.1 200 OK"
2026-05-01 12:08:38,888 [INFO] [1054/3987] id=openseek-3-598bc31fa GT=[190, 10, 214, 124, 31] ✅ (1930ch, attempts=1, 11.9s)
2026-05-01 12:08:45,035 [INFO] HTTP Request: POST http://localhost:2026/v1/chat/completions "HTTP/1.1 200 OK"
2026-05-01 12:08:45,036 [INFO] [1055/3987] id=openseek-3-4ab426204 GT=[58, 98] ✅ (1331ch, attempts=1, 6.1s)
2026-05-01 12:08:45,619 [INFO] HTTP Request: POST http://localhost:2026/v1/chat/completions "HTTP/1.1 200 OK"
2026-05-01 12:08:45,620 [INFO] [1056/3987] id=openseek-3-adfb5de4c GT=[66, 334, 94] ✅ (1902ch, attempts=1, 10.4s)
2026-05-01 12:08:46,408 [INFO] HTTP Request: POST http://localhost:2026/v1/chat/completions "HTTP/1.1 200 OK"
2026-05-01 12:08:46,409 [INFO] [1057/3987] id=openseek-3-e4bf9680c GT=[53, 54, 96, 76, 106] ✅ (1367ch, attempts=1, 8.5s)
2026-05-01 12:08:57,695 [INFO] HTTP Request: POST http://localhost:2026/v1/chat/completions "HTTP/1.1 200 OK"
2026-05-01 12:08:57,696 [INFO] [1058/3987] id=openseek-3-2f507643b GT=[32, 406, 64, 376, 88] ✅ (2146ch, attempts=1, 12.7s)
2026-05-01 12:09:03,730 [INFO] HTTP Request: POST http://localhost:2026/v1/chat/completions "HTTP/1.1 200 OK"
2026-05-01 12:09:03,732 [INFO] [1059/3987] id=openseek-3-d8c21284a GT=[424, 574, 292, 16, 81, 82, 89, 16] ✅ (2772ch, attempts=1, 18.1s)
2026-05-01 12:09:04,591 [INFO] HTTP Request: POST http://localhost:2026/v1/chat/completions "HTTP/1.1 200 OK"
2026-05-01 12:09:04,592 [INFO] [1060/3987] id=openseek-3-f6b8bd785 GT=[58, 346, 65, 6, 67, 238, 82, 86, 59] ✅ (2774ch, attempts=1, 18.2s)
2026-05-01 12:09:14,252 [INFO] HTTP Request: POST http://localhost:2026/v1/chat/completions "HTTP/1.1 200 OK"
2026-05-01 12:09:14,253 [INFO] [1061/3987] id=openseek-3-6ec54b155 GT=[91, 544] ✅ (2078ch, attempts=1, 10.5s)
2026-05-01 12:09:14,590 [INFO] HTTP Request: POST http://localhost:2026/v1/chat/completions "HTTP/1.1 200 OK"
2026-05-01 12:09:14,592 [INFO] [1062/3987] id=openseek-3-8ea38bd4b GT=[70, 32, 424, 22, 34, 586, 35, 81] ✅ (2767ch, attempts=1, 16.9s)
2026-05-01 12:09:15,486 [INFO] HTTP Request: POST http://localhost:2026/v1/chat/completions "HTTP/1.1 200 OK"
2026-05-01 12:09:15,487 [INFO] [1063/3987] id=openseek-3-248e43aa9 GT=[91, 532] ✅ (2229ch, attempts=1, 10.9s)
2026-05-01 12:09:29,249 [INFO] HTTP Request: POST http://localhost:2026/v1/chat/completions "HTTP/1.1 200 OK"
2026-05-01 12:09:29,250 [INFO] [1064/3987] id=openseek-3-bddf84f9c GT=[94, 412, 15, 394, 586, 86] ✅ (2230ch, attempts=1, 14.7s)
2026-05-01 12:09:33,577 [INFO] HTTP Request: POST http://localhost:2026/v1/chat/completions "HTTP/1.1 200 OK"
2026-05-01 12:09:33,578 [INFO] [1065/3987] id=openseek-3-6fceda165 GT=[51, 346, 88, 508, 76, 22, 124, 220, 16] ✅ (2905ch, attempts=1, 19.3s)
2026-05-01 12:09:34,536 [INFO] HTTP Request: POST http://localhost:2026/v1/chat/completions "HTTP/1.1 200 OK"
2026-05-01 12:09:34,537 [INFO] [1066/3987] id=openseek-3-350ce985e GT=[46, 96, 514, 24, 40, 44, 574, 20] ✅ (3084ch, attempts=1, 19.1s)
2026-05-01 12:09:39,909 [INFO] HTTP Request: POST http://localhost:2026/v1/chat/completions "HTTP/1.1 200 OK"
2026-05-01 12:09:39,911 [INFO] [1067/3987] id=openseek-3-1ff5cb5b4 GT=[208, 47, 63] ✅ (2007ch, attempts=1, 10.7s)
2026-05-01 12:09:42,542 [INFO] HTTP Request: POST http://localhost:2026/v1/chat/completions "HTTP/1.1 200 OK"
2026-05-01 12:09:42,544 [INFO] [1068/3987] id=openseek-3-910b19231 GT=[436, 23, 23] ✅ (1912ch, attempts=1, 9.0s)
2026-05-01 12:09:42,827 [INFO] HTTP Request: POST http://localhost:2026/v1/chat/completions "HTTP/1.1 200 OK"
2026-05-01 12:09:42,828 [INFO] [1069/3987] id=openseek-3-c6ff5d618 GT=[358, 436] ✅ (1525ch, attempts=1, 8.3s)
2026-05-01 12:09:54,798 [INFO] HTTP Request: POST http://localhost:2026/v1/chat/completions "HTTP/1.1 200 OK"
2026-05-01 12:09:54,800 [INFO] [1070/3987] id=openseek-3-2a4263b14 GT=[82, 54, 69, 27, 84, 4] ✅ (2027ch, attempts=1, 12.3s)
2026-05-01 12:09:58,465 [INFO] HTTP Request: POST http://localhost:2026/v1/chat/completions "HTTP/1.1 200 OK"
2026-05-01 12:09:58,467 [INFO] [1071/3987] id=openseek-3-12a1910ef GT=[5, 514, 514, 88, 388, 484, 538, 46] ✅ (2955ch, attempts=1, 18.6s)
2026-05-01 12:10:00,439 [INFO] HTTP Request: POST http://localhost:2026/v1/chat/completions "HTTP/1.1 200 OK"
2026-05-01 12:10:00,440 [INFO] [1072/3987] id=openseek-3-e4c17cf89 GT=[91, 22, 16, 478, 28, 48, 250, 268] ✅ (2902ch, attempts=1, 17.6s)
2026-05-01 12:10:09,407 [INFO] HTTP Request: POST http://localhost:2026/v1/chat/completions "HTTP/1.1 200 OK"
2026-05-01 12:10:09,409 [INFO] [1073/3987] id=openseek-3-4f105e2ab GT=[52, 448, 394, 400, 69, 47] ✅ (2209ch, attempts=1, 14.6s)
2026-05-01 12:10:10,982 [INFO] HTTP Request: POST http://localhost:2026/v1/chat/completions "HTTP/1.1 200 OK"
2026-05-01 12:10:10,983 [INFO] [1074/3987] id=openseek-3-c2735149a GT=[442, 24, 418] ✅ (1814ch, attempts=1, 10.5s)
2026-05-01 12:10:14,206 [INFO] HTTP Request: POST http://localhost:2026/v1/chat/completions "HTTP/1.1 200 OK"
2026-05-01 12:10:14,207 [INFO] [1075/3987] id=openseek-3-a1b7673b3 GT=[89, 72, 93, 43, 84, 442, 26] ✅ (2735ch, attempts=1, 15.7s)
2026-05-01 12:10:20,375 [INFO] HTTP Request: POST http://localhost:2026/v1/chat/completions "HTTP/1.1 200 OK"
2026-05-01 12:10:20,377 [INFO] [1076/3987] id=openseek-3-5c5a82ae5 GT=[376, 220, 598, 136, 8] ✅ (1647ch, attempts=1, 11.0s)
2026-05-01 12:10:24,185 [INFO] HTTP Request: POST http://localhost:2026/v1/chat/completions "HTTP/1.1 200 OK"
2026-05-01 12:10:24,186 [INFO] [1077/3987] id=openseek-3-5f604e220 GT=[68, 90, 256, 574, 76, 6] ✅ (2066ch, attempts=1, 13.2s)
2026-05-01 12:10:25,985 [INFO] HTTP Request: POST http://localhost:2026/v1/chat/completions "HTTP/1.1 200 OK"
2026-05-01 12:10:25,986 [INFO] [1078/3987] id=openseek-3-7ca218583 GT=[316, 250, 19, 310, 39] ✅ (1979ch, attempts=1, 11.8s)
2026-05-01 12:10:32,672 [INFO] HTTP Request: POST http://localhost:2026/v1/chat/completions "HTTP/1.1 200 OK"
2026-05-01 12:10:32,674 [INFO] [1079/3987] id=openseek-3-42d2260d9 GT=[70, 33, 58, 30, 16, 292, 88] ✅ (1980ch, attempts=1, 12.3s)
2026-05-01 12:10:33,537 [INFO] HTTP Request: POST http://localhost:2026/v1/chat/completions "HTTP/1.1 200 OK"
2026-05-01 12:10:33,539 [INFO] [1080/3987] id=openseek-3-2044af5a2 GT=[532, 442] ✅ (1400ch, attempts=1, 7.6s)
2026-05-01 12:10:35,157 [INFO] HTTP Request: POST http://localhost:2026/v1/chat/completions "HTTP/1.1 200 OK"
2026-05-01 12:10:35,158 [INFO] [1081/3987] id=openseek-3-da1eb6971 GT=[556, 84, 52] ✅ (2062ch, attempts=1, 11.0s)
2026-05-01 12:10:42,776 [INFO] HTTP Request: POST http://localhost:2026/v1/chat/completions "HTTP/1.1 200 OK"
2026-05-01 12:10:42,777 [INFO] [1082/3987] id=openseek-3-6aaaed2ed GT=[44, 84] ✅ (2265ch, attempts=1, 10.1s)
2026-05-01 12:10:45,437 [INFO] HTTP Request: POST http://localhost:2026/v1/chat/completions "HTTP/1.1 200 OK"
2026-05-01 12:10:45,439 [INFO] [1083/3987] id=openseek-3-5b8ec7c47 GT=[538, 88, 73, 84, 43] ✅ (2084ch, attempts=1, 11.9s)
2026-05-01 12:10:47,463 [INFO] HTTP Request: POST http://localhost:2026/v1/chat/completions "HTTP/1.1 200 OK"
2026-05-01 12:10:47,465 [INFO] [1084/3987] id=openseek-3-63c761f90 GT=[364, 80, 82, 51, 11, 51] ✅ (2121ch, attempts=1, 12.3s)
2026-05-01 12:10:55,980 [INFO] HTTP Request: POST http://localhost:2026/v1/chat/completions "HTTP/1.1 200 OK"
2026-05-01 12:10:55,981 [INFO] [1085/3987] id=openseek-3-134a0c2a1 GT=[346, 34, 38, 82, 28] ✅ (2417ch, attempts=1, 13.2s)
2026-05-01 12:11:01,527 [INFO] HTTP Request: POST http://localhost:2026/v1/chat/completions "HTTP/1.1 200 OK"
2026-05-01 12:11:01,528 [INFO] [1086/3987] id=openseek-3-a8cf94f1e GT=[79, 92, 442, 232, 298, 90, 73] ✅ (2696ch, attempts=1, 16.1s)
2026-05-01 12:11:01,584 [INFO] HTTP Request: POST http://localhost:2026/v1/chat/completions "HTTP/1.1 200 OK"
2026-05-01 12:11:01,585 [INFO] [1087/3987] id=openseek-3-b147047ac GT=[6, 526, 400, 59] ✅ (2494ch, attempts=1, 14.1s)
2026-05-01 12:11:11,298 [INFO] HTTP Request: POST http://localhost:2026/v1/chat/completions "HTTP/1.1 200 OK"
2026-05-01 12:11:11,299 [INFO] [1088/3987] id=openseek-3-a201b64ff GT=[16, 490, 95, 41] ✅ (1666ch, attempts=1, 9.7s)
2026-05-01 12:11:13,862 [INFO] HTTP Request: POST http://localhost:2026/v1/chat/completions "HTTP/1.1 200 OK"
2026-05-01 12:11:13,863 [INFO] [1089/3987] id=openseek-3-65a80160e GT=[2, 370, 214, 32, 59, 53, 15, 46] ✅ (2965ch, attempts=1, 17.9s)
2026-05-01 12:11:21,164 [INFO] HTTP Request: POST http://localhost:2026/v1/chat/completions "HTTP/1.1 200 OK"
2026-05-01 12:11:21,165 [INFO] [1090/3987] id=openseek-3-69080bda7 GT=[244, 406, 98, 45] ✅ (1680ch, attempts=1, 9.9s)
2026-05-01 12:11:24,694 [INFO] HTTP Request: POST http://localhost:2026/v1/chat/completions "HTTP/1.1 200 OK"
2026-05-01 12:11:24,695 [INFO] [1091/3987] id=openseek-3-075a3baa8 GT=[382, 12, 100, 4, 10] ✅ (1805ch, attempts=1, 10.8s)
2026-05-01 12:11:25,810 [INFO] HTTP Request: POST http://localhost:2026/v1/chat/completions "HTTP/1.1 200 OK"
2026-05-01 12:11:25,812 [INFO] [1092/3987] id=openseek-3-89902cd3f GT=[82, 406, 79, 2, 92, 262, 328, 328, 100] ✅ (3796ch, attempts=1, 24.3s)
2026-05-01 12:11:35,000 [INFO] HTTP Request: POST http://localhost:2026/v1/chat/completions "HTTP/1.1 200 OK"
2026-05-01 12:11:35,002 [INFO] [1093/3987] id=openseek-3-3f220224a GT=[37, 184] ✅ (1939ch, attempts=1, 9.2s)
2026-05-01 12:11:36,637 [INFO] HTTP Request: POST http://localhost:2026/v1/chat/completions "HTTP/1.1 200 OK"
2026-05-01 12:11:36,639 [INFO] [1094/3987] id=openseek-3-e28a0d38a GT=[80, 4, 568, 97, 514, 54, 74] ✅ (2453ch, attempts=1, 15.5s)
2026-05-01 12:11:44,674 [INFO] HTTP Request: POST http://localhost:2026/v1/chat/completions "HTTP/1.1 200 OK"
2026-05-01 12:11:44,675 [INFO] [1095/3987] id=openseek-3-9e6a874d7 GT=[280, 87, 12, 38, 37, 27, 418, 232] ✅ (3399ch, attempts=1, 20.0s)
2026-05-01 12:11:49,261 [INFO] HTTP Request: POST http://localhost:2026/v1/chat/completions "HTTP/1.1 200 OK"
2026-05-01 12:11:49,263 [INFO] [1096/3987] id=openseek-3-44ca5533a GT=[574, 49, 22] ✅ (2919ch, attempts=1, 14.3s)
2026-05-01 12:11:50,797 [INFO] HTTP Request: POST http://localhost:2026/v1/chat/completions "HTTP/1.1 200 OK"
2026-05-01 12:11:50,799 [INFO] [1097/3987] id=openseek-3-ec023f114 GT=[202, 148, 586, 430, 83] ✅ (2226ch, attempts=1, 14.2s)
2026-05-01 12:11:57,744 [INFO] HTTP Request: POST http://localhost:2026/v1/chat/completions "HTTP/1.1 200 OK"
2026-05-01 12:11:57,745 [INFO] [1098/3987] id=openseek-3-413ff1aa6 GT=[556, 304, 68, 412, 24] ✅ (2092ch, attempts=1, 13.1s)
2026-05-01 12:12:02,108 [INFO] HTTP Request: POST http://localhost:2026/v1/chat/completions "HTTP/1.1 200 OK"
2026-05-01 12:12:02,109 [INFO] [1099/3987] id=openseek-3-832f6cc5b GT=[310, 346, 36] ✅ (2130ch, attempts=1, 11.3s)
2026-05-01 12:12:02,893 [INFO] HTTP Request: POST http://localhost:2026/v1/chat/completions "HTTP/1.1 200 OK"
2026-05-01 12:12:02,895 [INFO] [1100/3987] id=openseek-3-a8ef1b2b4 GT=[48, 80, 352, 406, 75] ✅ (2348ch, attempts=1, 13.6s)
2026-05-01 12:12:02,927 [INFO]   💾 已保存 (成功=1100 验证通过=1100 降级=0) | 4.6s/条均值 | ETA=223min
2026-05-01 12:12:13,182 [INFO] HTTP Request: POST http://localhost:2026/v1/chat/completions "HTTP/1.1 200 OK"
2026-05-01 12:12:13,183 [INFO] [1101/3987] id=openseek-3-15762fd8b GT=[75, 82, 55, 43, 112, 88, 12, 46] ✅ (2411ch, attempts=1, 15.4s)
2026-05-01 12:12:17,569 [INFO] HTTP Request: POST http://localhost:2026/v1/chat/completions "HTTP/1.1 200 OK"
2026-05-01 12:12:17,571 [INFO] [1102/3987] id=openseek-3-69faa8097 GT=[184, 37, 52, 69, 86, 90, 10] ✅ (2797ch, attempts=1, 15.5s)
2026-05-01 12:12:21,665 [INFO] HTTP Request: POST http://localhost:2026/v1/chat/completions "HTTP/1.1 200 OK"
2026-05-01 12:12:21,666 [INFO] [1103/3987] id=openseek-3-29f933bd0 GT=[340, 83, 298, 15, 346, 15, 2, 6, 77] ✅ (3039ch, attempts=1, 18.8s)
2026-05-01 12:12:25,350 [INFO] HTTP Request: POST http://localhost:2026/v1/chat/completions "HTTP/1.1 200 OK"
2026-05-01 12:12:25,352 [INFO] [1104/3987] id=openseek-3-fc1905795 GT=[364, 16] ✅ (1544ch, attempts=1, 7.8s)
2026-05-01 12:12:27,339 [INFO] HTTP Request: POST http://localhost:2026/v1/chat/completions "HTTP/1.1 200 OK"
2026-05-01 12:12:27,341 [INFO] [1105/3987] id=openseek-3-de6728edc GT=[346, 15, 406, 74, 85, 184] ✅ (2244ch, attempts=1, 14.2s)
2026-05-01 12:12:36,125 [INFO] HTTP Request: POST http://localhost:2026/v1/chat/completions "HTTP/1.1 200 OK"
2026-05-01 12:12:36,126 [INFO] [1106/3987] id=openseek-3-b211bd480 GT=[448, 442] ✅ (1562ch, attempts=1, 8.8s)
2026-05-01 12:12:40,723 [INFO] HTTP Request: POST http://localhost:2026/v1/chat/completions "HTTP/1.1 200 OK"
2026-05-01 12:12:40,725 [INFO] [1107/3987] id=openseek-3-8b8c4791d GT=[6, 340, 412, 33, 418, 41, 66, 55, 598] ✅ (2841ch, attempts=1, 19.1s)
2026-05-01 12:12:44,335 [INFO] HTTP Request: POST http://localhost:2026/v1/chat/completions "HTTP/1.1 200 OK"
2026-05-01 12:12:44,336 [INFO] [1108/3987] id=openseek-3-a1dd90df6 GT=[6, 71, 60, 226, 65, 478, 592] ✅ (3180ch, attempts=1, 19.0s)
2026-05-01 12:12:47,261 [INFO] HTTP Request: POST http://localhost:2026/v1/chat/completions "HTTP/1.1 200 OK"
2026-05-01 12:12:47,262 [INFO] [1109/3987] id=openseek-3-f42ca831c GT=[37, 31, 28, 382] ✅ (2107ch, attempts=1, 11.1s)
2026-05-01 12:12:53,231 [INFO] HTTP Request: POST http://localhost:2026/v1/chat/completions "HTTP/1.1 200 OK"
2026-05-01 12:12:53,233 [INFO] [1110/3987] id=openseek-3-565491b5d GT=[232, 424, 29] ✅ (2319ch, attempts=1, 12.5s)
2026-05-01 12:12:58,577 [INFO] HTTP Request: POST http://localhost:2026/v1/chat/completions "HTTP/1.1 200 OK"
2026-05-01 12:12:58,579 [INFO] [1111/3987] id=openseek-3-5ecb8a4d3 GT=[43, 352, 37, 24] ✅ (2651ch, attempts=1, 14.2s)
2026-05-01 12:13:09,644 [INFO] HTTP Request: POST http://localhost:2026/v1/chat/completions "HTTP/1.1 200 OK"
2026-05-01 12:13:09,645 [INFO] [1112/3987] id=openseek-3-10ee585d8 GT=[35, 358, 352, 418, 172, 88, 33, 598, 30 ✅ (3182ch, attempts=1, 22.4s)
2026-05-01 12:13:12,096 [INFO] HTTP Request: POST http://localhost:2026/v1/chat/completions "HTTP/1.1 200 OK"
2026-05-01 12:13:12,097 [INFO] [1113/3987] id=openseek-3-d0e12d795 GT=[52, 51, 526, 31, 69, 52, 526, 72, 5] ✅ (2952ch, attempts=1, 18.9s)
2026-05-01 12:13:13,123 [INFO] HTTP Request: POST http://localhost:2026/v1/chat/completions "HTTP/1.1 200 OK"
2026-05-01 12:13:13,124 [INFO] [1114/3987] id=openseek-3-5b8f2efcc GT=[250, 424, 466, 8, 316] ✅ (2092ch, attempts=1, 14.5s)
2026-05-01 12:13:25,095 [INFO] HTTP Request: POST http://localhost:2026/v1/chat/completions "HTTP/1.1 200 OK"
2026-05-01 12:13:25,096 [INFO] [1115/3987] id=openseek-3-48a3ea79b GT=[286, 562, 238, 382, 556] ✅ (2607ch, attempts=1, 15.5s)
2026-05-01 12:13:27,252 [INFO] HTTP Request: POST http://localhost:2026/v1/chat/completions "HTTP/1.1 200 OK"
2026-05-01 12:13:27,253 [INFO] [1116/3987] id=openseek-3-8ad9b75be GT=[67, 98, 556, 346, 484, 74] ✅ (2260ch, attempts=1, 14.1s)
2026-05-01 12:13:27,993 [INFO] HTTP Request: POST http://localhost:2026/v1/chat/completions "HTTP/1.1 200 OK"
2026-05-01 12:13:27,995 [INFO] [1117/3987] id=openseek-3-c649d4ab7 GT=[88, 220, 118, 70, 598, 22] ✅ (2335ch, attempts=1, 15.9s)
2026-05-01 12:13:36,387 [INFO] HTTP Request: POST http://localhost:2026/v1/chat/completions "HTTP/1.1 200 OK"
2026-05-01 12:13:36,388 [INFO] [1118/3987] id=openseek-3-7fa472a71 GT=[172, 226] ✅ (1777ch, attempts=1, 8.4s)
2026-05-01 12:13:36,867 [INFO] HTTP Request: POST http://localhost:2026/v1/chat/completions "HTTP/1.1 200 OK"
2026-05-01 12:13:36,868 [INFO] [1119/3987] id=openseek-3-0da85bdde GT=[58, 424, 67, 346, 8] ✅ (1961ch, attempts=1, 11.8s)
2026-05-01 12:13:52,578 [INFO] HTTP Request: POST http://localhost:2026/v1/chat/completions "HTTP/1.1 200 OK"
2026-05-01 12:13:52,579 [INFO] [1120/3987] id=openseek-3-437c87f76 GT=[298, 93, 532, 74, 77, 93, 94, 48, 472] ✅ (4304ch, attempts=1, 25.3s)
2026-05-01 12:13:57,928 [INFO] HTTP Request: POST http://localhost:2026/v1/chat/completions "HTTP/1.1 200 OK"
2026-05-01 12:13:57,929 [INFO] [1121/3987] id=openseek-3-42299b311 GT=[202, 490, 466, 208, 466, 544, 142, 57] ✅ (2983ch, attempts=1, 21.1s)
2026-05-01 12:13:58,470 [INFO] HTTP Request: POST http://localhost:2026/v1/chat/completions "HTTP/1.1 200 OK"
2026-05-01 12:13:58,472 [INFO] [1122/3987] id=openseek-3-c428aed5d GT=[34, 106, 478, 94, 79, 5, 232, 71] ✅ (3720ch, attempts=1, 22.1s)
2026-05-01 12:14:05,130 [INFO] HTTP Request: POST http://localhost:2026/v1/chat/completions "HTTP/1.1 200 OK"
2026-05-01 12:14:05,131 [INFO] [1123/3987] id=openseek-3-ac70e2701 GT=[562, 88] ✅ (1395ch, attempts=1, 7.2s)
2026-05-01 12:14:07,919 [INFO] HTTP Request: POST http://localhost:2026/v1/chat/completions "HTTP/1.1 200 OK"
2026-05-01 12:14:07,921 [INFO] [1124/3987] id=openseek-3-003fd351c GT=[48, 41] ✅ (2023ch, attempts=1, 9.4s)
2026-05-01 12:14:12,921 [INFO] HTTP Request: POST http://localhost:2026/v1/chat/completions "HTTP/1.1 200 OK"
2026-05-01 12:14:12,922 [INFO] [1125/3987] id=openseek-3-9bdf65b21 GT=[16, 58, 478, 75, 90, 226, 310, 184, 58] ✅ (2993ch, attempts=1, 20.3s)
2026-05-01 12:14:19,531 [INFO] HTTP Request: POST http://localhost:2026/v1/chat/completions "HTTP/1.1 200 OK"
2026-05-01 12:14:19,532 [INFO] [1126/3987] id=openseek-3-2438746f5 GT=[46, 442, 322] ✅ (2162ch, attempts=1, 11.6s)
2026-05-01 12:14:20,885 [INFO] HTTP Request: POST http://localhost:2026/v1/chat/completions "HTTP/1.1 200 OK"
2026-05-01 12:14:20,886 [INFO] [1127/3987] id=openseek-3-fac892767 GT=[244, 538, 598, 262, 31, 82] ✅ (2428ch, attempts=1, 15.8s)
2026-05-01 12:14:27,363 [INFO] HTTP Request: POST http://localhost:2026/v1/chat/completions "HTTP/1.1 200 OK"
2026-05-01 12:14:27,365 [INFO] [1128/3987] id=openseek-3-27e068c40 GT=[75, 304] ✅ (1658ch, attempts=1, 7.8s)
2026-05-01 12:14:28,825 [INFO] HTTP Request: POST http://localhost:2026/v1/chat/completions "HTTP/1.1 200 OK"
2026-05-01 12:14:28,826 [INFO] [1129/3987] id=openseek-3-cfe40d8e0 GT=[520, 388] ✅ (1568ch, attempts=1, 7.9s)
2026-05-01 12:14:36,535 [INFO] HTTP Request: POST http://localhost:2026/v1/chat/completions "HTTP/1.1 200 OK"
2026-05-01 12:14:36,537 [INFO] [1130/3987] id=openseek-3-ce0c31aec GT=[148, 15, 59, 304, 274, 87, 268, 41, 214 ✅ (3596ch, attempts=1, 23.6s)
2026-05-01 12:14:44,506 [INFO] HTTP Request: POST http://localhost:2026/v1/chat/completions "HTTP/1.1 200 OK"
2026-05-01 12:14:44,507 [INFO] [1131/3987] id=openseek-3-1c0558890 GT=[38, 92, 454, 21, 46, 50, 43, 10] ✅ (2328ch, attempts=1, 15.7s)
2026-05-01 12:14:45,105 [INFO] HTTP Request: POST http://localhost:2026/v1/chat/completions "HTTP/1.1 200 OK"
2026-05-01 12:14:45,106 [INFO] [1132/3987] id=openseek-3-6f5745489 GT=[29, 16, 142, 592, 76, 68, 78] ✅ (2880ch, attempts=1, 17.7s)
2026-05-01 12:14:50,353 [INFO] HTTP Request: POST http://localhost:2026/v1/chat/completions "HTTP/1.1 200 OK"
2026-05-01 12:14:50,354 [INFO] [1133/3987] id=openseek-3-bbee41e81 GT=[310, 52, 430, 75] ✅ (2192ch, attempts=1, 13.8s)
2026-05-01 12:14:51,672 [INFO] HTTP Request: POST http://localhost:2026/v1/chat/completions "HTTP/1.1 200 OK"
2026-05-01 12:14:51,674 [INFO] [1134/3987] id=openseek-3-dc302fec7 GT=[6, 3, 178] ✅ (1313ch, attempts=1, 6.6s)
2026-05-01 12:14:52,599 [INFO] HTTP Request: POST http://localhost:2026/v1/chat/completions "HTTP/1.1 200 OK"
2026-05-01 12:14:52,600 [INFO] [1135/3987] id=openseek-3-65c77685e GT=[55, 95] ✅ (1686ch, attempts=1, 8.1s)
2026-05-01 12:15:01,119 [INFO] HTTP Request: POST http://localhost:2026/v1/chat/completions "HTTP/1.1 200 OK"
2026-05-01 12:15:01,121 [INFO] [1136/3987] id=openseek-3-6bb22ef6a GT=[17, 16] ✅ (2057ch, attempts=1, 9.4s)
2026-05-01 12:15:02,609 [INFO] HTTP Request: POST http://localhost:2026/v1/chat/completions "HTTP/1.1 200 OK"
2026-05-01 12:15:02,610 [INFO] [1137/3987] id=openseek-3-4cc962ae1 GT=[64, 562] ✅ (2033ch, attempts=1, 10.0s)
2026-05-01 12:15:05,203 [INFO] HTTP Request: POST http://localhost:2026/v1/chat/completions "HTTP/1.1 200 OK"
2026-05-01 12:15:05,204 [INFO] [1138/3987] id=openseek-3-e1757e82a GT=[37, 286, 106, 87, 79, 286] ✅ (2368ch, attempts=1, 14.8s)
2026-05-01 12:15:17,657 [INFO] HTTP Request: POST http://localhost:2026/v1/chat/completions "HTTP/1.1 200 OK"
2026-05-01 12:15:17,658 [INFO] [1139/3987] id=openseek-3-c50e6745c GT=[96, 66, 38, 556, 32, 69, 100, 29, 16] ✅ (2488ch, attempts=1, 16.5s)
2026-05-01 12:15:19,812 [INFO] HTTP Request: POST http://localhost:2026/v1/chat/completions "HTTP/1.1 200 OK"
2026-05-01 12:15:19,813 [INFO] [1140/3987] id=openseek-3-32b0d82ad GT=[376, 256, 478, 1, 97, 112, 208, 47] ✅ (2794ch, attempts=1, 17.2s)
2026-05-01 12:15:27,780 [INFO] HTTP Request: POST http://localhost:2026/v1/chat/completions "HTTP/1.1 200 OK"
2026-05-01 12:15:27,782 [INFO] [1141/3987] id=openseek-3-a13d6c05d GT=[352, 568, 166, 28, 5, 496, 65, 568, 466 ✅ (3394ch, attempts=1, 22.6s)
2026-05-01 12:15:30,551 [INFO] HTTP Request: POST http://localhost:2026/v1/chat/completions "HTTP/1.1 200 OK"
2026-05-01 12:15:30,552 [INFO] [1142/3987] id=openseek-3-42aac4b1d GT=[19, 22, 508] ✅ (2387ch, attempts=1, 12.9s)
2026-05-01 12:15:36,233 [INFO] HTTP Request: POST http://localhost:2026/v1/chat/completions "HTTP/1.1 200 OK"
2026-05-01 12:15:36,235 [INFO] [1143/3987] id=openseek-3-3ba0637c1 GT=[43, 63, 598, 556, 148, 7, 83, 52, 52] ✅ (2556ch, attempts=1, 16.4s)
2026-05-01 12:15:40,845 [INFO] HTTP Request: POST http://localhost:2026/v1/chat/completions "HTTP/1.1 200 OK"
2026-05-01 12:15:40,846 [INFO] [1144/3987] id=openseek-3-15130d998 GT=[60, 67, 80] ✅ (2028ch, attempts=1, 10.3s)
2026-05-01 12:15:45,034 [INFO] HTTP Request: POST http://localhost:2026/v1/chat/completions "HTTP/1.1 200 OK"
2026-05-01 12:15:45,035 [INFO] [1145/3987] id=openseek-3-b12f8d563 GT=[32, 84, 574, 98, 88, 68, 98] ✅ (2981ch, attempts=1, 17.3s)
2026-05-01 12:15:48,797 [INFO] HTTP Request: POST http://localhost:2026/v1/chat/completions "HTTP/1.1 200 OK"
2026-05-01 12:15:48,798 [INFO] [1146/3987] id=openseek-3-0463ed289 GT=[99, 37, 562, 256, 32] ✅ (2004ch, attempts=1, 12.6s)
2026-05-01 12:15:55,329 [INFO] HTTP Request: POST http://localhost:2026/v1/chat/completions "HTTP/1.1 200 OK"
2026-05-01 12:15:55,331 [INFO] [1147/3987] id=openseek-3-59d8ad700 GT=[95, 90, 226, 14, 67, 292] ✅ (2301ch, attempts=1, 14.5s)
2026-05-01 12:16:02,718 [INFO] HTTP Request: POST http://localhost:2026/v1/chat/completions "HTTP/1.1 200 OK"
2026-05-01 12:16:02,720 [INFO] [1148/3987] id=openseek-3-492a378ec GT=[154, 88, 89, 61, 70, 496, 118] ✅ (2291ch, attempts=1, 13.9s)
2026-05-01 12:16:03,606 [INFO] HTTP Request: POST http://localhost:2026/v1/chat/completions "HTTP/1.1 200 OK"
2026-05-01 12:16:03,607 [INFO] [1149/3987] id=openseek-3-e45ec0904 GT=[7, 34, 394, 34, 556, 83, 340, 460] ✅ (2996ch, attempts=1, 18.6s)
2026-05-01 12:16:05,404 [INFO] HTTP Request: POST http://localhost:2026/v1/chat/completions "HTTP/1.1 200 OK"
2026-05-01 12:16:05,406 [INFO] [1150/3987] id=openseek-3-cff7a706d GT=[586, 13, 93] ✅ (2081ch, attempts=1, 10.1s)
2026-05-01 12:16:05,440 [INFO]   💾 已保存 (成功=1150 验证通过=1150 降级=0) | 4.6s/条均值 | ETA=220min
2026-05-01 12:16:13,443 [INFO] HTTP Request: POST http://localhost:2026/v1/chat/completions "HTTP/1.1 200 OK"
2026-05-01 12:16:13,444 [INFO] [1151/3987] id=openseek-3-443c13a9a GT=[84, 6, 334, 18, 4] ✅ (1928ch, attempts=1, 10.7s)
2026-05-01 12:16:14,497 [INFO] HTTP Request: POST http://localhost:2026/v1/chat/completions "HTTP/1.1 200 OK"
2026-05-01 12:16:14,498 [INFO] [1152/3987] id=openseek-3-75cb0decb GT=[5, 202, 106] ✅ (1814ch, attempts=1, 9.1s)
2026-05-01 12:16:22,605 [INFO] HTTP Request: POST http://localhost:2026/v1/chat/completions "HTTP/1.1 200 OK"
2026-05-01 12:16:22,606 [INFO] [1153/3987] id=openseek-3-a0d94134b GT=[256, 310, 328, 16, 77, 268, 418] ✅ (2966ch, attempts=1, 19.0s)
2026-05-01 12:16:26,974 [INFO] HTTP Request: POST http://localhost:2026/v1/chat/completions "HTTP/1.1 200 OK"
2026-05-01 12:16:26,975 [INFO] [1154/3987] id=openseek-3-e8a6f7ab1 GT=[508, 172, 148, 42] ✅ (2427ch, attempts=1, 13.5s)
2026-05-01 12:16:32,495 [INFO] HTTP Request: POST http://localhost:2026/v1/chat/completions "HTTP/1.1 200 OK"
2026-05-01 12:16:32,496 [INFO] [1155/3987] id=openseek-3-61e007b18 GT=[92, 124, 26, 484, 496, 39, 98, 75] ✅ (2888ch, attempts=1, 18.0s)
2026-05-01 12:16:36,010 [INFO] HTTP Request: POST http://localhost:2026/v1/chat/completions "HTTP/1.1 200 OK"
2026-05-01 12:16:36,011 [INFO] [1156/3987] id=openseek-3-81134f1ef GT=[42, 83, 406, 364, 83, 76] ✅ (2045ch, attempts=1, 13.4s)
2026-05-01 12:16:42,662 [INFO] HTTP Request: POST http://localhost:2026/v1/chat/completions "HTTP/1.1 200 OK"
2026-05-01 12:16:42,663 [INFO] [1157/3987] id=openseek-3-5062c4d32 GT=[52, 27, 178, 26] ✅ (1834ch, attempts=1, 10.2s)
2026-05-01 12:16:45,301 [INFO] HTTP Request: POST http://localhost:2026/v1/chat/completions "HTTP/1.1 200 OK"
2026-05-01 12:16:45,302 [INFO] [1158/3987] id=openseek-3-d819637d2 GT=[4, 376, 214, 334, 562, 64, 322] ✅ (2941ch, attempts=1, 18.3s)
2026-05-01 12:16:48,416 [INFO] HTTP Request: POST http://localhost:2026/v1/chat/completions "HTTP/1.1 200 OK"
2026-05-01 12:16:48,417 [INFO] [1159/3987] id=openseek-3-73f73d337 GT=[23, 574, 412, 526] ✅ (2115ch, attempts=1, 12.4s)
2026-05-01 12:16:54,902 [INFO] HTTP Request: POST http://localhost:2026/v1/chat/completions "HTTP/1.1 200 OK"
2026-05-01 12:16:54,903 [INFO] [1160/3987] id=openseek-3-d855c3298 GT=[16, 10, 124] ✅ (1266ch, attempts=1, 6.5s)
2026-05-01 12:17:00,974 [INFO] HTTP Request: POST http://localhost:2026/v1/chat/completions "HTTP/1.1 200 OK"
2026-05-01 12:17:00,975 [INFO] [1161/3987] id=openseek-3-247dc2158 GT=[86, 75, 484, 22, 4, 24, 54, 112] ✅ (2885ch, attempts=1, 18.3s)
2026-05-01 12:17:02,942 [INFO] HTTP Request: POST http://localhost:2026/v1/chat/completions "HTTP/1.1 200 OK"
2026-05-01 12:17:02,943 [INFO] [1162/3987] id=openseek-3-e9b5ae1c4 GT=[61, 64, 394, 598, 310, 574, 316] ✅ (2865ch, attempts=1, 17.6s)
2026-05-01 12:17:02,943 [INFO] HTTP Request: POST http://localhost:2026/v1/chat/completions "HTTP/1.1 200 OK"
2026-05-01 12:17:02,944 [INFO] [1163/3987] id=openseek-3-fbbc375dd GT=[484, 62] ✅ (1548ch, attempts=1, 8.0s)
2026-05-01 12:17:11,969 [INFO] HTTP Request: POST http://localhost:2026/v1/chat/completions "HTTP/1.1 200 OK"
2026-05-01 12:17:11,970 [INFO] [1164/3987] id=openseek-3-13163c1da GT=[532, 562, 59, 47] ✅ (1963ch, attempts=1, 11.0s)
2026-05-01 12:17:13,138 [INFO] HTTP Request: POST http://localhost:2026/v1/chat/completions "HTTP/1.1 200 OK"
2026-05-01 12:17:13,140 [INFO] [1165/3987] id=openseek-3-b7f1157cc GT=[92, 91, 61, 166, 27] ✅ (1708ch, attempts=1, 10.2s)
2026-05-01 12:17:16,354 [INFO] HTTP Request: POST http://localhost:2026/v1/chat/completions "HTTP/1.1 200 OK"
2026-05-01 12:17:16,355 [INFO] [1166/3987] id=openseek-3-3518bfe48 GT=[226, 148, 45, 77, 27, 142, 28] ✅ (2132ch, attempts=1, 13.4s)
2026-05-01 12:17:30,226 [INFO] HTTP Request: POST http://localhost:2026/v1/chat/completions "HTTP/1.1 200 OK"
2026-05-01 12:17:30,227 [INFO] [1167/3987] id=openseek-3-afb078879 GT=[59, 74, 544, 52, 23, 364, 124, 394, 22] ✅ (2629ch, attempts=1, 18.3s)
2026-05-01 12:17:30,309 [INFO] HTTP Request: POST http://localhost:2026/v1/chat/completions "HTTP/1.1 200 OK"
2026-05-01 12:17:30,310 [INFO] [1168/3987] id=openseek-3-1df48155d GT=[60, 61, 12, 430, 45, 58, 322, 33] ✅ (2866ch, attempts=1, 17.2s)
2026-05-01 12:17:39,139 [INFO] HTTP Request: POST http://localhost:2026/v1/chat/completions "HTTP/1.1 200 OK"
2026-05-01 12:17:39,141 [INFO] [1169/3987] id=openseek-3-f511878bf GT=[34, 454, 73, 9, 94, 36, 89, 304, 568] ✅ (3450ch, attempts=1, 22.8s)
2026-05-01 12:17:41,165 [INFO] HTTP Request: POST http://localhost:2026/v1/chat/completions "HTTP/1.1 200 OK"
2026-05-01 12:17:41,166 [INFO] [1170/3987] id=openseek-3-4562f9e83 GT=[214, 130, 62] ✅ (1986ch, attempts=1, 10.9s)
2026-05-01 12:17:46,010 [INFO] HTTP Request: POST http://localhost:2026/v1/chat/completions "HTTP/1.1 200 OK"
2026-05-01 12:17:46,011 [INFO] [1171/3987] id=openseek-3-fc92b8620 GT=[39, 64, 82, 72, 472, 250, 76] ✅ (2552ch, attempts=1, 15.7s)
2026-05-01 12:17:49,432 [INFO] HTTP Request: POST http://localhost:2026/v1/chat/completions "HTTP/1.1 200 OK"
2026-05-01 12:17:49,433 [INFO] [1172/3987] id=openseek-3-46815d098 GT=[124, 33, 178] ✅ (1939ch, attempts=1, 10.3s)
2026-05-01 12:17:49,813 [INFO] HTTP Request: POST http://localhost:2026/v1/chat/completions "HTTP/1.1 200 OK"
2026-05-01 12:17:49,814 [INFO] [1173/3987] id=openseek-3-eefcdee92 GT=[22, 56, 60, 38, 92] ✅ (1476ch, attempts=1, 8.6s)
2026-05-01 12:17:58,444 [INFO] HTTP Request: POST http://localhost:2026/v1/chat/completions "HTTP/1.1 200 OK"
2026-05-01 12:17:58,445 [INFO] [1174/3987] id=openseek-3-47267d134 GT=[68, 148, 75, 81, 54] ✅ (1971ch, attempts=1, 12.4s)
2026-05-01 12:18:01,124 [INFO] HTTP Request: POST http://localhost:2026/v1/chat/completions "HTTP/1.1 200 OK"
2026-05-01 12:18:01,126 [INFO] [1175/3987] id=openseek-3-a5f16bfcf GT=[424, 44, 208] ✅ (2190ch, attempts=1, 11.3s)
2026-05-01 12:18:09,208 [INFO] HTTP Request: POST http://localhost:2026/v1/chat/completions "HTTP/1.1 200 OK"
2026-05-01 12:18:09,210 [INFO] [1176/3987] id=openseek-3-2c65056f1 GT=[286, 166, 46, 65, 77, 28, 274, 52, 51] ✅ (3083ch, attempts=1, 19.8s)
2026-05-01 12:18:11,410 [INFO] HTTP Request: POST http://localhost:2026/v1/chat/completions "HTTP/1.1 200 OK"
2026-05-01 12:18:11,412 [INFO] [1177/3987] id=openseek-3-fff7f12e8 GT=[208, 316] ✅ (2051ch, attempts=1, 10.3s)
2026-05-01 12:18:20,197 [INFO] HTTP Request: POST http://localhost:2026/v1/chat/completions "HTTP/1.1 200 OK"
2026-05-01 12:18:20,199 [INFO] [1178/3987] id=openseek-3-069aebb2c GT=[61, 244, 382, 112, 88, 376, 40, 23, 322 ✅ (3355ch, attempts=1, 21.8s)
2026-05-01 12:18:22,351 [INFO] HTTP Request: POST http://localhost:2026/v1/chat/completions "HTTP/1.1 200 OK"
2026-05-01 12:18:22,352 [INFO] [1179/3987] id=openseek-3-628e9a677 GT=[25, 100, 184, 376, 95, 46] ✅ (2081ch, attempts=1, 13.1s)
2026-05-01 12:18:26,834 [INFO] HTTP Request: POST http://localhost:2026/v1/chat/completions "HTTP/1.1 200 OK"
2026-05-01 12:18:26,836 [INFO] [1180/3987] id=openseek-3-1425c9adf GT=[166, 87, 83, 70, 81, 58, 1] ✅ (2708ch, attempts=1, 15.4s)
2026-05-01 12:18:34,613 [INFO] HTTP Request: POST http://localhost:2026/v1/chat/completions "HTTP/1.1 200 OK"
2026-05-01 12:18:34,614 [INFO] [1181/3987] id=openseek-3-54879e495 GT=[580, 52, 364, 328] ✅ (2142ch, attempts=1, 12.3s)
2026-05-01 12:18:34,753 [INFO] HTTP Request: POST http://localhost:2026/v1/chat/completions "HTTP/1.1 200 OK"
2026-05-01 12:18:34,754 [INFO] [1182/3987] id=openseek-3-4bebbae54 GT=[91, 190, 598, 232, 3] ✅ (2675ch, attempts=1, 14.6s)
2026-05-01 12:18:37,300 [INFO] HTTP Request: POST http://localhost:2026/v1/chat/completions "HTTP/1.1 200 OK"
2026-05-01 12:18:37,301 [INFO] [1183/3987] id=openseek-3-d03855667 GT=[574, 40, 79, 92, 47] ✅ (1909ch, attempts=1, 10.5s)
2026-05-01 12:18:42,132 [INFO] HTTP Request: POST http://localhost:2026/v1/chat/completions "HTTP/1.1 200 OK"
2026-05-01 12:18:42,133 [INFO] [1184/3987] id=openseek-3-b14f3ca7c GT=[42, 3] ✅ (1650ch, attempts=1, 7.5s)
2026-05-01 12:18:50,242 [INFO] HTTP Request: POST http://localhost:2026/v1/chat/completions "HTTP/1.1 200 OK"
2026-05-01 12:18:50,243 [INFO] [1185/3987] id=openseek-3-15e6e02b2 GT=[78, 4, 574, 10, 70, 18, 55] ✅ (2268ch, attempts=1, 12.9s)
2026-05-01 12:18:54,387 [INFO] HTTP Request: POST http://localhost:2026/v1/chat/completions "HTTP/1.1 200 OK"
2026-05-01 12:18:54,388 [INFO] [1186/3987] id=openseek-3-fb26119bd GT=[57, 496, 118, 67, 370, 13, 598, 544] ✅ (3079ch, attempts=1, 19.6s)
2026-05-01 12:18:55,879 [INFO] HTTP Request: POST http://localhost:2026/v1/chat/completions "HTTP/1.1 200 OK"
2026-05-01 12:18:55,881 [INFO] [1187/3987] id=openseek-3-9372b0432 GT=[88, 33, 63, 574, 59] ✅ (2265ch, attempts=1, 13.7s)
2026-05-01 12:19:04,449 [INFO] HTTP Request: POST http://localhost:2026/v1/chat/completions "HTTP/1.1 200 OK"
2026-05-01 12:19:04,450 [INFO] [1188/3987] id=openseek-3-7fffd718f GT=[286, 20, 16] ✅ (1727ch, attempts=1, 8.6s)
2026-05-01 12:19:10,735 [INFO] HTTP Request: POST http://localhost:2026/v1/chat/completions "HTTP/1.1 200 OK"
2026-05-01 12:19:10,737 [INFO] [1189/3987] id=openseek-3-c1e3a9ea8 GT=[17, 448, 20, 61, 56, 74, 100, 442] ✅ (3341ch, attempts=1, 20.5s)
2026-05-01 12:19:14,190 [INFO] HTTP Request: POST http://localhost:2026/v1/chat/completions "HTTP/1.1 200 OK"
2026-05-01 12:19:14,191 [INFO] [1190/3987] id=openseek-3-d88af0735 GT=[190, 13, 79, 37, 50, 580, 98, 556, 64] ✅ (3051ch, attempts=1, 19.8s)
2026-05-01 12:19:17,604 [INFO] HTTP Request: POST http://localhost:2026/v1/chat/completions "HTTP/1.1 200 OK"
2026-05-01 12:19:17,606 [INFO] [1191/3987] id=openseek-3-69d24c0a4 GT=[388, 292, 316, 87, 574, 96] ✅ (1948ch, attempts=1, 13.2s)
2026-05-01 12:19:27,394 [INFO] HTTP Request: POST http://localhost:2026/v1/chat/completions "HTTP/1.1 200 OK"
2026-05-01 12:19:27,395 [INFO] [1192/3987] id=openseek-3-6195d6e13 GT=[72, 50, 76, 75, 514] ✅ (2177ch, attempts=1, 13.2s)
2026-05-01 12:19:35,543 [INFO] HTTP Request: POST http://localhost:2026/v1/chat/completions "HTTP/1.1 200 OK"
2026-05-01 12:19:35,544 [INFO] [1193/3987] id=openseek-3-d76db8bdc GT=[52, 58, 574, 598, 18, 35, 598, 310, 24] ✅ (3914ch, attempts=1, 24.8s)
2026-05-01 12:19:35,562 [INFO] HTTP Request: POST http://localhost:2026/v1/chat/completions "HTTP/1.1 200 OK"
2026-05-01 12:19:35,563 [INFO] [1194/3987] id=openseek-3-cc584b9a1 GT=[72, 53, 88, 532, 568, 130, 4, 202] ✅ (2684ch, attempts=1, 18.0s)
2026-05-01 12:19:40,244 [INFO] HTTP Request: POST http://localhost:2026/v1/chat/completions "HTTP/1.1 200 OK"
2026-05-01 12:19:40,246 [INFO] [1195/3987] id=openseek-3-abdbaf606 GT=[502, 112, 50, 52] ✅ (2366ch, attempts=1, 12.9s)
2026-05-01 12:19:53,967 [INFO] HTTP Request: POST http://localhost:2026/v1/chat/completions "HTTP/1.1 200 OK"
2026-05-01 12:19:53,968 [INFO] [1196/3987] id=openseek-3-329d4e109 GT=[10, 47, 81, 49, 544, 238, 53, 83, 544] ✅ (2821ch, attempts=1, 18.4s)
2026-05-01 12:19:54,807 [INFO] HTTP Request: POST http://localhost:2026/v1/chat/completions "HTTP/1.1 200 OK"
2026-05-01 12:19:54,808 [INFO] [1197/3987] id=openseek-3-7028ae972 GT=[106, 4, 88, 42, 29, 172, 6, 21] ✅ (3140ch, attempts=1, 19.2s)
2026-05-01 12:20:02,029 [INFO] HTTP Request: POST http://localhost:2026/v1/chat/completions "HTTP/1.1 200 OK"
2026-05-01 12:20:02,030 [INFO] [1198/3987] id=openseek-3-98010d39d GT=[17, 292, 7, 19] ✅ (1448ch, attempts=1, 8.1s)
2026-05-01 12:20:04,308 [INFO] HTTP Request: POST http://localhost:2026/v1/chat/completions "HTTP/1.1 200 OK"
2026-05-01 12:20:04,309 [INFO] [1199/3987] id=openseek-3-a790c6e9c GT=[496, 28, 60, 70, 35, 100, 412, 166, 370 ✅ (3932ch, attempts=1, 24.1s)
2026-05-01 12:20:16,189 [INFO] HTTP Request: POST http://localhost:2026/v1/chat/completions "HTTP/1.1 200 OK"
2026-05-01 12:20:16,190 [INFO] [1200/3987] id=openseek-3-5a5312bff GT=[3, 62, 406, 568, 460, 514, 130, 39, 178 ✅ (3127ch, attempts=1, 21.4s)
2026-05-01 12:20:16,220 [INFO]   💾 已保存 (成功=1200 验证通过=1200 降级=0) | 4.7s/条均值 | ETA=216min
2026-05-01 12:20:17,859 [INFO] HTTP Request: POST http://localhost:2026/v1/chat/completions "HTTP/1.1 200 OK"
2026-05-01 12:20:17,860 [INFO] [1201/3987] id=openseek-3-d1b069e71 GT=[262, 14, 62, 82, 98, 106, 442, 47] ✅ (2634ch, attempts=1, 15.8s)
2026-05-01 12:20:23,918 [INFO] HTTP Request: POST http://localhost:2026/v1/chat/completions "HTTP/1.1 200 OK"
2026-05-01 12:20:23,919 [INFO] [1202/3987] id=openseek-3-cde5f2f87 GT=[42, 97, 148, 24, 352, 23, 214, 61] ✅ (3222ch, attempts=1, 19.6s)
2026-05-01 12:20:28,335 [INFO] HTTP Request: POST http://localhost:2026/v1/chat/completions "HTTP/1.1 200 OK"
2026-05-01 12:20:28,336 [INFO] [1203/3987] id=openseek-3-a6d7bbaaa GT=[28, 466, 202] ✅ (1927ch, attempts=1, 10.5s)
2026-05-01 12:20:31,913 [INFO] HTTP Request: POST http://localhost:2026/v1/chat/completions "HTTP/1.1 200 OK"
2026-05-01 12:20:31,915 [INFO] [1204/3987] id=openseek-3-ca4da8720 GT=[292, 238, 400, 4, 78, 148, 358] ✅ (2481ch, attempts=1, 15.7s)
2026-05-01 12:20:34,716 [INFO] HTTP Request: POST http://localhost:2026/v1/chat/completions "HTTP/1.1 200 OK"
2026-05-01 12:20:34,717 [INFO] [1205/3987] id=openseek-3-6b4a2ac7a GT=[3, 97, 82, 70, 85] ✅ (1942ch, attempts=1, 10.8s)
2026-05-01 12:20:42,228 [INFO] HTTP Request: POST http://localhost:2026/v1/chat/completions "HTTP/1.1 200 OK"
2026-05-01 12:20:42,229 [INFO] [1206/3987] id=openseek-3-5a067dfbd GT=[466, 34, 448, 48, 544, 42] ✅ (2307ch, attempts=1, 13.9s)
2026-05-01 12:20:43,909 [INFO] HTTP Request: POST http://localhost:2026/v1/chat/completions "HTTP/1.1 200 OK"
2026-05-01 12:20:43,911 [INFO] [1207/3987] id=openseek-3-ce396e127 GT=[418, 97, 298, 15] ✅ (2222ch, attempts=1, 12.0s)
2026-05-01 12:20:49,182 [INFO] HTTP Request: POST http://localhost:2026/v1/chat/completions "HTTP/1.1 200 OK"
2026-05-01 12:20:49,183 [INFO] [1208/3987] id=openseek-3-330491cdd GT=[460, 34, 89, 15, 178, 30, 526] ✅ (2347ch, attempts=1, 14.5s)
2026-05-01 12:20:53,681 [INFO] HTTP Request: POST http://localhost:2026/v1/chat/completions "HTTP/1.1 200 OK"
2026-05-01 12:20:53,682 [INFO] [1209/3987] id=openseek-3-57551341a GT=[364, 106, 32, 40, 268] ✅ (1892ch, attempts=1, 11.5s)
2026-05-01 12:20:58,615 [INFO] HTTP Request: POST http://localhost:2026/v1/chat/completions "HTTP/1.1 200 OK"
2026-05-01 12:20:58,616 [INFO] [1210/3987] id=openseek-3-c7dc2c2ac GT=[526, 29, 50, 526] ✅ (1835ch, attempts=1, 9.4s)
2026-05-01 12:21:07,678 [INFO] HTTP Request: POST http://localhost:2026/v1/chat/completions "HTTP/1.1 200 OK"
2026-05-01 12:21:07,680 [INFO] [1211/3987] id=openseek-3-d4a276fdb GT=[42, 48, 39, 298, 220, 16, 142, 66, 508] ✅ (3579ch, attempts=1, 23.8s)
2026-05-01 12:21:11,933 [INFO] HTTP Request: POST http://localhost:2026/v1/chat/completions "HTTP/1.1 200 OK"
2026-05-01 12:21:11,934 [INFO] [1212/3987] id=openseek-3-43bd0804f GT=[9, 298, 97, 418, 82, 124] ✅ (2073ch, attempts=1, 13.3s)
2026-05-01 12:21:16,044 [INFO] HTTP Request: POST http://localhost:2026/v1/chat/completions "HTTP/1.1 200 OK"
2026-05-01 12:21:16,046 [INFO] [1213/3987] id=openseek-3-fb57f81d3 GT=[88, 376, 8, 85, 196, 412, 598, 154] ✅ (3400ch, attempts=1, 22.4s)
2026-05-01 12:21:22,270 [INFO] HTTP Request: POST http://localhost:2026/v1/chat/completions "HTTP/1.1 200 OK"
2026-05-01 12:21:22,271 [INFO] [1214/3987] id=openseek-3-09a623e4d GT=[358, 232, 62, 82] ✅ (1818ch, attempts=1, 10.3s)
2026-05-01 12:21:26,741 [INFO] HTTP Request: POST http://localhost:2026/v1/chat/completions "HTTP/1.1 200 OK"
2026-05-01 12:21:26,742 [INFO] [1215/3987] id=openseek-3-ad8ab3c11 GT=[71, 2, 112, 20, 142] ✅ (1750ch, attempts=1, 10.7s)
2026-05-01 12:21:27,504 [INFO] HTTP Request: POST http://localhost:2026/v1/chat/completions "HTTP/1.1 200 OK"
2026-05-01 12:21:27,505 [INFO] [1216/3987] id=openseek-3-ea87442f2 GT=[21, 214, 58, 586, 250, 39, 442, 71] ✅ (3236ch, attempts=1, 19.8s)
2026-05-01 12:21:31,132 [INFO] HTTP Request: POST http://localhost:2026/v1/chat/completions "HTTP/1.1 200 OK"
2026-05-01 12:21:31,133 [INFO] [1217/3987] id=openseek-3-94de0ebf6 GT=[28, 19, 292] ✅ (1759ch, attempts=1, 8.9s)
2026-05-01 12:21:35,829 [INFO] HTTP Request: POST http://localhost:2026/v1/chat/completions "HTTP/1.1 200 OK"
2026-05-01 12:21:35,830 [INFO] [1218/3987] id=openseek-3-c652e2987 GT=[106, 64, 66, 31] ✅ (1558ch, attempts=1, 9.1s)
2026-05-01 12:21:39,680 [INFO] HTTP Request: POST http://localhost:2026/v1/chat/completions "HTTP/1.1 200 OK"
2026-05-01 12:21:39,681 [INFO] [1219/3987] id=openseek-3-7372520f8 GT=[33, 5, 48, 23, 544, 220] ✅ (2006ch, attempts=1, 12.2s)
2026-05-01 12:21:45,381 [INFO] HTTP Request: POST http://localhost:2026/v1/chat/completions "HTTP/1.1 200 OK"
2026-05-01 12:21:45,382 [INFO] [1220/3987] id=openseek-3-cc6937736 GT=[4, 31] ✅ (1624ch, attempts=1, 9.6s)
2026-05-01 12:21:48,385 [INFO] HTTP Request: POST http://localhost:2026/v1/chat/completions "HTTP/1.1 200 OK"
2026-05-01 12:21:48,386 [INFO] [1221/3987] id=openseek-3-5ec92acec GT=[47, 42, 280, 17, 64, 418, 424, 40] ✅ (2642ch, attempts=1, 17.3s)
2026-05-01 12:21:53,102 [INFO] HTTP Request: POST http://localhost:2026/v1/chat/completions "HTTP/1.1 200 OK"
2026-05-01 12:21:53,103 [INFO] [1222/3987] id=openseek-3-ac339cc2e GT=[38, 15, 466, 160, 65] ✅ (2218ch, attempts=1, 13.4s)
2026-05-01 12:22:00,187 [INFO] HTTP Request: POST http://localhost:2026/v1/chat/completions "HTTP/1.1 200 OK"
2026-05-01 12:22:00,188 [INFO] [1223/3987] id=openseek-3-efdbb122e GT=[61, 82, 340, 82] ✅ (2088ch, attempts=1, 11.8s)
2026-05-01 12:22:01,228 [INFO] HTTP Request: POST http://localhost:2026/v1/chat/completions "HTTP/1.1 200 OK"
2026-05-01 12:22:01,230 [INFO] [1224/3987] id=openseek-3-13d358616 GT=[5, 51, 45, 556, 39, 14, 73, 30] ✅ (2650ch, attempts=1, 15.8s)
2026-05-01 12:22:12,362 [INFO] HTTP Request: POST http://localhost:2026/v1/chat/completions "HTTP/1.1 200 OK"
2026-05-01 12:22:12,363 [INFO] [1225/3987] id=openseek-3-163d02c48 GT=[244, 10, 84, 130, 400, 406, 382, 36, 19 ✅ (2966ch, attempts=1, 19.3s)
2026-05-01 12:22:12,764 [INFO] HTTP Request: POST http://localhost:2026/v1/chat/completions "HTTP/1.1 200 OK"
2026-05-01 12:22:12,765 [INFO] [1226/3987] id=openseek-3-d5c9f94c2 GT=[178, 418, 34, 334] ✅ (2111ch, attempts=1, 12.6s)
2026-05-01 12:22:13,760 [INFO] HTTP Request: POST http://localhost:2026/v1/chat/completions "HTTP/1.1 200 OK"
2026-05-01 12:22:13,761 [INFO] [1227/3987] id=openseek-3-b3d1e81d2 GT=[34, 568, 42, 430, 136] ✅ (1857ch, attempts=1, 12.5s)
2026-05-01 12:22:19,803 [INFO] HTTP Request: POST http://localhost:2026/v1/chat/completions "HTTP/1.1 200 OK"
2026-05-01 12:22:19,804 [INFO] [1228/3987] id=openseek-3-659cb18dd GT=[16, 24] ✅ (1584ch, attempts=1, 7.4s)
2026-05-01 12:22:22,431 [INFO] HTTP Request: POST http://localhost:2026/v1/chat/completions "HTTP/1.1 200 OK"
2026-05-01 12:22:22,432 [INFO] [1229/3987] id=openseek-3-f350ccf74 GT=[568, 79, 346] ✅ (1855ch, attempts=1, 9.7s)
2026-05-01 12:22:27,520 [INFO] HTTP Request: POST http://localhost:2026/v1/chat/completions "HTTP/1.1 200 OK"
2026-05-01 12:22:27,521 [INFO] [1230/3987] id=openseek-3-6f172b4a7 GT=[13, 574, 94, 256, 202] ✅ (2279ch, attempts=1, 13.8s)
2026-05-01 12:22:35,901 [INFO] HTTP Request: POST http://localhost:2026/v1/chat/completions "HTTP/1.1 200 OK"
2026-05-01 12:22:35,902 [INFO] [1231/3987] id=openseek-3-ef6cdd01a GT=[20, 10, 63, 65, 466, 598] ✅ (2166ch, attempts=1, 13.5s)
2026-05-01 12:22:37,276 [INFO] HTTP Request: POST http://localhost:2026/v1/chat/completions "HTTP/1.1 200 OK"
2026-05-01 12:22:37,277 [INFO] [1232/3987] id=openseek-3-fd6659af2 GT=[96, 376, 106, 148, 388, 184, 226] ✅ (2705ch, attempts=1, 17.5s)
2026-05-01 12:22:43,853 [INFO] HTTP Request: POST http://localhost:2026/v1/chat/completions "HTTP/1.1 200 OK"
2026-05-01 12:22:43,854 [INFO] [1233/3987] id=openseek-3-99deaa6d4 GT=[100, 14] ✅ (1558ch, attempts=1, 8.0s)
2026-05-01 12:22:48,023 [INFO] HTTP Request: POST http://localhost:2026/v1/chat/completions "HTTP/1.1 200 OK"
2026-05-01 12:22:48,024 [INFO] [1234/3987] id=openseek-3-5d9a21629 GT=[466, 96, 316, 532, 41, 100, 508, 26] ✅ (3306ch, attempts=1, 20.5s)
2026-05-01 12:22:50,750 [INFO] HTTP Request: POST http://localhost:2026/v1/chat/completions "HTTP/1.1 200 OK"
2026-05-01 12:22:50,751 [INFO] [1235/3987] id=openseek-3-87ffdb46b GT=[310, 436, 454, 55, 178] ✅ (2058ch, attempts=1, 13.5s)
2026-05-01 12:22:57,446 [INFO] HTTP Request: POST http://localhost:2026/v1/chat/completions "HTTP/1.1 200 OK"
2026-05-01 12:22:57,447 [INFO] [1236/3987] id=openseek-3-446e68e72 GT=[46, 62, 97, 40, 94, 88, 33] ✅ (2136ch, attempts=1, 13.6s)
2026-05-01 12:23:03,369 [INFO] HTTP Request: POST http://localhost:2026/v1/chat/completions "HTTP/1.1 200 OK"
2026-05-01 12:23:03,370 [INFO] [1237/3987] id=openseek-3-45942e4b7 GT=[9, 19, 298, 82, 57, 460, 68] ✅ (2599ch, attempts=1, 15.3s)
2026-05-01 12:23:10,341 [INFO] HTTP Request: POST http://localhost:2026/v1/chat/completions "HTTP/1.1 200 OK"
2026-05-01 12:23:10,343 [INFO] [1238/3987] id=openseek-3-baf20ce1d GT=[61, 172, 20, 88, 484, 40, 16] ✅ (3285ch, attempts=1, 19.6s)
2026-05-01 12:23:11,235 [INFO] HTTP Request: POST http://localhost:2026/v1/chat/completions "HTTP/1.1 200 OK"
2026-05-01 12:23:11,236 [INFO] [1239/3987] id=openseek-3-4ec15a140 GT=[86, 388] ✅ (1587ch, attempts=1, 7.9s)
2026-05-01 12:23:12,392 [INFO] HTTP Request: POST http://localhost:2026/v1/chat/completions "HTTP/1.1 200 OK"
2026-05-01 12:23:12,393 [INFO] [1240/3987] id=openseek-3-dccbb1867 GT=[490, 84, 196, 40, 28, 80, 77] ✅ (2422ch, attempts=1, 14.9s)
2026-05-01 12:23:24,092 [INFO] HTTP Request: POST http://localhost:2026/v1/chat/completions "HTTP/1.1 200 OK"
2026-05-01 12:23:24,094 [INFO] [1241/3987] id=openseek-3-ca34d2592 GT=[544, 48, 24, 42, 376, 22] ✅ (2178ch, attempts=1, 13.8s)
2026-05-01 12:23:30,197 [INFO] HTTP Request: POST http://localhost:2026/v1/chat/completions "HTTP/1.1 200 OK"
2026-05-01 12:23:30,198 [INFO] [1242/3987] id=openseek-3-a4f0bda10 GT=[83, 568, 89, 550, 23, 87, 76, 580] ✅ (2801ch, attempts=1, 17.8s)
2026-05-01 12:23:30,956 [INFO] HTTP Request: POST http://localhost:2026/v1/chat/completions "HTTP/1.1 200 OK"
2026-05-01 12:23:30,957 [INFO] [1243/3987] id=openseek-3-0e975013d GT=[64, 544, 6, 478, 93, 316] ✅ (3346ch, attempts=1, 19.7s)
2026-05-01 12:23:35,866 [INFO] HTTP Request: POST http://localhost:2026/v1/chat/completions "HTTP/1.1 200 OK"
2026-05-01 12:23:35,868 [INFO] [1244/3987] id=openseek-3-852c4125d GT=[72, 226, 238, 78] ✅ (2108ch, attempts=1, 11.8s)
2026-05-01 12:23:41,310 [INFO] HTTP Request: POST http://localhost:2026/v1/chat/completions "HTTP/1.1 200 OK"
2026-05-01 12:23:41,311 [INFO] [1245/3987] id=openseek-3-b33bc3b61 GT=[190, 47, 238, 93, 448] ✅ (1726ch, attempts=1, 11.1s)
2026-05-01 12:23:49,077 [INFO] HTTP Request: POST http://localhost:2026/v1/chat/completions "HTTP/1.1 200 OK"
2026-05-01 12:23:49,079 [INFO] [1246/3987] id=openseek-3-0842bc201 GT=[6, 96, 80, 6, 202, 526, 58] ✅ (2978ch, attempts=1, 18.1s)
2026-05-01 12:23:53,208 [INFO] HTTP Request: POST http://localhost:2026/v1/chat/completions "HTTP/1.1 200 OK"
2026-05-01 12:23:53,209 [INFO] [1247/3987] id=openseek-3-f5610da48 GT=[598, 74, 226, 63, 586, 70, 93, 394] ✅ (2746ch, attempts=1, 17.3s)
2026-05-01 12:23:54,165 [INFO] HTTP Request: POST http://localhost:2026/v1/chat/completions "HTTP/1.1 200 OK"
2026-05-01 12:23:54,167 [INFO] [1248/3987] id=openseek-3-5454b5c8c GT=[72, 514, 13, 70] ✅ (2145ch, attempts=1, 12.9s)
2026-05-01 12:24:03,230 [INFO] HTTP Request: POST http://localhost:2026/v1/chat/completions "HTTP/1.1 200 OK"
2026-05-01 12:24:03,231 [INFO] [1249/3987] id=openseek-3-e1dba9c43 GT=[88, 94, 460, 316, 42, 4] ✅ (2288ch, attempts=1, 14.2s)
2026-05-01 12:24:05,261 [INFO] HTTP Request: POST http://localhost:2026/v1/chat/completions "HTTP/1.1 200 OK"
2026-05-01 12:24:05,262 [INFO] [1250/3987] id=openseek-3-13cc523ed GT=[202, 184, 68] ✅ (2040ch, attempts=1, 11.1s)
2026-05-01 12:24:05,398 [INFO]   💾 已保存 (成功=1250 验证通过=1250 降级=0) | 4.7s/条均值 | ETA=212min
2026-05-01 12:24:10,208 [INFO] HTTP Request: POST http://localhost:2026/v1/chat/completions "HTTP/1.1 200 OK"
2026-05-01 12:24:10,209 [INFO] [1251/3987] id=openseek-3-0041fcbe6 GT=[68, 424, 47, 550, 83, 6, 93, 556] ✅ (2554ch, attempts=1, 17.0s)
2026-05-01 12:24:12,582 [INFO] HTTP Request: POST http://localhost:2026/v1/chat/completions "HTTP/1.1 200 OK"
2026-05-01 12:24:12,583 [INFO] [1252/3987] id=openseek-3-34e6cf800 GT=[1, 6, 23] ✅ (2041ch, attempts=1, 9.4s)
2026-05-01 12:24:19,055 [INFO] HTTP Request: POST http://localhost:2026/v1/chat/completions "HTTP/1.1 200 OK"
2026-05-01 12:24:19,056 [INFO] [1253/3987] id=openseek-3-7d10750c0 GT=[124, 76, 67, 56, 96, 322] ✅ (2203ch, attempts=1, 13.8s)
2026-05-01 12:24:22,435 [INFO] HTTP Request: POST http://localhost:2026/v1/chat/completions "HTTP/1.1 200 OK"
2026-05-01 12:24:22,436 [INFO] [1254/3987] id=openseek-3-ac44b6cfc GT=[73, 6, 472, 75, 502] ✅ (1606ch, attempts=1, 9.9s)
2026-05-01 12:24:27,528 [INFO] HTTP Request: POST http://localhost:2026/v1/chat/completions "HTTP/1.1 200 OK"
2026-05-01 12:24:27,530 [INFO] [1255/3987] id=openseek-3-d85b84c42 GT=[532, 77, 81, 334, 592, 76] ✅ (2775ch, attempts=1, 17.3s)
2026-05-01 12:24:32,024 [INFO] HTTP Request: POST http://localhost:2026/v1/chat/completions "HTTP/1.1 200 OK"
2026-05-01 12:24:32,025 [INFO] [1256/3987] id=openseek-3-2d57a693e GT=[61, 502, 304, 27, 68, 47] ✅ (2060ch, attempts=1, 13.0s)
2026-05-01 12:24:37,811 [INFO] HTTP Request: POST http://localhost:2026/v1/chat/completions "HTTP/1.1 200 OK"
2026-05-01 12:24:37,812 [INFO] [1257/3987] id=openseek-3-06a41f469 GT=[30, 96, 496, 400, 33] ✅ (1756ch, attempts=1, 10.3s)
2026-05-01 12:24:41,185 [INFO] HTTP Request: POST http://localhost:2026/v1/chat/completions "HTTP/1.1 200 OK"
2026-05-01 12:24:41,186 [INFO] [1258/3987] id=openseek-3-2555d8fbe GT=[292, 358, 496, 73, 388, 34, 592] ✅ (2967ch, attempts=1, 18.7s)
2026-05-01 12:24:42,481 [INFO] HTTP Request: POST http://localhost:2026/v1/chat/completions "HTTP/1.1 200 OK"
2026-05-01 12:24:42,483 [INFO] [1259/3987] id=openseek-3-f8ca791e7 GT=[29, 394, 96, 598, 154] ✅ (1616ch, attempts=1, 10.5s)
2026-05-01 12:24:49,848 [INFO] HTTP Request: POST http://localhost:2026/v1/chat/completions "HTTP/1.1 200 OK"
2026-05-01 12:24:49,849 [INFO] [1260/3987] id=openseek-3-e06f8584f GT=[71, 76, 250, 394, 55, 45] ✅ (1853ch, attempts=1, 12.0s)
2026-05-01 12:24:53,862 [INFO] HTTP Request: POST http://localhost:2026/v1/chat/completions "HTTP/1.1 200 OK"
2026-05-01 12:24:53,864 [INFO] [1261/3987] id=openseek-3-71e60f39a GT=[124, 18, 274] ✅ (2390ch, attempts=1, 12.7s)
2026-05-01 12:24:58,053 [INFO] HTTP Request: POST http://localhost:2026/v1/chat/completions "HTTP/1.1 200 OK"
2026-05-01 12:24:58,054 [INFO] [1262/3987] id=openseek-3-1921bef81 GT=[34, 142, 292, 190] ✅ (2750ch, attempts=1, 15.6s)
2026-05-01 12:25:00,929 [INFO] HTTP Request: POST http://localhost:2026/v1/chat/completions "HTTP/1.1 200 OK"
2026-05-01 12:25:00,931 [INFO] [1263/3987] id=openseek-3-f8536737d GT=[184, 46, 51, 142, 12] ✅ (1694ch, attempts=1, 11.1s)
2026-05-01 12:25:03,401 [INFO] HTTP Request: POST http://localhost:2026/v1/chat/completions "HTTP/1.1 200 OK"
2026-05-01 12:25:03,402 [INFO] [1264/3987] id=openseek-3-a2defd30c GT=[95, 22, 136, 214, 178, 41] ✅ (1512ch, attempts=1, 9.5s)
2026-05-01 12:25:09,731 [INFO] HTTP Request: POST http://localhost:2026/v1/chat/completions "HTTP/1.1 200 OK"
2026-05-01 12:25:09,732 [INFO] [1265/3987] id=openseek-3-74b982fbb GT=[56, 88, 34, 64] ✅ (1509ch, attempts=1, 8.8s)
2026-05-01 12:25:10,980 [INFO] HTTP Request: POST http://localhost:2026/v1/chat/completions "HTTP/1.1 200 OK"
2026-05-01 12:25:10,981 [INFO] [1266/3987] id=openseek-3-627ce7a27 GT=[72, 3] ✅ (1708ch, attempts=1, 7.6s)
2026-05-01 12:25:18,599 [INFO] HTTP Request: POST http://localhost:2026/v1/chat/completions "HTTP/1.1 200 OK"
2026-05-01 12:25:18,600 [INFO] [1267/3987] id=openseek-3-731c8865a GT=[436, 340] ✅ (1428ch, attempts=1, 7.6s)
2026-05-01 12:25:19,436 [INFO] HTTP Request: POST http://localhost:2026/v1/chat/completions "HTTP/1.1 200 OK"
2026-05-01 12:25:19,437 [INFO] [1268/3987] id=openseek-3-836a2e6b6 GT=[65, 490, 49, 42, 106, 442, 7, 430, 598] ✅ (3229ch, attempts=1, 21.4s)
2026-05-01 12:25:26,715 [INFO] HTTP Request: POST http://localhost:2026/v1/chat/completions "HTTP/1.1 200 OK"
2026-05-01 12:25:26,716 [INFO] [1269/3987] id=openseek-3-6a63c981c GT=[202, 65, 388, 412, 100, 96, 4] ✅ (2731ch, attempts=1, 17.0s)
2026-05-01 12:25:26,956 [INFO] HTTP Request: POST http://localhost:2026/v1/chat/completions "HTTP/1.1 200 OK"
2026-05-01 12:25:26,958 [INFO] [1270/3987] id=openseek-3-d21338a85 GT=[99, 80] ✅ (1862ch, attempts=1, 8.4s)
2026-05-01 12:25:34,219 [INFO] HTTP Request: POST http://localhost:2026/v1/chat/completions "HTTP/1.1 200 OK"
2026-05-01 12:25:34,220 [INFO] [1271/3987] id=openseek-3-350205710 GT=[65, 94, 298, 256, 106, 91, 1] ✅ (2401ch, attempts=1, 14.8s)
2026-05-01 12:25:37,608 [INFO] HTTP Request: POST http://localhost:2026/v1/chat/completions "HTTP/1.1 200 OK"
2026-05-01 12:25:37,610 [INFO] [1272/3987] id=openseek-3-e2370cb96 GT=[9, 50, 97, 93] ✅ (2027ch, attempts=1, 10.9s)
2026-05-01 12:25:39,956 [INFO] HTTP Request: POST http://localhost:2026/v1/chat/completions "HTTP/1.1 200 OK"
2026-05-01 12:25:39,957 [INFO] [1273/3987] id=openseek-3-7e944b5c6 GT=[54, 244, 68, 76, 84, 54, 190] ✅ (2115ch, attempts=1, 13.0s)
2026-05-01 12:25:54,785 [INFO] HTTP Request: POST http://localhost:2026/v1/chat/completions "HTTP/1.1 200 OK"
2026-05-01 12:25:54,787 [INFO] [1274/3987] id=openseek-3-2b595062e GT=[4, 574, 46, 352, 81, 49] ✅ (2965ch, attempts=1, 17.2s)
2026-05-01 12:25:58,390 [INFO] HTTP Request: POST http://localhost:2026/v1/chat/completions "HTTP/1.1 200 OK"
2026-05-01 12:25:58,391 [INFO] [1275/3987] id=openseek-3-9a5dd6df3 GT=[514, 328, 568, 334, 166, 35, 75, 77] ✅ (3658ch, attempts=1, 24.2s)
2026-05-01 12:25:58,938 [INFO] HTTP Request: POST http://localhost:2026/v1/chat/completions "HTTP/1.1 200 OK"
2026-05-01 12:25:58,939 [INFO] [1276/3987] id=openseek-3-e9277d56a GT=[40, 382, 64, 12, 472, 68, 34] ✅ (2993ch, attempts=1, 19.0s)
2026-05-01 12:26:08,943 [INFO] HTTP Request: POST http://localhost:2026/v1/chat/completions "HTTP/1.1 200 OK"
2026-05-01 12:26:08,944 [INFO] [1277/3987] id=openseek-3-ad0bcef68 GT=[55, 16, 148, 508, 64, 118, 94, 346] ✅ (2301ch, attempts=1, 14.2s)
2026-05-01 12:26:09,860 [INFO] HTTP Request: POST http://localhost:2026/v1/chat/completions "HTTP/1.1 200 OK"
2026-05-01 12:26:09,861 [INFO] [1278/3987] id=openseek-3-2a8800a9e GT=[136, 454, 1] ✅ (2136ch, attempts=1, 10.9s)
2026-05-01 12:26:10,364 [INFO] HTTP Request: POST http://localhost:2026/v1/chat/completions "HTTP/1.1 200 OK"
2026-05-01 12:26:10,365 [INFO] [1279/3987] id=openseek-3-2a9489552 GT=[136, 214, 46, 23] ✅ (2062ch, attempts=1, 12.0s)
2026-05-01 12:26:17,370 [INFO] HTTP Request: POST http://localhost:2026/v1/chat/completions "HTTP/1.1 200 OK"
2026-05-01 12:26:17,372 [INFO] [1280/3987] id=openseek-3-c8919baad GT=[172, 436] ✅ (1433ch, attempts=1, 8.4s)
2026-05-01 12:26:20,122 [INFO] HTTP Request: POST http://localhost:2026/v1/chat/completions "HTTP/1.1 200 OK"
2026-05-01 12:26:20,123 [INFO] [1281/3987] id=openseek-3-bd370ecb0 GT=[20, 316, 8, 40] ✅ (1826ch, attempts=1, 10.3s)
2026-05-01 12:26:26,172 [INFO] HTTP Request: POST http://localhost:2026/v1/chat/completions "HTTP/1.1 200 OK"
2026-05-01 12:26:26,173 [INFO] [1282/3987] id=openseek-3-8102ebff2 GT=[208, 568, 22, 448, 58] ✅ (2921ch, attempts=1, 15.8s)
2026-05-01 12:26:31,647 [INFO] HTTP Request: POST http://localhost:2026/v1/chat/completions "HTTP/1.1 200 OK"
2026-05-01 12:26:31,649 [INFO] [1283/3987] id=openseek-3-d8534fadd GT=[35, 82, 112, 54, 7] ✅ (2017ch, attempts=1, 11.5s)
2026-05-01 12:26:34,261 [INFO] HTTP Request: POST http://localhost:2026/v1/chat/completions "HTTP/1.1 200 OK"
2026-05-01 12:26:34,262 [INFO] [1284/3987] id=openseek-3-2978d766b GT=[17, 424, 202, 352, 20, 112, 5, 406] ✅ (2715ch, attempts=1, 16.9s)
2026-05-01 12:26:39,321 [INFO] HTTP Request: POST http://localhost:2026/v1/chat/completions "HTTP/1.1 200 OK"
2026-05-01 12:26:39,322 [INFO] [1285/3987] id=openseek-3-cd0495892 GT=[502, 44, 184, 238] ✅ (2335ch, attempts=1, 13.1s)
2026-05-01 12:26:43,964 [INFO] HTTP Request: POST http://localhost:2026/v1/chat/completions "HTTP/1.1 200 OK"
2026-05-01 12:26:43,965 [INFO] [1286/3987] id=openseek-3-cba0ae073 GT=[100, 118, 10, 370] ✅ (1580ch, attempts=1, 9.7s)
2026-05-01 12:26:48,885 [INFO] HTTP Request: POST http://localhost:2026/v1/chat/completions "HTTP/1.1 200 OK"
2026-05-01 12:26:48,887 [INFO] [1287/3987] id=openseek-3-fe583d93d GT=[10, 13, 66] ✅ (1890ch, attempts=1, 9.6s)
2026-05-01 12:26:49,721 [INFO] HTTP Request: POST http://localhost:2026/v1/chat/completions "HTTP/1.1 200 OK"
2026-05-01 12:26:49,722 [INFO] [1288/3987] id=openseek-3-0dd3e1cf0 GT=[130, 62, 21, 280, 51, 64, 250, 268] ✅ (2935ch, attempts=1, 18.1s)
2026-05-01 12:26:51,689 [INFO] HTTP Request: POST http://localhost:2026/v1/chat/completions "HTTP/1.1 200 OK"
2026-05-01 12:26:51,690 [INFO] [1289/3987] id=openseek-3-c6f6f8bf0 GT=[208, 92] ✅ (1531ch, attempts=1, 7.7s)
2026-05-01 12:26:59,512 [INFO] HTTP Request: POST http://localhost:2026/v1/chat/completions "HTTP/1.1 200 OK"
2026-05-01 12:26:59,513 [INFO] [1290/3987] id=openseek-3-d433dcf40 GT=[31, 274] ✅ (1661ch, attempts=1, 7.8s)
2026-05-01 12:27:04,937 [INFO] HTTP Request: POST http://localhost:2026/v1/chat/completions "HTTP/1.1 200 OK"
2026-05-01 12:27:04,938 [INFO] [1291/3987] id=openseek-3-0e195e502 GT=[63, 56, 346, 226, 568, 394, 556, 97] ✅ (2391ch, attempts=1, 15.2s)
2026-05-01 12:27:08,041 [INFO] HTTP Request: POST http://localhost:2026/v1/chat/completions "HTTP/1.1 200 OK"
2026-05-01 12:27:08,042 [INFO] [1292/3987] id=openseek-3-503318c6c GT=[238, 97, 358, 220, 99, 268, 166, 154] ✅ (3016ch, attempts=1, 19.2s)
2026-05-01 12:27:15,351 [INFO] HTTP Request: POST http://localhost:2026/v1/chat/completions "HTTP/1.1 200 OK"
2026-05-01 12:27:15,352 [INFO] [1293/3987] id=openseek-3-6e394f2e1 GT=[1, 580, 328, 7, 400] ✅ (2505ch, attempts=1, 15.8s)
2026-05-01 12:27:19,111 [INFO] HTTP Request: POST http://localhost:2026/v1/chat/completions "HTTP/1.1 200 OK"
2026-05-01 12:27:19,112 [INFO] [1294/3987] id=openseek-3-18efb6efe GT=[70, 21, 334] ✅ (2046ch, attempts=1, 11.1s)
2026-05-01 12:27:24,786 [INFO] HTTP Request: POST http://localhost:2026/v1/chat/completions "HTTP/1.1 200 OK"
2026-05-01 12:27:24,787 [INFO] [1295/3987] id=openseek-3-ddd2c7b9c GT=[16, 274, 400, 51, 214, 35, 412, 172] ✅ (3029ch, attempts=1, 19.8s)
2026-05-01 12:27:30,736 [INFO] HTTP Request: POST http://localhost:2026/v1/chat/completions "HTTP/1.1 200 OK"
2026-05-01 12:27:30,737 [INFO] [1296/3987] id=openseek-3-27b0aa413 GT=[586, 394, 48] ✅ (2040ch, attempts=1, 11.6s)
2026-05-01 12:27:31,623 [INFO] HTTP Request: POST http://localhost:2026/v1/chat/completions "HTTP/1.1 200 OK"
2026-05-01 12:27:31,624 [INFO] [1297/3987] id=openseek-3-9c9f77300 GT=[142, 124, 184, 106, 86, 29, 496] ✅ (2610ch, attempts=1, 16.3s)
2026-05-01 12:27:36,384 [INFO] HTTP Request: POST http://localhost:2026/v1/chat/completions "HTTP/1.1 200 OK"
2026-05-01 12:27:36,385 [INFO] [1298/3987] id=openseek-3-11ca91987 GT=[99, 184, 21, 85, 268, 53] ✅ (1845ch, attempts=1, 11.6s)
2026-05-01 12:27:39,578 [INFO] HTTP Request: POST http://localhost:2026/v1/chat/completions "HTTP/1.1 200 OK"
2026-05-01 12:27:39,579 [INFO] [1299/3987] id=openseek-3-711ec0bf3 GT=[382, 46] ✅ (1598ch, attempts=1, 8.0s)
2026-05-01 12:27:41,654 [INFO] HTTP Request: POST http://localhost:2026/v1/chat/completions "HTTP/1.1 200 OK"
2026-05-01 12:27:41,655 [INFO] [1300/3987] id=openseek-3-2ad514af4 GT=[466, 11, 63, 10, 592] ✅ (1825ch, attempts=1, 10.9s)
2026-05-01 12:27:41,688 [INFO]   💾 已保存 (成功=1300 验证通过=1300 降级=0) | 4.6s/条均值 | ETA=208min
2026-05-01 12:27:49,681 [INFO] HTTP Request: POST http://localhost:2026/v1/chat/completions "HTTP/1.1 200 OK"
2026-05-01 12:27:49,682 [INFO] [1301/3987] id=openseek-3-81be314b7 GT=[35, 358, 556] ✅ (1857ch, attempts=1, 10.1s)
2026-05-01 12:27:53,631 [INFO] HTTP Request: POST http://localhost:2026/v1/chat/completions "HTTP/1.1 200 OK"
2026-05-01 12:27:53,632 [INFO] [1302/3987] id=openseek-3-9ccd9e4d5 GT=[430, 166, 214, 24, 72] ✅ (2010ch, attempts=1, 12.0s)
2026-05-01 12:27:54,889 [INFO] HTTP Request: POST http://localhost:2026/v1/chat/completions "HTTP/1.1 200 OK"
2026-05-01 12:27:54,891 [INFO] [1303/3987] id=openseek-3-7233c0649 GT=[26, 66, 526, 64, 85, 310, 184, 20, 34] ✅ (2807ch, attempts=1, 18.5s)
2026-05-01 12:28:01,179 [INFO] HTTP Request: POST http://localhost:2026/v1/chat/completions "HTTP/1.1 200 OK"
2026-05-01 12:28:01,180 [INFO] [1304/3987] id=openseek-3-fa7838b5c GT=[94, 40, 11, 16, 346] ✅ (1921ch, attempts=1, 11.5s)
2026-05-01 12:28:03,960 [INFO] HTTP Request: POST http://localhost:2026/v1/chat/completions "HTTP/1.1 200 OK"
2026-05-01 12:28:03,961 [INFO] [1305/3987] id=openseek-3-79ad10d77 GT=[47, 61, 76] ✅ (1849ch, attempts=1, 9.1s)
2026-05-01 12:28:05,872 [INFO] HTTP Request: POST http://localhost:2026/v1/chat/completions "HTTP/1.1 200 OK"
2026-05-01 12:28:05,873 [INFO] [1306/3987] id=openseek-3-426d61655 GT=[406, 87, 310, 112, 394] ✅ (2032ch, attempts=1, 12.2s)
2026-05-01 12:28:15,778 [INFO] HTTP Request: POST http://localhost:2026/v1/chat/completions "HTTP/1.1 200 OK"
2026-05-01 12:28:15,779 [INFO] [1307/3987] id=openseek-3-db158ae94 GT=[68, 63, 220, 280] ✅ (1577ch, attempts=1, 9.9s)
2026-05-01 12:28:20,089 [INFO] HTTP Request: POST http://localhost:2026/v1/chat/completions "HTTP/1.1 200 OK"
2026-05-01 12:28:20,090 [INFO] [1308/3987] id=openseek-3-7277e2506 GT=[93, 466, 61, 4, 238, 73] ✅ (2672ch, attempts=1, 16.1s)
2026-05-01 12:28:20,257 [INFO] HTTP Request: POST http://localhost:2026/v1/chat/completions "HTTP/1.1 200 OK"
2026-05-01 12:28:20,258 [INFO] [1309/3987] id=openseek-3-b2a94200c GT=[14, 190, 79, 16, 328, 46, 85, 298, 75] ✅ (2789ch, attempts=1, 19.1s)
2026-05-01 12:28:27,579 [INFO] HTTP Request: POST http://localhost:2026/v1/chat/completions "HTTP/1.1 200 OK"
2026-05-01 12:28:27,580 [INFO] [1310/3987] id=openseek-3-264b3155b GT=[220, 286] ✅ (1353ch, attempts=1, 7.5s)
2026-05-01 12:28:31,230 [INFO] HTTP Request: POST http://localhost:2026/v1/chat/completions "HTTP/1.1 200 OK"
2026-05-01 12:28:31,231 [INFO] [1311/3987] id=openseek-3-1a893badd GT=[298, 244, 412, 538, 52, 87] ✅ (2217ch, attempts=1, 15.5s)
2026-05-01 12:28:32,024 [INFO] HTTP Request: POST http://localhost:2026/v1/chat/completions "HTTP/1.1 200 OK"
2026-05-01 12:28:32,025 [INFO] [1312/3987] id=openseek-3-a20f26380 GT=[37, 400, 94] ✅ (2302ch, attempts=1, 11.8s)
2026-05-01 12:28:36,619 [INFO] HTTP Request: POST http://localhost:2026/v1/chat/completions "HTTP/1.1 200 OK"
2026-05-01 12:28:36,620 [INFO] [1313/3987] id=openseek-3-196494768 GT=[70, 12, 84, 20, 358] ✅ (1503ch, attempts=1, 9.0s)
2026-05-01 12:28:43,232 [INFO] HTTP Request: POST http://localhost:2026/v1/chat/completions "HTTP/1.1 200 OK"
2026-05-01 12:28:43,234 [INFO] [1314/3987] id=openseek-3-a0ae7d9e3 GT=[19, 45, 96, 148, 57, 48, 32] ✅ (1862ch, attempts=1, 12.0s)
2026-05-01 12:28:44,684 [INFO] HTTP Request: POST http://localhost:2026/v1/chat/completions "HTTP/1.1 200 OK"
2026-05-01 12:28:44,685 [INFO] [1315/3987] id=openseek-3-e93fac8a1 GT=[454, 80, 292, 16, 42, 526] ✅ (2069ch, attempts=1, 12.7s)
2026-05-01 12:28:45,616 [INFO] HTTP Request: POST http://localhost:2026/v1/chat/completions "HTTP/1.1 200 OK"
2026-05-01 12:28:45,617 [INFO] [1316/3987] id=openseek-3-cb123130a GT=[59, 80, 6] ✅ (1783ch, attempts=1, 9.0s)
2026-05-01 12:28:56,709 [INFO] HTTP Request: POST http://localhost:2026/v1/chat/completions "HTTP/1.1 200 OK"
2026-05-01 12:28:56,711 [INFO] [1317/3987] id=openseek-3-1b56a28ee GT=[14, 31, 382, 382, 496, 80] ✅ (2138ch, attempts=1, 13.5s)
2026-05-01 12:29:01,046 [INFO] HTTP Request: POST http://localhost:2026/v1/chat/completions "HTTP/1.1 200 OK"
2026-05-01 12:29:01,047 [INFO] [1318/3987] id=openseek-3-ab788301f GT=[89, 598, 48, 81, 568, 81, 84] ✅ (2462ch, attempts=1, 15.4s)
2026-05-01 12:29:04,306 [INFO] HTTP Request: POST http://localhost:2026/v1/chat/completions "HTTP/1.1 200 OK"
2026-05-01 12:29:04,307 [INFO] [1319/3987] id=openseek-3-136df542f GT=[136, 32, 16, 26, 184, 92, 3, 70] ✅ (3379ch, attempts=1, 19.6s)
2026-05-01 12:29:14,711 [INFO] HTTP Request: POST http://localhost:2026/v1/chat/completions "HTTP/1.1 200 OK"
2026-05-01 12:29:14,712 [INFO] [1320/3987] id=openseek-3-33381c2b1 GT=[142, 32, 96, 5, 20] ✅ (2403ch, attempts=1, 13.7s)
2026-05-01 12:29:15,317 [INFO] HTTP Request: POST http://localhost:2026/v1/chat/completions "HTTP/1.1 200 OK"
2026-05-01 12:29:15,319 [INFO] [1321/3987] id=openseek-3-55b3029ea GT=[346, 244, 8, 304, 424] ✅ (2956ch, attempts=1, 18.6s)
2026-05-01 12:29:21,775 [INFO] HTTP Request: POST http://localhost:2026/v1/chat/completions "HTTP/1.1 200 OK"
2026-05-01 12:29:21,776 [INFO] [1322/3987] id=openseek-3-22c396d62 GT=[214, 17, 64, 160, 97, 580, 100] ✅ (2904ch, attempts=1, 17.5s)
2026-05-01 12:29:36,863 [INFO] HTTP Request: POST http://localhost:2026/v1/chat/completions "HTTP/1.1 200 OK"
2026-05-01 12:29:36,865 [INFO] [1323/3987] id=openseek-3-e9eeaa82f GT=[62, 370, 4, 85, 538, 25, 334] ✅ (3698ch, attempts=1, 21.5s)
2026-05-01 12:29:38,615 [INFO] HTTP Request: POST http://localhost:2026/v1/chat/completions "HTTP/1.1 200 OK"
2026-05-01 12:29:38,616 [INFO] [1324/3987] id=openseek-3-62fb2cf2f GT=[16, 490, 60, 75, 11, 87, 274, 74, 442] ✅ (4146ch, attempts=1, 23.9s)
2026-05-01 12:29:40,909 [INFO] HTTP Request: POST http://localhost:2026/v1/chat/completions "HTTP/1.1 200 OK"
2026-05-01 12:29:40,910 [INFO] [1325/3987] id=openseek-3-bcb3eef3d GT=[69, 394, 436, 88, 80, 466, 22, 59] ✅ (3090ch, attempts=1, 19.1s)
2026-05-01 12:29:49,760 [INFO] HTTP Request: POST http://localhost:2026/v1/chat/completions "HTTP/1.1 200 OK"
2026-05-01 12:29:49,761 [INFO] [1326/3987] id=openseek-3-3b332e5eb GT=[178, 44, 502, 49, 436] ✅ (2175ch, attempts=1, 12.9s)
2026-05-01 12:29:53,132 [INFO] HTTP Request: POST http://localhost:2026/v1/chat/completions "HTTP/1.1 200 OK"
2026-05-01 12:29:53,133 [INFO] [1327/3987] id=openseek-3-fe8ae192d GT=[15, 232, 574, 11, 57, 38, 72] ✅ (2072ch, attempts=1, 12.2s)
2026-05-01 12:29:55,905 [INFO] HTTP Request: POST http://localhost:2026/v1/chat/completions "HTTP/1.1 200 OK"
2026-05-01 12:29:55,906 [INFO] [1328/3987] id=openseek-3-db1f55c44 GT=[30, 232, 286, 556, 52, 100, 178, 75] ✅ (2826ch, attempts=1, 17.3s)
2026-05-01 12:30:05,990 [INFO] HTTP Request: POST http://localhost:2026/v1/chat/completions "HTTP/1.1 200 OK"
2026-05-01 12:30:05,991 [INFO] [1329/3987] id=openseek-3-654f665f3 GT=[322, 568, 478, 88, 75, 22] ✅ (2505ch, attempts=1, 16.2s)
2026-05-01 12:30:07,019 [INFO] HTTP Request: POST http://localhost:2026/v1/chat/completions "HTTP/1.1 200 OK"
2026-05-01 12:30:07,020 [INFO] [1330/3987] id=openseek-3-706706aec GT=[412, 5, 38, 352, 6, 46, 46, 256, 394] ✅ (2290ch, attempts=1, 13.9s)
2026-05-01 12:30:16,110 [INFO] HTTP Request: POST http://localhost:2026/v1/chat/completions "HTTP/1.1 200 OK"
2026-05-01 12:30:16,111 [INFO] [1331/3987] id=openseek-3-64d782c70 GT=[46, 83, 19, 19, 66, 466, 27, 92, 28] ✅ (3193ch, attempts=1, 20.2s)
2026-05-01 12:30:17,067 [INFO] HTTP Request: POST http://localhost:2026/v1/chat/completions "HTTP/1.1 200 OK"
2026-05-01 12:30:17,068 [INFO] [1332/3987] id=openseek-3-d7560727d GT=[9, 2, 22, 316, 74, 70] ✅ (1737ch, attempts=1, 11.1s)
2026-05-01 12:30:26,197 [INFO] HTTP Request: POST http://localhost:2026/v1/chat/completions "HTTP/1.1 200 OK"
2026-05-01 12:30:26,198 [INFO] [1333/3987] id=openseek-3-586fd3085 GT=[460, 98, 412, 19, 44, 424, 12, 238] ✅ (3071ch, attempts=1, 19.2s)
2026-05-01 12:30:29,824 [INFO] HTTP Request: POST http://localhost:2026/v1/chat/completions "HTTP/1.1 200 OK"
2026-05-01 12:30:29,825 [INFO] [1334/3987] id=openseek-3-c51ef05a5 GT=[72, 94, 130, 256] ✅ (2191ch, attempts=1, 12.8s)
2026-05-01 12:30:35,000 [INFO] HTTP Request: POST http://localhost:2026/v1/chat/completions "HTTP/1.1 200 OK"
2026-05-01 12:30:35,001 [INFO] [1335/3987] id=openseek-3-a72851de5 GT=[49, 514] ✅ (1716ch, attempts=1, 8.8s)
2026-05-01 12:30:36,450 [INFO] HTTP Request: POST http://localhost:2026/v1/chat/completions "HTTP/1.1 200 OK"
2026-05-01 12:30:36,451 [INFO] [1336/3987] id=openseek-3-b5bfbd6c4 GT=[46, 58, 532, 18, 580, 60, 62, 25, 340] ✅ (3293ch, attempts=1, 20.3s)
2026-05-01 12:30:40,966 [INFO] HTTP Request: POST http://localhost:2026/v1/chat/completions "HTTP/1.1 200 OK"
2026-05-01 12:30:40,967 [INFO] [1337/3987] id=openseek-3-6bb277f08 GT=[84, 69, 89] ✅ (2192ch, attempts=1, 11.1s)
2026-05-01 12:30:48,437 [INFO] HTTP Request: POST http://localhost:2026/v1/chat/completions "HTTP/1.1 200 OK"
2026-05-01 12:30:48,438 [INFO] [1338/3987] id=openseek-3-3779aa810 GT=[70, 268] ✅ (1602ch, attempts=1, 7.5s)
2026-05-01 12:30:49,088 [INFO] HTTP Request: POST http://localhost:2026/v1/chat/completions "HTTP/1.1 200 OK"
2026-05-01 12:30:49,089 [INFO] [1339/3987] id=openseek-3-731e91f17 GT=[280, 340, 72, 99, 48] ✅ (1995ch, attempts=1, 12.6s)
2026-05-01 12:30:50,733 [INFO] HTTP Request: POST http://localhost:2026/v1/chat/completions "HTTP/1.1 200 OK"
2026-05-01 12:30:50,735 [INFO] [1340/3987] id=openseek-3-1bfd7ec3a GT=[238, 96, 75, 71, 85, 214, 77] ✅ (2481ch, attempts=1, 15.7s)
2026-05-01 12:30:56,720 [INFO] HTTP Request: POST http://localhost:2026/v1/chat/completions "HTTP/1.1 200 OK"
2026-05-01 12:30:56,721 [INFO] [1341/3987] id=openseek-3-9d67ba514 GT=[31, 274, 7, 34] ✅ (1470ch, attempts=1, 8.3s)
2026-05-01 12:30:58,984 [INFO] HTTP Request: POST http://localhost:2026/v1/chat/completions "HTTP/1.1 200 OK"
2026-05-01 12:30:58,985 [INFO] [1342/3987] id=openseek-3-1a5a5d7e9 GT=[49, 568] ✅ (2043ch, attempts=1, 9.9s)
2026-05-01 12:31:07,384 [INFO] HTTP Request: POST http://localhost:2026/v1/chat/completions "HTTP/1.1 200 OK"
2026-05-01 12:31:07,385 [INFO] [1343/3987] id=openseek-3-0174d77ea GT=[86, 586] ✅ (1686ch, attempts=1, 8.4s)
2026-05-01 12:31:08,331 [INFO] HTTP Request: POST http://localhost:2026/v1/chat/completions "HTTP/1.1 200 OK"
2026-05-01 12:31:08,332 [INFO] [1344/3987] id=openseek-3-553fcaab3 GT=[47, 56, 340, 88, 83, 196, 436, 6] ✅ (2717ch, attempts=1, 17.6s)
2026-05-01 12:31:12,291 [INFO] HTTP Request: POST http://localhost:2026/v1/chat/completions "HTTP/1.1 200 OK"
2026-05-01 12:31:12,292 [INFO] [1345/3987] id=openseek-3-990cac9b0 GT=[52, 32, 97, 62, 124, 520] ✅ (2487ch, attempts=1, 15.6s)
2026-05-01 12:31:20,048 [INFO] HTTP Request: POST http://localhost:2026/v1/chat/completions "HTTP/1.1 200 OK"
2026-05-01 12:31:20,049 [INFO] [1346/3987] id=openseek-3-f8081eadb GT=[256, 244, 304] ✅ (2066ch, attempts=1, 11.7s)
2026-05-01 12:31:24,634 [INFO] HTTP Request: POST http://localhost:2026/v1/chat/completions "HTTP/1.1 200 OK"
2026-05-01 12:31:24,635 [INFO] [1347/3987] id=openseek-3-62d351714 GT=[34, 49, 208, 112, 124, 328] ✅ (2807ch, attempts=1, 17.2s)
2026-05-01 12:31:26,767 [INFO] HTTP Request: POST http://localhost:2026/v1/chat/completions "HTTP/1.1 200 OK"
2026-05-01 12:31:26,768 [INFO] [1348/3987] id=openseek-3-7990344c7 GT=[2, 418, 100, 41, 51, 358] ✅ (2455ch, attempts=1, 14.5s)
2026-05-01 12:31:34,657 [INFO] HTTP Request: POST http://localhost:2026/v1/chat/completions "HTTP/1.1 200 OK"
2026-05-01 12:31:34,658 [INFO] [1349/3987] id=openseek-3-70fc518f2 GT=[364, 52, 352] ✅ (1457ch, attempts=1, 7.9s)
2026-05-01 12:31:36,428 [INFO] HTTP Request: POST http://localhost:2026/v1/chat/completions "HTTP/1.1 200 OK"
2026-05-01 12:31:36,429 [INFO] [1350/3987] id=openseek-3-1fdbbb85e GT=[52, 25, 58, 20] ✅ (2148ch, attempts=1, 11.8s)
2026-05-01 12:31:36,565 [INFO]   💾 已保存 (成功=1350 验证通过=1350 降级=0) | 4.6s/条均值 | ETA=204min
2026-05-01 12:31:39,274 [INFO] HTTP Request: POST http://localhost:2026/v1/chat/completions "HTTP/1.1 200 OK"
2026-05-01 12:31:39,275 [INFO] [1351/3987] id=openseek-3-9e1932707 GT=[442, 82, 358, 328, 66, 46, 100, 52, 214 ✅ (2930ch, attempts=1, 19.2s)
2026-05-01 12:31:46,501 [INFO] HTTP Request: POST http://localhost:2026/v1/chat/completions "HTTP/1.1 200 OK"
2026-05-01 12:31:46,501 [WARNING]   [attempt 1/3] pred=[3, 3, 89, 184, 292] vs GT=[4, 3, 89, 184, 292] (think_len=1650)
2026-05-01 12:31:52,082 [INFO] HTTP Request: POST http://localhost:2026/v1/chat/completions "HTTP/1.1 200 OK"
2026-05-01 12:31:52,083 [INFO] [1352/3987] id=openseek-3-0e3d156ca GT=[334, 538, 100, 46, 82] ✅ (1985ch, attempts=1, 12.8s)
2026-05-01 12:31:53,577 [INFO] HTTP Request: POST http://localhost:2026/v1/chat/completions "HTTP/1.1 200 OK"
2026-05-01 12:31:53,578 [INFO] [1353/3987] id=openseek-3-234040f2e GT=[96, 85, 46, 37, 59, 40, 44, 79, 520] ✅ (2796ch, attempts=1, 18.9s)
2026-05-01 12:31:56,957 [INFO] HTTP Request: POST http://localhost:2026/v1/chat/completions "HTTP/1.1 200 OK"
2026-05-01 12:31:56,958 [INFO] [1354/3987] id=openseek-3-841590094 GT=[4, 3, 89, 184, 292] ✅ (1693ch, attempts=2, 20.5s)
2026-05-01 12:32:01,233 [INFO] HTTP Request: POST http://localhost:2026/v1/chat/completions "HTTP/1.1 200 OK"
2026-05-01 12:32:01,234 [INFO] [1355/3987] id=openseek-3-79118c4d8 GT=[8, 95, 88] ✅ (1759ch, attempts=1, 9.2s)
2026-05-01 12:32:08,879 [INFO] HTTP Request: POST http://localhost:2026/v1/chat/completions "HTTP/1.1 200 OK"
2026-05-01 12:32:08,880 [INFO] [1356/3987] id=openseek-3-54ffa044e GT=[77, 190] ✅ (1571ch, attempts=1, 7.6s)
2026-05-01 12:32:11,021 [INFO] HTTP Request: POST http://localhost:2026/v1/chat/completions "HTTP/1.1 200 OK"
2026-05-01 12:32:11,022 [INFO] [1357/3987] id=openseek-3-0b899ef47 GT=[214, 56, 38, 35, 3, 9, 262] ✅ (2356ch, attempts=1, 14.1s)
2026-05-01 12:32:15,996 [INFO] HTTP Request: POST http://localhost:2026/v1/chat/completions "HTTP/1.1 200 OK"
2026-05-01 12:32:15,997 [INFO] [1358/3987] id=openseek-3-a80c111db GT=[57, 286, 268, 412, 82, 28, 19, 490, 376 ✅ (3315ch, attempts=1, 22.4s)
2026-05-01 12:32:18,469 [INFO] HTTP Request: POST http://localhost:2026/v1/chat/completions "HTTP/1.1 200 OK"
2026-05-01 12:32:18,470 [INFO] [1359/3987] id=openseek-3-4bfd66b53 GT=[238, 13, 35, 352] ✅ (1699ch, attempts=1, 9.6s)
2026-05-01 12:32:22,461 [INFO] HTTP Request: POST http://localhost:2026/v1/chat/completions "HTTP/1.1 200 OK"
2026-05-01 12:32:22,462 [INFO] [1360/3987] id=openseek-3-a2b61b467 GT=[51, 178, 49, 14] ✅ (2101ch, attempts=1, 11.4s)
2026-05-01 12:32:27,956 [INFO] HTTP Request: POST http://localhost:2026/v1/chat/completions "HTTP/1.1 200 OK"
2026-05-01 12:32:27,957 [INFO] [1361/3987] id=openseek-3-8e72012ed GT=[436, 9, 376, 58] ✅ (1692ch, attempts=1, 9.5s)
2026-05-01 12:32:34,104 [INFO] HTTP Request: POST http://localhost:2026/v1/chat/completions "HTTP/1.1 200 OK"
2026-05-01 12:32:34,105 [INFO] [1362/3987] id=openseek-3-84b00481c GT=[190, 46, 62, 17, 148, 118, 358, 94, 67] ✅ (2803ch, attempts=1, 18.1s)
2026-05-01 12:32:39,927 [INFO] HTTP Request: POST http://localhost:2026/v1/chat/completions "HTTP/1.1 200 OK"
2026-05-01 12:32:39,928 [INFO] [1363/3987] id=openseek-3-d41180eed GT=[562, 55, 67, 196, 526, 478, 418, 54, 51 ✅ (2686ch, attempts=1, 17.5s)
2026-05-01 12:32:45,745 [INFO] HTTP Request: POST http://localhost:2026/v1/chat/completions "HTTP/1.1 200 OK"
2026-05-01 12:32:45,746 [INFO] [1364/3987] id=openseek-3-e67de3a8e GT=[124, 334, 46, 100, 13, 32, 232] ✅ (2964ch, attempts=1, 17.8s)
2026-05-01 12:32:52,308 [INFO] HTTP Request: POST http://localhost:2026/v1/chat/completions "HTTP/1.1 200 OK"
2026-05-01 12:32:52,309 [INFO] [1365/3987] id=openseek-3-cc70bc97b GT=[424, 82, 466, 27, 67, 34, 220, 424, 29] ✅ (2831ch, attempts=1, 18.2s)
2026-05-01 12:32:56,622 [INFO] HTTP Request: POST http://localhost:2026/v1/chat/completions "HTTP/1.1 200 OK"
2026-05-01 12:32:56,623 [INFO] [1366/3987] id=openseek-3-965e9c9f0 GT=[69, 20, 85, 514] ✅ (1884ch, attempts=1, 10.9s)
2026-05-01 12:32:56,861 [INFO] HTTP Request: POST http://localhost:2026/v1/chat/completions "HTTP/1.1 200 OK"
2026-05-01 12:32:56,862 [INFO] [1367/3987] id=openseek-3-dd30b87e5 GT=[57, 63, 46, 148, 76, 46, 57, 46] ✅ (2724ch, attempts=1, 16.9s)
2026-05-01 12:33:12,641 [INFO] HTTP Request: POST http://localhost:2026/v1/chat/completions "HTTP/1.1 200 OK"
2026-05-01 12:33:12,642 [INFO] [1368/3987] id=openseek-3-fc4ee153c GT=[3, 66, 136, 88, 73, 376, 388] ✅ (2588ch, attempts=1, 16.0s)
2026-05-01 12:33:16,000 [INFO] HTTP Request: POST http://localhost:2026/v1/chat/completions "HTTP/1.1 200 OK"
2026-05-01 12:33:16,001 [INFO] [1369/3987] id=openseek-3-13c1ef14c GT=[45, 93, 202, 376, 400, 28, 7, 136] ✅ (2935ch, attempts=1, 19.1s)
2026-05-01 12:33:18,940 [INFO] HTTP Request: POST http://localhost:2026/v1/chat/completions "HTTP/1.1 200 OK"
2026-05-01 12:33:18,941 [INFO] [1370/3987] id=openseek-3-d675040d7 GT=[190, 514, 208, 20, 76, 388, 454, 472, 4 ✅ (4159ch, attempts=1, 26.6s)
2026-05-01 12:33:29,997 [INFO] HTTP Request: POST http://localhost:2026/v1/chat/completions "HTTP/1.1 200 OK"
2026-05-01 12:33:29,998 [INFO] [1371/3987] id=openseek-3-5db1aa57f GT=[76, 190, 382, 478, 91] ✅ (2156ch, attempts=1, 14.0s)
2026-05-01 12:33:30,261 [INFO] HTTP Request: POST http://localhost:2026/v1/chat/completions "HTTP/1.1 200 OK"
2026-05-01 12:33:30,262 [INFO] [1372/3987] id=openseek-3-7b45807b2 GT=[11, 31, 22, 88, 40, 202, 496, 47, 53] ✅ (2700ch, attempts=1, 17.6s)
2026-05-01 12:33:30,585 [INFO] HTTP Request: POST http://localhost:2026/v1/chat/completions "HTTP/1.1 200 OK"
2026-05-01 12:33:30,587 [INFO] [1373/3987] id=openseek-3-dd5846607 GT=[23, 74, 76, 166, 15] ✅ (1928ch, attempts=1, 11.6s)
2026-05-01 12:33:44,005 [INFO] HTTP Request: POST http://localhost:2026/v1/chat/completions "HTTP/1.1 200 OK"
2026-05-01 12:33:44,006 [INFO] [1374/3987] id=openseek-3-37f7df75f GT=[514, 88, 24, 274, 442, 412] ✅ (2151ch, attempts=1, 14.0s)
2026-05-01 12:33:47,077 [INFO] HTTP Request: POST http://localhost:2026/v1/chat/completions "HTTP/1.1 200 OK"
2026-05-01 12:33:47,078 [INFO] [1375/3987] id=openseek-3-a464e0908 GT=[80, 20, 13, 62, 106, 35, 394] ✅ (2813ch, attempts=1, 16.5s)
2026-05-01 12:33:48,398 [INFO] HTTP Request: POST http://localhost:2026/v1/chat/completions "HTTP/1.1 200 OK"
2026-05-01 12:33:48,399 [INFO] [1376/3987] id=openseek-3-0dfe0aa51 GT=[43, 14, 340, 466, 502, 12, 376] ✅ (2937ch, attempts=1, 18.1s)
2026-05-01 12:33:54,655 [INFO] HTTP Request: POST http://localhost:2026/v1/chat/completions "HTTP/1.1 200 OK"
2026-05-01 12:33:54,657 [INFO] [1377/3987] id=openseek-3-f5682ac82 GT=[75, 256] ✅ (1555ch, attempts=1, 7.6s)
2026-05-01 12:33:55,607 [INFO] HTTP Request: POST http://localhost:2026/v1/chat/completions "HTTP/1.1 200 OK"
2026-05-01 12:33:55,608 [INFO] [1378/3987] id=openseek-3-5bbb58085 GT=[238, 15, 274, 48, 30] ✅ (1921ch, attempts=1, 11.6s)
2026-05-01 12:34:00,399 [INFO] HTTP Request: POST http://localhost:2026/v1/chat/completions "HTTP/1.1 200 OK"
2026-05-01 12:34:00,400 [INFO] [1379/3987] id=openseek-3-0c939e64a GT=[27, 88, 9, 190] ✅ (2216ch, attempts=1, 12.0s)
2026-05-01 12:34:05,240 [INFO] HTTP Request: POST http://localhost:2026/v1/chat/completions "HTTP/1.1 200 OK"
2026-05-01 12:34:05,241 [INFO] [1380/3987] id=openseek-3-a23b4a824 GT=[87, 298, 286, 42] ✅ (1663ch, attempts=1, 9.6s)
2026-05-01 12:34:07,208 [INFO] HTTP Request: POST http://localhost:2026/v1/chat/completions "HTTP/1.1 200 OK"
2026-05-01 12:34:07,209 [INFO] [1381/3987] id=openseek-3-542a99dcb GT=[11, 274, 14, 20, 38, 256, 38] ✅ (1952ch, attempts=1, 12.6s)
2026-05-01 12:34:17,227 [INFO] HTTP Request: POST http://localhost:2026/v1/chat/completions "HTTP/1.1 200 OK"
2026-05-01 12:34:17,228 [INFO] [1382/3987] id=openseek-3-de967966f GT=[88, 544, 340, 76, 39] ✅ (1870ch, attempts=1, 12.0s)
2026-05-01 12:34:18,437 [INFO] HTTP Request: POST http://localhost:2026/v1/chat/completions "HTTP/1.1 200 OK"
2026-05-01 12:34:18,438 [INFO] [1383/3987] id=openseek-3-74d241af0 GT=[382, 93, 79, 160, 97, 21] ✅ (1851ch, attempts=1, 11.2s)
2026-05-01 12:34:19,856 [INFO] HTTP Request: POST http://localhost:2026/v1/chat/completions "HTTP/1.1 200 OK"
2026-05-01 12:34:19,858 [INFO] [1384/3987] id=openseek-3-ce87cb038 GT=[69, 10, 322, 436, 85, 532, 8, 556] ✅ (3089ch, attempts=1, 19.5s)
2026-05-01 12:34:26,275 [INFO] HTTP Request: POST http://localhost:2026/v1/chat/completions "HTTP/1.1 200 OK"
2026-05-01 12:34:26,276 [INFO] [1385/3987] id=openseek-3-6d5a6044c GT=[80, 75] ✅ (2015ch, attempts=1, 9.0s)
2026-05-01 12:34:33,059 [INFO] HTTP Request: POST http://localhost:2026/v1/chat/completions "HTTP/1.1 200 OK"
2026-05-01 12:34:33,061 [INFO] [1386/3987] id=openseek-3-49199fc4f GT=[40, 418, 14, 496] ✅ (2136ch, attempts=1, 13.2s)
2026-05-01 12:34:39,115 [INFO] HTTP Request: POST http://localhost:2026/v1/chat/completions "HTTP/1.1 200 OK"
2026-05-01 12:34:39,116 [INFO] [1387/3987] id=openseek-3-c8653d9e8 GT=[256, 15, 67, 16, 298, 250, 94, 526] ✅ (3341ch, attempts=1, 20.7s)
2026-05-01 12:34:45,239 [INFO] HTTP Request: POST http://localhost:2026/v1/chat/completions "HTTP/1.1 200 OK"
2026-05-01 12:34:45,241 [INFO] [1388/3987] id=openseek-3-916c2c39d GT=[94, 448, 148, 160, 86] ✅ (1924ch, attempts=1, 12.2s)
2026-05-01 12:34:45,382 [INFO] HTTP Request: POST http://localhost:2026/v1/chat/completions "HTTP/1.1 200 OK"
2026-05-01 12:34:45,383 [INFO] [1389/3987] id=openseek-3-2b0583a67 GT=[24, 3, 202, 93, 16, 166, 9, 370, 73] ✅ (2906ch, attempts=1, 19.1s)
2026-05-01 12:34:47,849 [INFO] HTTP Request: POST http://localhost:2026/v1/chat/completions "HTTP/1.1 200 OK"
2026-05-01 12:34:47,850 [INFO] [1390/3987] id=openseek-3-807ec620a GT=[82, 97, 8] ✅ (1565ch, attempts=1, 8.7s)
2026-05-01 12:34:56,852 [INFO] HTTP Request: POST http://localhost:2026/v1/chat/completions "HTTP/1.1 200 OK"
2026-05-01 12:34:56,853 [INFO] [1391/3987] id=openseek-3-da2e8bc48 GT=[97, 562, 50, 21, 72] ✅ (1965ch, attempts=1, 11.5s)
2026-05-01 12:34:57,329 [INFO] HTTP Request: POST http://localhost:2026/v1/chat/completions "HTTP/1.1 200 OK"
2026-05-01 12:34:57,330 [INFO] [1392/3987] id=openseek-3-17287ceee GT=[70, 214, 214, 286] ✅ (2189ch, attempts=1, 12.1s)
2026-05-01 12:34:58,632 [INFO] HTTP Request: POST http://localhost:2026/v1/chat/completions "HTTP/1.1 200 OK"
2026-05-01 12:34:58,633 [INFO] [1393/3987] id=openseek-3-d813bbd1f GT=[79, 154] ✅ (2253ch, attempts=1, 10.8s)
2026-05-01 12:35:07,611 [INFO] HTTP Request: POST http://localhost:2026/v1/chat/completions "HTTP/1.1 200 OK"
2026-05-01 12:35:07,613 [INFO] [1394/3987] id=openseek-3-f44e311ff GT=[568, 88, 6, 286] ✅ (1880ch, attempts=1, 10.8s)
2026-05-01 12:35:10,185 [INFO] HTTP Request: POST http://localhost:2026/v1/chat/completions "HTTP/1.1 200 OK"
2026-05-01 12:35:10,186 [INFO] [1395/3987] id=openseek-3-df30c7c8e GT=[33, 22, 310, 59, 12] ✅ (2259ch, attempts=1, 12.9s)
2026-05-01 12:35:13,557 [INFO] HTTP Request: POST http://localhost:2026/v1/chat/completions "HTTP/1.1 200 OK"
2026-05-01 12:35:13,559 [INFO] [1396/3987] id=openseek-3-7a87e2ea2 GT=[76, 27, 202, 454, 100, 490] ✅ (2350ch, attempts=1, 14.9s)
2026-05-01 12:35:19,350 [INFO] HTTP Request: POST http://localhost:2026/v1/chat/completions "HTTP/1.1 200 OK"
2026-05-01 12:35:19,352 [INFO] [1397/3987] id=openseek-3-380093f8c GT=[27, 340, 508, 376, 256] ✅ (1763ch, attempts=1, 11.7s)
2026-05-01 12:35:22,444 [INFO] HTTP Request: POST http://localhost:2026/v1/chat/completions "HTTP/1.1 200 OK"
2026-05-01 12:35:22,445 [INFO] [1398/3987] id=openseek-3-30357d945 GT=[84, 42] ✅ (1972ch, attempts=1, 8.9s)
2026-05-01 12:35:28,016 [INFO] HTTP Request: POST http://localhost:2026/v1/chat/completions "HTTP/1.1 200 OK"
2026-05-01 12:35:28,017 [INFO] [1399/3987] id=openseek-3-691f75674 GT=[94, 496, 88, 71, 97] ✅ (3122ch, attempts=1, 17.8s)
2026-05-01 12:35:29,261 [INFO] HTTP Request: POST http://localhost:2026/v1/chat/completions "HTTP/1.1 200 OK"
2026-05-01 12:35:29,263 [INFO] [1400/3987] id=openseek-3-c26043ba0 GT=[73, 60, 29] ✅ (1881ch, attempts=1, 9.9s)
2026-05-01 12:35:29,409 [INFO]   💾 已保存 (成功=1400 验证通过=1400 降级=0) | 4.6s/条均值 | ETA=200min
2026-05-01 12:35:35,434 [INFO] HTTP Request: POST http://localhost:2026/v1/chat/completions "HTTP/1.1 200 OK"
2026-05-01 12:35:35,435 [INFO] [1401/3987] id=openseek-3-008728cf6 GT=[112, 36, 340, 7, 40, 74] ✅ (2010ch, attempts=1, 13.0s)
2026-05-01 12:35:39,197 [INFO] HTTP Request: POST http://localhost:2026/v1/chat/completions "HTTP/1.1 200 OK"
2026-05-01 12:35:39,198 [INFO] [1402/3987] id=openseek-3-c96ebeb8a GT=[25, 72, 154, 232] ✅ (1935ch, attempts=1, 11.2s)
2026-05-01 12:35:39,681 [INFO] HTTP Request: POST http://localhost:2026/v1/chat/completions "HTTP/1.1 200 OK"
2026-05-01 12:35:39,682 [INFO] [1403/3987] id=openseek-3-cd7dcd77a GT=[65, 39, 74] ✅ (2185ch, attempts=1, 10.4s)
2026-05-01 12:35:48,047 [INFO] HTTP Request: POST http://localhost:2026/v1/chat/completions "HTTP/1.1 200 OK"
2026-05-01 12:35:48,048 [INFO] [1404/3987] id=openseek-3-79097f520 GT=[232, 54] ✅ (2534ch, attempts=1, 12.6s)
2026-05-01 12:35:53,301 [INFO] HTTP Request: POST http://localhost:2026/v1/chat/completions "HTTP/1.1 200 OK"
2026-05-01 12:35:53,302 [INFO] [1405/3987] id=openseek-3-c52428f13 GT=[94, 41, 10, 28, 36] ✅ (2455ch, attempts=1, 13.6s)
2026-05-01 12:35:55,105 [INFO] HTTP Request: POST http://localhost:2026/v1/chat/completions "HTTP/1.1 200 OK"
2026-05-01 12:35:55,107 [INFO] [1406/3987] id=openseek-3-931420e47 GT=[256, 14, 83, 100, 490, 35, 73] ✅ (2564ch, attempts=1, 15.9s)
2026-05-01 12:35:58,025 [INFO] HTTP Request: POST http://localhost:2026/v1/chat/completions "HTTP/1.1 200 OK"
2026-05-01 12:35:58,026 [INFO] [1407/3987] id=openseek-3-161e40dcc GT=[83, 64, 12, 244, 598] ✅ (1591ch, attempts=1, 10.0s)
2026-05-01 12:36:06,530 [INFO] HTTP Request: POST http://localhost:2026/v1/chat/completions "HTTP/1.1 200 OK"
2026-05-01 12:36:06,531 [INFO] [1408/3987] id=openseek-3-dfe83a10d GT=[70, 448, 31, 166] ✅ (1910ch, attempts=1, 11.4s)
2026-05-01 12:36:08,566 [INFO] HTTP Request: POST http://localhost:2026/v1/chat/completions "HTTP/1.1 200 OK"
2026-05-01 12:36:08,567 [INFO] [1409/3987] id=openseek-3-8ad0993ad GT=[75, 29, 520, 130, 118, 514] ✅ (2358ch, attempts=1, 15.3s)
2026-05-01 12:36:11,209 [INFO] HTTP Request: POST http://localhost:2026/v1/chat/completions "HTTP/1.1 200 OK"
2026-05-01 12:36:11,210 [INFO] [1410/3987] id=openseek-3-b229326f0 GT=[41, 12, 310, 72, 20, 316, 40] ✅ (2202ch, attempts=1, 13.2s)
2026-05-01 12:36:18,374 [INFO] HTTP Request: POST http://localhost:2026/v1/chat/completions "HTTP/1.1 200 OK"
2026-05-01 12:36:18,375 [INFO] [1411/3987] id=openseek-3-ee2489aa7 GT=[43, 514] ✅ (1975ch, attempts=1, 9.8s)
2026-05-01 12:36:18,835 [INFO] HTTP Request: POST http://localhost:2026/v1/chat/completions "HTTP/1.1 200 OK"
2026-05-01 12:36:18,836 [INFO] [1412/3987] id=openseek-3-724bf3a98 GT=[586, 154, 44, 39, 92, 80, 69] ✅ (1989ch, attempts=1, 12.3s)
2026-05-01 12:36:22,978 [INFO] HTTP Request: POST http://localhost:2026/v1/chat/completions "HTTP/1.1 200 OK"
2026-05-01 12:36:22,979 [INFO] [1413/3987] id=openseek-3-419c5215a GT=[87, 29, 81, 454, 4] ✅ (2054ch, attempts=1, 11.8s)
2026-05-01 12:36:35,654 [INFO] HTTP Request: POST http://localhost:2026/v1/chat/completions "HTTP/1.1 200 OK"
2026-05-01 12:36:35,655 [INFO] [1414/3987] id=openseek-3-8a2adb098 GT=[82, 2, 74, 70, 97, 88, 100, 376] ✅ (2785ch, attempts=1, 16.8s)
2026-05-01 12:36:35,950 [INFO] HTTP Request: POST http://localhost:2026/v1/chat/completions "HTTP/1.1 200 OK"
2026-05-01 12:36:35,951 [INFO] [1415/3987] id=openseek-3-3893108c4 GT=[424, 562, 8] ✅ (2268ch, attempts=1, 13.0s)
2026-05-01 12:36:41,004 [INFO] HTTP Request: POST http://localhost:2026/v1/chat/completions "HTTP/1.1 200 OK"
2026-05-01 12:36:41,005 [INFO] [1416/3987] id=openseek-3-ecb62ccf8 GT=[94, 73, 32, 394, 3, 178, 208, 574, 424] ✅ (3411ch, attempts=1, 22.6s)
2026-05-01 12:36:46,937 [INFO] HTTP Request: POST http://localhost:2026/v1/chat/completions "HTTP/1.1 200 OK"
2026-05-01 12:36:46,938 [INFO] [1417/3987] id=openseek-3-6d2e66183 GT=[304, 298, 34] ✅ (2015ch, attempts=1, 11.3s)
2026-05-01 12:36:52,379 [INFO] HTTP Request: POST http://localhost:2026/v1/chat/completions "HTTP/1.1 200 OK"
2026-05-01 12:36:52,380 [INFO] [1418/3987] id=openseek-3-530dfe75f GT=[202, 382, 22, 292, 10, 178] ✅ (2672ch, attempts=1, 16.4s)
2026-05-01 12:36:57,051 [INFO] HTTP Request: POST http://localhost:2026/v1/chat/completions "HTTP/1.1 200 OK"
2026-05-01 12:36:57,052 [INFO] [1419/3987] id=openseek-3-471ab5016 GT=[166, 69, 71, 57] ✅ (1797ch, attempts=1, 10.1s)
2026-05-01 12:36:58,848 [INFO] HTTP Request: POST http://localhost:2026/v1/chat/completions "HTTP/1.1 200 OK"
2026-05-01 12:36:58,849 [INFO] [1420/3987] id=openseek-3-136244bde GT=[41, 30, 124, 44, 436, 388, 62, 58, 214] ✅ (2701ch, attempts=1, 17.8s)
2026-05-01 12:37:02,616 [INFO] HTTP Request: POST http://localhost:2026/v1/chat/completions "HTTP/1.1 200 OK"
2026-05-01 12:37:02,617 [INFO] [1421/3987] id=openseek-3-cb9939bd8 GT=[81, 46, 79, 562] ✅ (1815ch, attempts=1, 10.2s)
2026-05-01 12:37:11,949 [INFO] HTTP Request: POST http://localhost:2026/v1/chat/completions "HTTP/1.1 200 OK"
2026-05-01 12:37:11,951 [INFO] [1422/3987] id=openseek-3-603179b4b GT=[352, 274, 33, 310, 81] ✅ (2061ch, attempts=1, 13.1s)
2026-05-01 12:37:12,821 [INFO] HTTP Request: POST http://localhost:2026/v1/chat/completions "HTTP/1.1 200 OK"
2026-05-01 12:37:12,822 [INFO] [1423/3987] id=openseek-3-632b6cb9a GT=[54, 322, 70, 7, 56, 59, 65, 90] ✅ (2528ch, attempts=1, 15.8s)
2026-05-01 12:37:17,659 [INFO] HTTP Request: POST http://localhost:2026/v1/chat/completions "HTTP/1.1 200 OK"
2026-05-01 12:37:17,949 [INFO] [1424/3987] id=openseek-3-d5e0960ec GT=[190, 424, 538, 72, 34, 406, 184] ✅ (2097ch, attempts=1, 15.3s)
2026-05-01 12:37:21,094 [INFO] HTTP Request: POST http://localhost:2026/v1/chat/completions "HTTP/1.1 200 OK"
2026-05-01 12:37:21,095 [INFO] [1425/3987] id=openseek-3-ef975004b GT=[73, 418, 88, 58] ✅ (1537ch, attempts=1, 9.1s)
2026-05-01 12:37:30,729 [INFO] HTTP Request: POST http://localhost:2026/v1/chat/completions "HTTP/1.1 200 OK"
2026-05-01 12:37:30,731 [INFO] [1426/3987] id=openseek-3-886b35eae GT=[79, 74, 58, 70, 48, 25] ✅ (2148ch, attempts=1, 12.8s)
2026-05-01 12:37:31,380 [INFO] HTTP Request: POST http://localhost:2026/v1/chat/completions "HTTP/1.1 200 OK"
2026-05-01 12:37:31,381 [INFO] [1427/3987] id=openseek-3-af1395cfd GT=[12, 81, 40, 54, 316, 436, 69, 214, 32] ✅ (2813ch, attempts=1, 18.6s)
2026-05-01 12:37:35,496 [INFO] HTTP Request: POST http://localhost:2026/v1/chat/completions "HTTP/1.1 200 OK"
2026-05-01 12:37:35,497 [INFO] [1428/3987] id=openseek-3-b8bde86af GT=[244, 580, 514, 84, 86, 76] ✅ (2226ch, attempts=1, 14.4s)
2026-05-01 12:37:41,181 [INFO] HTTP Request: POST http://localhost:2026/v1/chat/completions "HTTP/1.1 200 OK"
2026-05-01 12:37:41,182 [INFO] [1429/3987] id=openseek-3-4efffa58b GT=[22, 136, 87, 352, 32] ✅ (1658ch, attempts=1, 10.5s)
2026-05-01 12:37:48,770 [INFO] HTTP Request: POST http://localhost:2026/v1/chat/completions "HTTP/1.1 200 OK"
2026-05-01 12:37:48,771 [INFO] [1430/3987] id=openseek-3-3e3d48361 GT=[32, 58, 184, 148, 310, 316] ✅ (2025ch, attempts=1, 13.3s)
2026-05-01 12:37:49,103 [INFO] HTTP Request: POST http://localhost:2026/v1/chat/completions "HTTP/1.1 200 OK"
2026-05-01 12:37:49,104 [INFO] [1431/3987] id=openseek-3-e893a4ce5 GT=[6, 43] ✅ (4018ch, attempts=1, 17.7s)
2026-05-01 12:37:51,000 [INFO] HTTP Request: POST http://localhost:2026/v1/chat/completions "HTTP/1.1 200 OK"
2026-05-01 12:37:51,001 [INFO] [1432/3987] id=openseek-3-16ec0913f GT=[358, 5, 87, 22, 244] ✅ (1654ch, attempts=1, 9.8s)
2026-05-01 12:37:59,104 [INFO] HTTP Request: POST http://localhost:2026/v1/chat/completions "HTTP/1.1 200 OK"
2026-05-01 12:37:59,105 [INFO] [1433/3987] id=openseek-3-ab9e0ed18 GT=[93, 33, 59, 57] ✅ (1930ch, attempts=1, 10.3s)
2026-05-01 12:37:59,640 [INFO] HTTP Request: POST http://localhost:2026/v1/chat/completions "HTTP/1.1 200 OK"
2026-05-01 12:37:59,641 [INFO] [1434/3987] id=openseek-3-c3dfe2fb8 GT=[466, 160, 256] ✅ (2022ch, attempts=1, 10.5s)
2026-05-01 12:38:09,433 [INFO] HTTP Request: POST http://localhost:2026/v1/chat/completions "HTTP/1.1 200 OK"
2026-05-01 12:38:09,434 [INFO] [1435/3987] id=openseek-3-be3bef121 GT=[214, 4, 45, 94, 46] ✅ (1747ch, attempts=1, 10.3s)
2026-05-01 12:38:12,714 [INFO] HTTP Request: POST http://localhost:2026/v1/chat/completions "HTTP/1.1 200 OK"
2026-05-01 12:38:12,715 [INFO] [1436/3987] id=openseek-3-20f39c4dc GT=[88, 13, 532, 73, 79, 57] ✅ (2123ch, attempts=1, 13.1s)
2026-05-01 12:38:13,274 [INFO] HTTP Request: POST http://localhost:2026/v1/chat/completions "HTTP/1.1 200 OK"
2026-05-01 12:38:13,275 [INFO] [1437/3987] id=openseek-3-95f2f03d9 GT=[79, 98, 71, 148, 448, 12, 100] ✅ (4063ch, attempts=1, 22.3s)
2026-05-01 12:38:19,455 [INFO] HTTP Request: POST http://localhost:2026/v1/chat/completions "HTTP/1.1 200 OK"
2026-05-01 12:38:19,456 [INFO] [1438/3987] id=openseek-3-e865e0ee1 GT=[43, 406, 52] ✅ (1862ch, attempts=1, 10.0s)
2026-05-01 12:38:25,709 [INFO] HTTP Request: POST http://localhost:2026/v1/chat/completions "HTTP/1.1 200 OK"
2026-05-01 12:38:25,710 [INFO] [1439/3987] id=openseek-3-352bca2fd GT=[304, 100, 23, 154, 352] ✅ (2070ch, attempts=1, 13.0s)
2026-05-01 12:38:27,580 [INFO] HTTP Request: POST http://localhost:2026/v1/chat/completions "HTTP/1.1 200 OK"
2026-05-01 12:38:27,581 [INFO] [1440/3987] id=openseek-3-39a4181e8 GT=[106, 400] ✅ (1397ch, attempts=1, 8.1s)
2026-05-01 12:38:33,121 [INFO] HTTP Request: POST http://localhost:2026/v1/chat/completions "HTTP/1.1 200 OK"
2026-05-01 12:38:33,122 [INFO] [1441/3987] id=openseek-3-5830ff3d6 GT=[172, 178, 55, 47, 62, 454, 442, 16] ✅ (3080ch, attempts=1, 19.8s)
2026-05-01 12:38:37,505 [INFO] HTTP Request: POST http://localhost:2026/v1/chat/completions "HTTP/1.1 200 OK"
2026-05-01 12:38:37,506 [INFO] [1442/3987] id=openseek-3-a921d4dbe GT=[34, 598, 202] ✅ (2030ch, attempts=1, 11.8s)
2026-05-01 12:38:41,704 [INFO] HTTP Request: POST http://localhost:2026/v1/chat/completions "HTTP/1.1 200 OK"
2026-05-01 12:38:41,706 [INFO] [1443/3987] id=openseek-3-742bb645b GT=[124, 34, 23] ✅ (1754ch, attempts=1, 8.6s)
2026-05-01 12:38:45,379 [INFO] HTTP Request: POST http://localhost:2026/v1/chat/completions "HTTP/1.1 200 OK"
2026-05-01 12:38:45,380 [INFO] [1444/3987] id=openseek-3-973d67df4 GT=[130, 130, 112, 40, 5, 77] ✅ (2880ch, attempts=1, 17.8s)
2026-05-01 12:38:51,396 [INFO] HTTP Request: POST http://localhost:2026/v1/chat/completions "HTTP/1.1 200 OK"
2026-05-01 12:38:51,397 [INFO] [1445/3987] id=openseek-3-96efa1a95 GT=[75, 5, 21] ✅ (1899ch, attempts=1, 9.7s)
2026-05-01 12:38:55,425 [INFO] HTTP Request: POST http://localhost:2026/v1/chat/completions "HTTP/1.1 200 OK"
2026-05-01 12:38:55,426 [INFO] [1446/3987] id=openseek-3-86a6d7bfe GT=[54, 16, 76, 220, 46, 136, 316] ✅ (3003ch, attempts=1, 17.9s)
2026-05-01 12:39:01,937 [INFO] HTTP Request: POST http://localhost:2026/v1/chat/completions "HTTP/1.1 200 OK"
2026-05-01 12:39:01,938 [INFO] [1447/3987] id=openseek-3-fd89aa84d GT=[66, 30, 90, 148, 23, 4, 68, 274, 86] ✅ (2672ch, attempts=1, 16.6s)
2026-05-01 12:39:03,732 [INFO] HTTP Request: POST http://localhost:2026/v1/chat/completions "HTTP/1.1 200 OK"
2026-05-01 12:39:03,733 [INFO] [1448/3987] id=openseek-3-74fefe1bf GT=[52, 286, 99, 4, 3, 92] ✅ (2014ch, attempts=1, 12.3s)
2026-05-01 12:39:05,237 [INFO] HTTP Request: POST http://localhost:2026/v1/chat/completions "HTTP/1.1 200 OK"
2026-05-01 12:39:05,239 [INFO] [1449/3987] id=openseek-3-4d1e5606d GT=[286, 436, 10] ✅ (1785ch, attempts=1, 9.8s)
2026-05-01 12:39:15,673 [INFO] HTTP Request: POST http://localhost:2026/v1/chat/completions "HTTP/1.1 200 OK"
2026-05-01 12:39:15,674 [INFO] [1450/3987] id=openseek-3-ba5adad57 GT=[526, 48, 62, 316, 23] ✅ (2041ch, attempts=1, 11.9s)
2026-05-01 12:39:15,813 [INFO]   💾 已保存 (成功=1450 验证通过=1450 降级=0) | 4.6s/条均值 | ETA=196min
2026-05-01 12:39:16,439 [INFO] HTTP Request: POST http://localhost:2026/v1/chat/completions "HTTP/1.1 200 OK"
2026-05-01 12:39:16,440 [INFO] [1451/3987] id=openseek-3-505b52246 GT=[400, 550, 39, 4, 66, 478] ✅ (2288ch, attempts=1, 14.5s)
2026-05-01 12:39:22,254 [INFO] HTTP Request: POST http://localhost:2026/v1/chat/completions "HTTP/1.1 200 OK"
2026-05-01 12:39:22,256 [INFO] [1452/3987] id=openseek-3-2c8938d9b GT=[28, 334, 10, 37, 496, 6, 376] ✅ (2774ch, attempts=1, 17.0s)
2026-05-01 12:39:25,615 [INFO] HTTP Request: POST http://localhost:2026/v1/chat/completions "HTTP/1.1 200 OK"
2026-05-01 12:39:25,616 [INFO] [1453/3987] id=openseek-3-ad393a91e GT=[232, 74, 87] ✅ (1691ch, attempts=1, 9.2s)
2026-05-01 12:39:27,959 [INFO] HTTP Request: POST http://localhost:2026/v1/chat/completions "HTTP/1.1 200 OK"
2026-05-01 12:39:27,960 [INFO] [1454/3987] id=openseek-3-f6678b013 GT=[73, 37, 92, 472, 436, 23] ✅ (2056ch, attempts=1, 12.3s)
2026-05-01 12:39:34,306 [INFO] HTTP Request: POST http://localhost:2026/v1/chat/completions "HTTP/1.1 200 OK"
2026-05-01 12:39:34,308 [INFO] [1455/3987] id=openseek-3-1ccdc44c4 GT=[280, 574, 472, 70, 112] ✅ (1837ch, attempts=1, 12.1s)
2026-05-01 12:39:42,650 [INFO] HTTP Request: POST http://localhost:2026/v1/chat/completions "HTTP/1.1 200 OK"
2026-05-01 12:39:42,651 [INFO] [1456/3987] id=openseek-3-cc768f886 GT=[118, 3, 66, 472, 172, 14, 100] ✅ (2845ch, attempts=1, 17.0s)
2026-05-01 12:39:45,478 [INFO] HTTP Request: POST http://localhost:2026/v1/chat/completions "HTTP/1.1 200 OK"
2026-05-01 12:39:45,480 [INFO] [1457/3987] id=openseek-3-b89ac4296 GT=[220, 22, 538, 466, 31, 28, 1] ✅ (2858ch, attempts=1, 17.5s)
2026-05-01 12:39:49,980 [INFO] HTTP Request: POST http://localhost:2026/v1/chat/completions "HTTP/1.1 200 OK"
2026-05-01 12:39:49,981 [INFO] [1458/3987] id=openseek-3-7988db4b4 GT=[94, 10, 436, 29, 556, 70, 16] ✅ (2501ch, attempts=1, 15.7s)
2026-05-01 12:39:57,237 [INFO] HTTP Request: POST http://localhost:2026/v1/chat/completions "HTTP/1.1 200 OK"
2026-05-01 12:39:57,238 [INFO] [1459/3987] id=openseek-3-e903a7943 GT=[508, 42, 35, 364] ✅ (2042ch, attempts=1, 11.8s)
2026-05-01 12:39:58,111 [INFO] HTTP Request: POST http://localhost:2026/v1/chat/completions "HTTP/1.1 200 OK"
2026-05-01 12:39:58,113 [INFO] [1460/3987] id=openseek-3-dbaa2438d GT=[298, 51] ✅ (1691ch, attempts=1, 8.1s)
2026-05-01 12:40:02,512 [INFO] HTTP Request: POST http://localhost:2026/v1/chat/completions "HTTP/1.1 200 OK"
2026-05-01 12:40:02,513 [INFO] [1461/3987] id=openseek-3-670afbe12 GT=[406, 99, 532, 388, 34, 93, 53, 124] ✅ (3240ch, attempts=1, 19.9s)
2026-05-01 12:40:05,839 [INFO] HTTP Request: POST http://localhost:2026/v1/chat/completions "HTTP/1.1 200 OK"
2026-05-01 12:40:05,841 [INFO] [1462/3987] id=openseek-3-5f5e84a44 GT=[23, 4] ✅ (1748ch, attempts=1, 7.7s)
2026-05-01 12:40:11,363 [INFO] HTTP Request: POST http://localhost:2026/v1/chat/completions "HTTP/1.1 200 OK"
2026-05-01 12:40:11,364 [INFO] [1463/3987] id=openseek-3-46ae69d57 GT=[472, 598, 64, 59, 52] ✅ (2243ch, attempts=1, 14.1s)
2026-05-01 12:40:14,900 [INFO] HTTP Request: POST http://localhost:2026/v1/chat/completions "HTTP/1.1 200 OK"
2026-05-01 12:40:14,902 [INFO] [1464/3987] id=openseek-3-721844b1c GT=[160, 2] ✅ (1925ch, attempts=1, 9.1s)
2026-05-01 12:40:22,338 [INFO] HTTP Request: POST http://localhost:2026/v1/chat/completions "HTTP/1.1 200 OK"
2026-05-01 12:40:22,339 [INFO] [1465/3987] id=openseek-3-26b46a49e GT=[76, 62, 496, 178, 418, 45, 70, 154, 406 ✅ (2914ch, attempts=1, 19.8s)
2026-05-01 12:40:25,336 [INFO] HTTP Request: POST http://localhost:2026/v1/chat/completions "HTTP/1.1 200 OK"
2026-05-01 12:40:25,337 [INFO] [1466/3987] id=openseek-3-314684eea GT=[33, 94, 220, 78, 15] ✅ (2445ch, attempts=1, 14.0s)
2026-05-01 12:40:31,753 [INFO] HTTP Request: POST http://localhost:2026/v1/chat/completions "HTTP/1.1 200 OK"
2026-05-01 12:40:31,754 [INFO] [1467/3987] id=openseek-3-52d9e99f2 GT=[59, 160, 370] ✅ (1805ch, attempts=1, 9.4s)
2026-05-01 12:40:36,095 [INFO] HTTP Request: POST http://localhost:2026/v1/chat/completions "HTTP/1.1 200 OK"
2026-05-01 12:40:36,097 [INFO] [1468/3987] id=openseek-3-a5251af42 GT=[496, 57, 538, 208, 124, 23, 21, 73, 124 ✅ (3289ch, attempts=1, 21.2s)
2026-05-01 12:40:40,746 [INFO] HTTP Request: POST http://localhost:2026/v1/chat/completions "HTTP/1.1 200 OK"
2026-05-01 12:40:40,747 [INFO] [1469/3987] id=openseek-3-091068957 GT=[232, 7, 15, 358, 178, 442, 220] ✅ (2345ch, attempts=1, 15.4s)
2026-05-01 12:40:48,776 [INFO] HTTP Request: POST http://localhost:2026/v1/chat/completions "HTTP/1.1 200 OK"
2026-05-01 12:40:48,777 [INFO] [1470/3987] id=openseek-3-c6e3f3a45 GT=[78, 154, 1, 106, 49, 49, 532, 22] ✅ (2810ch, attempts=1, 17.0s)
2026-05-01 12:40:49,070 [INFO] HTTP Request: POST http://localhost:2026/v1/chat/completions "HTTP/1.1 200 OK"
2026-05-01 12:40:49,071 [INFO] [1471/3987] id=openseek-3-d02711209 GT=[42, 80, 274, 48] ✅ (1383ch, attempts=1, 8.3s)
2026-05-01 12:40:51,791 [INFO] HTTP Request: POST http://localhost:2026/v1/chat/completions "HTTP/1.1 200 OK"
2026-05-01 12:40:51,792 [INFO] [1472/3987] id=openseek-3-c541b08fb GT=[76, 11, 580, 172, 6, 496] ✅ (2502ch, attempts=1, 15.7s)
2026-05-01 12:40:58,869 [INFO] HTTP Request: POST http://localhost:2026/v1/chat/completions "HTTP/1.1 200 OK"
2026-05-01 12:40:58,870 [INFO] [1473/3987] id=openseek-3-7d953ec98 GT=[136, 75] ✅ (1960ch, attempts=1, 9.8s)
2026-05-01 12:41:00,788 [INFO] HTTP Request: POST http://localhost:2026/v1/chat/completions "HTTP/1.1 200 OK"
2026-05-01 12:41:00,790 [INFO] [1474/3987] id=openseek-3-ddbb4ca53 GT=[532, 23] ✅ (1762ch, attempts=1, 9.0s)
2026-05-01 12:41:08,783 [INFO] HTTP Request: POST http://localhost:2026/v1/chat/completions "HTTP/1.1 200 OK"
2026-05-01 12:41:08,784 [INFO] [1475/3987] id=openseek-3-710b462e7 GT=[214, 304, 99, 53, 13, 44, 62, 9, 74] ✅ (3206ch, attempts=1, 20.0s)
2026-05-01 12:41:12,581 [INFO] HTTP Request: POST http://localhost:2026/v1/chat/completions "HTTP/1.1 200 OK"
2026-05-01 12:41:12,583 [INFO] [1476/3987] id=openseek-3-59053152e GT=[508, 154, 46, 36, 184] ✅ (1946ch, attempts=1, 11.8s)
2026-05-01 12:41:15,247 [INFO] HTTP Request: POST http://localhost:2026/v1/chat/completions "HTTP/1.1 200 OK"
2026-05-01 12:41:15,248 [INFO] [1477/3987] id=openseek-3-5ed91d5cc GT=[268, 53, 280, 292, 340, 22, 316] ✅ (2490ch, attempts=1, 16.4s)
2026-05-01 12:41:23,620 [INFO] HTTP Request: POST http://localhost:2026/v1/chat/completions "HTTP/1.1 200 OK"
2026-05-01 12:41:23,621 [INFO] [1478/3987] id=openseek-3-4552d7687 GT=[388, 256, 34, 532] ✅ (1899ch, attempts=1, 11.0s)
2026-05-01 12:41:24,283 [INFO] HTTP Request: POST http://localhost:2026/v1/chat/completions "HTTP/1.1 200 OK"
2026-05-01 12:41:24,284 [INFO] [1479/3987] id=openseek-3-0428baaac GT=[262, 96] ✅ (1780ch, attempts=1, 9.0s)
2026-05-01 12:41:28,142 [INFO] HTTP Request: POST http://localhost:2026/v1/chat/completions "HTTP/1.1 200 OK"
2026-05-01 12:41:28,143 [INFO] [1480/3987] id=openseek-3-f409bfe12 GT=[3, 65, 84, 298, 87, 35, 562, 484, 214] ✅ (2994ch, attempts=1, 19.4s)
2026-05-01 12:41:32,927 [INFO] HTTP Request: POST http://localhost:2026/v1/chat/completions "HTTP/1.1 200 OK"
2026-05-01 12:41:32,928 [INFO] [1481/3987] id=openseek-3-b63f4d68d GT=[24, 34, 352] ✅ (1659ch, attempts=1, 8.6s)
2026-05-01 12:41:37,388 [INFO] HTTP Request: POST http://localhost:2026/v1/chat/completions "HTTP/1.1 200 OK"
2026-05-01 12:41:37,390 [INFO] [1482/3987] id=openseek-3-3669e6f57 GT=[84, 77, 586, 12, 346] ✅ (2334ch, attempts=1, 13.8s)
2026-05-01 12:41:42,329 [INFO] HTTP Request: POST http://localhost:2026/v1/chat/completions "HTTP/1.1 200 OK"
2026-05-01 12:41:42,331 [INFO] [1483/3987] id=openseek-3-1b8110d28 GT=[418, 23, 442, 36, 77, 40] ✅ (2438ch, attempts=1, 14.2s)
2026-05-01 12:41:50,917 [INFO] HTTP Request: POST http://localhost:2026/v1/chat/completions "HTTP/1.1 200 OK"
2026-05-01 12:41:50,919 [INFO] [1484/3987] id=openseek-3-ff95e4497 GT=[568, 48, 436, 148, 98] ✅ (2290ch, attempts=1, 13.5s)
2026-05-01 12:41:54,980 [INFO] HTTP Request: POST http://localhost:2026/v1/chat/completions "HTTP/1.1 200 OK"
2026-05-01 12:41:54,982 [INFO] [1485/3987] id=openseek-3-7257dc76b GT=[45, 94, 100, 148, 97] ✅ (2208ch, attempts=1, 12.7s)
2026-05-01 12:41:57,283 [INFO] HTTP Request: POST http://localhost:2026/v1/chat/completions "HTTP/1.1 200 OK"
2026-05-01 12:41:57,284 [INFO] [1486/3987] id=openseek-3-5a4938448 GT=[76, 580, 148, 244, 88, 50, 68, 1, 13] ✅ (3808ch, attempts=1, 24.4s)
2026-05-01 12:42:07,478 [INFO] HTTP Request: POST http://localhost:2026/v1/chat/completions "HTTP/1.1 200 OK"
2026-05-01 12:42:07,479 [INFO] [1487/3987] id=openseek-3-06fe7ce80 GT=[10, 196, 19] ✅ (2029ch, attempts=1, 10.2s)
2026-05-01 12:42:08,378 [INFO] HTTP Request: POST http://localhost:2026/v1/chat/completions "HTTP/1.1 200 OK"
2026-05-01 12:42:08,379 [INFO] [1488/3987] id=openseek-3-5a690d08a GT=[18, 202, 322, 16, 250, 328] ✅ (2726ch, attempts=1, 17.5s)
2026-05-01 12:42:09,400 [INFO] HTTP Request: POST http://localhost:2026/v1/chat/completions "HTTP/1.1 200 OK"
2026-05-01 12:42:09,401 [INFO] [1489/3987] id=openseek-3-e52329dac GT=[184, 466, 466, 84, 77, 34] ✅ (2227ch, attempts=1, 14.4s)
2026-05-01 12:42:15,414 [INFO] HTTP Request: POST http://localhost:2026/v1/chat/completions "HTTP/1.1 200 OK"
2026-05-01 12:42:15,415 [INFO] [1490/3987] id=openseek-3-0073a1af7 GT=[37, 4, 48] ✅ (1569ch, attempts=1, 7.9s)
2026-05-01 12:42:16,824 [INFO] HTTP Request: POST http://localhost:2026/v1/chat/completions "HTTP/1.1 200 OK"
2026-05-01 12:42:16,825 [INFO] [1491/3987] id=openseek-3-bd3ba559b GT=[30, 10] ✅ (1898ch, attempts=1, 8.4s)
2026-05-01 12:42:23,919 [INFO] HTTP Request: POST http://localhost:2026/v1/chat/completions "HTTP/1.1 200 OK"
2026-05-01 12:42:23,920 [INFO] [1492/3987] id=openseek-3-0458e87ef GT=[93, 36, 214, 80, 274, 71] ✅ (2491ch, attempts=1, 14.5s)
2026-05-01 12:42:27,908 [INFO] HTTP Request: POST http://localhost:2026/v1/chat/completions "HTTP/1.1 200 OK"
2026-05-01 12:42:27,909 [INFO] [1493/3987] id=openseek-3-c26ab2007 GT=[268, 72, 59] ✅ (2239ch, attempts=1, 11.1s)
2026-05-01 12:42:32,509 [INFO] HTTP Request: POST http://localhost:2026/v1/chat/completions "HTTP/1.1 200 OK"
2026-05-01 12:42:32,510 [INFO] [1494/3987] id=openseek-3-3900676c9 GT=[57, 54, 64, 442, 280, 4, 574] ✅ (2860ch, attempts=1, 17.1s)
2026-05-01 12:42:36,423 [INFO] HTTP Request: POST http://localhost:2026/v1/chat/completions "HTTP/1.1 200 OK"
2026-05-01 12:42:36,424 [INFO] [1495/3987] id=openseek-3-9c29572a4 GT=[79, 84, 77, 40] ✅ (2365ch, attempts=1, 12.5s)
2026-05-01 12:42:45,264 [INFO] HTTP Request: POST http://localhost:2026/v1/chat/completions "HTTP/1.1 200 OK"
2026-05-01 12:42:45,265 [INFO] [1496/3987] id=openseek-3-22f366bd7 GT=[58, 580, 89, 34, 52, 66, 14, 478] ✅ (2664ch, attempts=1, 17.4s)
2026-05-01 12:42:51,384 [INFO] HTTP Request: POST http://localhost:2026/v1/chat/completions "HTTP/1.1 200 OK"
2026-05-01 12:42:51,385 [INFO] [1497/3987] id=openseek-3-acabef48e GT=[382, 322, 340, 16] ✅ (2585ch, attempts=1, 15.0s)
2026-05-01 12:42:54,509 [INFO] HTTP Request: POST http://localhost:2026/v1/chat/completions "HTTP/1.1 200 OK"
2026-05-01 12:42:54,510 [INFO] [1498/3987] id=openseek-3-67415dda6 GT=[112, 36, 25, 29, 274, 48, 49, 16, 436] ✅ (3417ch, attempts=1, 22.0s)
2026-05-01 12:43:01,435 [INFO] HTTP Request: POST http://localhost:2026/v1/chat/completions "HTTP/1.1 200 OK"
2026-05-01 12:43:01,437 [INFO] [1499/3987] id=openseek-3-b76084312 GT=[352, 430, 382, 172, 280, 40, 16] ✅ (2376ch, attempts=1, 16.2s)
2026-05-01 12:43:05,331 [INFO] HTTP Request: POST http://localhost:2026/v1/chat/completions "HTTP/1.1 200 OK"
2026-05-01 12:43:05,333 [INFO] [1500/3987] id=openseek-3-5b3ebd331 GT=[55, 7, 100] ✅ (2242ch, attempts=1, 10.8s)
2026-05-01 12:43:05,473 [INFO]   💾 已保存 (成功=1500 验证通过=1500 降级=0) | 4.6s/条均值 | ETA=192min
2026-05-01 12:43:08,608 [INFO] HTTP Request: POST http://localhost:2026/v1/chat/completions "HTTP/1.1 200 OK"
2026-05-01 12:43:08,609 [INFO] [1501/3987] id=openseek-3-24f6404ab GT=[76, 280] ✅ (1546ch, attempts=1, 7.2s)
2026-05-01 12:43:14,509 [INFO] HTTP Request: POST http://localhost:2026/v1/chat/completions "HTTP/1.1 200 OK"
2026-05-01 12:43:14,510 [INFO] [1502/3987] id=openseek-3-854ff01bc GT=[69, 202, 73, 82, 130, 454, 508, 77, 20] ✅ (3396ch, attempts=1, 23.1s)
2026-05-01 12:43:18,220 [INFO] HTTP Request: POST http://localhost:2026/v1/chat/completions "HTTP/1.1 200 OK"
2026-05-01 12:43:18,221 [INFO] [1503/3987] id=openseek-3-b8e78408c GT=[46, 538] ✅ (1976ch, attempts=1, 9.6s)
2026-05-01 12:43:24,183 [INFO] HTTP Request: POST http://localhost:2026/v1/chat/completions "HTTP/1.1 200 OK"
2026-05-01 12:43:24,184 [INFO] [1504/3987] id=openseek-3-cc72db645 GT=[96, 76, 370, 328, 136, 118, 166, 11, 62 ✅ (2913ch, attempts=1, 18.9s)
2026-05-01 12:43:25,479 [INFO] HTTP Request: POST http://localhost:2026/v1/chat/completions "HTTP/1.1 200 OK"
2026-05-01 12:43:25,480 [INFO] [1505/3987] id=openseek-3-f0d5c06e3 GT=[490, 75, 352, 364, 70] ✅ (1753ch, attempts=1, 11.0s)
2026-05-01 12:43:32,871 [INFO] HTTP Request: POST http://localhost:2026/v1/chat/completions "HTTP/1.1 200 OK"
2026-05-01 12:43:32,872 [INFO] [1506/3987] id=openseek-3-931ed40f1 GT=[418, 99, 76] ✅ (1560ch, attempts=1, 8.7s)
2026-05-01 12:43:39,021 [INFO] HTTP Request: POST http://localhost:2026/v1/chat/completions "HTTP/1.1 200 OK"
2026-05-01 12:43:39,022 [INFO] [1507/3987] id=openseek-3-2351d53cb GT=[424, 298, 502, 556, 508, 424, 418, 22,  ✅ (3295ch, attempts=1, 20.8s)
2026-05-01 12:43:43,002 [INFO] HTTP Request: POST http://localhost:2026/v1/chat/completions "HTTP/1.1 200 OK"
2026-05-01 12:43:43,004 [INFO] [1508/3987] id=openseek-3-d5cf7c976 GT=[358, 106, 51, 89, 268, 42, 94, 67] ✅ (2801ch, attempts=1, 17.5s)
2026-05-01 12:43:47,397 [INFO] HTTP Request: POST http://localhost:2026/v1/chat/completions "HTTP/1.1 200 OK"
2026-05-01 12:43:47,398 [INFO] [1509/3987] id=openseek-3-9f01f77ec GT=[364, 532] ✅ (1628ch, attempts=1, 8.4s)
2026-05-01 12:43:51,048 [INFO] HTTP Request: POST http://localhost:2026/v1/chat/completions "HTTP/1.1 200 OK"
2026-05-01 12:43:51,049 [INFO] [1510/3987] id=openseek-3-102d95f7f GT=[78, 544, 14, 7, 4, 490, 82, 202, 77] ✅ (2750ch, attempts=1, 18.2s)
2026-05-01 12:43:52,029 [INFO] HTTP Request: POST http://localhost:2026/v1/chat/completions "HTTP/1.1 200 OK"
2026-05-01 12:43:52,030 [INFO] [1511/3987] id=openseek-3-b547c596c GT=[466, 14, 68] ✅ (1780ch, attempts=1, 9.0s)
2026-05-01 12:44:04,830 [INFO] HTTP Request: POST http://localhost:2026/v1/chat/completions "HTTP/1.1 200 OK"
2026-05-01 12:44:04,832 [INFO] [1512/3987] id=openseek-3-06ecd24e3 GT=[130, 23, 72, 58, 36, 64, 238, 66] ✅ (2827ch, attempts=1, 17.4s)
2026-05-01 12:44:06,065 [INFO] HTTP Request: POST http://localhost:2026/v1/chat/completions "HTTP/1.1 200 OK"
2026-05-01 12:44:06,067 [INFO] [1513/3987] id=openseek-3-c2feca79e GT=[11, 580, 310, 526] ✅ (2344ch, attempts=1, 14.0s)
2026-05-01 12:44:09,747 [INFO] HTTP Request: POST http://localhost:2026/v1/chat/completions "HTTP/1.1 200 OK"
2026-05-01 12:44:09,748 [INFO] [1514/3987] id=openseek-3-eeabfbd1c GT=[16, 98, 41, 75, 30, 24, 586, 412, 598] ✅ (2852ch, attempts=1, 18.7s)
2026-05-01 12:44:14,218 [INFO] HTTP Request: POST http://localhost:2026/v1/chat/completions "HTTP/1.1 200 OK"
2026-05-01 12:44:14,219 [INFO] [1515/3987] id=openseek-3-984ee290f GT=[13, 40] ✅ (2052ch, attempts=1, 9.4s)
2026-05-01 12:44:20,072 [INFO] HTTP Request: POST http://localhost:2026/v1/chat/completions "HTTP/1.1 200 OK"
2026-05-01 12:44:20,074 [INFO] [1516/3987] id=openseek-3-a146369d2 GT=[526, 1, 430, 358, 148, 100, 14] ✅ (2183ch, attempts=1, 14.0s)
2026-05-01 12:44:22,472 [INFO] HTTP Request: POST http://localhost:2026/v1/chat/completions "HTTP/1.1 200 OK"
2026-05-01 12:44:22,473 [INFO] [1517/3987] id=openseek-3-af4894aff GT=[58, 16] ✅ (1800ch, attempts=1, 8.3s)
2026-05-01 12:44:27,454 [INFO] HTTP Request: POST http://localhost:2026/v1/chat/completions "HTTP/1.1 200 OK"
2026-05-01 12:44:27,456 [INFO] [1518/3987] id=openseek-3-db7ba4041 GT=[84, 130, 100, 72, 88, 148, 436, 544] ✅ (2851ch, attempts=1, 17.7s)
2026-05-01 12:44:34,521 [INFO] HTTP Request: POST http://localhost:2026/v1/chat/completions "HTTP/1.1 200 OK"
2026-05-01 12:44:34,522 [INFO] [1519/3987] id=openseek-3-fd55e846c GT=[310, 15, 178, 466] ✅ (2478ch, attempts=1, 14.4s)
2026-05-01 12:44:39,259 [INFO] HTTP Request: POST http://localhost:2026/v1/chat/completions "HTTP/1.1 200 OK"
2026-05-01 12:44:39,260 [INFO] [1520/3987] id=openseek-3-5870845e6 GT=[92, 94, 67, 62, 27, 550, 280] ✅ (2869ch, attempts=1, 16.8s)
2026-05-01 12:44:42,446 [INFO] HTTP Request: POST http://localhost:2026/v1/chat/completions "HTTP/1.1 200 OK"
2026-05-01 12:44:42,447 [INFO] [1521/3987] id=openseek-3-c2b03ad3e GT=[412, 26, 580, 62, 448, 59, 31] ✅ (2372ch, attempts=1, 15.0s)
2026-05-01 12:44:50,056 [INFO] HTTP Request: POST http://localhost:2026/v1/chat/completions "HTTP/1.1 200 OK"
2026-05-01 12:44:50,057 [INFO] [1522/3987] id=openseek-3-3b5cd8c03 GT=[76, 454] ✅ (2164ch, attempts=1, 10.8s)
2026-05-01 12:44:51,748 [INFO] HTTP Request: POST http://localhost:2026/v1/chat/completions "HTTP/1.1 200 OK"
2026-05-01 12:44:51,750 [INFO] [1523/3987] id=openseek-3-ac0d92a06 GT=[430, 406, 37, 49, 70, 328, 44, 370] ✅ (2686ch, attempts=1, 17.2s)
2026-05-01 12:45:02,397 [INFO] HTTP Request: POST http://localhost:2026/v1/chat/completions "HTTP/1.1 200 OK"
2026-05-01 12:45:02,399 [INFO] [1524/3987] id=openseek-3-9af020a7d GT=[556, 70, 304, 36, 322, 262, 532, 100] ✅ (3033ch, attempts=1, 20.0s)
2026-05-01 12:45:03,423 [INFO] HTTP Request: POST http://localhost:2026/v1/chat/completions "HTTP/1.1 200 OK"
2026-05-01 12:45:03,424 [INFO] [1525/3987] id=openseek-3-6c9ccc24e GT=[40, 136, 6, 17, 41] ✅ (1957ch, attempts=1, 11.7s)
2026-05-01 12:45:08,248 [INFO] HTTP Request: POST http://localhost:2026/v1/chat/completions "HTTP/1.1 200 OK"
2026-05-01 12:45:08,249 [INFO] [1526/3987] id=openseek-3-d60e5cb6c GT=[196, 51, 74, 3, 232, 400, 10, 58] ✅ (2915ch, attempts=1, 18.2s)
2026-05-01 12:45:12,886 [INFO] HTTP Request: POST http://localhost:2026/v1/chat/completions "HTTP/1.1 200 OK"
2026-05-01 12:45:12,888 [INFO] [1527/3987] id=openseek-3-dc5dee26a GT=[63, 52, 85, 98, 91] ✅ (1548ch, attempts=1, 9.5s)
2026-05-01 12:45:12,958 [INFO] HTTP Request: POST http://localhost:2026/v1/chat/completions "HTTP/1.1 200 OK"
2026-05-01 12:45:12,960 [INFO] [1528/3987] id=openseek-3-d442b6801 GT=[202, 526, 98] ✅ (1941ch, attempts=1, 10.6s)
2026-05-01 12:45:21,684 [INFO] HTTP Request: POST http://localhost:2026/v1/chat/completions "HTTP/1.1 200 OK"
2026-05-01 12:45:21,685 [INFO] [1529/3987] id=openseek-3-5d8a88ef1 GT=[436, 526, 220, 94, 55, 53] ✅ (2193ch, attempts=1, 13.4s)
2026-05-01 12:45:22,694 [INFO] HTTP Request: POST http://localhost:2026/v1/chat/completions "HTTP/1.1 200 OK"
2026-05-01 12:45:22,696 [INFO] [1530/3987] id=openseek-3-deffe7fe5 GT=[166, 61, 40] ✅ (1774ch, attempts=1, 9.7s)
2026-05-01 12:45:27,382 [INFO] HTTP Request: POST http://localhost:2026/v1/chat/completions "HTTP/1.1 200 OK"
2026-05-01 12:45:27,384 [INFO] [1531/3987] id=openseek-3-bd76b58d1 GT=[53, 85, 352, 83] ✅ (2549ch, attempts=1, 14.5s)
2026-05-01 12:45:32,039 [INFO] HTTP Request: POST http://localhost:2026/v1/chat/completions "HTTP/1.1 200 OK"
2026-05-01 12:45:32,040 [INFO] [1532/3987] id=openseek-3-4f9eb12eb GT=[10, 490, 478] ✅ (1862ch, attempts=1, 10.4s)
2026-05-01 12:45:36,643 [INFO] HTTP Request: POST http://localhost:2026/v1/chat/completions "HTTP/1.1 200 OK"
2026-05-01 12:45:36,645 [INFO] [1533/3987] id=openseek-3-4b0f5cd6d GT=[178, 4, 550, 100] ✅ (2402ch, attempts=1, 13.9s)
2026-05-01 12:45:39,990 [INFO] HTTP Request: POST http://localhost:2026/v1/chat/completions "HTTP/1.1 200 OK"
2026-05-01 12:45:39,992 [INFO] [1534/3987] id=openseek-3-208d0b825 GT=[63, 92, 34, 292, 304, 90] ✅ (2047ch, attempts=1, 12.6s)
2026-05-01 12:45:44,428 [INFO] HTTP Request: POST http://localhost:2026/v1/chat/completions "HTTP/1.1 200 OK"
2026-05-01 12:45:44,429 [INFO] [1535/3987] id=openseek-3-baf3d6307 GT=[71, 40, 430] ✅ (2325ch, attempts=1, 12.4s)
2026-05-01 12:45:51,750 [INFO] HTTP Request: POST http://localhost:2026/v1/chat/completions "HTTP/1.1 200 OK"
2026-05-01 12:45:51,751 [INFO] [1536/3987] id=openseek-3-7ed8038aa GT=[142, 262, 98, 448, 70] ✅ (1896ch, attempts=1, 11.8s)
2026-05-01 12:45:56,156 [INFO] HTTP Request: POST http://localhost:2026/v1/chat/completions "HTTP/1.1 200 OK"
2026-05-01 12:45:56,158 [INFO] [1537/3987] id=openseek-3-d3d766d15 GT=[556, 472, 82, 244, 274] ✅ (1819ch, attempts=1, 11.7s)
2026-05-01 12:45:57,926 [INFO] HTTP Request: POST http://localhost:2026/v1/chat/completions "HTTP/1.1 200 OK"
2026-05-01 12:45:57,928 [INFO] [1538/3987] id=openseek-3-cd00e51f6 GT=[478, 424, 454, 86, 268, 28, 322] ✅ (3762ch, attempts=1, 21.3s)
2026-05-01 12:46:01,904 [INFO] HTTP Request: POST http://localhost:2026/v1/chat/completions "HTTP/1.1 200 OK"
2026-05-01 12:46:01,906 [INFO] [1539/3987] id=openseek-3-ae79348eb GT=[34, 472, 28] ✅ (1807ch, attempts=1, 10.2s)
2026-05-01 12:46:12,374 [INFO] HTTP Request: POST http://localhost:2026/v1/chat/completions "HTTP/1.1 200 OK"
2026-05-01 12:46:12,375 [INFO] [1540/3987] id=openseek-3-525ba5922 GT=[514, 81, 88, 65, 53, 304, 28, 340] ✅ (2586ch, attempts=1, 16.2s)
2026-05-01 12:46:17,792 [INFO] HTTP Request: POST http://localhost:2026/v1/chat/completions "HTTP/1.1 200 OK"
2026-05-01 12:46:17,860 [INFO] [1541/3987] id=openseek-3-62bb8409a GT=[91, 160, 568, 484, 45, 82, 3, 99, 532] ✅ (3009ch, attempts=1, 19.9s)
2026-05-01 12:46:18,913 [INFO] HTTP Request: POST http://localhost:2026/v1/chat/completions "HTTP/1.1 200 OK"
2026-05-01 12:46:18,914 [INFO] [1542/3987] id=openseek-3-5bcd52b80 GT=[47, 82, 71, 1, 68, 98, 64, 466] ✅ (2836ch, attempts=1, 17.0s)
2026-05-01 12:46:30,313 [INFO] HTTP Request: POST http://localhost:2026/v1/chat/completions "HTTP/1.1 200 OK"
2026-05-01 12:46:30,314 [INFO] [1543/3987] id=openseek-3-302a62be0 GT=[33, 52, 46, 49, 280, 478, 68, 154] ✅ (2870ch, attempts=1, 17.9s)
2026-05-01 12:46:33,023 [INFO] HTTP Request: POST http://localhost:2026/v1/chat/completions "HTTP/1.1 200 OK"
2026-05-01 12:46:33,024 [INFO] [1544/3987] id=openseek-3-1a38ccfa6 GT=[15, 19, 508, 11, 562, 268] ✅ (2145ch, attempts=1, 14.1s)
2026-05-01 12:46:36,426 [INFO] HTTP Request: POST http://localhost:2026/v1/chat/completions "HTTP/1.1 200 OK"
2026-05-01 12:46:36,428 [INFO] [1545/3987] id=openseek-3-a2fb6ab8d GT=[76, 23, 73, 4, 18, 598, 454, 256, 18] ✅ (3013ch, attempts=1, 18.6s)
2026-05-01 12:46:40,740 [INFO] HTTP Request: POST http://localhost:2026/v1/chat/completions "HTTP/1.1 200 OK"
2026-05-01 12:46:40,741 [INFO] [1546/3987] id=openseek-3-fe01ab74d GT=[5, 47, 154, 2] ✅ (1953ch, attempts=1, 10.4s)
2026-05-01 12:46:46,089 [INFO] HTTP Request: POST http://localhost:2026/v1/chat/completions "HTTP/1.1 200 OK"
2026-05-01 12:46:46,090 [INFO] [1547/3987] id=openseek-3-2da8d71c7 GT=[304, 71, 71, 86, 18, 364] ✅ (2128ch, attempts=1, 13.1s)
2026-05-01 12:46:50,582 [INFO] HTTP Request: POST http://localhost:2026/v1/chat/completions "HTTP/1.1 200 OK"
2026-05-01 12:46:50,583 [INFO] [1548/3987] id=openseek-3-65c001d08 GT=[562, 1, 160] ✅ (1953ch, attempts=1, 9.8s)
2026-05-01 12:46:57,456 [INFO] HTTP Request: POST http://localhost:2026/v1/chat/completions "HTTP/1.1 200 OK"
2026-05-01 12:46:57,457 [INFO] [1549/3987] id=openseek-3-c2c1bfb28 GT=[82, 30, 124, 544] ✅ (1889ch, attempts=1, 11.4s)
2026-05-01 12:46:57,629 [INFO] HTTP Request: POST http://localhost:2026/v1/chat/completions "HTTP/1.1 200 OK"
2026-05-01 12:46:57,631 [INFO] [1550/3987] id=openseek-3-df4580b15 GT=[79, 2, 196, 148, 220, 598, 17] ✅ (3485ch, attempts=1, 21.2s)
2026-05-01 12:46:57,769 [INFO]   💾 已保存 (成功=1550 验证通过=1550 降级=0) | 4.6s/条均值 | ETA=188min
2026-05-01 12:47:08,029 [INFO] HTTP Request: POST http://localhost:2026/v1/chat/completions "HTTP/1.1 200 OK"
2026-05-01 12:47:08,031 [INFO] [1551/3987] id=openseek-3-ca86fe7f9 GT=[15, 62, 490, 19, 14, 79, 202, 71, 10] ✅ (2748ch, attempts=1, 17.4s)
2026-05-01 12:47:08,487 [INFO] HTTP Request: POST http://localhost:2026/v1/chat/completions "HTTP/1.1 200 OK"
2026-05-01 12:47:08,488 [INFO] [1552/3987] id=openseek-3-c4058bdfe GT=[48, 286, 44, 99] ✅ (2010ch, attempts=1, 11.0s)
2026-05-01 12:47:16,558 [INFO] HTTP Request: POST http://localhost:2026/v1/chat/completions "HTTP/1.1 200 OK"
2026-05-01 12:47:16,560 [INFO] [1553/3987] id=openseek-3-d05041cc4 GT=[17, 316, 130, 322, 328, 2, 85] ✅ (2969ch, attempts=1, 18.9s)
2026-05-01 12:47:18,255 [INFO] HTTP Request: POST http://localhost:2026/v1/chat/completions "HTTP/1.1 200 OK"
2026-05-01 12:47:18,256 [INFO] [1554/3987] id=openseek-3-cd65251e9 GT=[34, 16, 346, 4] ✅ (1769ch, attempts=1, 9.8s)
2026-05-01 12:47:21,483 [INFO] HTTP Request: POST http://localhost:2026/v1/chat/completions "HTTP/1.1 200 OK"
2026-05-01 12:47:21,485 [INFO] [1555/3987] id=openseek-3-4f59b630a GT=[280, 394, 91, 598] ✅ (2207ch, attempts=1, 13.5s)
2026-05-01 12:47:24,705 [INFO] HTTP Request: POST http://localhost:2026/v1/chat/completions "HTTP/1.1 200 OK"
2026-05-01 12:47:24,706 [INFO] [1556/3987] id=openseek-3-0ce1db714 GT=[358, 460] ✅ (1600ch, attempts=1, 8.1s)
2026-05-01 12:47:29,653 [INFO] HTTP Request: POST http://localhost:2026/v1/chat/completions "HTTP/1.1 200 OK"
2026-05-01 12:47:29,654 [INFO] [1557/3987] id=openseek-3-807f172ef GT=[21, 4, 23, 2] ✅ (2322ch, attempts=1, 11.4s)
2026-05-01 12:47:37,269 [INFO] HTTP Request: POST http://localhost:2026/v1/chat/completions "HTTP/1.1 200 OK"
2026-05-01 12:47:37,271 [INFO] [1558/3987] id=openseek-3-29d1a2cab GT=[68, 69, 52, 166, 75, 580, 60, 11] ✅ (2498ch, attempts=1, 15.8s)
2026-05-01 12:47:39,106 [INFO] HTTP Request: POST http://localhost:2026/v1/chat/completions "HTTP/1.1 200 OK"
2026-05-01 12:47:39,107 [INFO] [1559/3987] id=openseek-3-39ba62d52 GT=[58, 262] ✅ (1836ch, attempts=1, 9.5s)
2026-05-01 12:47:43,698 [INFO] HTTP Request: POST http://localhost:2026/v1/chat/completions "HTTP/1.1 200 OK"
2026-05-01 12:47:43,700 [INFO] [1560/3987] id=openseek-3-c29528cd1 GT=[93, 82, 550, 124, 67, 334, 82, 59] ✅ (3078ch, attempts=1, 19.0s)
2026-05-01 12:47:46,663 [INFO] HTTP Request: POST http://localhost:2026/v1/chat/completions "HTTP/1.1 200 OK"
2026-05-01 12:47:46,664 [INFO] [1561/3987] id=openseek-3-9a1d4279e GT=[130, 99] ✅ (1565ch, attempts=1, 7.6s)
2026-05-01 12:47:49,142 [INFO] HTTP Request: POST http://localhost:2026/v1/chat/completions "HTTP/1.1 200 OK"
2026-05-01 12:47:49,144 [INFO] [1562/3987] id=openseek-3-e97a72660 GT=[76, 352, 21] ✅ (2217ch, attempts=1, 11.9s)
2026-05-01 12:47:55,972 [INFO] HTTP Request: POST http://localhost:2026/v1/chat/completions "HTTP/1.1 200 OK"
2026-05-01 12:47:55,973 [INFO] [1563/3987] id=openseek-3-8236b3d18 GT=[172, 61, 304, 448, 394] ✅ (1952ch, attempts=1, 12.3s)
2026-05-01 12:48:01,755 [INFO] HTTP Request: POST http://localhost:2026/v1/chat/completions "HTTP/1.1 200 OK"
2026-05-01 12:48:01,756 [INFO] [1564/3987] id=openseek-3-00da7c613 GT=[14, 32, 298, 460, 40] ✅ (2515ch, attempts=1, 15.1s)
2026-05-01 12:48:02,478 [INFO] HTTP Request: POST http://localhost:2026/v1/chat/completions "HTTP/1.1 200 OK"
2026-05-01 12:48:02,480 [INFO] [1565/3987] id=openseek-3-c42d40d18 GT=[14, 54, 490, 8, 124, 478] ✅ (2130ch, attempts=1, 13.3s)
2026-05-01 12:48:14,885 [INFO] HTTP Request: POST http://localhost:2026/v1/chat/completions "HTTP/1.1 200 OK"
2026-05-01 12:48:14,886 [INFO] [1566/3987] id=openseek-3-13beda6fc GT=[9, 47, 538, 12, 15, 46, 178] ✅ (2020ch, attempts=1, 13.1s)
2026-05-01 12:48:19,913 [INFO] HTTP Request: POST http://localhost:2026/v1/chat/completions "HTTP/1.1 200 OK"
2026-05-01 12:48:19,915 [INFO] [1567/3987] id=openseek-3-65ab76749 GT=[466, 508, 76, 10, 37, 268, 52, 73] ✅ (3751ch, attempts=1, 23.9s)
2026-05-01 12:48:21,961 [INFO] HTTP Request: POST http://localhost:2026/v1/chat/completions "HTTP/1.1 200 OK"
2026-05-01 12:48:21,963 [INFO] [1568/3987] id=openseek-3-9d6447ae9 GT=[454, 16, 322, 90, 43, 184, 526, 100, 50 ✅ (2923ch, attempts=1, 19.5s)
2026-05-01 12:48:24,055 [INFO] HTTP Request: POST http://localhost:2026/v1/chat/completions "HTTP/1.1 200 OK"
2026-05-01 12:48:24,056 [INFO] [1569/3987] id=openseek-3-7642a32be GT=[81, 81, 322, 556] ✅ (1578ch, attempts=1, 9.2s)
2026-05-01 12:48:34,627 [INFO] HTTP Request: POST http://localhost:2026/v1/chat/completions "HTTP/1.1 200 OK"
2026-05-01 12:48:34,628 [INFO] [1570/3987] id=openseek-3-24d271aa6 GT=[40, 25, 214, 478, 436] ✅ (1728ch, attempts=1, 10.6s)
2026-05-01 12:48:35,206 [INFO] HTTP Request: POST http://localhost:2026/v1/chat/completions "HTTP/1.1 200 OK"
2026-05-01 12:48:35,207 [INFO] [1571/3987] id=openseek-3-7e6827cc1 GT=[1, 340, 178, 49, 95] ✅ (2217ch, attempts=1, 13.2s)
2026-05-01 12:48:36,315 [INFO] HTTP Request: POST http://localhost:2026/v1/chat/completions "HTTP/1.1 200 OK"
2026-05-01 12:48:36,317 [INFO] [1572/3987] id=openseek-3-3e94c946b GT=[556, 70, 94, 84, 21, 25, 24] ✅ (2820ch, attempts=1, 16.4s)
2026-05-01 12:48:42,713 [INFO] HTTP Request: POST http://localhost:2026/v1/chat/completions "HTTP/1.1 200 OK"
2026-05-01 12:48:42,714 [INFO] [1573/3987] id=openseek-3-0c136efbf GT=[592, 90] ✅ (1559ch, attempts=1, 7.5s)
2026-05-01 12:48:47,693 [INFO] HTTP Request: POST http://localhost:2026/v1/chat/completions "HTTP/1.1 200 OK"
2026-05-01 12:48:47,694 [INFO] [1574/3987] id=openseek-3-6361a170a GT=[160, 95, 52, 22, 400] ✅ (1842ch, attempts=1, 11.4s)
2026-05-01 12:48:50,886 [INFO] HTTP Request: POST http://localhost:2026/v1/chat/completions "HTTP/1.1 200 OK"
2026-05-01 12:48:50,887 [INFO] [1575/3987] id=openseek-3-8b9347f24 GT=[394, 35, 490, 41, 340, 280, 1] ✅ (2619ch, attempts=1, 16.3s)
2026-05-01 12:48:55,137 [INFO] HTTP Request: POST http://localhost:2026/v1/chat/completions "HTTP/1.1 200 OK"
2026-05-01 12:48:55,139 [INFO] [1576/3987] id=openseek-3-aca729b67 GT=[502, 148] ✅ (1433ch, attempts=1, 7.4s)
2026-05-01 12:49:00,502 [INFO] HTTP Request: POST http://localhost:2026/v1/chat/completions "HTTP/1.1 200 OK"
2026-05-01 12:49:00,504 [INFO] [1577/3987] id=openseek-3-bc2cc8cbd GT=[268, 232, 304] ✅ (1688ch, attempts=1, 9.6s)
2026-05-01 12:49:02,419 [INFO] HTTP Request: POST http://localhost:2026/v1/chat/completions "HTTP/1.1 200 OK"
2026-05-01 12:49:02,421 [INFO] [1578/3987] id=openseek-3-d97cc80e2 GT=[514, 75] ✅ (1412ch, attempts=1, 7.3s)
2026-05-01 12:49:05,392 [INFO] HTTP Request: POST http://localhost:2026/v1/chat/completions "HTTP/1.1 200 OK"
2026-05-01 12:49:05,394 [INFO] [1579/3987] id=openseek-3-300058bc6 GT=[190, 268, 91, 256, 99, 538, 95, 64, 67] ✅ (3563ch, attempts=1, 22.7s)
2026-05-01 12:49:13,953 [INFO] HTTP Request: POST http://localhost:2026/v1/chat/completions "HTTP/1.1 200 OK"
2026-05-01 12:49:13,954 [INFO] [1580/3987] id=openseek-3-96041daee GT=[88, 592, 226, 21, 64, 226] ✅ (2055ch, attempts=1, 13.5s)
2026-05-01 12:49:17,116 [INFO] HTTP Request: POST http://localhost:2026/v1/chat/completions "HTTP/1.1 200 OK"
2026-05-01 12:49:17,118 [INFO] [1581/3987] id=openseek-3-f53428694 GT=[57, 58, 40, 124, 16] ✅ (1975ch, attempts=1, 11.7s)
2026-05-01 12:49:17,640 [INFO] HTTP Request: POST http://localhost:2026/v1/chat/completions "HTTP/1.1 200 OK"
2026-05-01 12:49:17,641 [INFO] [1582/3987] id=openseek-3-a731f52da GT=[202, 412, 47, 538, 61, 496] ✅ (2466ch, attempts=1, 15.2s)
2026-05-01 12:49:22,636 [INFO] HTTP Request: POST http://localhost:2026/v1/chat/completions "HTTP/1.1 200 OK"
2026-05-01 12:49:22,637 [INFO] [1583/3987] id=openseek-3-420ddc2fa GT=[184, 38] ✅ (1677ch, attempts=1, 8.7s)
2026-05-01 12:49:29,764 [INFO] HTTP Request: POST http://localhost:2026/v1/chat/completions "HTTP/1.1 200 OK"
2026-05-01 12:49:29,765 [INFO] [1584/3987] id=openseek-3-a92e5ee13 GT=[76, 580, 64, 556] ✅ (2120ch, attempts=1, 12.6s)
2026-05-01 12:49:33,410 [INFO] HTTP Request: POST http://localhost:2026/v1/chat/completions "HTTP/1.1 200 OK"
2026-05-01 12:49:33,412 [INFO] [1585/3987] id=openseek-3-c21d088a7 GT=[148, 574, 94] ✅ (1868ch, attempts=1, 10.8s)
2026-05-01 12:49:36,565 [INFO] HTTP Request: POST http://localhost:2026/v1/chat/completions "HTTP/1.1 200 OK"
2026-05-01 12:49:36,567 [INFO] [1586/3987] id=openseek-3-d57781e61 GT=[526, 34, 196, 84, 526, 448] ✅ (3432ch, attempts=1, 18.9s)
2026-05-01 12:49:40,765 [INFO] HTTP Request: POST http://localhost:2026/v1/chat/completions "HTTP/1.1 200 OK"
2026-05-01 12:49:40,766 [INFO] [1587/3987] id=openseek-3-c1a41bba8 GT=[48, 118, 46] ✅ (2134ch, attempts=1, 11.0s)
2026-05-01 12:49:42,315 [INFO] HTTP Request: POST http://localhost:2026/v1/chat/completions "HTTP/1.1 200 OK"
2026-05-01 12:49:42,316 [INFO] [1588/3987] id=openseek-3-ea598c9c4 GT=[65, 52, 256, 45, 62] ✅ (1418ch, attempts=1, 8.9s)
2026-05-01 12:49:48,511 [INFO] HTTP Request: POST http://localhost:2026/v1/chat/completions "HTTP/1.1 200 OK"
2026-05-01 12:49:48,513 [INFO] [1589/3987] id=openseek-3-8116a2af3 GT=[68, 544, 142] ✅ (2155ch, attempts=1, 11.9s)
2026-05-01 12:49:57,099 [INFO] HTTP Request: POST http://localhost:2026/v1/chat/completions "HTTP/1.1 200 OK"
2026-05-01 12:49:57,100 [INFO] [1590/3987] id=openseek-3-f0f025c7a GT=[292, 37, 27, 14, 52, 538, 79] ✅ (2507ch, attempts=1, 14.8s)
2026-05-01 12:50:02,484 [INFO] HTTP Request: POST http://localhost:2026/v1/chat/completions "HTTP/1.1 200 OK"
2026-05-01 12:50:02,485 [INFO] [1591/3987] id=openseek-3-f86dae3b5 GT=[586, 72, 44, 136, 58, 508, 91, 57] ✅ (2270ch, attempts=1, 14.0s)
2026-05-01 12:50:03,423 [INFO] HTTP Request: POST http://localhost:2026/v1/chat/completions "HTTP/1.1 200 OK"
2026-05-01 12:50:03,424 [INFO] [1592/3987] id=openseek-3-ab70654bf GT=[196, 418, 94, 98, 142, 46, 364, 394, 29 ✅ (3585ch, attempts=1, 22.7s)
2026-05-01 12:50:18,477 [INFO] HTTP Request: POST http://localhost:2026/v1/chat/completions "HTTP/1.1 200 OK"
2026-05-01 12:50:18,478 [INFO] [1593/3987] id=openseek-3-1669c85e5 GT=[460, 436, 81, 94, 68, 23, 34, 274, 90] ✅ (3157ch, attempts=1, 21.4s)
2026-05-01 12:50:18,827 [INFO] HTTP Request: POST http://localhost:2026/v1/chat/completions "HTTP/1.1 200 OK"
2026-05-01 12:50:18,829 [INFO] [1594/3987] id=openseek-3-aac281a7b GT=[292, 10, 39, 64, 556, 136, 274] ✅ (2566ch, attempts=1, 16.3s)
2026-05-01 12:50:24,345 [INFO] HTTP Request: POST http://localhost:2026/v1/chat/completions "HTTP/1.1 200 OK"
2026-05-01 12:50:24,347 [INFO] [1595/3987] id=openseek-3-8736c949c GT=[28, 98, 274, 68, 1, 10, 586, 82, 88] ✅ (3369ch, attempts=1, 20.9s)
2026-05-01 12:50:30,029 [INFO] HTTP Request: POST http://localhost:2026/v1/chat/completions "HTTP/1.1 200 OK"
2026-05-01 12:50:30,030 [INFO] [1596/3987] id=openseek-3-841abbbc6 GT=[26, 562, 100] ✅ (2311ch, attempts=1, 11.6s)
2026-05-01 12:50:30,319 [INFO] HTTP Request: POST http://localhost:2026/v1/chat/completions "HTTP/1.1 200 OK"
2026-05-01 12:50:30,320 [INFO] [1597/3987] id=openseek-3-001ee684f GT=[574, 30, 580, 2, 54] ✅ (1968ch, attempts=1, 11.5s)
2026-05-01 12:50:38,929 [INFO] HTTP Request: POST http://localhost:2026/v1/chat/completions "HTTP/1.1 200 OK"
2026-05-01 12:50:38,930 [INFO] [1598/3987] id=openseek-3-8c9593d9f GT=[88, 286, 25, 154, 4, 256, 316] ✅ (2260ch, attempts=1, 14.6s)
2026-05-01 12:50:41,319 [INFO] HTTP Request: POST http://localhost:2026/v1/chat/completions "HTTP/1.1 200 OK"
2026-05-01 12:50:41,320 [INFO] [1599/3987] id=openseek-3-a5eb65748 GT=[118, 44, 85, 580, 100] ✅ (1765ch, attempts=1, 11.3s)
2026-05-01 12:50:42,158 [INFO] HTTP Request: POST http://localhost:2026/v1/chat/completions "HTTP/1.1 200 OK"
2026-05-01 12:50:42,159 [INFO] [1600/3987] id=openseek-3-f6ead0d5c GT=[220, 184, 430] ✅ (2078ch, attempts=1, 11.8s)
2026-05-01 12:50:42,241 [INFO]   💾 已保存 (成功=1600 验证通过=1600 降级=0) | 4.6s/条均值 | ETA=184min
2026-05-01 12:50:48,290 [INFO] HTTP Request: POST http://localhost:2026/v1/chat/completions "HTTP/1.1 200 OK"
2026-05-01 12:50:48,291 [INFO] [1601/3987] id=openseek-3-c44100ce8 GT=[35, 83] ✅ (1277ch, attempts=1, 6.1s)
2026-05-01 12:50:55,921 [INFO] HTTP Request: POST http://localhost:2026/v1/chat/completions "HTTP/1.1 200 OK"
2026-05-01 12:50:55,922 [INFO] [1602/3987] id=openseek-3-72402447f GT=[56, 82, 71, 304, 538, 24] ✅ (2185ch, attempts=1, 14.6s)
2026-05-01 12:50:59,524 [INFO] HTTP Request: POST http://localhost:2026/v1/chat/completions "HTTP/1.1 200 OK"
2026-05-01 12:50:59,525 [INFO] [1603/3987] id=openseek-3-1c07ae65e GT=[6, 484, 19, 74, 36, 88] ✅ (1824ch, attempts=1, 11.2s)
2026-05-01 12:51:01,653 [INFO] HTTP Request: POST http://localhost:2026/v1/chat/completions "HTTP/1.1 200 OK"
2026-05-01 12:51:01,655 [INFO] [1604/3987] id=openseek-3-59c54d6c5 GT=[586, 50, 274, 92, 22, 460, 62, 298] ✅ (3816ch, attempts=1, 22.7s)
2026-05-01 12:51:07,225 [INFO] HTTP Request: POST http://localhost:2026/v1/chat/completions "HTTP/1.1 200 OK"
2026-05-01 12:51:07,226 [INFO] [1605/3987] id=openseek-3-09440a931 GT=[21, 84, 130, 94] ✅ (2182ch, attempts=1, 11.3s)
2026-05-01 12:51:15,985 [INFO] HTTP Request: POST http://localhost:2026/v1/chat/completions "HTTP/1.1 200 OK"
2026-05-01 12:51:15,987 [INFO] [1606/3987] id=openseek-3-84beb8857 GT=[232, 44, 36, 45, 94] ✅ (1420ch, attempts=1, 8.8s)
2026-05-01 12:51:18,692 [INFO] HTTP Request: POST http://localhost:2026/v1/chat/completions "HTTP/1.1 200 OK"
2026-05-01 12:51:18,693 [INFO] [1607/3987] id=openseek-3-d879cb17e GT=[406, 99, 28, 77, 32, 100, 80, 232, 32] ✅ (2916ch, attempts=1, 19.2s)
2026-05-01 12:51:20,018 [INFO] HTTP Request: POST http://localhost:2026/v1/chat/completions "HTTP/1.1 200 OK"
2026-05-01 12:51:20,020 [INFO] [1608/3987] id=openseek-3-8d61eb4e7 GT=[82, 28, 21, 32, 47, 8, 68, 84] ✅ (3198ch, attempts=1, 18.4s)
2026-05-01 12:51:26,166 [INFO] HTTP Request: POST http://localhost:2026/v1/chat/completions "HTTP/1.1 200 OK"
2026-05-01 12:51:26,167 [INFO] [1609/3987] id=openseek-3-0d4ff69c8 GT=[538, 9, 436] ✅ (1942ch, attempts=1, 10.2s)
2026-05-01 12:51:32,617 [INFO] HTTP Request: POST http://localhost:2026/v1/chat/completions "HTTP/1.1 200 OK"
2026-05-01 12:51:32,618 [INFO] [1610/3987] id=openseek-3-6903282e3 GT=[61, 214, 63, 49, 61] ✅ (2187ch, attempts=1, 13.9s)
2026-05-01 12:51:37,058 [INFO] HTTP Request: POST http://localhost:2026/v1/chat/completions "HTTP/1.1 200 OK"
2026-05-01 12:51:37,058 [INFO] HTTP Request: POST http://localhost:2026/v1/chat/completions "HTTP/1.1 200 OK"
2026-05-01 12:51:37,060 [INFO] [1611/3987] id=openseek-3-9b32ba02f GT=[47, 61, 46] ✅ (2157ch, attempts=1, 10.9s)
2026-05-01 12:51:37,062 [INFO] [1612/3987] id=openseek-3-dcc671fbf GT=[52, 71, 42, 51, 98, 70, 13] ✅ (2953ch, attempts=1, 17.0s)
2026-05-01 12:51:40,886 [INFO] HTTP Request: POST http://localhost:2026/v1/chat/completions "HTTP/1.1 200 OK"
2026-05-01 12:51:40,887 [INFO] [1613/3987] id=openseek-3-ca6872000 GT=[520, 86] ✅ (1631ch, attempts=1, 8.3s)
2026-05-01 12:51:55,462 [INFO] HTTP Request: POST http://localhost:2026/v1/chat/completions "HTTP/1.1 200 OK"
2026-05-01 12:51:55,464 [INFO] [1614/3987] id=openseek-3-0ee48d2f4 GT=[52, 262, 316, 442, 112] ✅ (2220ch, attempts=1, 14.6s)
2026-05-01 12:51:56,118 [INFO] HTTP Request: POST http://localhost:2026/v1/chat/completions "HTTP/1.1 200 OK"
2026-05-01 12:51:56,120 [INFO] [1615/3987] id=openseek-3-127033f6e GT=[436, 85, 45, 280, 57, 90, 268, 310] ✅ (3107ch, attempts=1, 19.1s)
2026-05-01 12:51:56,479 [INFO] HTTP Request: POST http://localhost:2026/v1/chat/completions "HTTP/1.1 200 OK"
2026-05-01 12:51:56,481 [INFO] [1616/3987] id=openseek-3-74cc24158 GT=[66, 166, 448, 586, 598, 51, 448, 7] ✅ (3053ch, attempts=1, 19.4s)
2026-05-01 12:52:06,482 [INFO] HTTP Request: POST http://localhost:2026/v1/chat/completions "HTTP/1.1 200 OK"
2026-05-01 12:52:06,484 [INFO] [1617/3987] id=openseek-3-8581f9322 GT=[51, 478, 64] ✅ (1939ch, attempts=1, 10.4s)
2026-05-01 12:52:08,053 [INFO] HTTP Request: POST http://localhost:2026/v1/chat/completions "HTTP/1.1 200 OK"
2026-05-01 12:52:08,054 [INFO] [1618/3987] id=openseek-3-436c0531f GT=[382, 88, 21, 118] ✅ (2027ch, attempts=1, 11.6s)
2026-05-01 12:52:12,366 [INFO] HTTP Request: POST http://localhost:2026/v1/chat/completions "HTTP/1.1 200 OK"
2026-05-01 12:52:12,367 [INFO] [1619/3987] id=openseek-3-02edcca2b GT=[81, 130, 45, 352, 340, 7, 49] ✅ (2760ch, attempts=1, 16.9s)
2026-05-01 12:52:23,584 [INFO] HTTP Request: POST http://localhost:2026/v1/chat/completions "HTTP/1.1 200 OK"
2026-05-01 12:52:23,585 [INFO] [1620/3987] id=openseek-3-f7f42a938 GT=[44, 54, 358] ✅ (2341ch, attempts=1, 11.2s)
2026-05-01 12:52:24,848 [INFO] HTTP Request: POST http://localhost:2026/v1/chat/completions "HTTP/1.1 200 OK"
2026-05-01 12:52:24,849 [INFO] [1621/3987] id=openseek-3-38517c3e1 GT=[60, 54, 394, 52, 27, 17, 72] ✅ (2844ch, attempts=1, 16.8s)
2026-05-01 12:52:28,574 [INFO] HTTP Request: POST http://localhost:2026/v1/chat/completions "HTTP/1.1 200 OK"
2026-05-01 12:52:28,576 [INFO] [1622/3987] id=openseek-3-0d17b9499 GT=[85, 16, 58, 292, 400, 50, 7, 538, 6] ✅ (3366ch, attempts=1, 22.1s)
2026-05-01 12:52:34,365 [INFO] HTTP Request: POST http://localhost:2026/v1/chat/completions "HTTP/1.1 200 OK"
2026-05-01 12:52:34,367 [INFO] [1623/3987] id=openseek-3-d57a12c22 GT=[84, 346, 64, 100, 7] ✅ (1789ch, attempts=1, 10.8s)
2026-05-01 12:52:37,086 [INFO] HTTP Request: POST http://localhost:2026/v1/chat/completions "HTTP/1.1 200 OK"
2026-05-01 12:52:37,087 [INFO] [1624/3987] id=openseek-3-f45c3dc76 GT=[598, 394, 454, 2, 28] ✅ (2070ch, attempts=1, 12.2s)
2026-05-01 12:52:44,168 [INFO] HTTP Request: POST http://localhost:2026/v1/chat/completions "HTTP/1.1 200 OK"
2026-05-01 12:52:44,170 [INFO] [1625/3987] id=openseek-3-819990ace GT=[256, 58, 57, 466, 160, 68, 64] ✅ (2452ch, attempts=1, 15.6s)
2026-05-01 12:52:46,650 [INFO] HTTP Request: POST http://localhost:2026/v1/chat/completions "HTTP/1.1 200 OK"
2026-05-01 12:52:46,652 [INFO] [1626/3987] id=openseek-3-9070097d8 GT=[73, 178, 166, 202, 298] ✅ (1931ch, attempts=1, 12.3s)
2026-05-01 12:52:46,722 [INFO] HTTP Request: POST http://localhost:2026/v1/chat/completions "HTTP/1.1 200 OK"
2026-05-01 12:52:46,723 [INFO] [1627/3987] id=openseek-3-c15bfcdef GT=[72, 19] ✅ (2057ch, attempts=1, 9.6s)
2026-05-01 12:52:53,669 [INFO] HTTP Request: POST http://localhost:2026/v1/chat/completions "HTTP/1.1 200 OK"
2026-05-01 12:52:53,671 [INFO] [1628/3987] id=openseek-3-05aaae10c GT=[100, 46, 184] ✅ (1773ch, attempts=1, 9.5s)
2026-05-01 12:52:57,542 [INFO] HTTP Request: POST http://localhost:2026/v1/chat/completions "HTTP/1.1 200 OK"
2026-05-01 12:52:57,543 [INFO] [1629/3987] id=openseek-3-1ce126e56 GT=[65, 66, 12] ✅ (1987ch, attempts=1, 10.8s)
2026-05-01 12:52:59,221 [INFO] HTTP Request: POST http://localhost:2026/v1/chat/completions "HTTP/1.1 200 OK"
2026-05-01 12:52:59,223 [INFO] [1630/3987] id=openseek-3-bc88a65a1 GT=[382, 76, 106, 52, 328] ✅ (2012ch, attempts=1, 12.6s)
2026-05-01 12:53:10,994 [INFO] HTTP Request: POST http://localhost:2026/v1/chat/completions "HTTP/1.1 200 OK"
2026-05-01 12:53:10,995 [INFO] [1631/3987] id=openseek-3-464b4c294 GT=[520, 10, 40, 88, 298, 466] ✅ (2137ch, attempts=1, 13.5s)
2026-05-01 12:53:15,655 [INFO] HTTP Request: POST http://localhost:2026/v1/chat/completions "HTTP/1.1 200 OK"
2026-05-01 12:53:15,657 [INFO] [1632/3987] id=openseek-3-3370332c1 GT=[304, 53, 97, 136, 34, 80, 598, 436, 40] ✅ (3328ch, attempts=1, 22.0s)
2026-05-01 12:53:21,490 [INFO] HTTP Request: POST http://localhost:2026/v1/chat/completions "HTTP/1.1 200 OK"
2026-05-01 12:53:21,492 [INFO] [1633/3987] id=openseek-3-598d4db43 GT=[256, 28, 13, 370, 226, 562, 44, 31] ✅ (3576ch, attempts=1, 22.3s)
2026-05-01 12:53:27,503 [INFO] HTTP Request: POST http://localhost:2026/v1/chat/completions "HTTP/1.1 200 OK"
2026-05-01 12:53:27,504 [INFO] [1634/3987] id=openseek-3-043653acd GT=[37, 3, 24, 112, 100, 1] ✅ (2103ch, attempts=1, 11.8s)
2026-05-01 12:53:28,992 [INFO] HTTP Request: POST http://localhost:2026/v1/chat/completions "HTTP/1.1 200 OK"
2026-05-01 12:53:28,994 [INFO] [1635/3987] id=openseek-3-7549c3920 GT=[58, 61, 48, 292, 65, 520, 466, 14, 574] ✅ (2808ch, attempts=1, 18.0s)
2026-05-01 12:53:33,436 [INFO] HTTP Request: POST http://localhost:2026/v1/chat/completions "HTTP/1.1 200 OK"
2026-05-01 12:53:33,438 [INFO] [1636/3987] id=openseek-3-756037916 GT=[39, 574, 36, 520] ✅ (1988ch, attempts=1, 11.9s)
2026-05-01 12:53:39,338 [INFO] HTTP Request: POST http://localhost:2026/v1/chat/completions "HTTP/1.1 200 OK"
2026-05-01 12:53:39,340 [INFO] [1637/3987] id=openseek-3-12e1af3fa GT=[478, 544, 12] ✅ (2147ch, attempts=1, 11.8s)
2026-05-01 12:53:49,699 [INFO] HTTP Request: POST http://localhost:2026/v1/chat/completions "HTTP/1.1 200 OK"
2026-05-01 12:53:49,700 [INFO] [1638/3987] id=openseek-3-f4fbdfeaf GT=[82, 22, 574, 340, 340, 592, 6] ✅ (2413ch, attempts=1, 16.3s)
2026-05-01 12:53:50,263 [INFO] HTTP Request: POST http://localhost:2026/v1/chat/completions "HTTP/1.1 200 OK"
2026-05-01 12:53:50,264 [INFO] [1639/3987] id=openseek-3-8cb14203c GT=[87, 292, 57, 352, 310, 30, 586, 55] ✅ (3282ch, attempts=1, 21.3s)
2026-05-01 12:53:57,920 [INFO] HTTP Request: POST http://localhost:2026/v1/chat/completions "HTTP/1.1 200 OK"
2026-05-01 12:53:57,922 [INFO] [1640/3987] id=openseek-3-624a5c21e GT=[70, 556, 67, 40, 448, 508, 31, 98, 53] ✅ (2702ch, attempts=1, 18.6s)
2026-05-01 12:54:01,920 [INFO] HTTP Request: POST http://localhost:2026/v1/chat/completions "HTTP/1.1 200 OK"
2026-05-01 12:54:01,922 [INFO] [1641/3987] id=openseek-3-42c521d4e GT=[78, 37, 280, 16, 10, 86] ✅ (1923ch, attempts=1, 12.2s)
2026-05-01 12:54:02,164 [INFO] HTTP Request: POST http://localhost:2026/v1/chat/completions "HTTP/1.1 200 OK"
2026-05-01 12:54:02,165 [INFO] [1642/3987] id=openseek-3-911f70eb8 GT=[436, 64, 256, 84, 68] ✅ (1958ch, attempts=1, 11.9s)
2026-05-01 12:54:15,672 [INFO] HTTP Request: POST http://localhost:2026/v1/chat/completions "HTTP/1.1 200 OK"
2026-05-01 12:54:15,673 [INFO] [1643/3987] id=openseek-3-0873e4c89 GT=[310, 154, 42, 112, 208, 41, 41, 19] ✅ (2585ch, attempts=1, 17.8s)
2026-05-01 12:54:17,692 [INFO] HTTP Request: POST http://localhost:2026/v1/chat/completions "HTTP/1.1 200 OK"
2026-05-01 12:54:17,693 [INFO] [1644/3987] id=openseek-3-b8091548c GT=[154, 70, 45, 45, 592, 496] ✅ (2392ch, attempts=1, 15.5s)
2026-05-01 12:54:25,421 [INFO] HTTP Request: POST http://localhost:2026/v1/chat/completions "HTTP/1.1 200 OK"
2026-05-01 12:54:25,422 [INFO] [1645/3987] id=openseek-3-8deb10cb2 GT=[80, 490, 208, 54, 490, 346, 304, 322] ✅ (3775ch, attempts=1, 23.5s)
2026-05-01 12:54:27,296 [INFO] HTTP Request: POST http://localhost:2026/v1/chat/completions "HTTP/1.1 200 OK"
2026-05-01 12:54:27,297 [INFO] [1646/3987] id=openseek-3-2f7a41b70 GT=[52, 83, 196, 39, 286, 12] ✅ (2031ch, attempts=1, 11.6s)
2026-05-01 12:54:32,212 [INFO] HTTP Request: POST http://localhost:2026/v1/chat/completions "HTTP/1.1 200 OK"
2026-05-01 12:54:32,213 [INFO] [1647/3987] id=openseek-3-96077e963 GT=[69, 71] ✅ (1422ch, attempts=1, 6.8s)
2026-05-01 12:54:39,263 [INFO] HTTP Request: POST http://localhost:2026/v1/chat/completions "HTTP/1.1 200 OK"
2026-05-01 12:54:39,264 [INFO] [1648/3987] id=openseek-3-88bddbeaa GT=[112, 376, 99, 62, 16, 370, 34, 196, 71] ✅ (3250ch, attempts=1, 21.6s)
2026-05-01 12:54:46,643 [INFO] HTTP Request: POST http://localhost:2026/v1/chat/completions "HTTP/1.1 200 OK"
2026-05-01 12:54:46,644 [INFO] [1649/3987] id=openseek-3-cdff4a39d GT=[39, 34, 51, 27, 568, 100, 42] ✅ (2488ch, attempts=1, 14.4s)
2026-05-01 12:54:47,026 [INFO] HTTP Request: POST http://localhost:2026/v1/chat/completions "HTTP/1.1 200 OK"
2026-05-01 12:54:47,028 [INFO] [1650/3987] id=openseek-3-becf23704 GT=[38, 16, 68, 95, 190, 91, 89, 84, 82] ✅ (2963ch, attempts=1, 19.7s)
2026-05-01 12:54:47,169 [INFO]   💾 已保存 (成功=1650 验证通过=1650 降级=0) | 4.6s/条均值 | ETA=181min
2026-05-01 12:54:48,584 [INFO] HTTP Request: POST http://localhost:2026/v1/chat/completions "HTTP/1.1 200 OK"
2026-05-01 12:54:48,585 [INFO] [1651/3987] id=openseek-3-a9ff92155 GT=[196, 82] ✅ (1927ch, attempts=1, 9.3s)
2026-05-01 12:54:55,457 [INFO] HTTP Request: POST http://localhost:2026/v1/chat/completions "HTTP/1.1 200 OK"
2026-05-01 12:54:55,459 [INFO] [1652/3987] id=openseek-3-f8f9e4bae GT=[292, 25, 52] ✅ (1696ch, attempts=1, 8.8s)
2026-05-01 12:55:02,751 [INFO] HTTP Request: POST http://localhost:2026/v1/chat/completions "HTTP/1.1 200 OK"
2026-05-01 12:55:02,752 [INFO] [1653/3987] id=openseek-3-35512b39a GT=[352, 16, 1] ✅ (1358ch, attempts=1, 7.3s)
2026-05-01 12:55:08,770 [INFO] HTTP Request: POST http://localhost:2026/v1/chat/completions "HTTP/1.1 200 OK"
2026-05-01 12:55:08,771 [INFO] [1654/3987] id=openseek-3-2b70e8989 GT=[598, 286, 310, 88, 67, 10, 88, 86] ✅ (3541ch, attempts=1, 21.7s)
2026-05-01 12:55:10,318 [INFO] HTTP Request: POST http://localhost:2026/v1/chat/completions "HTTP/1.1 200 OK"
2026-05-01 12:55:10,319 [INFO] [1655/3987] id=openseek-3-e768d57f0 GT=[544, 112, 65, 41, 76, 90, 472] ✅ (3295ch, attempts=1, 21.7s)
2026-05-01 12:55:13,167 [INFO] HTTP Request: POST http://localhost:2026/v1/chat/completions "HTTP/1.1 200 OK"
2026-05-01 12:55:13,169 [INFO] [1656/3987] id=openseek-3-713588561 GT=[16, 5, 238, 84] ✅ (1809ch, attempts=1, 10.4s)
2026-05-01 12:55:24,047 [INFO] HTTP Request: POST http://localhost:2026/v1/chat/completions "HTTP/1.1 200 OK"
2026-05-01 12:55:24,049 [INFO] [1657/3987] id=openseek-3-05b8da9b7 GT=[16, 64, 78, 274, 11, 58, 39] ✅ (2600ch, attempts=1, 15.3s)
2026-05-01 12:55:28,795 [INFO] HTTP Request: POST http://localhost:2026/v1/chat/completions "HTTP/1.1 200 OK"
2026-05-01 12:55:28,797 [INFO] [1658/3987] id=openseek-3-95e0fb304 GT=[574, 56, 142, 124, 328, 91] ✅ (2436ch, attempts=1, 15.6s)
2026-05-01 12:55:29,512 [INFO] HTTP Request: POST http://localhost:2026/v1/chat/completions "HTTP/1.1 200 OK"
2026-05-01 12:55:29,513 [INFO] [1659/3987] id=openseek-3-8e6e5a797 GT=[274, 96, 92, 94, 34, 51, 310, 78, 52] ✅ (2905ch, attempts=1, 19.2s)
2026-05-01 12:55:35,736 [INFO] HTTP Request: POST http://localhost:2026/v1/chat/completions "HTTP/1.1 200 OK"
2026-05-01 12:55:35,738 [INFO] [1660/3987] id=openseek-3-39bdd9ee5 GT=[520, 19, 12, 54] ✅ (2170ch, attempts=1, 11.7s)
2026-05-01 12:55:38,241 [INFO] HTTP Request: POST http://localhost:2026/v1/chat/completions "HTTP/1.1 200 OK"
2026-05-01 12:55:38,243 [INFO] [1661/3987] id=openseek-3-4652a0ae9 GT=[63, 8, 24] ✅ (2006ch, attempts=1, 9.4s)
2026-05-01 12:55:43,168 [INFO] HTTP Request: POST http://localhost:2026/v1/chat/completions "HTTP/1.1 200 OK"
2026-05-01 12:55:43,169 [INFO] [1662/3987] id=openseek-3-5dd41af25 GT=[52, 280] ✅ (1445ch, attempts=1, 7.4s)
2026-05-01 12:55:45,106 [INFO] HTTP Request: POST http://localhost:2026/v1/chat/completions "HTTP/1.1 200 OK"
2026-05-01 12:55:45,107 [INFO] [1663/3987] id=openseek-3-a7a3d7312 GT=[130, 334, 142, 6, 26, 36, 364] ✅ (2647ch, attempts=1, 15.6s)
2026-05-01 12:55:53,203 [INFO] HTTP Request: POST http://localhost:2026/v1/chat/completions "HTTP/1.1 200 OK"
2026-05-01 12:55:53,205 [INFO] [1664/3987] id=openseek-3-f5786ebb9 GT=[154, 24, 73, 262] ✅ (1759ch, attempts=1, 10.0s)
2026-05-01 12:55:53,571 [INFO] HTTP Request: POST http://localhost:2026/v1/chat/completions "HTTP/1.1 200 OK"
2026-05-01 12:55:53,572 [INFO] [1665/3987] id=openseek-3-cf72ed326 GT=[10, 70] ✅ (1884ch, attempts=1, 8.5s)
2026-05-01 12:55:58,105 [INFO] HTTP Request: POST http://localhost:2026/v1/chat/completions "HTTP/1.1 200 OK"
2026-05-01 12:55:58,107 [INFO] [1666/3987] id=openseek-3-61598b9ad GT=[256, 574, 52, 14, 26, 77, 520, 34] ✅ (3174ch, attempts=1, 19.9s)
2026-05-01 12:56:04,603 [INFO] HTTP Request: POST http://localhost:2026/v1/chat/completions "HTTP/1.1 200 OK"
2026-05-01 12:56:04,604 [INFO] [1667/3987] id=openseek-3-5cbd21392 GT=[78, 106, 70, 5, 8, 184] ✅ (1953ch, attempts=1, 11.4s)
2026-05-01 12:56:07,509 [INFO] HTTP Request: POST http://localhost:2026/v1/chat/completions "HTTP/1.1 200 OK"
2026-05-01 12:56:07,510 [INFO] [1668/3987] id=openseek-3-9a907c9a0 GT=[472, 250, 40, 52, 352] ✅ (2394ch, attempts=1, 13.9s)
2026-05-01 12:56:07,956 [INFO] HTTP Request: POST http://localhost:2026/v1/chat/completions "HTTP/1.1 200 OK"
2026-05-01 12:56:07,958 [INFO] [1669/3987] id=openseek-3-8b00f8294 GT=[208, 100] ✅ (2040ch, attempts=1, 9.9s)
2026-05-01 12:56:26,713 [INFO] HTTP Request: POST http://localhost:2026/v1/chat/completions "HTTP/1.1 200 OK"
2026-05-01 12:56:26,715 [INFO] [1670/3987] id=openseek-3-75aea91f7 GT=[370, 520, 166, 214, 68, 40, 376, 340] ✅ (2740ch, attempts=1, 18.8s)
2026-05-01 12:56:30,254 [INFO] HTTP Request: POST http://localhost:2026/v1/chat/completions "HTTP/1.1 200 OK"
2026-05-01 12:56:30,256 [INFO] [1671/3987] id=openseek-3-16ca33fb7 GT=[478, 514, 508, 13, 250, 94, 214, 520] ✅ (4063ch, attempts=1, 25.7s)
2026-05-01 12:56:31,757 [INFO] HTTP Request: POST http://localhost:2026/v1/chat/completions "HTTP/1.1 200 OK"
2026-05-01 12:56:31,758 [INFO] [1672/3987] id=openseek-3-2dd5172d7 GT=[472, 96, 5, 48, 340, 520, 79] ✅ (4342ch, attempts=1, 24.2s)
2026-05-01 12:56:42,005 [INFO] HTTP Request: POST http://localhost:2026/v1/chat/completions "HTTP/1.1 200 OK"
2026-05-01 12:56:42,006 [INFO] [1673/3987] id=openseek-3-7afd15dd3 GT=[67, 160, 16] ✅ (2353ch, attempts=1, 11.7s)
2026-05-01 12:56:45,859 [INFO] HTTP Request: POST http://localhost:2026/v1/chat/completions "HTTP/1.1 200 OK"
2026-05-01 12:56:45,861 [INFO] [1674/3987] id=openseek-3-1d34ada3a GT=[4, 95, 358, 382, 55, 418, 508, 166] ✅ (2895ch, attempts=1, 19.1s)
2026-05-01 12:56:50,067 [INFO] HTTP Request: POST http://localhost:2026/v1/chat/completions "HTTP/1.1 200 OK"
2026-05-01 12:56:50,068 [INFO] [1675/3987] id=openseek-3-0451b16c7 GT=[34, 112, 45, 250, 36, 190, 50, 592, 136 ✅ (2858ch, attempts=1, 18.3s)
2026-05-01 12:56:54,360 [INFO] HTTP Request: POST http://localhost:2026/v1/chat/completions "HTTP/1.1 200 OK"
2026-05-01 12:56:54,362 [INFO] [1676/3987] id=openseek-3-61d68024e GT=[400, 472] ✅ (1491ch, attempts=1, 8.5s)
2026-05-01 12:57:02,505 [INFO] HTTP Request: POST http://localhost:2026/v1/chat/completions "HTTP/1.1 200 OK"
2026-05-01 12:57:02,507 [INFO] [1677/3987] id=openseek-3-0ae13c496 GT=[310, 190, 28, 84, 25, 580, 514, 76, 16] ✅ (3035ch, attempts=1, 20.5s)
2026-05-01 12:57:02,744 [INFO] HTTP Request: POST http://localhost:2026/v1/chat/completions "HTTP/1.1 200 OK"
2026-05-01 12:57:02,745 [INFO] [1678/3987] id=openseek-3-90af5b9f3 GT=[502, 29, 96, 89, 90, 496] ✅ (2062ch, attempts=1, 12.7s)
2026-05-01 12:57:12,175 [INFO] HTTP Request: POST http://localhost:2026/v1/chat/completions "HTTP/1.1 200 OK"
2026-05-01 12:57:12,176 [INFO] [1679/3987] id=openseek-3-7c43cd1c4 GT=[1, 40, 48, 142, 59, 334, 568, 22, 196] ✅ (2745ch, attempts=1, 17.8s)
2026-05-01 12:57:14,801 [INFO] HTTP Request: POST http://localhost:2026/v1/chat/completions "HTTP/1.1 200 OK"
2026-05-01 12:57:14,802 [INFO] [1680/3987] id=openseek-3-a290ba683 GT=[99, 76, 478] ✅ (2177ch, attempts=1, 12.1s)
2026-05-01 12:57:20,537 [INFO] HTTP Request: POST http://localhost:2026/v1/chat/completions "HTTP/1.1 200 OK"
2026-05-01 12:57:20,538 [INFO] [1681/3987] id=openseek-3-3290453ac GT=[382, 3, 72, 60, 220, 82, 220] ✅ (3097ch, attempts=1, 18.0s)
2026-05-01 12:57:24,616 [INFO] HTTP Request: POST http://localhost:2026/v1/chat/completions "HTTP/1.1 200 OK"
2026-05-01 12:57:24,618 [INFO] [1682/3987] id=openseek-3-acb35fc99 GT=[43, 574, 10, 59] ✅ (2375ch, attempts=1, 12.4s)
2026-05-01 12:57:25,881 [INFO] HTTP Request: POST http://localhost:2026/v1/chat/completions "HTTP/1.1 200 OK"
2026-05-01 12:57:25,882 [INFO] [1683/3987] id=openseek-3-cae303deb GT=[71, 40, 36, 16] ✅ (2002ch, attempts=1, 11.1s)
2026-05-01 12:57:34,885 [INFO] HTTP Request: POST http://localhost:2026/v1/chat/completions "HTTP/1.1 200 OK"
2026-05-01 12:57:34,887 [INFO] [1684/3987] id=openseek-3-b21a42ac2 GT=[46, 394, 454, 49, 574] ✅ (2244ch, attempts=1, 14.3s)
2026-05-01 12:57:36,700 [INFO] HTTP Request: POST http://localhost:2026/v1/chat/completions "HTTP/1.1 200 OK"
2026-05-01 12:57:36,702 [INFO] [1685/3987] id=openseek-3-189405bb4 GT=[97, 98, 84, 394, 574, 85] ✅ (1957ch, attempts=1, 12.1s)
2026-05-01 12:57:43,747 [INFO] HTTP Request: POST http://localhost:2026/v1/chat/completions "HTTP/1.1 200 OK"
2026-05-01 12:57:43,748 [INFO] [1686/3987] id=openseek-3-095b16c32 GT=[442, 69, 84, 30] ✅ (1606ch, attempts=1, 8.9s)
2026-05-01 12:57:44,710 [INFO] HTTP Request: POST http://localhost:2026/v1/chat/completions "HTTP/1.1 200 OK"
2026-05-01 12:57:44,711 [INFO] [1687/3987] id=openseek-3-f5b2e89fe GT=[238, 376, 202, 96, 244, 430, 96, 574, 4 ✅ (2835ch, attempts=1, 18.8s)
2026-05-01 12:57:45,755 [INFO] HTTP Request: POST http://localhost:2026/v1/chat/completions "HTTP/1.1 200 OK"
2026-05-01 12:57:45,756 [INFO] [1688/3987] id=openseek-3-0b5e933bb GT=[31, 72, 27] ✅ (1741ch, attempts=1, 9.1s)
2026-05-01 12:57:51,687 [INFO] HTTP Request: POST http://localhost:2026/v1/chat/completions "HTTP/1.1 200 OK"
2026-05-01 12:57:51,688 [INFO] [1689/3987] id=openseek-3-e33c0aaa4 GT=[56, 514] ✅ (1420ch, attempts=1, 7.0s)
2026-05-01 12:57:58,580 [INFO] HTTP Request: POST http://localhost:2026/v1/chat/completions "HTTP/1.1 200 OK"
2026-05-01 12:57:58,581 [INFO] [1690/3987] id=openseek-3-d09ebc765 GT=[85, 20, 358, 388, 48, 52] ✅ (2007ch, attempts=1, 12.8s)
2026-05-01 12:58:01,326 [INFO] HTTP Request: POST http://localhost:2026/v1/chat/completions "HTTP/1.1 200 OK"
2026-05-01 12:58:01,328 [INFO] [1691/3987] id=openseek-3-14293c2ee GT=[424, 490, 562, 130, 358, 93, 16, 75] ✅ (2732ch, attempts=1, 17.6s)
2026-05-01 12:58:04,556 [INFO] HTTP Request: POST http://localhost:2026/v1/chat/completions "HTTP/1.1 200 OK"
2026-05-01 12:58:04,557 [INFO] [1692/3987] id=openseek-3-358f797a1 GT=[88, 418, 406, 142] ✅ (1967ch, attempts=1, 12.9s)
2026-05-01 12:58:07,862 [INFO] HTTP Request: POST http://localhost:2026/v1/chat/completions "HTTP/1.1 200 OK"
2026-05-01 12:58:07,863 [INFO] [1693/3987] id=openseek-3-f60c36dfd GT=[340, 78, 100] ✅ (1724ch, attempts=1, 9.3s)
2026-05-01 12:58:09,336 [INFO] HTTP Request: POST http://localhost:2026/v1/chat/completions "HTTP/1.1 200 OK"
2026-05-01 12:58:09,337 [INFO] [1694/3987] id=openseek-3-594675d45 GT=[238, 490] ✅ (1361ch, attempts=1, 8.0s)
2026-05-01 12:58:16,456 [INFO] HTTP Request: POST http://localhost:2026/v1/chat/completions "HTTP/1.1 200 OK"
2026-05-01 12:58:16,457 [INFO] [1695/3987] id=openseek-3-4a68f6b0f GT=[100, 424, 39, 130, 51] ✅ (1970ch, attempts=1, 11.9s)
2026-05-01 12:58:28,156 [INFO] HTTP Request: POST http://localhost:2026/v1/chat/completions "HTTP/1.1 200 OK"
2026-05-01 12:58:28,157 [INFO] [1696/3987] id=openseek-3-5d93eb008 GT=[42, 55, 406, 38, 64, 496, 44, 11, 100] ✅ (2974ch, attempts=1, 18.8s)
2026-05-01 12:58:30,572 [INFO] HTTP Request: POST http://localhost:2026/v1/chat/completions "HTTP/1.1 200 OK"
2026-05-01 12:58:30,574 [INFO] [1697/3987] id=openseek-3-6f5af91c1 GT=[8, 58, 286, 32, 11, 250] ✅ (2261ch, attempts=1, 14.1s)
2026-05-01 12:58:31,671 [INFO] HTTP Request: POST http://localhost:2026/v1/chat/completions "HTTP/1.1 200 OK"
2026-05-01 12:58:31,672 [INFO] [1698/3987] id=openseek-3-834187c34 GT=[370, 95, 69, 334, 190, 460, 148, 3, 11] ✅ (3825ch, attempts=1, 23.8s)
2026-05-01 12:58:39,627 [INFO] HTTP Request: POST http://localhost:2026/v1/chat/completions "HTTP/1.1 200 OK"
2026-05-01 12:58:39,629 [INFO] [1699/3987] id=openseek-3-c87fc957e GT=[58, 27] ✅ (1616ch, attempts=1, 8.0s)
2026-05-01 12:58:39,769 [INFO] HTTP Request: POST http://localhost:2026/v1/chat/completions "HTTP/1.1 200 OK"
2026-05-01 12:58:39,770 [INFO] [1700/3987] id=openseek-3-de11a6bb5 GT=[19, 35, 322, 46] ✅ (2059ch, attempts=1, 11.6s)
2026-05-01 12:58:39,909 [INFO]   💾 已保存 (成功=1700 验证通过=1700 降级=0) | 4.6s/条均值 | ETA=177min
2026-05-01 12:58:48,217 [INFO] HTTP Request: POST http://localhost:2026/v1/chat/completions "HTTP/1.1 200 OK"
2026-05-01 12:58:48,218 [INFO] [1701/3987] id=openseek-3-cc7f2a34d GT=[286, 25] ✅ (1763ch, attempts=1, 8.4s)
2026-05-01 12:58:48,775 [INFO] HTTP Request: POST http://localhost:2026/v1/chat/completions "HTTP/1.1 200 OK"
2026-05-01 12:58:48,777 [INFO] [1702/3987] id=openseek-3-9540a8efc GT=[88, 322] ✅ (1870ch, attempts=1, 9.1s)
2026-05-01 12:58:49,380 [INFO] HTTP Request: POST http://localhost:2026/v1/chat/completions "HTTP/1.1 200 OK"
2026-05-01 12:58:49,381 [INFO] [1703/3987] id=openseek-3-0af64c504 GT=[48, 37, 160, 538, 64, 53, 370, 418, 81] ✅ (2884ch, attempts=1, 18.8s)
2026-05-01 12:59:00,812 [INFO] HTTP Request: POST http://localhost:2026/v1/chat/completions "HTTP/1.1 200 OK"
2026-05-01 12:59:00,813 [INFO] [1704/3987] id=openseek-3-a8a8052a6 GT=[96, 46, 472, 25, 55, 1] ✅ (1963ch, attempts=1, 12.0s)
2026-05-01 12:59:05,964 [INFO] HTTP Request: POST http://localhost:2026/v1/chat/completions "HTTP/1.1 200 OK"
2026-05-01 12:59:05,965 [INFO] [1705/3987] id=openseek-3-4f40ce343 GT=[92, 64, 256, 256, 538, 85, 10, 490] ✅ (2554ch, attempts=1, 16.6s)
2026-05-01 12:59:09,095 [INFO] HTTP Request: POST http://localhost:2026/v1/chat/completions "HTTP/1.1 200 OK"
2026-05-01 12:59:09,096 [INFO] [1706/3987] id=openseek-3-5aac909f6 GT=[1, 592] ✅ (1728ch, attempts=1, 8.3s)
2026-05-01 12:59:12,357 [INFO] HTTP Request: POST http://localhost:2026/v1/chat/completions "HTTP/1.1 200 OK"
2026-05-01 12:59:12,358 [INFO] [1707/3987] id=openseek-3-860293ffe GT=[316, 100, 71, 7, 592, 15, 94] ✅ (4176ch, attempts=1, 24.1s)
2026-05-01 12:59:19,656 [INFO] HTTP Request: POST http://localhost:2026/v1/chat/completions "HTTP/1.1 200 OK"
2026-05-01 12:59:19,657 [INFO] [1708/3987] id=openseek-3-6b635c22c GT=[226, 54, 20, 226, 62, 244] ✅ (2182ch, attempts=1, 13.7s)
2026-05-01 12:59:22,344 [INFO] HTTP Request: POST http://localhost:2026/v1/chat/completions "HTTP/1.1 200 OK"
2026-05-01 12:59:22,345 [INFO] [1709/3987] id=openseek-3-cac20178a GT=[520, 81, 12, 87] ✅ (1831ch, attempts=1, 10.0s)
2026-05-01 12:59:26,428 [INFO] HTTP Request: POST http://localhost:2026/v1/chat/completions "HTTP/1.1 200 OK"
2026-05-01 12:59:26,430 [INFO] [1710/3987] id=openseek-3-2cfd18d8f GT=[436, 81, 89, 358, 51, 22, 472] ✅ (3004ch, attempts=1, 17.3s)
2026-05-01 12:59:33,149 [INFO] HTTP Request: POST http://localhost:2026/v1/chat/completions "HTTP/1.1 200 OK"
2026-05-01 12:59:33,150 [INFO] [1711/3987] id=openseek-3-7a8efe787 GT=[148, 328, 574, 190, 62, 286] ✅ (2062ch, attempts=1, 13.5s)
2026-05-01 12:59:35,761 [INFO] HTTP Request: POST http://localhost:2026/v1/chat/completions "HTTP/1.1 200 OK"
2026-05-01 12:59:35,762 [INFO] [1712/3987] id=openseek-3-09baec3fd GT=[22, 16, 142, 598] ✅ (2321ch, attempts=1, 13.4s)
2026-05-01 12:59:42,333 [INFO] HTTP Request: POST http://localhost:2026/v1/chat/completions "HTTP/1.1 200 OK"
2026-05-01 12:59:42,334 [INFO] [1713/3987] id=openseek-3-b6cd359ed GT=[99, 502, 292, 68, 37, 46, 76] ✅ (2675ch, attempts=1, 15.9s)
2026-05-01 12:59:45,426 [INFO] HTTP Request: POST http://localhost:2026/v1/chat/completions "HTTP/1.1 200 OK"
2026-05-01 12:59:45,427 [INFO] [1714/3987] id=openseek-3-6aab79b12 GT=[208, 64, 238, 43] ✅ (2319ch, attempts=1, 12.3s)
2026-05-01 12:59:54,893 [INFO] HTTP Request: POST http://localhost:2026/v1/chat/completions "HTTP/1.1 200 OK"
2026-05-01 12:59:54,894 [INFO] [1715/3987] id=openseek-3-acebed6af GT=[448, 298, 22, 79, 178, 82] ✅ (2064ch, attempts=1, 12.6s)
2026-05-01 12:59:56,463 [INFO] HTTP Request: POST http://localhost:2026/v1/chat/completions "HTTP/1.1 200 OK"
2026-05-01 12:59:56,464 [INFO] [1716/3987] id=openseek-3-7d958fcd4 GT=[58, 16, 184] ✅ (2085ch, attempts=1, 11.0s)
2026-05-01 12:59:58,472 [INFO] HTTP Request: POST http://localhost:2026/v1/chat/completions "HTTP/1.1 200 OK"
2026-05-01 12:59:58,474 [INFO] [1717/3987] id=openseek-3-17d688353 GT=[92, 148, 184, 84, 244, 34, 118, 18, 346 ✅ (3461ch, attempts=1, 22.7s)
2026-05-01 13:00:05,226 [INFO] HTTP Request: POST http://localhost:2026/v1/chat/completions "HTTP/1.1 200 OK"
2026-05-01 13:00:05,227 [INFO] [1718/3987] id=openseek-3-fbcf58dec GT=[76, 80, 11, 41] ✅ (1876ch, attempts=1, 10.3s)
2026-05-01 13:00:07,997 [INFO] HTTP Request: POST http://localhost:2026/v1/chat/completions "HTTP/1.1 200 OK"
2026-05-01 13:00:07,998 [INFO] [1719/3987] id=openseek-3-57f1a77eb GT=[478, 29, 31, 14, 118] ✅ (2035ch, attempts=1, 11.5s)
2026-05-01 13:00:18,323 [INFO] HTTP Request: POST http://localhost:2026/v1/chat/completions "HTTP/1.1 200 OK"
2026-05-01 13:00:18,325 [INFO] [1720/3987] id=openseek-3-5d82c03e5 GT=[69, 54, 544, 1, 256, 508, 280, 292, 24] ✅ (3150ch, attempts=1, 19.9s)
2026-05-01 13:00:22,019 [INFO] HTTP Request: POST http://localhost:2026/v1/chat/completions "HTTP/1.1 200 OK"
2026-05-01 13:00:22,020 [INFO] [1721/3987] id=openseek-3-681eb991e GT=[68, 568, 65, 27, 556, 18] ✅ (2223ch, attempts=1, 14.0s)
2026-05-01 13:00:32,899 [INFO] HTTP Request: POST http://localhost:2026/v1/chat/completions "HTTP/1.1 200 OK"
2026-05-01 13:00:32,900 [INFO] [1722/3987] id=openseek-3-66eee57c4 GT=[52, 334, 556, 88, 94, 100, 61, 63, 556] ✅ (4161ch, attempts=1, 27.7s)
2026-05-01 13:00:33,057 [INFO] HTTP Request: POST http://localhost:2026/v1/chat/completions "HTTP/1.1 200 OK"
2026-05-01 13:00:33,058 [INFO] [1723/3987] id=openseek-3-08df88e40 GT=[30, 2, 71, 21, 502] ✅ (1861ch, attempts=1, 11.0s)
2026-05-01 13:00:36,429 [INFO] HTTP Request: POST http://localhost:2026/v1/chat/completions "HTTP/1.1 200 OK"
2026-05-01 13:00:36,431 [INFO] [1724/3987] id=openseek-3-7b26088cb GT=[490, 6, 58, 35, 13, 34, 74] ✅ (3151ch, attempts=1, 18.1s)
2026-05-01 13:00:44,137 [INFO] HTTP Request: POST http://localhost:2026/v1/chat/completions "HTTP/1.1 200 OK"
2026-05-01 13:00:44,139 [INFO] [1725/3987] id=openseek-3-d9f271d83 GT=[41, 9] ✅ (1698ch, attempts=1, 7.7s)
2026-05-01 13:00:46,538 [INFO] HTTP Request: POST http://localhost:2026/v1/chat/completions "HTTP/1.1 200 OK"
2026-05-01 13:00:46,539 [INFO] [1726/3987] id=openseek-3-2931f1ec6 GT=[370, 508, 256, 496, 142] ✅ (2099ch, attempts=1, 13.5s)
2026-05-01 13:00:47,533 [INFO] HTTP Request: POST http://localhost:2026/v1/chat/completions "HTTP/1.1 200 OK"
2026-05-01 13:00:47,535 [INFO] [1727/3987] id=openseek-3-f2530145d GT=[74, 94, 436] ✅ (3098ch, attempts=1, 14.6s)
2026-05-01 13:00:55,136 [INFO] HTTP Request: POST http://localhost:2026/v1/chat/completions "HTTP/1.1 200 OK"
2026-05-01 13:00:55,137 [INFO] [1728/3987] id=openseek-3-b2c5a76c4 GT=[78, 490, 59, 86, 66] ✅ (1819ch, attempts=1, 11.0s)
2026-05-01 13:00:56,609 [INFO] HTTP Request: POST http://localhost:2026/v1/chat/completions "HTTP/1.1 200 OK"
2026-05-01 13:00:56,611 [INFO] [1729/3987] id=openseek-3-2b3448a90 GT=[85, 436, 34] ✅ (2009ch, attempts=1, 10.1s)
2026-05-01 13:01:04,622 [INFO] HTTP Request: POST http://localhost:2026/v1/chat/completions "HTTP/1.1 200 OK"
2026-05-01 13:01:04,624 [INFO] [1730/3987] id=openseek-3-78ab39d4c GT=[310, 55] ✅ (1536ch, attempts=1, 8.0s)
2026-05-01 13:01:08,932 [INFO] HTTP Request: POST http://localhost:2026/v1/chat/completions "HTTP/1.1 200 OK"
2026-05-01 13:01:08,933 [INFO] [1731/3987] id=openseek-3-9c75bc03d GT=[286, 358, 83, 7, 69, 394, 286, 16] ✅ (3407ch, attempts=1, 21.4s)
2026-05-01 13:01:16,665 [INFO] HTTP Request: POST http://localhost:2026/v1/chat/completions "HTTP/1.1 200 OK"
2026-05-01 13:01:16,666 [INFO] [1732/3987] id=openseek-3-26f3ded68 GT=[35, 112, 598, 92, 43, 35, 580, 60, 30] ✅ (3324ch, attempts=1, 21.5s)
2026-05-01 13:01:16,753 [INFO] HTTP Request: POST http://localhost:2026/v1/chat/completions "HTTP/1.1 200 OK"
2026-05-01 13:01:16,754 [INFO] [1733/3987] id=openseek-3-28cc6833d GT=[80, 418, 30, 83, 514] ✅ (1868ch, attempts=1, 12.1s)
2026-05-01 13:01:25,288 [INFO] HTTP Request: POST http://localhost:2026/v1/chat/completions "HTTP/1.1 200 OK"
2026-05-01 13:01:25,289 [INFO] [1734/3987] id=openseek-3-6750d13c3 GT=[79, 29, 31, 532, 49, 99, 70, 370] ✅ (2671ch, attempts=1, 16.4s)
2026-05-01 13:01:29,987 [INFO] HTTP Request: POST http://localhost:2026/v1/chat/completions "HTTP/1.1 200 OK"
2026-05-01 13:01:29,989 [INFO] [1735/3987] id=openseek-3-0007a90c6 GT=[70, 370, 97, 36, 54, 35] ✅ (2190ch, attempts=1, 13.2s)
2026-05-01 13:01:31,439 [INFO] HTTP Request: POST http://localhost:2026/v1/chat/completions "HTTP/1.1 200 OK"
2026-05-01 13:01:31,440 [INFO] [1736/3987] id=openseek-3-2e1a8c82b GT=[75, 23, 36, 382, 274, 31, 28] ✅ (2264ch, attempts=1, 14.8s)
2026-05-01 13:01:34,615 [INFO] HTTP Request: POST http://localhost:2026/v1/chat/completions "HTTP/1.1 200 OK"
2026-05-01 13:01:34,616 [INFO] [1737/3987] id=openseek-3-3562ced94 GT=[460, 40, 56, 226, 24] ✅ (1464ch, attempts=1, 9.3s)
2026-05-01 13:01:44,390 [INFO] HTTP Request: POST http://localhost:2026/v1/chat/completions "HTTP/1.1 200 OK"
2026-05-01 13:01:44,391 [INFO] [1738/3987] id=openseek-3-d0fc8bf53 GT=[214, 58, 232, 71] ✅ (2113ch, attempts=1, 13.0s)
2026-05-01 13:01:48,804 [INFO] HTTP Request: POST http://localhost:2026/v1/chat/completions "HTTP/1.1 200 OK"
2026-05-01 13:01:48,805 [INFO] [1739/3987] id=openseek-3-e69cf939e GT=[51, 26, 34, 10, 35, 61, 82, 68] ✅ (2296ch, attempts=1, 14.2s)
2026-05-01 13:01:50,031 [INFO] HTTP Request: POST http://localhost:2026/v1/chat/completions "HTTP/1.1 200 OK"
2026-05-01 13:01:50,033 [INFO] [1740/3987] id=openseek-3-e99c31eb4 GT=[376, 520, 196, 10, 63, 57, 2, 75] ✅ (3344ch, attempts=1, 20.0s)
2026-05-01 13:01:52,174 [INFO] HTTP Request: POST http://localhost:2026/v1/chat/completions "HTTP/1.1 200 OK"
2026-05-01 13:01:52,176 [INFO] [1741/3987] id=openseek-3-6b137db88 GT=[3, 280] ✅ (1728ch, attempts=1, 7.8s)
2026-05-01 13:01:57,652 [INFO] HTTP Request: POST http://localhost:2026/v1/chat/completions "HTTP/1.1 200 OK"
2026-05-01 13:01:57,653 [INFO] [1742/3987] id=openseek-3-41e6815e6 GT=[514, 42, 45, 41] ✅ (1726ch, attempts=1, 8.8s)
2026-05-01 13:02:02,316 [INFO] HTTP Request: POST http://localhost:2026/v1/chat/completions "HTTP/1.1 200 OK"
2026-05-01 13:02:02,318 [INFO] [1743/3987] id=openseek-3-6931e0d92 GT=[64, 89, 190, 71, 274] ✅ (2018ch, attempts=1, 12.3s)
2026-05-01 13:02:05,027 [INFO] HTTP Request: POST http://localhost:2026/v1/chat/completions "HTTP/1.1 200 OK"
2026-05-01 13:02:05,029 [INFO] [1744/3987] id=openseek-3-57a81a1bc GT=[46, 76, 65, 178, 52, 93, 35] ✅ (1981ch, attempts=1, 12.9s)
2026-05-01 13:02:12,579 [INFO] HTTP Request: POST http://localhost:2026/v1/chat/completions "HTTP/1.1 200 OK"
2026-05-01 13:02:12,581 [INFO] [1745/3987] id=openseek-3-98be80866 GT=[17, 358, 56, 10, 118] ✅ (1661ch, attempts=1, 10.3s)
2026-05-01 13:02:13,111 [INFO] HTTP Request: POST http://localhost:2026/v1/chat/completions "HTTP/1.1 200 OK"
2026-05-01 13:02:13,112 [INFO] [1746/3987] id=openseek-3-db7aa309c GT=[91, 77, 4, 160, 88, 39, 31, 64] ✅ (2543ch, attempts=1, 15.5s)
2026-05-01 13:02:19,793 [INFO] HTTP Request: POST http://localhost:2026/v1/chat/completions "HTTP/1.1 200 OK"
2026-05-01 13:02:19,795 [INFO] [1747/3987] id=openseek-3-a2c51c348 GT=[10, 34, 532, 51, 64, 316] ✅ (2338ch, attempts=1, 14.8s)
2026-05-01 13:02:23,919 [INFO] HTTP Request: POST http://localhost:2026/v1/chat/completions "HTTP/1.1 200 OK"
2026-05-01 13:02:23,920 [INFO] [1748/3987] id=openseek-3-7a4882b9d GT=[376, 90, 28, 28, 292] ✅ (1968ch, attempts=1, 11.3s)
2026-05-01 13:02:24,094 [INFO] HTTP Request: POST http://localhost:2026/v1/chat/completions "HTTP/1.1 200 OK"
2026-05-01 13:02:24,095 [INFO] [1749/3987] id=openseek-3-832d83446 GT=[34, 4, 39, 94, 31] ✅ (1961ch, attempts=1, 11.0s)
2026-05-01 13:02:29,999 [INFO] HTTP Request: POST http://localhost:2026/v1/chat/completions "HTTP/1.1 200 OK"
2026-05-01 13:02:30,001 [INFO] [1750/3987] id=openseek-3-1e6c70da6 GT=[574, 64, 40] ✅ (2049ch, attempts=1, 10.2s)
2026-05-01 13:02:30,149 [INFO]   💾 已保存 (成功=1750 验证通过=1750 降级=0) | 4.6s/条均值 | ETA=173min
2026-05-01 13:02:33,456 [INFO] HTTP Request: POST http://localhost:2026/v1/chat/completions "HTTP/1.1 200 OK"
2026-05-01 13:02:33,457 [INFO] [1751/3987] id=openseek-3-929bd5011 GT=[304, 70, 28, 77] ✅ (1660ch, attempts=1, 9.4s)
2026-05-01 13:02:42,924 [INFO] HTTP Request: POST http://localhost:2026/v1/chat/completions "HTTP/1.1 200 OK"
2026-05-01 13:02:42,925 [INFO] [1752/3987] id=openseek-3-d9e3cd9cf GT=[5, 36, 244, 50, 274, 268, 5, 442, 100] ✅ (3053ch, attempts=1, 19.0s)
2026-05-01 13:02:42,982 [INFO] HTTP Request: POST http://localhost:2026/v1/chat/completions "HTTP/1.1 200 OK"
2026-05-01 13:02:42,983 [INFO] [1753/3987] id=openseek-3-9b0af510d GT=[77, 424, 472, 35] ✅ (1553ch, attempts=1, 9.5s)
2026-05-01 13:02:43,898 [INFO] HTTP Request: POST http://localhost:2026/v1/chat/completions "HTTP/1.1 200 OK"
2026-05-01 13:02:43,900 [INFO] [1754/3987] id=openseek-3-3d7747a24 GT=[280, 56, 130, 238, 43] ✅ (2303ch, attempts=1, 13.9s)
2026-05-01 13:02:53,636 [INFO] HTTP Request: POST http://localhost:2026/v1/chat/completions "HTTP/1.1 200 OK"
2026-05-01 13:02:53,637 [INFO] [1755/3987] id=openseek-3-df2e6c448 GT=[502, 5] ✅ (2286ch, attempts=1, 10.7s)
2026-05-01 13:02:56,717 [INFO] HTTP Request: POST http://localhost:2026/v1/chat/completions "HTTP/1.1 200 OK"
2026-05-01 13:02:56,719 [INFO] [1756/3987] id=openseek-3-d218ab6c1 GT=[25, 466, 49, 460, 340, 448, 82] ✅ (1884ch, attempts=1, 12.8s)
2026-05-01 13:03:00,886 [INFO] HTTP Request: POST http://localhost:2026/v1/chat/completions "HTTP/1.1 200 OK"
2026-05-01 13:03:00,887 [INFO] [1757/3987] id=openseek-3-40cc4ab8d GT=[62, 85, 47, 34, 74, 83, 124, 154, 63] ✅ (2788ch, attempts=1, 18.0s)
2026-05-01 13:03:07,246 [INFO] HTTP Request: POST http://localhost:2026/v1/chat/completions "HTTP/1.1 200 OK"
2026-05-01 13:03:07,248 [INFO] [1758/3987] id=openseek-3-fe76a213f GT=[358, 21, 394, 10] ✅ (2388ch, attempts=1, 13.6s)
2026-05-01 13:03:15,898 [INFO] HTTP Request: POST http://localhost:2026/v1/chat/completions "HTTP/1.1 200 OK"
2026-05-01 13:03:15,899 [INFO] [1759/3987] id=openseek-3-087a9bb44 GT=[214, 280, 220, 550, 39] ✅ (3353ch, attempts=1, 19.2s)
2026-05-01 13:03:19,369 [INFO] HTTP Request: POST http://localhost:2026/v1/chat/completions "HTTP/1.1 200 OK"
2026-05-01 13:03:19,370 [INFO] [1760/3987] id=openseek-3-8a38ed47a GT=[7, 87, 286, 69, 50, 11, 40, 472] ✅ (2942ch, attempts=1, 18.5s)
2026-05-01 13:03:26,546 [INFO] HTTP Request: POST http://localhost:2026/v1/chat/completions "HTTP/1.1 200 OK"
2026-05-01 13:03:26,547 [INFO] [1761/3987] id=openseek-3-187491654 GT=[22, 27] ✅ (1464ch, attempts=1, 7.2s)
2026-05-01 13:03:27,449 [INFO] HTTP Request: POST http://localhost:2026/v1/chat/completions "HTTP/1.1 200 OK"
2026-05-01 13:03:27,451 [INFO] [1762/3987] id=openseek-3-6aa6a9995 GT=[39, 96, 40, 10, 358, 184, 69, 310] ✅ (3320ch, attempts=1, 20.2s)
2026-05-01 13:03:27,714 [INFO] HTTP Request: POST http://localhost:2026/v1/chat/completions "HTTP/1.1 200 OK"
2026-05-01 13:03:27,715 [INFO] [1763/3987] id=openseek-3-4457a4b90 GT=[286, 10, 526, 26, 48] ✅ (1993ch, attempts=1, 11.8s)
2026-05-01 13:03:39,017 [INFO] HTTP Request: POST http://localhost:2026/v1/chat/completions "HTTP/1.1 200 OK"
2026-05-01 13:03:39,018 [INFO] [1764/3987] id=openseek-3-143708e27 GT=[358, 85, 7, 136, 394] ✅ (1996ch, attempts=1, 12.5s)
2026-05-01 13:03:40,175 [INFO] HTTP Request: POST http://localhost:2026/v1/chat/completions "HTTP/1.1 200 OK"
2026-05-01 13:03:40,177 [INFO] [1765/3987] id=openseek-3-83c3feb67 GT=[238, 16, 2, 460, 4] ✅ (2072ch, attempts=1, 12.7s)
2026-05-01 13:03:42,413 [INFO] HTTP Request: POST http://localhost:2026/v1/chat/completions "HTTP/1.1 200 OK"
2026-05-01 13:03:42,414 [INFO] [1766/3987] id=openseek-3-f62e15ed0 GT=[69, 502, 76, 25, 130, 160, 95] ✅ (2492ch, attempts=1, 14.7s)
2026-05-01 13:03:55,241 [INFO] HTTP Request: POST http://localhost:2026/v1/chat/completions "HTTP/1.1 200 OK"
2026-05-01 13:03:55,242 [INFO] [1767/3987] id=openseek-3-623b80060 GT=[502, 45, 41, 51, 118, 376, 424] ✅ (2707ch, attempts=1, 16.2s)
2026-05-01 13:03:57,301 [INFO] HTTP Request: POST http://localhost:2026/v1/chat/completions "HTTP/1.1 200 OK"
2026-05-01 13:03:57,302 [INFO] [1768/3987] id=openseek-3-d082ab32e GT=[63, 40, 63, 406, 39, 124, 37, 96] ✅ (2466ch, attempts=1, 14.9s)
2026-05-01 13:03:58,780 [INFO] HTTP Request: POST http://localhost:2026/v1/chat/completions "HTTP/1.1 200 OK"
2026-05-01 13:03:58,781 [INFO] [1769/3987] id=openseek-3-190c25f32 GT=[55, 322, 19, 136, 12, 304, 37, 520] ✅ (2775ch, attempts=1, 18.6s)
2026-05-01 13:04:08,885 [INFO] HTTP Request: POST http://localhost:2026/v1/chat/completions "HTTP/1.1 200 OK"
2026-05-01 13:04:08,886 [INFO] [1770/3987] id=openseek-3-dec526dba GT=[50, 51, 33, 36, 11, 10] ✅ (1664ch, attempts=1, 10.1s)
2026-05-01 13:04:11,966 [INFO] HTTP Request: POST http://localhost:2026/v1/chat/completions "HTTP/1.1 200 OK"
2026-05-01 13:04:11,967 [INFO] [1771/3987] id=openseek-3-aa17d7dc9 GT=[96, 97, 94, 20, 4] ✅ (2576ch, attempts=1, 14.7s)
2026-05-01 13:04:16,094 [INFO] HTTP Request: POST http://localhost:2026/v1/chat/completions "HTTP/1.1 200 OK"
2026-05-01 13:04:16,095 [INFO] [1772/3987] id=openseek-3-661da9562 GT=[97, 42, 202, 184, 6, 54, 78, 316, 292] ✅ (3249ch, attempts=1, 20.9s)
2026-05-01 13:04:19,400 [INFO] HTTP Request: POST http://localhost:2026/v1/chat/completions "HTTP/1.1 200 OK"
2026-05-01 13:04:19,401 [INFO] [1773/3987] id=openseek-3-08edc0107 GT=[31, 50, 21, 262] ✅ (1306ch, attempts=1, 7.4s)
2026-05-01 13:04:20,204 [INFO] HTTP Request: POST http://localhost:2026/v1/chat/completions "HTTP/1.1 200 OK"
2026-05-01 13:04:20,205 [INFO] [1774/3987] id=openseek-3-900908237 GT=[40, 26, 178, 65] ✅ (2027ch, attempts=1, 11.3s)
2026-05-01 13:04:30,024 [INFO] HTTP Request: POST http://localhost:2026/v1/chat/completions "HTTP/1.1 200 OK"
2026-05-01 13:04:30,025 [INFO] [1775/3987] id=openseek-3-f80176b04 GT=[478, 190, 274, 88, 550, 274, 77] ✅ (2139ch, attempts=1, 13.9s)
2026-05-01 13:04:31,251 [INFO] HTTP Request: POST http://localhost:2026/v1/chat/completions "HTTP/1.1 200 OK"
2026-05-01 13:04:31,252 [INFO] [1776/3987] id=openseek-3-7dae25d8f GT=[16, 52, 38, 95] ✅ (2293ch, attempts=1, 11.9s)
2026-05-01 13:04:32,847 [INFO] HTTP Request: POST http://localhost:2026/v1/chat/completions "HTTP/1.1 200 OK"
2026-05-01 13:04:32,848 [INFO] [1777/3987] id=openseek-3-81457e218 GT=[100, 8, 490, 592, 430] ✅ (2041ch, attempts=1, 12.6s)
2026-05-01 13:04:42,238 [INFO] HTTP Request: POST http://localhost:2026/v1/chat/completions "HTTP/1.1 200 OK"
2026-05-01 13:04:42,239 [INFO] [1778/3987] id=openseek-3-c6e0a4055 GT=[280, 53, 37, 508] ✅ (1879ch, attempts=1, 11.0s)
2026-05-01 13:04:44,336 [INFO] HTTP Request: POST http://localhost:2026/v1/chat/completions "HTTP/1.1 200 OK"
2026-05-01 13:04:44,337 [INFO] [1779/3987] id=openseek-3-58bfbe3fc GT=[46, 232, 496, 178, 82, 86] ✅ (2402ch, attempts=1, 14.3s)
2026-05-01 13:04:45,599 [INFO] HTTP Request: POST http://localhost:2026/v1/chat/completions "HTTP/1.1 200 OK"
2026-05-01 13:04:45,601 [INFO] [1780/3987] id=openseek-3-435d6055f GT=[544, 34, 202, 244, 14, 25] ✅ (1976ch, attempts=1, 12.8s)
2026-05-01 13:04:54,734 [INFO] HTTP Request: POST http://localhost:2026/v1/chat/completions "HTTP/1.1 200 OK"
2026-05-01 13:04:54,735 [INFO] [1781/3987] id=openseek-3-7ed339423 GT=[232, 214] ✅ (1730ch, attempts=1, 9.1s)
2026-05-01 13:04:54,881 [INFO] HTTP Request: POST http://localhost:2026/v1/chat/completions "HTTP/1.1 200 OK"
2026-05-01 13:04:54,883 [INFO] [1782/3987] id=openseek-3-32c1e7ca3 GT=[550, 76, 490, 508] ✅ (2054ch, attempts=1, 12.6s)
2026-05-01 13:05:00,342 [INFO] HTTP Request: POST http://localhost:2026/v1/chat/completions "HTTP/1.1 200 OK"
2026-05-01 13:05:00,343 [INFO] [1783/3987] id=openseek-3-6ee2787aa GT=[57, 83, 29, 448, 58, 460, 71, 72] ✅ (2483ch, attempts=1, 16.0s)
2026-05-01 13:05:06,302 [INFO] HTTP Request: POST http://localhost:2026/v1/chat/completions "HTTP/1.1 200 OK"
2026-05-01 13:05:06,304 [INFO] [1784/3987] id=openseek-3-7923afd36 GT=[424, 268, 9] ✅ (2206ch, attempts=1, 11.4s)
2026-05-01 13:05:07,592 [INFO] HTTP Request: POST http://localhost:2026/v1/chat/completions "HTTP/1.1 200 OK"
2026-05-01 13:05:07,593 [INFO] [1785/3987] id=openseek-3-7a7ecb89f GT=[26, 280, 520, 41, 292, 15, 226] ✅ (1986ch, attempts=1, 12.9s)
2026-05-01 13:05:15,359 [INFO] HTTP Request: POST http://localhost:2026/v1/chat/completions "HTTP/1.1 200 OK"
2026-05-01 13:05:15,360 [INFO] [1786/3987] id=openseek-3-00803aaeb GT=[322, 412, 466] ✅ (2608ch, attempts=1, 15.0s)
2026-05-01 13:05:15,873 [INFO] HTTP Request: POST http://localhost:2026/v1/chat/completions "HTTP/1.1 200 OK"
2026-05-01 13:05:15,874 [INFO] [1787/3987] id=openseek-3-c1a2aba7c GT=[2, 14, 526, 82, 90] ✅ (1398ch, attempts=1, 8.3s)
2026-05-01 13:05:16,479 [INFO] HTTP Request: POST http://localhost:2026/v1/chat/completions "HTTP/1.1 200 OK"
2026-05-01 13:05:16,481 [INFO] [1788/3987] id=openseek-3-96fc512f8 GT=[364, 94, 376] ✅ (1847ch, attempts=1, 10.2s)
2026-05-01 13:05:24,670 [INFO] HTTP Request: POST http://localhost:2026/v1/chat/completions "HTTP/1.1 200 OK"
2026-05-01 13:05:24,671 [INFO] [1789/3987] id=openseek-3-311745493 GT=[130, 82, 93] ✅ (1683ch, attempts=1, 8.8s)
2026-05-01 13:05:27,048 [INFO] HTTP Request: POST http://localhost:2026/v1/chat/completions "HTTP/1.1 200 OK"
2026-05-01 13:05:27,049 [INFO] [1790/3987] id=openseek-3-ed6ccdcde GT=[11, 88, 78, 550] ✅ (1898ch, attempts=1, 10.6s)
2026-05-01 13:05:30,084 [INFO] HTTP Request: POST http://localhost:2026/v1/chat/completions "HTTP/1.1 200 OK"
2026-05-01 13:05:30,085 [INFO] [1791/3987] id=openseek-3-72d68961a GT=[388, 568, 98, 8, 70, 13] ✅ (2638ch, attempts=1, 14.7s)
2026-05-01 13:05:36,606 [INFO] HTTP Request: POST http://localhost:2026/v1/chat/completions "HTTP/1.1 200 OK"
2026-05-01 13:05:36,608 [INFO] [1792/3987] id=openseek-3-e30ef790f GT=[460, 352, 40] ✅ (2210ch, attempts=1, 11.9s)
2026-05-01 13:05:42,099 [INFO] HTTP Request: POST http://localhost:2026/v1/chat/completions "HTTP/1.1 200 OK"
2026-05-01 13:05:42,100 [INFO] [1793/3987] id=openseek-3-ef0c80417 GT=[82, 244, 48, 76, 100] ✅ (1970ch, attempts=1, 12.0s)
2026-05-01 13:05:42,324 [INFO] HTTP Request: POST http://localhost:2026/v1/chat/completions "HTTP/1.1 200 OK"
2026-05-01 13:05:42,325 [INFO] [1794/3987] id=openseek-3-ac6be3a63 GT=[42, 88, 59, 34, 23, 85, 448] ✅ (2617ch, attempts=1, 15.3s)
2026-05-01 13:05:50,419 [INFO] HTTP Request: POST http://localhost:2026/v1/chat/completions "HTTP/1.1 200 OK"
2026-05-01 13:05:50,421 [INFO] [1795/3987] id=openseek-3-24d389fa8 GT=[106, 5, 32, 58, 82, 56, 42, 80] ✅ (2368ch, attempts=1, 13.8s)
2026-05-01 13:05:53,771 [INFO] HTTP Request: POST http://localhost:2026/v1/chat/completions "HTTP/1.1 200 OK"
2026-05-01 13:05:53,772 [INFO] [1796/3987] id=openseek-3-fb2b8cdf8 GT=[556, 358, 34, 562] ✅ (2090ch, attempts=1, 11.7s)
2026-05-01 13:05:55,393 [INFO] HTTP Request: POST http://localhost:2026/v1/chat/completions "HTTP/1.1 200 OK"
2026-05-01 13:05:55,394 [INFO] [1797/3987] id=openseek-3-f4b821652 GT=[118, 10, 274] ✅ (2483ch, attempts=1, 13.1s)
2026-05-01 13:06:05,563 [INFO] HTTP Request: POST http://localhost:2026/v1/chat/completions "HTTP/1.1 200 OK"
2026-05-01 13:06:05,564 [INFO] [1798/3987] id=openseek-3-9eae5a19a GT=[184, 55, 448, 238, 16, 232, 256] ✅ (2168ch, attempts=1, 15.1s)
2026-05-01 13:06:10,941 [INFO] HTTP Request: POST http://localhost:2026/v1/chat/completions "HTTP/1.1 200 OK"
2026-05-01 13:06:10,942 [INFO] [1799/3987] id=openseek-3-a992433b7 GT=[46, 10, 94, 556, 436, 592, 53] ✅ (2779ch, attempts=1, 17.2s)
2026-05-01 13:06:12,370 [INFO] HTTP Request: POST http://localhost:2026/v1/chat/completions "HTTP/1.1 200 OK"
2026-05-01 13:06:12,371 [INFO] [1800/3987] id=openseek-3-d7f7a4c5d GT=[40, 406, 39, 79, 94, 478, 29, 100] ✅ (2733ch, attempts=1, 17.0s)
2026-05-01 13:06:12,521 [INFO]   💾 已保存 (成功=1800 验证通过=1800 降级=0) | 4.6s/条均值 | ETA=169min
2026-05-01 13:06:18,589 [INFO] HTTP Request: POST http://localhost:2026/v1/chat/completions "HTTP/1.1 200 OK"
2026-05-01 13:06:18,590 [INFO] [1801/3987] id=openseek-3-4036c637e GT=[376, 184, 484, 82] ✅ (2167ch, attempts=1, 13.0s)
2026-05-01 13:06:23,797 [INFO] HTTP Request: POST http://localhost:2026/v1/chat/completions "HTTP/1.1 200 OK"
2026-05-01 13:06:23,799 [INFO] [1802/3987] id=openseek-3-80613f0cb GT=[580, 82, 580, 214, 96, 298, 106] ✅ (1879ch, attempts=1, 12.9s)
2026-05-01 13:06:26,911 [INFO] HTTP Request: POST http://localhost:2026/v1/chat/completions "HTTP/1.1 200 OK"
2026-05-01 13:06:26,912 [INFO] [1803/3987] id=openseek-3-0b4b4f220 GT=[17, 39, 34, 520, 34] ✅ (2544ch, attempts=1, 14.5s)
2026-05-01 13:06:32,242 [INFO] HTTP Request: POST http://localhost:2026/v1/chat/completions "HTTP/1.1 200 OK"
2026-05-01 13:06:32,243 [INFO] [1804/3987] id=openseek-3-4f417ee36 GT=[142, 35, 39, 65, 424, 38] ✅ (2230ch, attempts=1, 13.7s)
2026-05-01 13:06:44,677 [INFO] HTTP Request: POST http://localhost:2026/v1/chat/completions "HTTP/1.1 200 OK"
2026-05-01 13:06:44,678 [INFO] [1805/3987] id=openseek-3-b8335fa31 GT=[304, 256, 7, 544, 418, 472] ✅ (2603ch, attempts=1, 17.8s)
2026-05-01 13:06:45,177 [INFO] HTTP Request: POST http://localhost:2026/v1/chat/completions "HTTP/1.1 200 OK"
2026-05-01 13:06:45,179 [INFO] [1806/3987] id=openseek-3-d942dd62b GT=[112, 41, 92, 52, 4, 15, 202, 73, 46] ✅ (3388ch, attempts=1, 21.4s)
2026-05-01 13:06:46,450 [INFO] HTTP Request: POST http://localhost:2026/v1/chat/completions "HTTP/1.1 200 OK"
2026-05-01 13:06:46,451 [INFO] [1807/3987] id=openseek-3-641c62195 GT=[478, 442, 202, 14, 136, 334, 412] ✅ (2185ch, attempts=1, 14.2s)
2026-05-01 13:06:53,489 [INFO] HTTP Request: POST http://localhost:2026/v1/chat/completions "HTTP/1.1 200 OK"
2026-05-01 13:06:53,490 [INFO] [1808/3987] id=openseek-3-30e3df093 GT=[364, 490] ✅ (1683ch, attempts=1, 8.8s)
2026-05-01 13:06:56,608 [INFO] HTTP Request: POST http://localhost:2026/v1/chat/completions "HTTP/1.1 200 OK"
2026-05-01 13:06:56,609 [INFO] [1809/3987] id=openseek-3-c734cf33a GT=[70, 49, 94, 92, 37, 16] ✅ (1871ch, attempts=1, 11.4s)
2026-05-01 13:07:11,882 [INFO] HTTP Request: POST http://localhost:2026/v1/chat/completions "HTTP/1.1 200 OK"
2026-05-01 13:07:11,883 [INFO] [1810/3987] id=openseek-3-310f4fc97 GT=[124, 442, 598, 22, 18, 370, 124, 42, 18 ✅ (3775ch, attempts=1, 25.4s)
2026-05-01 13:07:12,448 [INFO] HTTP Request: POST http://localhost:2026/v1/chat/completions "HTTP/1.1 200 OK"
2026-05-01 13:07:12,450 [INFO] [1811/3987] id=openseek-3-83b669489 GT=[16, 54, 454, 46, 400, 154, 46, 376] ✅ (3021ch, attempts=1, 19.0s)
2026-05-01 13:07:19,466 [INFO] HTTP Request: POST http://localhost:2026/v1/chat/completions "HTTP/1.1 200 OK"
2026-05-01 13:07:19,467 [INFO] [1812/3987] id=openseek-3-866e78f6a GT=[31, 172, 6, 91, 12, 184, 466, 592, 56] ✅ (3627ch, attempts=1, 22.9s)
2026-05-01 13:07:23,630 [INFO] HTTP Request: POST http://localhost:2026/v1/chat/completions "HTTP/1.1 200 OK"
2026-05-01 13:07:23,632 [INFO] [1813/3987] id=openseek-3-382ea4f7e GT=[15, 94, 520, 508, 550] ✅ (1730ch, attempts=1, 11.2s)
2026-05-01 13:07:37,724 [INFO] HTTP Request: POST http://localhost:2026/v1/chat/completions "HTTP/1.1 200 OK"
2026-05-01 13:07:37,725 [INFO] [1814/3987] id=openseek-3-d2d762f90 GT=[184, 23, 292, 48, 466, 244] ✅ (2120ch, attempts=1, 14.1s)
2026-05-01 13:07:39,572 [INFO] HTTP Request: POST http://localhost:2026/v1/chat/completions "HTTP/1.1 200 OK"
2026-05-01 13:07:39,574 [INFO] [1815/3987] id=openseek-3-0e4d154d6 GT=[328, 22, 48, 19, 214, 9, 448, 112, 478] ✅ (4267ch, attempts=1, 27.7s)
2026-05-01 13:07:40,807 [INFO] HTTP Request: POST http://localhost:2026/v1/chat/completions "HTTP/1.1 200 OK"
2026-05-01 13:07:40,808 [INFO] [1816/3987] id=openseek-3-f1148a220 GT=[71, 598, 77, 4, 166, 316, 78] ✅ (3588ch, attempts=1, 21.3s)
2026-05-01 13:07:47,647 [INFO] HTTP Request: POST http://localhost:2026/v1/chat/completions "HTTP/1.1 200 OK"
2026-05-01 13:07:47,648 [INFO] [1817/3987] id=openseek-3-c3d2167fe GT=[298, 46, 71] ✅ (1780ch, attempts=1, 9.9s)
2026-05-01 13:07:52,308 [INFO] HTTP Request: POST http://localhost:2026/v1/chat/completions "HTTP/1.1 200 OK"
2026-05-01 13:07:52,309 [INFO] [1818/3987] id=openseek-3-6e1f63284 GT=[52, 166, 526] ✅ (2189ch, attempts=1, 11.5s)
2026-05-01 13:07:57,857 [INFO] HTTP Request: POST http://localhost:2026/v1/chat/completions "HTTP/1.1 200 OK"
2026-05-01 13:07:57,859 [INFO] [1819/3987] id=openseek-3-77a2c927c GT=[58, 148] ✅ (2109ch, attempts=1, 10.2s)
2026-05-01 13:08:02,923 [INFO] HTTP Request: POST http://localhost:2026/v1/chat/completions "HTTP/1.1 200 OK"
2026-05-01 13:08:02,925 [INFO] [1820/3987] id=openseek-3-ecfa21fd6 GT=[484, 340, 106, 550, 10, 580, 47, 394, 5 ✅ (3511ch, attempts=1, 23.4s)
2026-05-01 13:08:05,378 [INFO] HTTP Request: POST http://localhost:2026/v1/chat/completions "HTTP/1.1 200 OK"
2026-05-01 13:08:05,380 [INFO] [1821/3987] id=openseek-3-8a5e0b024 GT=[280, 15] ✅ (1542ch, attempts=1, 7.5s)
2026-05-01 13:08:16,399 [INFO] HTTP Request: POST http://localhost:2026/v1/chat/completions "HTTP/1.1 200 OK"
2026-05-01 13:08:16,400 [INFO] [1822/3987] id=openseek-3-85b5f26a9 GT=[21, 64, 34, 214, 334, 346, 322, 328, 68 ✅ (3494ch, attempts=1, 24.1s)
2026-05-01 13:08:17,314 [INFO] HTTP Request: POST http://localhost:2026/v1/chat/completions "HTTP/1.1 200 OK"
2026-05-01 13:08:17,316 [INFO] [1823/3987] id=openseek-3-8428ee7be GT=[69, 136, 94, 442, 32] ✅ (1920ch, attempts=1, 11.9s)
2026-05-01 13:08:19,806 [INFO] HTTP Request: POST http://localhost:2026/v1/chat/completions "HTTP/1.1 200 OK"
2026-05-01 13:08:19,808 [INFO] [1824/3987] id=openseek-3-fd6637730 GT=[28, 142, 15, 586, 27, 334, 23, 418] ✅ (2537ch, attempts=1, 16.9s)
2026-05-01 13:08:30,629 [INFO] HTTP Request: POST http://localhost:2026/v1/chat/completions "HTTP/1.1 200 OK"
2026-05-01 13:08:30,630 [INFO] [1825/3987] id=openseek-3-3989cc650 GT=[592, 57, 256, 56, 16, 84, 394] ✅ (2307ch, attempts=1, 14.2s)
2026-05-01 13:08:31,471 [INFO] HTTP Request: POST http://localhost:2026/v1/chat/completions "HTTP/1.1 200 OK"
2026-05-01 13:08:31,473 [INFO] [1826/3987] id=openseek-3-6159990f1 GT=[23, 31, 19, 250, 490] ✅ (1888ch, attempts=1, 11.7s)
2026-05-01 13:08:42,637 [INFO] HTTP Request: POST http://localhost:2026/v1/chat/completions "HTTP/1.1 200 OK"
2026-05-01 13:08:42,639 [INFO] [1827/3987] id=openseek-3-351f1503c GT=[250, 69, 90, 586, 77, 71, 94, 83, 538] ✅ (4066ch, attempts=1, 25.3s)
2026-05-01 13:08:45,309 [INFO] HTTP Request: POST http://localhost:2026/v1/chat/completions "HTTP/1.1 200 OK"
2026-05-01 13:08:45,310 [INFO] [1828/3987] id=openseek-3-a5f5a72b3 GT=[29, 250, 184, 136, 562, 238, 76] ✅ (1868ch, attempts=1, 13.8s)
2026-05-01 13:08:49,881 [INFO] HTTP Request: POST http://localhost:2026/v1/chat/completions "HTTP/1.1 200 OK"
2026-05-01 13:08:49,882 [INFO] [1829/3987] id=openseek-3-9e3fb9e2d GT=[412, 10, 568, 15, 95, 304, 484] ✅ (3003ch, attempts=1, 19.3s)
2026-05-01 13:09:00,521 [INFO] HTTP Request: POST http://localhost:2026/v1/chat/completions "HTTP/1.1 200 OK"
2026-05-01 13:09:00,522 [INFO] [1830/3987] id=openseek-3-0304311b8 GT=[280, 81, 472, 88, 382, 68, 82] ✅ (2434ch, attempts=1, 15.2s)
2026-05-01 13:09:01,340 [INFO] HTTP Request: POST http://localhost:2026/v1/chat/completions "HTTP/1.1 200 OK"
2026-05-01 13:09:01,342 [INFO] [1831/3987] id=openseek-3-04451b724 GT=[460, 454, 196] ✅ (2030ch, attempts=1, 11.5s)
2026-05-01 13:09:03,780 [INFO] HTTP Request: POST http://localhost:2026/v1/chat/completions "HTTP/1.1 200 OK"
2026-05-01 13:09:03,781 [INFO] [1832/3987] id=openseek-3-da8f96a05 GT=[592, 598, 172, 95, 454, 60, 47, 93, 16] ✅ (3266ch, attempts=1, 21.1s)
2026-05-01 13:09:10,475 [INFO] HTTP Request: POST http://localhost:2026/v1/chat/completions "HTTP/1.1 200 OK"
2026-05-01 13:09:10,476 [INFO] [1833/3987] id=openseek-3-691edf4e1 GT=[35, 36, 51, 3, 4, 1, 5, 52] ✅ (1588ch, attempts=1, 10.0s)
2026-05-01 13:09:17,849 [INFO] HTTP Request: POST http://localhost:2026/v1/chat/completions "HTTP/1.1 200 OK"
2026-05-01 13:09:17,850 [INFO] [1834/3987] id=openseek-3-2b6a9557d GT=[292, 136, 1, 99, 20, 286, 544, 286] ✅ (2793ch, attempts=1, 16.5s)
2026-05-01 13:09:21,346 [INFO] HTTP Request: POST http://localhost:2026/v1/chat/completions "HTTP/1.1 200 OK"
2026-05-01 13:09:21,347 [INFO] [1835/3987] id=openseek-3-e8b81f26c GT=[124, 90, 50, 478, 5, 22] ✅ (1740ch, attempts=1, 10.9s)
2026-05-01 13:09:22,378 [INFO] HTTP Request: POST http://localhost:2026/v1/chat/completions "HTTP/1.1 200 OK"
2026-05-01 13:09:22,379 [INFO] [1836/3987] id=openseek-3-a07b6daed GT=[142, 238, 79, 112, 43, 406, 20, 83] ✅ (2979ch, attempts=1, 18.6s)
2026-05-01 13:09:25,021 [INFO] HTTP Request: POST http://localhost:2026/v1/chat/completions "HTTP/1.1 200 OK"
2026-05-01 13:09:25,022 [INFO] [1837/3987] id=openseek-3-8ec970479 GT=[4, 100] ✅ (1628ch, attempts=1, 7.2s)
2026-05-01 13:09:30,319 [INFO] HTTP Request: POST http://localhost:2026/v1/chat/completions "HTTP/1.1 200 OK"
2026-05-01 13:09:30,320 [INFO] [1838/3987] id=openseek-3-2e5810aa5 GT=[50, 81, 430] ✅ (1675ch, attempts=1, 9.0s)
2026-05-01 13:09:30,891 [INFO] HTTP Request: POST http://localhost:2026/v1/chat/completions "HTTP/1.1 200 OK"
2026-05-01 13:09:30,892 [INFO] [1839/3987] id=openseek-3-eacfa12a0 GT=[41, 21] ✅ (1957ch, attempts=1, 8.5s)
2026-05-01 13:09:40,959 [INFO] HTTP Request: POST http://localhost:2026/v1/chat/completions "HTTP/1.1 200 OK"
2026-05-01 13:09:40,960 [INFO] [1840/3987] id=openseek-3-add3a8cd9 GT=[60, 310, 316, 78, 21, 508, 292] ✅ (2618ch, attempts=1, 15.9s)
2026-05-01 13:09:41,830 [INFO] HTTP Request: POST http://localhost:2026/v1/chat/completions "HTTP/1.1 200 OK"
2026-05-01 13:09:41,831 [INFO] [1841/3987] id=openseek-3-e81fb8fce GT=[70, 418, 55, 98] ✅ (1905ch, attempts=1, 11.5s)
2026-05-01 13:09:45,324 [INFO] HTTP Request: POST http://localhost:2026/v1/chat/completions "HTTP/1.1 200 OK"
2026-05-01 13:09:45,325 [INFO] [1842/3987] id=openseek-3-a6ec39078 GT=[334, 71, 69, 4, 538, 526, 76] ✅ (2440ch, attempts=1, 14.4s)
2026-05-01 13:09:53,770 [INFO] HTTP Request: POST http://localhost:2026/v1/chat/completions "HTTP/1.1 200 OK"
2026-05-01 13:09:53,771 [INFO] [1843/3987] id=openseek-3-9cc1634eb GT=[34, 544] ✅ (1644ch, attempts=1, 8.4s)
2026-05-01 13:09:54,051 [INFO] HTTP Request: POST http://localhost:2026/v1/chat/completions "HTTP/1.1 200 OK"
2026-05-01 13:09:54,052 [INFO] [1844/3987] id=openseek-3-a3d0f3cd1 GT=[84, 592, 42, 67, 598, 208] ✅ (1832ch, attempts=1, 12.2s)
2026-05-01 13:09:54,696 [INFO] HTTP Request: POST http://localhost:2026/v1/chat/completions "HTTP/1.1 200 OK"
2026-05-01 13:09:54,697 [INFO] [1845/3987] id=openseek-3-b32d62bb9 GT=[412, 208, 220, 268, 238] ✅ (2190ch, attempts=1, 13.7s)
2026-05-01 13:10:09,298 [INFO] HTTP Request: POST http://localhost:2026/v1/chat/completions "HTTP/1.1 200 OK"
2026-05-01 13:10:09,299 [INFO] [1846/3987] id=openseek-3-7bdf058df GT=[598, 256, 23, 436, 142, 550, 166] ✅ (2235ch, attempts=1, 14.6s)
2026-05-01 13:10:10,606 [INFO] HTTP Request: POST http://localhost:2026/v1/chat/completions "HTTP/1.1 200 OK"
2026-05-01 13:10:10,607 [INFO] [1847/3987] id=openseek-3-fa144171a GT=[57, 13, 65, 66, 73, 40, 16, 16] ✅ (2712ch, attempts=1, 16.8s)
2026-05-01 13:10:12,680 [INFO] HTTP Request: POST http://localhost:2026/v1/chat/completions "HTTP/1.1 200 OK"
2026-05-01 13:10:12,681 [INFO] [1848/3987] id=openseek-3-0c6143e04 GT=[67, 472, 406, 196, 91, 334, 418] ✅ (2917ch, attempts=1, 18.6s)
2026-05-01 13:10:18,977 [INFO] HTTP Request: POST http://localhost:2026/v1/chat/completions "HTTP/1.1 200 OK"
2026-05-01 13:10:18,979 [INFO] [1849/3987] id=openseek-3-5c7da5656 GT=[70, 40, 100, 196, 58, 67] ✅ (1446ch, attempts=1, 9.7s)
2026-05-01 13:10:23,267 [INFO] HTTP Request: POST http://localhost:2026/v1/chat/completions "HTTP/1.1 200 OK"
2026-05-01 13:10:23,268 [INFO] [1850/3987] id=openseek-3-dfe101e76 GT=[43, 46, 14] ✅ (2116ch, attempts=1, 10.6s)
2026-05-01 13:10:23,421 [INFO]   💾 已保存 (成功=1850 验证通过=1850 降级=0) | 4.6s/条均值 | ETA=166min
2026-05-01 13:10:28,846 [INFO] HTTP Request: POST http://localhost:2026/v1/chat/completions "HTTP/1.1 200 OK"
2026-05-01 13:10:28,847 [INFO] [1851/3987] id=openseek-3-603a40a9f GT=[496, 50, 19, 31, 23, 29, 72, 478] ✅ (3018ch, attempts=1, 18.2s)
2026-05-01 13:10:30,349 [INFO] HTTP Request: POST http://localhost:2026/v1/chat/completions "HTTP/1.1 200 OK"
2026-05-01 13:10:30,351 [INFO] [1852/3987] id=openseek-3-8881b5669 GT=[11, 12, 49, 45, 64, 598] ✅ (1844ch, attempts=1, 11.4s)
2026-05-01 13:10:41,717 [INFO] HTTP Request: POST http://localhost:2026/v1/chat/completions "HTTP/1.1 200 OK"
2026-05-01 13:10:41,718 [INFO] [1853/3987] id=openseek-3-e2ad8d068 GT=[466, 4, 57, 15] ✅ (2449ch, attempts=1, 12.9s)
2026-05-01 13:10:41,736 [INFO] HTTP Request: POST http://localhost:2026/v1/chat/completions "HTTP/1.1 200 OK"
2026-05-01 13:10:41,737 [INFO] [1854/3987] id=openseek-3-f300c277e GT=[89, 82, 21, 472, 14] ✅ (1923ch, attempts=1, 11.4s)
2026-05-01 13:10:45,358 [INFO] HTTP Request: POST http://localhost:2026/v1/chat/completions "HTTP/1.1 200 OK"
2026-05-01 13:10:45,360 [INFO] [1855/3987] id=openseek-3-2bd2ac9a7 GT=[466, 49, 59, 400, 52, 30, 124, 93] ✅ (3584ch, attempts=1, 22.1s)
2026-05-01 13:10:57,700 [INFO] HTTP Request: POST http://localhost:2026/v1/chat/completions "HTTP/1.1 200 OK"
2026-05-01 13:10:57,701 [INFO] [1856/3987] id=openseek-3-90de4334c GT=[52, 436, 40, 96, 10, 76, 556] ✅ (2664ch, attempts=1, 16.0s)
2026-05-01 13:10:58,585 [INFO] HTTP Request: POST http://localhost:2026/v1/chat/completions "HTTP/1.1 200 OK"
2026-05-01 13:10:58,586 [INFO] [1857/3987] id=openseek-3-7ef4dd333 GT=[36, 27, 526, 202, 412, 27, 160, 220] ✅ (2599ch, attempts=1, 16.9s)
2026-05-01 13:11:07,141 [INFO] HTTP Request: POST http://localhost:2026/v1/chat/completions "HTTP/1.1 200 OK"
2026-05-01 13:11:07,142 [INFO] [1858/3987] id=openseek-3-d2db6b71e GT=[538, 226, 74, 36, 75, 406, 2, 51, 32] ✅ (3439ch, attempts=1, 21.8s)
2026-05-01 13:11:12,380 [INFO] HTTP Request: POST http://localhost:2026/v1/chat/completions "HTTP/1.1 200 OK"
2026-05-01 13:11:12,381 [INFO] [1859/3987] id=openseek-3-b43b9a05c GT=[88, 274, 63, 154, 166] ✅ (2141ch, attempts=1, 13.8s)
2026-05-01 13:11:15,634 [INFO] HTTP Request: POST http://localhost:2026/v1/chat/completions "HTTP/1.1 200 OK"
2026-05-01 13:11:15,636 [INFO] [1860/3987] id=openseek-3-2e65687c8 GT=[11, 292, 35, 61, 190, 83, 71, 460] ✅ (2821ch, attempts=1, 17.9s)
2026-05-01 13:11:21,451 [INFO] HTTP Request: POST http://localhost:2026/v1/chat/completions "HTTP/1.1 200 OK"
2026-05-01 13:11:21,452 [INFO] [1861/3987] id=openseek-3-1d808bf4d GT=[4, 130, 340, 34, 18, 57, 47] ✅ (2109ch, attempts=1, 14.3s)
2026-05-01 13:11:27,688 [INFO] HTTP Request: POST http://localhost:2026/v1/chat/completions "HTTP/1.1 200 OK"
2026-05-01 13:11:27,690 [INFO] [1862/3987] id=openseek-3-328f981f4 GT=[406, 45, 9, 496, 502, 74] ✅ (2532ch, attempts=1, 15.3s)
2026-05-01 13:11:30,484 [INFO] HTTP Request: POST http://localhost:2026/v1/chat/completions "HTTP/1.1 200 OK"
2026-05-01 13:11:30,486 [INFO] [1863/3987] id=openseek-3-55284b29c GT=[99, 20, 436, 220, 598, 74] ✅ (2169ch, attempts=1, 14.9s)
2026-05-01 13:11:37,224 [INFO] HTTP Request: POST http://localhost:2026/v1/chat/completions "HTTP/1.1 200 OK"
2026-05-01 13:11:37,225 [INFO] [1864/3987] id=openseek-3-9e705b18e GT=[94, 50, 568, 550, 96] ✅ (2715ch, attempts=1, 15.8s)
2026-05-01 13:11:45,423 [INFO] HTTP Request: POST http://localhost:2026/v1/chat/completions "HTTP/1.1 200 OK"
2026-05-01 13:11:45,425 [INFO] [1865/3987] id=openseek-3-1c828aba7 GT=[166, 76, 53, 36, 34, 16, 202] ✅ (2519ch, attempts=1, 14.9s)
2026-05-01 13:11:47,355 [INFO] HTTP Request: POST http://localhost:2026/v1/chat/completions "HTTP/1.1 200 OK"
2026-05-01 13:11:47,356 [INFO] [1866/3987] id=openseek-3-f1754da50 GT=[256, 226, 26] ✅ (1923ch, attempts=1, 10.1s)
2026-05-01 13:11:47,861 [INFO] HTTP Request: POST http://localhost:2026/v1/chat/completions "HTTP/1.1 200 OK"
2026-05-01 13:11:47,863 [INFO] [1867/3987] id=openseek-3-8fd5a48e4 GT=[53, 76, 73, 520, 7, 490, 97, 87, 23] ✅ (3160ch, attempts=1, 20.2s)
2026-05-01 13:11:53,972 [INFO] HTTP Request: POST http://localhost:2026/v1/chat/completions "HTTP/1.1 200 OK"
2026-05-01 13:11:53,974 [INFO] [1868/3987] id=openseek-3-9dd32beb9 GT=[90, 29, 36] ✅ (1806ch, attempts=1, 8.5s)
2026-05-01 13:12:04,993 [INFO] HTTP Request: POST http://localhost:2026/v1/chat/completions "HTTP/1.1 200 OK"
2026-05-01 13:12:04,995 [INFO] [1869/3987] id=openseek-3-d4739dcea GT=[19, 37, 376, 100, 184, 78, 214, 22] ✅ (2759ch, attempts=1, 17.1s)
2026-05-01 13:12:05,081 [INFO] HTTP Request: POST http://localhost:2026/v1/chat/completions "HTTP/1.1 200 OK"
2026-05-01 13:12:05,082 [INFO] [1870/3987] id=openseek-3-b90265df9 GT=[41, 82, 598, 10, 85, 250, 586, 39] ✅ (2782ch, attempts=1, 17.7s)
2026-05-01 13:12:10,814 [INFO] HTTP Request: POST http://localhost:2026/v1/chat/completions "HTTP/1.1 200 OK"
2026-05-01 13:12:10,816 [INFO] [1871/3987] id=openseek-3-5cb8d2aa6 GT=[394, 82, 292, 80, 160, 262, 4, 100] ✅ (2507ch, attempts=1, 16.8s)
2026-05-01 13:12:17,499 [INFO] HTTP Request: POST http://localhost:2026/v1/chat/completions "HTTP/1.1 200 OK"
2026-05-01 13:12:17,501 [INFO] [1872/3987] id=openseek-3-4f39c4a02 GT=[89, 76, 424, 388, 82] ✅ (2000ch, attempts=1, 12.5s)
2026-05-01 13:12:25,058 [INFO] HTTP Request: POST http://localhost:2026/v1/chat/completions "HTTP/1.1 200 OK"
2026-05-01 13:12:25,059 [INFO] [1873/3987] id=openseek-3-202e6810b GT=[244, 76, 8, 85, 250, 63] ✅ (2406ch, attempts=1, 14.2s)
2026-05-01 13:12:25,131 [INFO] HTTP Request: POST http://localhost:2026/v1/chat/completions "HTTP/1.1 200 OK"
2026-05-01 13:12:25,132 [INFO] [1874/3987] id=openseek-3-ed41098f4 GT=[184, 29] ✅ (1475ch, attempts=1, 7.6s)
2026-05-01 13:12:26,649 [INFO] HTTP Request: POST http://localhost:2026/v1/chat/completions "HTTP/1.1 200 OK"
2026-05-01 13:12:26,651 [INFO] [1875/3987] id=openseek-3-bee64e996 GT=[208, 484, 268, 70, 334, 22, 98] ✅ (3635ch, attempts=1, 21.6s)
2026-05-01 13:12:38,897 [INFO] HTTP Request: POST http://localhost:2026/v1/chat/completions "HTTP/1.1 200 OK"
2026-05-01 13:12:38,899 [INFO] [1876/3987] id=openseek-3-c5c67a047 GT=[94, 36, 93, 65, 86] ✅ (2444ch, attempts=1, 13.8s)
2026-05-01 13:12:43,302 [INFO] HTTP Request: POST http://localhost:2026/v1/chat/completions "HTTP/1.1 200 OK"
2026-05-01 13:12:43,304 [INFO] [1877/3987] id=openseek-3-3e20dac6b GT=[4, 57, 90, 550, 370, 49, 184, 112] ✅ (2913ch, attempts=1, 18.2s)
2026-05-01 13:12:46,098 [INFO] HTTP Request: POST http://localhost:2026/v1/chat/completions "HTTP/1.1 200 OK"
2026-05-01 13:12:46,099 [INFO] [1878/3987] id=openseek-3-f46db6bcd GT=[574, 61, 70] ✅ (1360ch, attempts=1, 7.2s)
2026-05-01 13:12:50,862 [INFO] HTTP Request: POST http://localhost:2026/v1/chat/completions "HTTP/1.1 200 OK"
2026-05-01 13:12:50,864 [INFO] [1879/3987] id=openseek-3-7dfb9f622 GT=[88, 58, 10, 32] ✅ (1343ch, attempts=1, 7.6s)
2026-05-01 13:12:52,390 [INFO] HTTP Request: POST http://localhost:2026/v1/chat/completions "HTTP/1.1 200 OK"
2026-05-01 13:12:52,392 [INFO] [1880/3987] id=openseek-3-52c95186b GT=[70, 316, 418, 58, 81, 98, 346, 280, 46] ✅ (3973ch, attempts=1, 25.7s)
2026-05-01 13:12:58,255 [INFO] HTTP Request: POST http://localhost:2026/v1/chat/completions "HTTP/1.1 200 OK"
2026-05-01 13:12:58,256 [INFO] [1881/3987] id=openseek-3-778e0ede4 GT=[50, 65, 98, 592, 280, 346] ✅ (1875ch, attempts=1, 12.2s)
2026-05-01 13:12:59,222 [INFO] HTTP Request: POST http://localhost:2026/v1/chat/completions "HTTP/1.1 200 OK"
2026-05-01 13:12:59,224 [INFO] [1882/3987] id=openseek-3-c39e95234 GT=[70, 62] ✅ (1789ch, attempts=1, 8.4s)
2026-05-01 13:13:07,057 [INFO] HTTP Request: POST http://localhost:2026/v1/chat/completions "HTTP/1.1 200 OK"
2026-05-01 13:13:07,059 [INFO] [1883/3987] id=openseek-3-667aad3e8 GT=[57, 63, 100, 490, 508, 124] ✅ (2177ch, attempts=1, 14.7s)
2026-05-01 13:13:11,764 [INFO] HTTP Request: POST http://localhost:2026/v1/chat/completions "HTTP/1.1 200 OK"
2026-05-01 13:13:11,765 [INFO] [1884/3987] id=openseek-3-cfc5de448 GT=[29, 76, 514, 484] ✅ (2178ch, attempts=1, 12.5s)
2026-05-01 13:13:15,942 [INFO] HTTP Request: POST http://localhost:2026/v1/chat/completions "HTTP/1.1 200 OK"
2026-05-01 13:13:15,944 [INFO] [1885/3987] id=openseek-3-9a042c113 GT=[304, 67, 68] ✅ (1777ch, attempts=1, 8.9s)
2026-05-01 13:13:21,070 [INFO] HTTP Request: POST http://localhost:2026/v1/chat/completions "HTTP/1.1 200 OK"
2026-05-01 13:13:21,071 [INFO] [1886/3987] id=openseek-3-45d620249 GT=[20, 95, 208, 208] ✅ (1577ch, attempts=1, 9.3s)
2026-05-01 13:13:21,273 [INFO] HTTP Request: POST http://localhost:2026/v1/chat/completions "HTTP/1.1 200 OK"
2026-05-01 13:13:21,275 [INFO] [1887/3987] id=openseek-3-57f83bde2 GT=[70, 118, 328, 30, 40, 4, 538, 91, 20] ✅ (3542ch, attempts=1, 23.0s)
2026-05-01 13:13:24,128 [INFO] HTTP Request: POST http://localhost:2026/v1/chat/completions "HTTP/1.1 200 OK"
2026-05-01 13:13:24,129 [INFO] [1888/3987] id=openseek-3-4dac8f76c GT=[496, 75] ✅ (1661ch, attempts=1, 8.2s)
2026-05-01 13:13:33,078 [INFO] HTTP Request: POST http://localhost:2026/v1/chat/completions "HTTP/1.1 200 OK"
2026-05-01 13:13:33,079 [INFO] [1889/3987] id=openseek-3-d4eeebf18 GT=[44, 42, 178, 310, 42] ✅ (1526ch, attempts=1, 8.9s)
2026-05-01 13:13:37,852 [INFO] HTTP Request: POST http://localhost:2026/v1/chat/completions "HTTP/1.1 200 OK"
2026-05-01 13:13:38,056 [INFO] [1890/3987] id=openseek-3-ad61fa558 GT=[6, 16, 250, 232, 238, 91, 496] ✅ (2678ch, attempts=1, 17.0s)
2026-05-01 13:13:39,075 [INFO] HTTP Request: POST http://localhost:2026/v1/chat/completions "HTTP/1.1 200 OK"
2026-05-01 13:13:39,076 [INFO] [1891/3987] id=openseek-3-1cbba5586 GT=[75, 70, 35, 430, 472, 352, 79] ✅ (2867ch, attempts=1, 17.8s)
2026-05-01 13:13:44,366 [INFO] HTTP Request: POST http://localhost:2026/v1/chat/completions "HTTP/1.1 200 OK"
2026-05-01 13:13:44,367 [INFO] [1892/3987] id=openseek-3-b9f350c40 GT=[370, 21, 238] ✅ (2134ch, attempts=1, 11.3s)
2026-05-01 13:13:52,114 [INFO] HTTP Request: POST http://localhost:2026/v1/chat/completions "HTTP/1.1 200 OK"
2026-05-01 13:13:52,116 [INFO] [1893/3987] id=openseek-3-0afe7fe2d GT=[59, 46, 73, 190, 3, 90, 11] ✅ (2433ch, attempts=1, 14.1s)
2026-05-01 13:13:57,521 [INFO] HTTP Request: POST http://localhost:2026/v1/chat/completions "HTTP/1.1 200 OK"
2026-05-01 13:13:57,523 [INFO] [1894/3987] id=openseek-3-bdebc6e99 GT=[88, 406, 274, 75, 304, 68, 11] ✅ (3118ch, attempts=1, 18.4s)
2026-05-01 13:13:57,624 [INFO] HTTP Request: POST http://localhost:2026/v1/chat/completions "HTTP/1.1 200 OK"
2026-05-01 13:13:57,626 [INFO] [1895/3987] id=openseek-3-71b57ac68 GT=[346, 184, 28, 406, 256, 92] ✅ (2086ch, attempts=1, 13.3s)
2026-05-01 13:14:04,863 [INFO] HTTP Request: POST http://localhost:2026/v1/chat/completions "HTTP/1.1 200 OK"
2026-05-01 13:14:04,864 [INFO] [1896/3987] id=openseek-3-62df1cff7 GT=[556, 556, 1, 38, 22, 256] ✅ (2138ch, attempts=1, 12.7s)
2026-05-01 13:14:08,107 [INFO] HTTP Request: POST http://localhost:2026/v1/chat/completions "HTTP/1.1 200 OK"
2026-05-01 13:14:08,108 [INFO] [1897/3987] id=openseek-3-47e932a92 GT=[25, 77, 73] ✅ (2085ch, attempts=1, 10.5s)
2026-05-01 13:14:09,109 [INFO] HTTP Request: POST http://localhost:2026/v1/chat/completions "HTTP/1.1 200 OK"
2026-05-01 13:14:09,111 [INFO] [1898/3987] id=openseek-3-50aee99e0 GT=[32, 394, 26, 22, 190, 86] ✅ (1801ch, attempts=1, 11.6s)
2026-05-01 13:14:13,493 [INFO] HTTP Request: POST http://localhost:2026/v1/chat/completions "HTTP/1.1 200 OK"
2026-05-01 13:14:13,495 [INFO] [1899/3987] id=openseek-3-b5ef6dac1 GT=[9, 31, 220] ✅ (1733ch, attempts=1, 8.6s)
2026-05-01 13:14:22,129 [INFO] HTTP Request: POST http://localhost:2026/v1/chat/completions "HTTP/1.1 200 OK"
2026-05-01 13:14:22,131 [INFO] [1900/3987] id=openseek-3-e1e44a761 GT=[106, 89, 22, 142, 84, 424] ✅ (2195ch, attempts=1, 14.0s)
2026-05-01 13:14:22,277 [INFO]   💾 已保存 (成功=1900 验证通过=1900 降级=0) | 4.7s/条均值 | ETA=162min
2026-05-01 13:14:26,610 [INFO] HTTP Request: POST http://localhost:2026/v1/chat/completions "HTTP/1.1 200 OK"
2026-05-01 13:14:26,611 [INFO] [1901/3987] id=openseek-3-72fe23ffb GT=[334, 93, 17, 13, 316, 496, 71, 2] ✅ (2875ch, attempts=1, 17.5s)
2026-05-01 13:14:28,520 [INFO] HTTP Request: POST http://localhost:2026/v1/chat/completions "HTTP/1.1 200 OK"
2026-05-01 13:14:28,521 [INFO] [1902/3987] id=openseek-3-e9cfc0c2f GT=[376, 98, 256, 418, 33, 592, 484] ✅ (2295ch, attempts=1, 15.0s)
2026-05-01 13:14:31,901 [INFO] HTTP Request: POST http://localhost:2026/v1/chat/completions "HTTP/1.1 200 OK"
2026-05-01 13:14:31,903 [INFO] [1903/3987] id=openseek-3-6773b137a GT=[14, 154] ✅ (2028ch, attempts=1, 9.8s)
2026-05-01 13:14:36,963 [INFO] HTTP Request: POST http://localhost:2026/v1/chat/completions "HTTP/1.1 200 OK"
2026-05-01 13:14:36,965 [INFO] [1904/3987] id=openseek-3-56f2c1f9b GT=[58, 57, 79, 33] ✅ (1761ch, attempts=1, 10.4s)
2026-05-01 13:14:40,323 [INFO] HTTP Request: POST http://localhost:2026/v1/chat/completions "HTTP/1.1 200 OK"
2026-05-01 13:14:40,324 [INFO] [1905/3987] id=openseek-3-520232ff4 GT=[19, 59, 64, 90, 42, 84] ✅ (1892ch, attempts=1, 11.8s)
2026-05-01 13:14:42,860 [INFO] HTTP Request: POST http://localhost:2026/v1/chat/completions "HTTP/1.1 200 OK"
2026-05-01 13:14:42,861 [INFO] [1906/3987] id=openseek-3-091c0f142 GT=[49, 106, 91, 424] ✅ (1993ch, attempts=1, 11.0s)
2026-05-01 13:14:44,623 [INFO] HTTP Request: POST http://localhost:2026/v1/chat/completions "HTTP/1.1 200 OK"
2026-05-01 13:14:44,624 [INFO] [1907/3987] id=openseek-3-6ccd1f8a9 GT=[364, 59] ✅ (1572ch, attempts=1, 7.7s)
2026-05-01 13:14:49,971 [INFO] HTTP Request: POST http://localhost:2026/v1/chat/completions "HTTP/1.1 200 OK"
2026-05-01 13:14:49,972 [INFO] [1908/3987] id=openseek-3-a674d0438 GT=[520, 69, 14, 21] ✅ (1708ch, attempts=1, 9.6s)
2026-05-01 13:14:54,826 [INFO] HTTP Request: POST http://localhost:2026/v1/chat/completions "HTTP/1.1 200 OK"
2026-05-01 13:14:54,827 [INFO] [1909/3987] id=openseek-3-2861b0076 GT=[51, 94, 478] ✅ (2484ch, attempts=1, 12.0s)
2026-05-01 13:15:02,157 [INFO] HTTP Request: POST http://localhost:2026/v1/chat/completions "HTTP/1.1 200 OK"
2026-05-01 13:15:02,158 [INFO] [1910/3987] id=openseek-3-963baf22a GT=[19, 14, 5, 490] ✅ (2253ch, attempts=1, 12.2s)
2026-05-01 13:15:04,218 [INFO] HTTP Request: POST http://localhost:2026/v1/chat/completions "HTTP/1.1 200 OK"
2026-05-01 13:15:04,219 [INFO] [1911/3987] id=openseek-3-3ed27b8eb GT=[23, 388] ✅ (1946ch, attempts=1, 9.4s)
2026-05-01 13:15:06,893 [INFO] HTTP Request: POST http://localhost:2026/v1/chat/completions "HTTP/1.1 200 OK"
2026-05-01 13:15:06,894 [INFO] [1912/3987] id=openseek-3-2a3e46496 GT=[72, 286, 328, 580, 85, 60, 94, 520] ✅ (3466ch, attempts=1, 22.3s)
2026-05-01 13:15:14,761 [INFO] HTTP Request: POST http://localhost:2026/v1/chat/completions "HTTP/1.1 200 OK"
2026-05-01 13:15:14,762 [INFO] [1913/3987] id=openseek-3-9743a0d30 GT=[88, 10, 586, 95] ✅ (2243ch, attempts=1, 12.6s)
2026-05-01 13:15:19,692 [INFO] HTTP Request: POST http://localhost:2026/v1/chat/completions "HTTP/1.1 200 OK"
2026-05-01 13:15:19,693 [INFO] [1914/3987] id=openseek-3-185a65a6c GT=[78, 508, 23] ✅ (2947ch, attempts=1, 15.5s)
2026-05-01 13:15:23,577 [INFO] HTTP Request: POST http://localhost:2026/v1/chat/completions "HTTP/1.1 200 OK"
2026-05-01 13:15:23,578 [INFO] [1915/3987] id=openseek-3-11567b0da GT=[21, 154, 57] ✅ (1774ch, attempts=1, 8.8s)
2026-05-01 13:15:33,582 [INFO] HTTP Request: POST http://localhost:2026/v1/chat/completions "HTTP/1.1 200 OK"
2026-05-01 13:15:33,582 [INFO] [1916/3987] id=openseek-3-a1a597303 GT=[178, 442, 520, 526, 412, 18, 166, 202,  ✅ (3994ch, attempts=1, 26.7s)
2026-05-01 13:15:34,928 [INFO] HTTP Request: POST http://localhost:2026/v1/chat/completions "HTTP/1.1 200 OK"
2026-05-01 13:15:34,929 [INFO] [1917/3987] id=openseek-3-cc0bc4666 GT=[74, 310, 100] ✅ (2125ch, attempts=1, 11.4s)
2026-05-01 13:15:36,500 [INFO] HTTP Request: POST http://localhost:2026/v1/chat/completions "HTTP/1.1 200 OK"
2026-05-01 13:15:36,501 [INFO] [1918/3987] id=openseek-3-4a008eff5 GT=[190, 412, 190, 97, 94, 382, 430] ✅ (2462ch, attempts=1, 16.8s)
2026-05-01 13:15:46,310 [INFO] HTTP Request: POST http://localhost:2026/v1/chat/completions "HTTP/1.1 200 OK"
2026-05-01 13:15:46,311 [INFO] [1919/3987] id=openseek-3-7361334fa GT=[598, 568, 208, 58] ✅ (2135ch, attempts=1, 12.7s)
2026-05-01 13:15:54,525 [INFO] HTTP Request: POST http://localhost:2026/v1/chat/completions "HTTP/1.1 200 OK"
2026-05-01 13:15:54,526 [INFO] [1920/3987] id=openseek-3-4df6d38c8 GT=[23, 142, 73, 56, 142, 30, 394, 226, 15] ✅ (2760ch, attempts=1, 18.0s)
2026-05-01 13:15:57,068 [INFO] HTTP Request: POST http://localhost:2026/v1/chat/completions "HTTP/1.1 200 OK"
2026-05-01 13:15:57,069 [INFO] [1921/3987] id=openseek-3-4c7765ea7 GT=[61, 37] ✅ (2360ch, attempts=1, 10.8s)
2026-05-01 13:16:00,077 [INFO] HTTP Request: POST http://localhost:2026/v1/chat/completions "HTTP/1.1 200 OK"
2026-05-01 13:16:00,078 [INFO] [1922/3987] id=openseek-3-d7b497215 GT=[98, 67, 286, 78, 196, 98, 406, 29, 16] ✅ (3982ch, attempts=1, 25.1s)
2026-05-01 13:16:06,255 [INFO] HTTP Request: POST http://localhost:2026/v1/chat/completions "HTTP/1.1 200 OK"
2026-05-01 13:16:06,256 [INFO] [1923/3987] id=openseek-3-e3c4a0a24 GT=[586, 14] ✅ (1776ch, attempts=1, 9.2s)
2026-05-01 13:16:06,697 [INFO] HTTP Request: POST http://localhost:2026/v1/chat/completions "HTTP/1.1 200 OK"
2026-05-01 13:16:06,698 [INFO] [1924/3987] id=openseek-3-e864584ff GT=[6, 292, 22, 442] ✅ (2115ch, attempts=1, 12.2s)
2026-05-01 13:16:15,984 [INFO] HTTP Request: POST http://localhost:2026/v1/chat/completions "HTTP/1.1 200 OK"
2026-05-01 13:16:15,985 [INFO] [1925/3987] id=openseek-3-2b9804011 GT=[73, 95, 84, 550, 13, 40, 502] ✅ (2543ch, attempts=1, 15.9s)
2026-05-01 13:16:17,275 [INFO] HTTP Request: POST http://localhost:2026/v1/chat/completions "HTTP/1.1 200 OK"
2026-05-01 13:16:17,276 [INFO] [1926/3987] id=openseek-3-fb60ccdac GT=[14, 34, 142, 97] ✅ (2011ch, attempts=1, 10.6s)
2026-05-01 13:16:26,157 [INFO] HTTP Request: POST http://localhost:2026/v1/chat/completions "HTTP/1.1 200 OK"
2026-05-01 13:16:26,158 [INFO] [1927/3987] id=openseek-3-218a954e6 GT=[24, 400, 44, 34, 12, 580, 38, 124, 556] ✅ (3084ch, attempts=1, 19.9s)
2026-05-01 13:16:29,747 [INFO] HTTP Request: POST http://localhost:2026/v1/chat/completions "HTTP/1.1 200 OK"
2026-05-01 13:16:29,748 [INFO] [1928/3987] id=openseek-3-37b3bb188 GT=[592, 526, 10, 442, 460] ✅ (1955ch, attempts=1, 12.5s)
2026-05-01 13:16:30,761 [INFO] HTTP Request: POST http://localhost:2026/v1/chat/completions "HTTP/1.1 200 OK"
2026-05-01 13:16:30,763 [INFO] [1929/3987] id=openseek-3-44f99747c GT=[93, 71, 24, 346, 346, 24, 95] ✅ (2345ch, attempts=1, 14.8s)
2026-05-01 13:16:40,703 [INFO] HTTP Request: POST http://localhost:2026/v1/chat/completions "HTTP/1.1 200 OK"
2026-05-01 13:16:40,705 [INFO] [1930/3987] id=openseek-3-0751c6ad1 GT=[538, 12, 28, 64, 46, 28] ✅ (1726ch, attempts=1, 9.9s)
2026-05-01 13:16:43,431 [INFO] HTTP Request: POST http://localhost:2026/v1/chat/completions "HTTP/1.1 200 OK"
2026-05-01 13:16:43,433 [INFO] [1931/3987] id=openseek-3-b6ec792a7 GT=[310, 310, 80, 238, 64, 382] ✅ (2103ch, attempts=1, 13.7s)
2026-05-01 13:16:49,840 [INFO] HTTP Request: POST http://localhost:2026/v1/chat/completions "HTTP/1.1 200 OK"
2026-05-01 13:16:49,841 [INFO] [1932/3987] id=openseek-3-e3164abbc GT=[118, 466, 142, 280, 262, 4, 52, 29, 202 ✅ (3504ch, attempts=1, 23.7s)
2026-05-01 13:16:53,834 [INFO] HTTP Request: POST http://localhost:2026/v1/chat/completions "HTTP/1.1 200 OK"
2026-05-01 13:16:53,835 [INFO] [1933/3987] id=openseek-3-59049dc92 GT=[16, 41, 94, 66, 37, 6, 12] ✅ (2101ch, attempts=1, 13.1s)
2026-05-01 13:17:00,324 [INFO] HTTP Request: POST http://localhost:2026/v1/chat/completions "HTTP/1.1 200 OK"
2026-05-01 13:17:00,325 [INFO] [1934/3987] id=openseek-3-978aa72b0 GT=[412, 62, 316, 250, 58] ✅ (1714ch, attempts=1, 10.5s)
2026-05-01 13:17:03,610 [INFO] HTTP Request: POST http://localhost:2026/v1/chat/completions "HTTP/1.1 200 OK"
2026-05-01 13:17:03,612 [INFO] [1935/3987] id=openseek-3-139ce0bed GT=[340, 64, 37, 97, 268, 27, 160, 60, 85] ✅ (3195ch, attempts=1, 20.2s)
2026-05-01 13:17:15,144 [INFO] HTTP Request: POST http://localhost:2026/v1/chat/completions "HTTP/1.1 200 OK"
2026-05-01 13:17:15,146 [INFO] [1936/3987] id=openseek-3-f9452e55f GT=[82, 532, 33, 93, 41, 52, 598, 244] ✅ (2098ch, attempts=1, 14.8s)
2026-05-01 13:17:16,200 [INFO] HTTP Request: POST http://localhost:2026/v1/chat/completions "HTTP/1.1 200 OK"
2026-05-01 13:17:16,201 [INFO] [1937/3987] id=openseek-3-2183d5288 GT=[10, 82, 27, 310, 87, 37, 106, 40, 25] ✅ (3509ch, attempts=1, 22.4s)
2026-05-01 13:17:20,812 [INFO] HTTP Request: POST http://localhost:2026/v1/chat/completions "HTTP/1.1 200 OK"
2026-05-01 13:17:20,813 [INFO] [1938/3987] id=openseek-3-eca765ef4 GT=[56, 538, 72, 42, 292, 38, 35, 63] ✅ (2755ch, attempts=1, 17.2s)
2026-05-01 13:17:27,573 [INFO] HTTP Request: POST http://localhost:2026/v1/chat/completions "HTTP/1.1 200 OK"
2026-05-01 13:17:27,574 [INFO] [1939/3987] id=openseek-3-dd9b46f6d GT=[472, 93, 184] ✅ (2135ch, attempts=1, 11.4s)
2026-05-01 13:17:36,964 [INFO] HTTP Request: POST http://localhost:2026/v1/chat/completions "HTTP/1.1 200 OK"
2026-05-01 13:17:36,965 [INFO] [1940/3987] id=openseek-3-916ac8edd GT=[25, 42, 1, 88, 70, 97, 490, 17] ✅ (2642ch, attempts=1, 16.2s)
2026-05-01 13:17:40,253 [INFO] HTTP Request: POST http://localhost:2026/v1/chat/completions "HTTP/1.1 200 OK"
2026-05-01 13:17:40,255 [INFO] [1941/3987] id=openseek-3-4b316f186 GT=[178, 496, 448, 60, 76, 31, 58, 34, 90] ✅ (4127ch, attempts=1, 25.1s)
2026-05-01 13:17:43,087 [INFO] HTTP Request: POST http://localhost:2026/v1/chat/completions "HTTP/1.1 200 OK"
2026-05-01 13:17:43,089 [INFO] [1942/3987] id=openseek-3-7e715e9db GT=[124, 448, 62, 85, 68, 262] ✅ (2509ch, attempts=1, 15.5s)
2026-05-01 13:17:47,032 [INFO] HTTP Request: POST http://localhost:2026/v1/chat/completions "HTTP/1.1 200 OK"
2026-05-01 13:17:47,034 [INFO] [1943/3987] id=openseek-3-bee6f25cb GT=[400, 88, 68] ✅ (1781ch, attempts=1, 10.1s)
2026-05-01 13:17:52,225 [INFO] HTTP Request: POST http://localhost:2026/v1/chat/completions "HTTP/1.1 200 OK"
2026-05-01 13:17:52,226 [INFO] [1944/3987] id=openseek-3-cb740b693 GT=[94, 220, 64, 55, 56] ✅ (2085ch, attempts=1, 12.0s)
2026-05-01 13:17:54,586 [INFO] HTTP Request: POST http://localhost:2026/v1/chat/completions "HTTP/1.1 200 OK"
2026-05-01 13:17:54,588 [INFO] [1945/3987] id=openseek-3-22e94df32 GT=[556, 2, 29] ✅ (1530ch, attempts=1, 7.6s)
2026-05-01 13:17:59,954 [INFO] HTTP Request: POST http://localhost:2026/v1/chat/completions "HTTP/1.1 200 OK"
2026-05-01 13:17:59,955 [INFO] [1946/3987] id=openseek-3-de962394a GT=[34, 346, 47, 68, 9, 550, 4, 3] ✅ (2546ch, attempts=1, 16.9s)
2026-05-01 13:18:06,972 [INFO] HTTP Request: POST http://localhost:2026/v1/chat/completions "HTTP/1.1 200 OK"
2026-05-01 13:18:06,973 [INFO] [1947/3987] id=openseek-3-94f235dcd GT=[226, 292, 98, 37, 50, 17, 52] ✅ (1980ch, attempts=1, 12.4s)
2026-05-01 13:18:10,490 [INFO] HTTP Request: POST http://localhost:2026/v1/chat/completions "HTTP/1.1 200 OK"
2026-05-01 13:18:10,492 [INFO] [1948/3987] id=openseek-3-f4f333f9d GT=[59, 106, 514, 79, 478, 32, 388, 45] ✅ (2679ch, attempts=1, 18.3s)
2026-05-01 13:18:14,704 [INFO] HTTP Request: POST http://localhost:2026/v1/chat/completions "HTTP/1.1 200 OK"
2026-05-01 13:18:14,705 [INFO] [1949/3987] id=openseek-3-7fbef9659 GT=[268, 25] ✅ (1637ch, attempts=1, 7.7s)
2026-05-01 13:18:14,723 [INFO] HTTP Request: POST http://localhost:2026/v1/chat/completions "HTTP/1.1 200 OK"
2026-05-01 13:18:14,724 [INFO] [1950/3987] id=openseek-3-b827270c5 GT=[13, 82, 406, 382, 376, 466, 53] ✅ (2224ch, attempts=1, 14.8s)
2026-05-01 13:18:14,869 [INFO]   💾 已保存 (成功=1950 验证通过=1950 降级=0) | 4.7s/条均值 | ETA=158min
2026-05-01 13:18:18,690 [INFO] HTTP Request: POST http://localhost:2026/v1/chat/completions "HTTP/1.1 200 OK"
2026-05-01 13:18:18,692 [INFO] [1951/3987] id=openseek-3-605e2b568 GT=[352, 502] ✅ (1569ch, attempts=1, 8.2s)
2026-05-01 13:18:23,745 [INFO] HTTP Request: POST http://localhost:2026/v1/chat/completions "HTTP/1.1 200 OK"
2026-05-01 13:18:23,747 [INFO] [1952/3987] id=openseek-3-4d928704a GT=[532, 21] ✅ (1760ch, attempts=1, 9.0s)
2026-05-01 13:18:27,358 [INFO] HTTP Request: POST http://localhost:2026/v1/chat/completions "HTTP/1.1 200 OK"
2026-05-01 13:18:27,359 [INFO] [1953/3987] id=openseek-3-114bae004 GT=[262, 544, 45, 54] ✅ (2230ch, attempts=1, 12.7s)
2026-05-01 13:18:34,263 [INFO] HTTP Request: POST http://localhost:2026/v1/chat/completions "HTTP/1.1 200 OK"
2026-05-01 13:18:34,265 [INFO] [1954/3987] id=openseek-3-df714aa5a GT=[11, 91, 526, 25, 4, 27, 89] ✅ (2739ch, attempts=1, 15.6s)
2026-05-01 13:18:35,405 [INFO] HTTP Request: POST http://localhost:2026/v1/chat/completions "HTTP/1.1 200 OK"
2026-05-01 13:18:35,407 [INFO] [1955/3987] id=openseek-3-af5505d3f GT=[484, 31, 76, 4, 53] ✅ (1997ch, attempts=1, 11.7s)
2026-05-01 13:18:43,674 [INFO] HTTP Request: POST http://localhost:2026/v1/chat/completions "HTTP/1.1 200 OK"
2026-05-01 13:18:43,675 [INFO] [1956/3987] id=openseek-3-06288b070 GT=[83, 220] ✅ (1946ch, attempts=1, 9.4s)
2026-05-01 13:18:44,665 [INFO] HTTP Request: POST http://localhost:2026/v1/chat/completions "HTTP/1.1 200 OK"
2026-05-01 13:18:44,666 [INFO] [1957/3987] id=openseek-3-7ce167deb GT=[44, 334, 388, 178, 77, 94, 22] ✅ (2748ch, attempts=1, 17.3s)
2026-05-01 13:18:44,939 [INFO] HTTP Request: POST http://localhost:2026/v1/chat/completions "HTTP/1.1 200 OK"
2026-05-01 13:18:44,941 [INFO] [1958/3987] id=openseek-3-160867462 GT=[310, 58] ✅ (1935ch, attempts=1, 9.5s)
2026-05-01 13:18:56,753 [INFO] HTTP Request: POST http://localhost:2026/v1/chat/completions "HTTP/1.1 200 OK"
2026-05-01 13:18:56,755 [INFO] [1959/3987] id=openseek-3-ef9125e73 GT=[93, 178, 73, 12] ✅ (2206ch, attempts=1, 11.8s)
2026-05-01 13:19:02,285 [INFO] HTTP Request: POST http://localhost:2026/v1/chat/completions "HTTP/1.1 200 OK"
2026-05-01 13:19:02,287 [INFO] [1960/3987] id=openseek-3-1a0f2a0e3 GT=[80, 160, 334, 33, 65, 94, 556] ✅ (2906ch, attempts=1, 17.6s)
2026-05-01 13:19:06,541 [INFO] HTTP Request: POST http://localhost:2026/v1/chat/completions "HTTP/1.1 200 OK"
2026-05-01 13:19:06,542 [INFO] [1961/3987] id=openseek-3-a8ecdc1d3 GT=[280, 406, 316, 84, 304, 43, 63, 226] ✅ (3568ch, attempts=1, 22.9s)
2026-05-01 13:19:12,813 [INFO] HTTP Request: POST http://localhost:2026/v1/chat/completions "HTTP/1.1 200 OK"
2026-05-01 13:19:12,815 [INFO] [1962/3987] id=openseek-3-ffe9db286 GT=[556, 84, 55, 1, 69, 47, 550, 70] ✅ (2676ch, attempts=1, 16.1s)
2026-05-01 13:19:13,155 [INFO] HTTP Request: POST http://localhost:2026/v1/chat/completions "HTTP/1.1 200 OK"
2026-05-01 13:19:13,157 [INFO] [1963/3987] id=openseek-3-0c7c2d885 GT=[40, 532, 36, 31] ✅ (1927ch, attempts=1, 10.9s)
2026-05-01 13:19:18,927 [INFO] HTTP Request: POST http://localhost:2026/v1/chat/completions "HTTP/1.1 200 OK"
2026-05-01 13:19:18,928 [INFO] [1964/3987] id=openseek-3-a4e45618f GT=[226, 51, 37, 8, 394] ✅ (2068ch, attempts=1, 12.4s)
2026-05-01 13:19:23,535 [INFO] HTTP Request: POST http://localhost:2026/v1/chat/completions "HTTP/1.1 200 OK"
2026-05-01 13:19:23,537 [INFO] [1965/3987] id=openseek-3-08ec082f2 GT=[23, 586, 70] ✅ (2173ch, attempts=1, 10.7s)
2026-05-01 13:19:27,165 [INFO] HTTP Request: POST http://localhost:2026/v1/chat/completions "HTTP/1.1 200 OK"
2026-05-01 13:19:27,166 [INFO] [1966/3987] id=openseek-3-06026639c GT=[86, 412] ✅ (1698ch, attempts=1, 8.2s)
2026-05-01 13:19:34,676 [INFO] HTTP Request: POST http://localhost:2026/v1/chat/completions "HTTP/1.1 200 OK"
2026-05-01 13:19:34,677 [INFO] [1967/3987] id=openseek-3-67e7db9c5 GT=[79, 178, 208, 250, 196, 502, 36, 76] ✅ (3414ch, attempts=1, 21.5s)
2026-05-01 13:19:42,630 [INFO] HTTP Request: POST http://localhost:2026/v1/chat/completions "HTTP/1.1 200 OK"
2026-05-01 13:19:42,631 [INFO] [1968/3987] id=openseek-3-eb01e2082 GT=[28, 124, 60, 29, 40, 28, 20, 58, 98] ✅ (3218ch, attempts=1, 19.1s)
2026-05-01 13:19:42,911 [INFO] HTTP Request: POST http://localhost:2026/v1/chat/completions "HTTP/1.1 200 OK"
2026-05-01 13:19:42,912 [INFO] [1969/3987] id=openseek-3-742c99c90 GT=[442, 76, 460, 29, 64, 77] ✅ (2532ch, attempts=1, 15.7s)
2026-05-01 13:19:52,381 [INFO] HTTP Request: POST http://localhost:2026/v1/chat/completions "HTTP/1.1 200 OK"
2026-05-01 13:19:52,382 [INFO] [1970/3987] id=openseek-3-8c2927a1c GT=[406, 17, 496, 412, 58, 86, 96, 40] ✅ (2927ch, attempts=1, 17.7s)
2026-05-01 13:19:53,592 [INFO] HTTP Request: POST http://localhost:2026/v1/chat/completions "HTTP/1.1 200 OK"
2026-05-01 13:19:53,594 [INFO] [1971/3987] id=openseek-3-005dd7cf3 GT=[130, 57, 87, 85, 58] ✅ (1831ch, attempts=1, 10.7s)
2026-05-01 13:19:54,492 [INFO] HTTP Request: POST http://localhost:2026/v1/chat/completions "HTTP/1.1 200 OK"
2026-05-01 13:19:54,494 [INFO] [1972/3987] id=openseek-3-7422a3c9f GT=[298, 23, 478, 25, 61] ✅ (1970ch, attempts=1, 11.9s)
2026-05-01 13:20:02,686 [INFO] HTTP Request: POST http://localhost:2026/v1/chat/completions "HTTP/1.1 200 OK"
2026-05-01 13:20:02,687 [INFO] [1973/3987] id=openseek-3-943c4fb2b GT=[52, 124] ✅ (1949ch, attempts=1, 9.1s)
2026-05-01 13:20:03,549 [INFO] HTTP Request: POST http://localhost:2026/v1/chat/completions "HTTP/1.1 200 OK"
2026-05-01 13:20:03,551 [INFO] [1974/3987] id=openseek-3-bd1374b42 GT=[280, 89, 90, 49] ✅ (1715ch, attempts=1, 9.1s)
2026-05-01 13:20:04,811 [INFO] HTTP Request: POST http://localhost:2026/v1/chat/completions "HTTP/1.1 200 OK"
2026-05-01 13:20:04,813 [INFO] [1975/3987] id=openseek-3-e9f7e5ac4 GT=[34, 82, 148, 214] ✅ (2246ch, attempts=1, 12.4s)
2026-05-01 13:20:11,090 [INFO] HTTP Request: POST http://localhost:2026/v1/chat/completions "HTTP/1.1 200 OK"
2026-05-01 13:20:11,092 [INFO] [1976/3987] id=openseek-3-274a8e8e7 GT=[83, 478] ✅ (1535ch, attempts=1, 7.5s)
2026-05-01 13:20:14,334 [INFO] HTTP Request: POST http://localhost:2026/v1/chat/completions "HTTP/1.1 200 OK"
2026-05-01 13:20:14,336 [INFO] [1977/3987] id=openseek-3-30a60052e GT=[6, 95, 52] ✅ (2449ch, attempts=1, 11.6s)
2026-05-01 13:20:19,834 [INFO] HTTP Request: POST http://localhost:2026/v1/chat/completions "HTTP/1.1 200 OK"
2026-05-01 13:20:19,835 [INFO] [1978/3987] id=openseek-3-d39eea523 GT=[44, 76, 514] ✅ (1724ch, attempts=1, 8.7s)
2026-05-01 13:20:22,459 [INFO] HTTP Request: POST http://localhost:2026/v1/chat/completions "HTTP/1.1 200 OK"
2026-05-01 13:20:22,461 [INFO] [1979/3987] id=openseek-3-77f8911c2 GT=[91, 88, 14, 208, 10, 256, 526, 8, 574] ✅ (2928ch, attempts=1, 17.6s)
2026-05-01 13:20:29,254 [INFO] HTTP Request: POST http://localhost:2026/v1/chat/completions "HTTP/1.1 200 OK"
2026-05-01 13:20:29,256 [INFO] [1980/3987] id=openseek-3-a3e845d47 GT=[34, 45, 55, 532, 100] ✅ (2445ch, attempts=1, 14.9s)
2026-05-01 13:20:29,401 [INFO] HTTP Request: POST http://localhost:2026/v1/chat/completions "HTTP/1.1 200 OK"
2026-05-01 13:20:29,403 [INFO] [1981/3987] id=openseek-3-90901efd2 GT=[50, 69, 66] ✅ (1878ch, attempts=1, 9.6s)
2026-05-01 13:20:38,446 [INFO] HTTP Request: POST http://localhost:2026/v1/chat/completions "HTTP/1.1 200 OK"
2026-05-01 13:20:38,447 [INFO] [1982/3987] id=openseek-3-84ba81a21 GT=[16, 280, 60, 2, 56, 72] ✅ (1516ch, attempts=1, 9.0s)
2026-05-01 13:20:41,715 [INFO] HTTP Request: POST http://localhost:2026/v1/chat/completions "HTTP/1.1 200 OK"
2026-05-01 13:20:41,716 [INFO] [1983/3987] id=openseek-3-ae487e882 GT=[304, 196, 100, 118, 70, 262, 91, 394, 7 ✅ (2913ch, attempts=1, 19.3s)
2026-05-01 13:20:48,403 [INFO] HTTP Request: POST http://localhost:2026/v1/chat/completions "HTTP/1.1 200 OK"
2026-05-01 13:20:48,405 [INFO] [1984/3987] id=openseek-3-b8c10443b GT=[89, 334, 41, 9, 112, 328, 520, 63, 34] ✅ (2923ch, attempts=1, 19.1s)
2026-05-01 13:20:55,740 [INFO] HTTP Request: POST http://localhost:2026/v1/chat/completions "HTTP/1.1 200 OK"
2026-05-01 13:20:55,741 [INFO] [1985/3987] id=openseek-3-7b705fc8e GT=[352, 96, 376, 76, 29, 508, 64] ✅ (3059ch, attempts=1, 17.3s)
2026-05-01 13:20:59,184 [INFO] HTTP Request: POST http://localhost:2026/v1/chat/completions "HTTP/1.1 200 OK"
2026-05-01 13:20:59,185 [INFO] [1986/3987] id=openseek-3-a5a95292a GT=[202, 562, 28, 52, 80, 98, 88] ✅ (2940ch, attempts=1, 17.5s)
2026-05-01 13:21:00,338 [INFO] HTTP Request: POST http://localhost:2026/v1/chat/completions "HTTP/1.1 200 OK"
2026-05-01 13:21:00,339 [INFO] [1987/3987] id=openseek-3-c878b4a9c GT=[46, 220, 220, 55, 29, 190, 52, 27] ✅ (1762ch, attempts=1, 11.9s)
2026-05-01 13:21:11,686 [INFO] HTTP Request: POST http://localhost:2026/v1/chat/completions "HTTP/1.1 200 OK"
2026-05-01 13:21:11,687 [INFO] [1988/3987] id=openseek-3-87091833e GT=[32, 232, 328, 94, 130, 11, 586, 412] ✅ (2561ch, attempts=1, 15.9s)
2026-05-01 13:21:16,826 [INFO] HTTP Request: POST http://localhost:2026/v1/chat/completions "HTTP/1.1 200 OK"
2026-05-01 13:21:16,828 [INFO] [1989/3987] id=openseek-3-29dce8c12 GT=[574, 196, 15, 30, 94, 84, 4, 544, 69] ✅ (2781ch, attempts=1, 17.6s)
2026-05-01 13:21:17,779 [INFO] HTTP Request: POST http://localhost:2026/v1/chat/completions "HTTP/1.1 200 OK"
2026-05-01 13:21:17,781 [INFO] [1990/3987] id=openseek-3-642813b00 GT=[5, 70, 31, 7, 93, 172, 424] ✅ (2967ch, attempts=1, 17.4s)
2026-05-01 13:21:24,571 [INFO] HTTP Request: POST http://localhost:2026/v1/chat/completions "HTTP/1.1 200 OK"
2026-05-01 13:21:24,572 [INFO] [1991/3987] id=openseek-3-62f1eed25 GT=[8, 96, 232, 196] ✅ (2280ch, attempts=1, 12.9s)
2026-05-01 13:21:25,740 [INFO] HTTP Request: POST http://localhost:2026/v1/chat/completions "HTTP/1.1 200 OK"
2026-05-01 13:21:25,741 [INFO] [1992/3987] id=openseek-3-baa511f5c GT=[1, 586, 64, 32, 47] ✅ (1490ch, attempts=1, 8.9s)
2026-05-01 13:21:38,682 [INFO] HTTP Request: POST http://localhost:2026/v1/chat/completions "HTTP/1.1 200 OK"
2026-05-01 13:21:38,683 [INFO] [1993/3987] id=openseek-3-64eb72d6a GT=[178, 418, 71, 190, 412, 39, 256, 73, 14 ✅ (3001ch, attempts=1, 20.9s)
2026-05-01 13:21:39,640 [INFO] HTTP Request: POST http://localhost:2026/v1/chat/completions "HTTP/1.1 200 OK"
2026-05-01 13:21:39,641 [INFO] [1994/3987] id=openseek-3-0f77c442c GT=[454, 10, 190, 49, 18, 48, 5] ✅ (2106ch, attempts=1, 13.9s)
2026-05-01 13:21:42,055 [INFO] HTTP Request: POST http://localhost:2026/v1/chat/completions "HTTP/1.1 200 OK"
2026-05-01 13:21:42,056 [INFO] [1995/3987] id=openseek-3-1e2910ed3 GT=[63, 430, 63, 424, 22, 28, 298, 7] ✅ (2736ch, attempts=1, 17.5s)
2026-05-01 13:21:46,880 [INFO] HTTP Request: POST http://localhost:2026/v1/chat/completions "HTTP/1.1 200 OK"
2026-05-01 13:21:46,881 [INFO] [1996/3987] id=openseek-3-ead1b1951 GT=[27, 550] ✅ (1646ch, attempts=1, 8.2s)
2026-05-01 13:21:49,948 [INFO] HTTP Request: POST http://localhost:2026/v1/chat/completions "HTTP/1.1 200 OK"
2026-05-01 13:21:49,949 [INFO] [1997/3987] id=openseek-3-fbc77dda9 GT=[30, 57] ✅ (1728ch, attempts=1, 7.9s)
2026-05-01 13:22:04,232 [INFO] HTTP Request: POST http://localhost:2026/v1/chat/completions "HTTP/1.1 200 OK"
2026-05-01 13:22:04,234 [INFO] [1998/3987] id=openseek-3-9fb04d3b2 GT=[142, 52, 472, 574, 29, 39, 46, 55, 448] ✅ (3841ch, attempts=1, 24.6s)
2026-05-01 13:22:09,393 [INFO] HTTP Request: POST http://localhost:2026/v1/chat/completions "HTTP/1.1 200 OK"
2026-05-01 13:22:09,394 [INFO] [1999/3987] id=openseek-3-16fe4cd77 GT=[418, 46, 130, 56, 508, 88, 124, 75, 322 ✅ (3477ch, attempts=1, 22.5s)
2026-05-01 13:22:10,099 [INFO] HTTP Request: POST http://localhost:2026/v1/chat/completions "HTTP/1.1 200 OK"
2026-05-01 13:22:10,100 [INFO] [2000/3987] id=openseek-3-f63e513af GT=[220, 17, 316, 82, 76, 508, 74, 448, 352 ✅ (3160ch, attempts=1, 20.2s)
2026-05-01 13:22:10,243 [INFO]   💾 已保存 (成功=2000 验证通过=2000 降级=0) | 4.7s/条均值 | ETA=154min
2026-05-01 13:22:19,903 [INFO] HTTP Request: POST http://localhost:2026/v1/chat/completions "HTTP/1.1 200 OK"
2026-05-01 13:22:19,905 [INFO] [2001/3987] id=openseek-3-eb42dcafc GT=[574, 46, 40, 14] ✅ (2065ch, attempts=1, 10.5s)
2026-05-01 13:22:20,635 [INFO] HTTP Request: POST http://localhost:2026/v1/chat/completions "HTTP/1.1 200 OK"
2026-05-01 13:22:20,636 [INFO] [2002/3987] id=openseek-3-f7368b6c8 GT=[80, 538] ✅ (2086ch, attempts=1, 10.5s)
2026-05-01 13:22:27,728 [INFO] HTTP Request: POST http://localhost:2026/v1/chat/completions "HTTP/1.1 200 OK"
2026-05-01 13:22:27,729 [INFO] [2003/3987] id=openseek-3-08a2e1324 GT=[33, 514, 550, 10, 70, 328, 57, 580] ✅ (3805ch, attempts=1, 23.5s)
2026-05-01 13:22:31,474 [INFO] HTTP Request: POST http://localhost:2026/v1/chat/completions "HTTP/1.1 200 OK"
2026-05-01 13:22:31,475 [INFO] [2004/3987] id=openseek-3-5f5a309a8 GT=[92, 88, 85] ✅ (2239ch, attempts=1, 10.8s)
2026-05-01 13:22:33,536 [INFO] HTTP Request: POST http://localhost:2026/v1/chat/completions "HTTP/1.1 200 OK"
2026-05-01 13:22:33,537 [INFO] [2005/3987] id=openseek-3-7aaf7ee51 GT=[54, 22, 220, 184] ✅ (2364ch, attempts=1, 13.6s)
2026-05-01 13:22:36,589 [INFO] HTTP Request: POST http://localhost:2026/v1/chat/completions "HTTP/1.1 200 OK"
2026-05-01 13:22:36,590 [INFO] [2006/3987] id=openseek-3-dd4eed0bb GT=[226, 9, 61, 268] ✅ (1551ch, attempts=1, 8.9s)
2026-05-01 13:22:44,744 [INFO] HTTP Request: POST http://localhost:2026/v1/chat/completions "HTTP/1.1 200 OK"
2026-05-01 13:22:44,745 [INFO] [2007/3987] id=openseek-3-77f339e73 GT=[72, 98, 556, 556] ✅ (1448ch, attempts=1, 8.2s)
2026-05-01 13:22:47,417 [INFO] HTTP Request: POST http://localhost:2026/v1/chat/completions "HTTP/1.1 200 OK"
2026-05-01 13:22:47,418 [INFO] [2008/3987] id=openseek-3-1bd4d97f0 GT=[25, 442, 30, 262, 86, 30, 91, 53] ✅ (2638ch, attempts=1, 15.9s)
2026-05-01 13:22:50,185 [INFO] HTTP Request: POST http://localhost:2026/v1/chat/completions "HTTP/1.1 200 OK"
2026-05-01 13:22:50,187 [INFO] [2009/3987] id=openseek-3-80561f992 GT=[238, 100, 226, 538, 83, 130] ✅ (2572ch, attempts=1, 16.6s)
2026-05-01 13:22:55,940 [INFO] HTTP Request: POST http://localhost:2026/v1/chat/completions "HTTP/1.1 200 OK"
2026-05-01 13:22:55,941 [INFO] [2010/3987] id=openseek-3-015a3d9d2 GT=[11, 436, 454, 94, 328] ✅ (1775ch, attempts=1, 11.2s)
2026-05-01 13:23:00,054 [INFO] HTTP Request: POST http://localhost:2026/v1/chat/completions "HTTP/1.1 200 OK"
2026-05-01 13:23:00,055 [INFO] [2011/3987] id=openseek-3-fa9dd32cd GT=[13, 118, 190] ✅ (2517ch, attempts=1, 12.6s)
2026-05-01 13:23:03,141 [INFO] HTTP Request: POST http://localhost:2026/v1/chat/completions "HTTP/1.1 200 OK"
2026-05-01 13:23:03,142 [INFO] [2012/3987] id=openseek-3-57d5be6fc GT=[406, 472, 154, 93] ✅ (2097ch, attempts=1, 13.0s)
2026-05-01 13:23:08,361 [INFO] HTTP Request: POST http://localhost:2026/v1/chat/completions "HTTP/1.1 200 OK"
2026-05-01 13:23:08,362 [INFO] [2013/3987] id=openseek-3-e7cb20190 GT=[580, 112, 82, 454] ✅ (2135ch, attempts=1, 12.4s)
2026-05-01 13:23:10,298 [INFO] HTTP Request: POST http://localhost:2026/v1/chat/completions "HTTP/1.1 200 OK"
2026-05-01 13:23:10,299 [INFO] [2014/3987] id=openseek-3-648b8a4ce GT=[84, 298] ✅ (1459ch, attempts=1, 7.2s)
2026-05-01 13:23:13,044 [INFO] HTTP Request: POST http://localhost:2026/v1/chat/completions "HTTP/1.1 200 OK"
2026-05-01 13:23:13,045 [INFO] [2015/3987] id=openseek-3-823b00106 GT=[20, 23, 86, 19, 460] ✅ (2211ch, attempts=1, 13.0s)
2026-05-01 13:23:18,062 [INFO] HTTP Request: POST http://localhost:2026/v1/chat/completions "HTTP/1.1 200 OK"
2026-05-01 13:23:18,063 [INFO] [2016/3987] id=openseek-3-cfb7c9b67 GT=[430, 75, 310, 520] ✅ (1581ch, attempts=1, 9.7s)
2026-05-01 13:23:25,204 [INFO] HTTP Request: POST http://localhost:2026/v1/chat/completions "HTTP/1.1 200 OK"
2026-05-01 13:23:25,205 [INFO] [2017/3987] id=openseek-3-237e4b9aa GT=[32, 1, 172, 88] ✅ (2216ch, attempts=1, 12.2s)
2026-05-01 13:23:28,512 [INFO] HTTP Request: POST http://localhost:2026/v1/chat/completions "HTTP/1.1 200 OK"
2026-05-01 13:23:28,513 [INFO] [2018/3987] id=openseek-3-8bea690de GT=[172, 62, 46] ✅ (2092ch, attempts=1, 10.4s)
2026-05-01 13:23:30,928 [INFO] HTTP Request: POST http://localhost:2026/v1/chat/completions "HTTP/1.1 200 OK"
2026-05-01 13:23:30,929 [INFO] [2019/3987] id=openseek-3-6ed979087 GT=[7, 124, 592, 484, 322, 14, 100, 514, 17 ✅ (3088ch, attempts=1, 20.6s)
2026-05-01 13:23:32,571 [INFO] HTTP Request: POST http://localhost:2026/v1/chat/completions "HTTP/1.1 200 OK"
2026-05-01 13:23:32,572 [INFO] [2020/3987] id=openseek-3-4a0bf053e GT=[442, 6, 63] ✅ (1360ch, attempts=1, 7.4s)
2026-05-01 13:23:44,304 [INFO] HTTP Request: POST http://localhost:2026/v1/chat/completions "HTTP/1.1 200 OK"
2026-05-01 13:23:44,305 [INFO] [2021/3987] id=openseek-3-e91be8422 GT=[34, 57, 84, 484, 21, 18] ✅ (2558ch, attempts=1, 15.8s)
2026-05-01 13:23:47,666 [INFO] HTTP Request: POST http://localhost:2026/v1/chat/completions "HTTP/1.1 200 OK"
2026-05-01 13:23:47,668 [INFO] [2022/3987] id=openseek-3-4acf19f51 GT=[79, 412, 76, 448, 98, 436, 57, 148] ✅ (2400ch, attempts=1, 16.7s)
2026-05-01 13:23:54,472 [INFO] HTTP Request: POST http://localhost:2026/v1/chat/completions "HTTP/1.1 200 OK"
2026-05-01 13:23:54,473 [INFO] [2023/3987] id=openseek-3-5304db20e GT=[226, 460, 310, 1, 36, 388, 67, 448, 67] ✅ (3356ch, attempts=1, 21.9s)
2026-05-01 13:24:02,855 [INFO] HTTP Request: POST http://localhost:2026/v1/chat/completions "HTTP/1.1 200 OK"
2026-05-01 13:24:02,857 [INFO] [2024/3987] id=openseek-3-08593089f GT=[65, 502, 97, 17, 4, 33, 72, 29, 520] ✅ (2775ch, attempts=1, 18.6s)
2026-05-01 13:24:05,454 [INFO] HTTP Request: POST http://localhost:2026/v1/chat/completions "HTTP/1.1 200 OK"
2026-05-01 13:24:05,455 [INFO] [2025/3987] id=openseek-3-8acfefa92 GT=[74, 256, 67, 100, 17] ✅ (1885ch, attempts=1, 11.0s)
2026-05-01 13:24:06,517 [INFO] HTTP Request: POST http://localhost:2026/v1/chat/completions "HTTP/1.1 200 OK"
2026-05-01 13:24:06,519 [INFO] [2026/3987] id=openseek-3-04ea6b51c GT=[64, 280, 86, 40, 598, 250, 22, 94, 406] ✅ (2823ch, attempts=1, 18.9s)
2026-05-01 13:24:15,653 [INFO] HTTP Request: POST http://localhost:2026/v1/chat/completions "HTTP/1.1 200 OK"
2026-05-01 13:24:15,654 [INFO] [2027/3987] id=openseek-3-6b0a695be GT=[16, 7] ✅ (1893ch, attempts=1, 9.1s)
2026-05-01 13:24:19,636 [INFO] HTTP Request: POST http://localhost:2026/v1/chat/completions "HTTP/1.1 200 OK"
2026-05-01 13:24:19,637 [INFO] [2028/3987] id=openseek-3-7b7bd62cd GT=[52, 66, 3, 76, 72, 93] ✅ (2488ch, attempts=1, 14.2s)
2026-05-01 13:24:21,203 [INFO] HTTP Request: POST http://localhost:2026/v1/chat/completions "HTTP/1.1 200 OK"
2026-05-01 13:24:21,204 [INFO] [2029/3987] id=openseek-3-917030d92 GT=[556, 232, 598, 55, 376, 37, 106] ✅ (2844ch, attempts=1, 18.3s)
2026-05-01 13:24:23,445 [INFO] HTTP Request: POST http://localhost:2026/v1/chat/completions "HTTP/1.1 200 OK"
2026-05-01 13:24:23,446 [INFO] [2030/3987] id=openseek-3-4afc57d05 GT=[65, 54, 484] ✅ (1430ch, attempts=1, 7.8s)
2026-05-01 13:24:33,548 [INFO] HTTP Request: POST http://localhost:2026/v1/chat/completions "HTTP/1.1 200 OK"
2026-05-01 13:24:33,549 [INFO] [2031/3987] id=openseek-3-5905b141b GT=[568, 262, 79, 95, 96] ✅ (2117ch, attempts=1, 12.3s)
2026-05-01 13:24:34,211 [INFO] HTTP Request: POST http://localhost:2026/v1/chat/completions "HTTP/1.1 200 OK"
2026-05-01 13:24:34,212 [INFO] [2032/3987] id=openseek-3-a94b3c5d5 GT=[328, 16, 20, 57] ✅ (1882ch, attempts=1, 10.8s)
2026-05-01 13:24:34,415 [INFO] HTTP Request: POST http://localhost:2026/v1/chat/completions "HTTP/1.1 200 OK"
2026-05-01 13:24:34,417 [INFO] [2033/3987] id=openseek-3-b94dfd64e GT=[52, 68, 49, 394, 34, 532] ✅ (2422ch, attempts=1, 14.8s)
2026-05-01 13:24:43,125 [INFO] HTTP Request: POST http://localhost:2026/v1/chat/completions "HTTP/1.1 200 OK"
2026-05-01 13:24:43,126 [INFO] [2034/3987] id=openseek-3-f912c0491 GT=[454, 70, 82] ✅ (1747ch, attempts=1, 9.6s)
2026-05-01 13:24:48,320 [INFO] HTTP Request: POST http://localhost:2026/v1/chat/completions "HTTP/1.1 200 OK"
2026-05-01 13:24:48,321 [INFO] [2035/3987] id=openseek-3-4b0e1c1b4 GT=[424, 20, 562, 190, 88, 67] ✅ (2286ch, attempts=1, 14.1s)
2026-05-01 13:24:52,340 [INFO] HTTP Request: POST http://localhost:2026/v1/chat/completions "HTTP/1.1 200 OK"
2026-05-01 13:24:52,342 [INFO] [2036/3987] id=openseek-3-1299fa977 GT=[48, 16, 13, 208, 148, 66, 82, 74] ✅ (3038ch, attempts=1, 17.9s)
2026-05-01 13:24:55,866 [INFO] HTTP Request: POST http://localhost:2026/v1/chat/completions "HTTP/1.1 200 OK"
2026-05-01 13:24:55,867 [INFO] [2037/3987] id=openseek-3-329e8124b GT=[142, 394, 88, 466, 24] ✅ (1983ch, attempts=1, 12.7s)
2026-05-01 13:24:57,250 [INFO] HTTP Request: POST http://localhost:2026/v1/chat/completions "HTTP/1.1 200 OK"
2026-05-01 13:24:57,251 [INFO] [2038/3987] id=openseek-3-aceb234ea GT=[38, 466, 88] ✅ (1639ch, attempts=1, 8.9s)
2026-05-01 13:25:01,662 [INFO] HTTP Request: POST http://localhost:2026/v1/chat/completions "HTTP/1.1 200 OK"
2026-05-01 13:25:01,663 [INFO] [2039/3987] id=openseek-3-464bae2de GT=[50, 376] ✅ (1922ch, attempts=1, 9.3s)
2026-05-01 13:25:07,937 [INFO] HTTP Request: POST http://localhost:2026/v1/chat/completions "HTTP/1.1 200 OK"
2026-05-01 13:25:07,938 [INFO] [2040/3987] id=openseek-3-840faddf1 GT=[358, 478, 22] ✅ (1910ch, attempts=1, 10.7s)
2026-05-01 13:25:12,785 [INFO] HTTP Request: POST http://localhost:2026/v1/chat/completions "HTTP/1.1 200 OK"
2026-05-01 13:25:12,786 [INFO] [2041/3987] id=openseek-3-9389214ed GT=[388, 3, 52, 33, 442, 65, 70, 20] ✅ (2751ch, attempts=1, 16.9s)
2026-05-01 13:25:14,834 [INFO] HTTP Request: POST http://localhost:2026/v1/chat/completions "HTTP/1.1 200 OK"
2026-05-01 13:25:14,835 [INFO] [2042/3987] id=openseek-3-86767738c GT=[100, 82, 51, 38] ✅ (2500ch, attempts=1, 13.2s)
2026-05-01 13:25:19,073 [INFO] HTTP Request: POST http://localhost:2026/v1/chat/completions "HTTP/1.1 200 OK"
2026-05-01 13:25:19,074 [INFO] [2043/3987] id=openseek-3-f95858fe3 GT=[28, 430, 322] ✅ (1973ch, attempts=1, 11.1s)
2026-05-01 13:25:29,412 [INFO] HTTP Request: POST http://localhost:2026/v1/chat/completions "HTTP/1.1 200 OK"
2026-05-01 13:25:29,413 [INFO] [2044/3987] id=openseek-3-94c91ceb2 GT=[88, 79, 256, 11, 69, 30, 16] ✅ (2337ch, attempts=1, 14.6s)
2026-05-01 13:25:31,566 [INFO] HTTP Request: POST http://localhost:2026/v1/chat/completions "HTTP/1.1 200 OK"
2026-05-01 13:25:31,567 [INFO] [2045/3987] id=openseek-3-84b0c4484 GT=[448, 118, 25, 94, 472, 98, 400] ✅ (2998ch, attempts=1, 18.8s)
2026-05-01 13:25:39,567 [INFO] HTTP Request: POST http://localhost:2026/v1/chat/completions "HTTP/1.1 200 OK"
2026-05-01 13:25:39,568 [INFO] [2046/3987] id=openseek-3-a73a90dd9 GT=[81, 8, 592, 502, 400, 15] ✅ (3574ch, attempts=1, 20.5s)
2026-05-01 13:25:39,803 [INFO] HTTP Request: POST http://localhost:2026/v1/chat/completions "HTTP/1.1 200 OK"
2026-05-01 13:25:39,804 [INFO] [2047/3987] id=openseek-3-c804f7892 GT=[346, 286, 48, 310, 98] ✅ (1639ch, attempts=1, 10.4s)
2026-05-01 13:25:45,639 [INFO] HTTP Request: POST http://localhost:2026/v1/chat/completions "HTTP/1.1 200 OK"
2026-05-01 13:25:45,641 [INFO] [2048/3987] id=openseek-3-4e1f0a1ec GT=[190, 28, 80, 58, 100, 17, 32] ✅ (2172ch, attempts=1, 14.1s)
2026-05-01 13:25:46,911 [INFO] HTTP Request: POST http://localhost:2026/v1/chat/completions "HTTP/1.1 200 OK"
2026-05-01 13:25:46,912 [INFO] [2049/3987] id=openseek-3-38a33f856 GT=[17, 226] ✅ (1479ch, attempts=1, 7.1s)
2026-05-01 13:25:55,541 [INFO] HTTP Request: POST http://localhost:2026/v1/chat/completions "HTTP/1.1 200 OK"
2026-05-01 13:25:55,542 [INFO] [2050/3987] id=openseek-3-a33fc1ffb GT=[550, 62] ✅ (1705ch, attempts=1, 8.6s)
2026-05-01 13:25:55,693 [INFO]   💾 已保存 (成功=2050 验证通过=2050 降级=0) | 4.6s/条均值 | ETA=150min
2026-05-01 13:25:59,217 [INFO] HTTP Request: POST http://localhost:2026/v1/chat/completions "HTTP/1.1 200 OK"
2026-05-01 13:25:59,218 [INFO] [2051/3987] id=openseek-3-846335cd2 GT=[196, 526, 20, 100, 19, 568, 29, 38, 568 ✅ (3176ch, attempts=1, 19.7s)
2026-05-01 13:26:02,605 [INFO] HTTP Request: POST http://localhost:2026/v1/chat/completions "HTTP/1.1 200 OK"
2026-05-01 13:26:02,606 [INFO] [2052/3987] id=openseek-3-5590c2294 GT=[47, 33, 244, 89, 15, 208, 86, 94, 142] ✅ (2580ch, attempts=1, 17.0s)
2026-05-01 13:26:06,486 [INFO] HTTP Request: POST http://localhost:2026/v1/chat/completions "HTTP/1.1 200 OK"
2026-05-01 13:26:06,487 [INFO] [2053/3987] id=openseek-3-928770472 GT=[412, 70, 78, 310] ✅ (1801ch, attempts=1, 10.9s)
2026-05-01 13:26:14,374 [INFO] HTTP Request: POST http://localhost:2026/v1/chat/completions "HTTP/1.1 200 OK"
2026-05-01 13:26:14,375 [INFO] [2054/3987] id=openseek-3-500fc0f78 GT=[508, 46] ✅ (2372ch, attempts=1, 11.8s)
2026-05-01 13:26:14,729 [INFO] HTTP Request: POST http://localhost:2026/v1/chat/completions "HTTP/1.1 200 OK"
2026-05-01 13:26:14,730 [INFO] [2055/3987] id=openseek-3-d70c07994 GT=[19, 83, 73, 346, 96, 17, 14, 400] ✅ (2664ch, attempts=1, 15.5s)
2026-05-01 13:26:23,561 [INFO] HTTP Request: POST http://localhost:2026/v1/chat/completions "HTTP/1.1 200 OK"
2026-05-01 13:26:23,562 [INFO] [2056/3987] id=openseek-3-7606f19dd GT=[42, 418, 78, 394, 38, 12] ✅ (2896ch, attempts=1, 17.1s)
2026-05-01 13:26:25,500 [INFO] HTTP Request: POST http://localhost:2026/v1/chat/completions "HTTP/1.1 200 OK"
2026-05-01 13:26:25,501 [INFO] [2057/3987] id=openseek-3-80c5a5671 GT=[430, 55, 52, 89, 25] ✅ (1903ch, attempts=1, 11.1s)
2026-05-01 13:26:30,927 [INFO] HTTP Request: POST http://localhost:2026/v1/chat/completions "HTTP/1.1 200 OK"
2026-05-01 13:26:30,929 [INFO] [2058/3987] id=openseek-3-1bc45f9ef GT=[442, 21, 7, 106, 39, 81, 370] ✅ (2709ch, attempts=1, 16.2s)
2026-05-01 13:26:38,341 [INFO] HTTP Request: POST http://localhost:2026/v1/chat/completions "HTTP/1.1 200 OK"
2026-05-01 13:26:38,342 [INFO] [2059/3987] id=openseek-3-60c5fbed8 GT=[4, 514, 106, 364, 298, 10] ✅ (2373ch, attempts=1, 14.8s)
2026-05-01 13:26:43,774 [INFO] HTTP Request: POST http://localhost:2026/v1/chat/completions "HTTP/1.1 200 OK"
2026-05-01 13:26:43,775 [INFO] [2060/3987] id=openseek-3-849b3c358 GT=[442, 376, 220, 46] ✅ (2427ch, attempts=1, 12.8s)
2026-05-01 13:26:45,432 [INFO] HTTP Request: POST http://localhost:2026/v1/chat/completions "HTTP/1.1 200 OK"
2026-05-01 13:26:45,433 [INFO] [2061/3987] id=openseek-3-22b19df2e GT=[316, 22, 346, 100, 21, 74, 466] ✅ (3528ch, attempts=1, 19.9s)
2026-05-01 13:26:47,629 [INFO] HTTP Request: POST http://localhost:2026/v1/chat/completions "HTTP/1.1 200 OK"
2026-05-01 13:26:47,630 [INFO] [2062/3987] id=openseek-3-4341616b2 GT=[3, 35, 15] ✅ (1929ch, attempts=1, 9.3s)
2026-05-01 13:26:54,184 [INFO] HTTP Request: POST http://localhost:2026/v1/chat/completions "HTTP/1.1 200 OK"
2026-05-01 13:26:54,185 [INFO] [2063/3987] id=openseek-3-6353cc0d7 GT=[15, 310, 550, 95] ✅ (1731ch, attempts=1, 10.4s)
2026-05-01 13:26:56,497 [INFO] HTTP Request: POST http://localhost:2026/v1/chat/completions "HTTP/1.1 200 OK"
2026-05-01 13:26:56,498 [INFO] [2064/3987] id=openseek-3-c0ee5f127 GT=[100, 68] ✅ (1900ch, attempts=1, 8.9s)
2026-05-01 13:27:03,624 [INFO] HTTP Request: POST http://localhost:2026/v1/chat/completions "HTTP/1.1 200 OK"
2026-05-01 13:27:03,626 [INFO] [2065/3987] id=openseek-3-45f0b1af7 GT=[5, 22, 87, 19, 74, 478, 100, 23, 508] ✅ (2942ch, attempts=1, 18.2s)
2026-05-01 13:27:06,462 [INFO] HTTP Request: POST http://localhost:2026/v1/chat/completions "HTTP/1.1 200 OK"
2026-05-01 13:27:06,463 [INFO] [2066/3987] id=openseek-3-2f4e8ca06 GT=[45, 598, 298, 148, 244, 472] ✅ (1736ch, attempts=1, 12.3s)
2026-05-01 13:27:08,377 [INFO] HTTP Request: POST http://localhost:2026/v1/chat/completions "HTTP/1.1 200 OK"
2026-05-01 13:27:08,378 [INFO] [2067/3987] id=openseek-3-bf6a3bca6 GT=[364, 142, 6] ✅ (2281ch, attempts=1, 11.9s)
2026-05-01 13:27:15,375 [INFO] HTTP Request: POST http://localhost:2026/v1/chat/completions "HTTP/1.1 200 OK"
2026-05-01 13:27:15,376 [INFO] [2068/3987] id=openseek-3-b095aa582 GT=[496, 304, 28] ✅ (2084ch, attempts=1, 11.8s)
2026-05-01 13:27:20,119 [INFO] HTTP Request: POST http://localhost:2026/v1/chat/completions "HTTP/1.1 200 OK"
2026-05-01 13:27:20,120 [INFO] [2069/3987] id=openseek-3-b50501fb3 GT=[28, 22, 35, 592, 6] ✅ (2405ch, attempts=1, 13.7s)
2026-05-01 13:27:28,507 [INFO] HTTP Request: POST http://localhost:2026/v1/chat/completions "HTTP/1.1 200 OK"
2026-05-01 13:27:28,508 [INFO] [2070/3987] id=openseek-3-4b69e32c8 GT=[32, 78, 90, 80, 71, 544, 304] ✅ (2027ch, attempts=1, 13.1s)
2026-05-01 13:27:29,085 [INFO] HTTP Request: POST http://localhost:2026/v1/chat/completions "HTTP/1.1 200 OK"
2026-05-01 13:27:29,086 [INFO] [2071/3987] id=openseek-3-9c48aed20 GT=[202, 196, 90, 8] ✅ (1580ch, attempts=1, 9.0s)
2026-05-01 13:27:31,490 [INFO] HTTP Request: POST http://localhost:2026/v1/chat/completions "HTTP/1.1 200 OK"
2026-05-01 13:27:31,492 [INFO] [2072/3987] id=openseek-3-57092f4e2 GT=[220, 85, 72, 19, 50, 334, 226, 244, 100 ✅ (3675ch, attempts=1, 23.1s)
2026-05-01 13:27:42,502 [INFO] HTTP Request: POST http://localhost:2026/v1/chat/completions "HTTP/1.1 200 OK"
2026-05-01 13:27:42,503 [INFO] [2073/3987] id=openseek-3-fa29adf24 GT=[64, 42, 52, 262, 310] ✅ (2339ch, attempts=1, 14.0s)
2026-05-01 13:27:43,412 [INFO] HTTP Request: POST http://localhost:2026/v1/chat/completions "HTTP/1.1 200 OK"
2026-05-01 13:27:43,413 [INFO] [2074/3987] id=openseek-3-28b26960e GT=[47, 63, 280, 85, 47, 34] ✅ (2464ch, attempts=1, 14.3s)
2026-05-01 13:27:46,566 [INFO] HTTP Request: POST http://localhost:2026/v1/chat/completions "HTTP/1.1 200 OK"
2026-05-01 13:27:46,568 [INFO] [2075/3987] id=openseek-3-62b63cff3 GT=[358, 5, 124, 29, 58, 208, 10] ✅ (2319ch, attempts=1, 15.1s)
2026-05-01 13:27:50,748 [INFO] HTTP Request: POST http://localhost:2026/v1/chat/completions "HTTP/1.1 200 OK"
2026-05-01 13:27:50,749 [INFO] [2076/3987] id=openseek-3-358fd868a GT=[34, 69] ✅ (1532ch, attempts=1, 7.3s)
2026-05-01 13:27:57,192 [INFO] HTTP Request: POST http://localhost:2026/v1/chat/completions "HTTP/1.1 200 OK"
2026-05-01 13:27:57,193 [INFO] [2077/3987] id=openseek-3-68ec036b5 GT=[394, 13, 24, 28] ✅ (2877ch, attempts=1, 14.7s)
2026-05-01 13:28:02,398 [INFO] HTTP Request: POST http://localhost:2026/v1/chat/completions "HTTP/1.1 200 OK"
2026-05-01 13:28:02,399 [INFO] [2078/3987] id=openseek-3-29326343c GT=[1, 63, 13, 43, 81, 346] ✅ (2002ch, attempts=1, 11.6s)
2026-05-01 13:28:03,683 [INFO] HTTP Request: POST http://localhost:2026/v1/chat/completions "HTTP/1.1 200 OK"
2026-05-01 13:28:03,685 [INFO] [2079/3987] id=openseek-3-76958cb3a GT=[364, 54, 81, 328, 79, 262, 54] ✅ (2711ch, attempts=1, 17.1s)
2026-05-01 13:28:05,416 [INFO] HTTP Request: POST http://localhost:2026/v1/chat/completions "HTTP/1.1 200 OK"
2026-05-01 13:28:05,417 [INFO] [2080/3987] id=openseek-3-17c1a8556 GT=[238, 568] ✅ (1593ch, attempts=1, 8.2s)
2026-05-01 13:28:13,088 [INFO] HTTP Request: POST http://localhost:2026/v1/chat/completions "HTTP/1.1 200 OK"
2026-05-01 13:28:13,089 [INFO] [2081/3987] id=openseek-3-2b40ce409 GT=[70, 286, 406] ✅ (1756ch, attempts=1, 9.4s)
2026-05-01 13:28:13,290 [INFO] HTTP Request: POST http://localhost:2026/v1/chat/completions "HTTP/1.1 200 OK"
2026-05-01 13:28:13,291 [INFO] [2082/3987] id=openseek-3-c874fdd8f GT=[298, 18, 93] ✅ (1503ch, attempts=1, 7.9s)
2026-05-01 13:28:16,926 [INFO] HTTP Request: POST http://localhost:2026/v1/chat/completions "HTTP/1.1 200 OK"
2026-05-01 13:28:16,927 [INFO] [2083/3987] id=openseek-3-4014f2d5c GT=[556, 54, 280, 24, 45, 23, 60, 562] ✅ (2430ch, attempts=1, 14.5s)
2026-05-01 13:28:31,005 [INFO] HTTP Request: POST http://localhost:2026/v1/chat/completions "HTTP/1.1 200 OK"
2026-05-01 13:28:31,006 [INFO] [2084/3987] id=openseek-3-9fbca6f4b GT=[322, 226, 43, 50, 37, 514, 38, 65] ✅ (2845ch, attempts=1, 17.7s)
2026-05-01 13:28:32,778 [INFO] HTTP Request: POST http://localhost:2026/v1/chat/completions "HTTP/1.1 200 OK"
2026-05-01 13:28:32,779 [INFO] [2085/3987] id=openseek-3-3ff93b586 GT=[77, 454, 370, 25, 64, 34, 10] ✅ (2752ch, attempts=1, 15.9s)
2026-05-01 13:28:35,254 [INFO] HTTP Request: POST http://localhost:2026/v1/chat/completions "HTTP/1.1 200 OK"
2026-05-01 13:28:35,256 [INFO] [2086/3987] id=openseek-3-1362d369e GT=[43, 214, 124, 238, 92, 48, 250, 20, 8] ✅ (3598ch, attempts=1, 22.2s)
2026-05-01 13:28:45,169 [INFO] HTTP Request: POST http://localhost:2026/v1/chat/completions "HTTP/1.1 200 OK"
2026-05-01 13:28:45,171 [INFO] [2087/3987] id=openseek-3-7857e59aa GT=[54, 52, 6, 89, 394, 45] ✅ (1888ch, attempts=1, 12.4s)
2026-05-01 13:28:48,247 [INFO] HTTP Request: POST http://localhost:2026/v1/chat/completions "HTTP/1.1 200 OK"
2026-05-01 13:28:48,249 [INFO] [2088/3987] id=openseek-3-5e9fbc1a2 GT=[310, 57, 358, 478] ✅ (2103ch, attempts=1, 13.0s)
2026-05-01 13:28:51,244 [INFO] HTTP Request: POST http://localhost:2026/v1/chat/completions "HTTP/1.1 200 OK"
2026-05-01 13:28:51,245 [INFO] [2089/3987] id=openseek-3-616a89032 GT=[62, 274, 226, 41, 178, 34, 412, 50, 34] ✅ (2949ch, attempts=1, 20.2s)
2026-05-01 13:28:55,358 [INFO] HTTP Request: POST http://localhost:2026/v1/chat/completions "HTTP/1.1 200 OK"
2026-05-01 13:28:55,360 [INFO] [2090/3987] id=openseek-3-8b636a50b GT=[45, 29, 97] ✅ (2129ch, attempts=1, 10.2s)
2026-05-01 13:28:57,193 [INFO] HTTP Request: POST http://localhost:2026/v1/chat/completions "HTTP/1.1 200 OK"
2026-05-01 13:28:57,194 [INFO] [2091/3987] id=openseek-3-2870680c3 GT=[478, 15] ✅ (1865ch, attempts=1, 8.9s)
2026-05-01 13:29:00,968 [INFO] HTTP Request: POST http://localhost:2026/v1/chat/completions "HTTP/1.1 200 OK"
2026-05-01 13:29:00,969 [INFO] [2092/3987] id=openseek-3-b14bdfc0f GT=[15, 54, 316] ✅ (1709ch, attempts=1, 9.7s)
2026-05-01 13:29:04,191 [INFO] HTTP Request: POST http://localhost:2026/v1/chat/completions "HTTP/1.1 200 OK"
2026-05-01 13:29:04,192 [INFO] [2093/3987] id=openseek-3-6bf9fc198 GT=[592, 88, 15, 82] ✅ (1673ch, attempts=1, 8.8s)
2026-05-01 13:29:11,125 [INFO] HTTP Request: POST http://localhost:2026/v1/chat/completions "HTTP/1.1 200 OK"
2026-05-01 13:29:11,126 [INFO] [2094/3987] id=openseek-3-48d3544f7 GT=[40, 56, 544] ✅ (1933ch, attempts=1, 10.2s)
2026-05-01 13:29:15,061 [INFO] HTTP Request: POST http://localhost:2026/v1/chat/completions "HTTP/1.1 200 OK"
2026-05-01 13:29:15,063 [INFO] [2095/3987] id=openseek-3-c47fe4dfd GT=[484, 55, 544] ✅ (2020ch, attempts=1, 10.9s)
2026-05-01 13:29:20,891 [INFO] HTTP Request: POST http://localhost:2026/v1/chat/completions "HTTP/1.1 200 OK"
2026-05-01 13:29:20,892 [INFO] [2096/3987] id=openseek-3-5cfc10e5e GT=[280, 226] ✅ (2034ch, attempts=1, 9.8s)
2026-05-01 13:29:24,653 [INFO] HTTP Request: POST http://localhost:2026/v1/chat/completions "HTTP/1.1 200 OK"
2026-05-01 13:29:24,654 [INFO] [2097/3987] id=openseek-3-502567571 GT=[94, 28] ✅ (1971ch, attempts=1, 9.6s)
2026-05-01 13:29:27,765 [INFO] HTTP Request: POST http://localhost:2026/v1/chat/completions "HTTP/1.1 200 OK"
2026-05-01 13:29:27,767 [INFO] [2098/3987] id=openseek-3-3e308d2f4 GT=[490, 130, 57, 43, 514, 25, 64, 100] ✅ (6598ch, attempts=1, 30.6s)
2026-05-01 13:29:31,641 [INFO] HTTP Request: POST http://localhost:2026/v1/chat/completions "HTTP/1.1 200 OK"
2026-05-01 13:29:31,642 [INFO] [2099/3987] id=openseek-3-86e009c8c GT=[77, 76, 20, 23] ✅ (1974ch, attempts=1, 10.7s)
2026-05-01 13:29:32,436 [INFO] HTTP Request: POST http://localhost:2026/v1/chat/completions "HTTP/1.1 200 OK"
2026-05-01 13:29:32,437 [INFO] [2100/3987] id=openseek-3-66ddaba5f GT=[92, 60] ✅ (1685ch, attempts=1, 7.8s)
2026-05-01 13:29:32,589 [INFO]   💾 已保存 (成功=2100 验证通过=2100 降级=0) | 4.6s/条均值 | ETA=146min
2026-05-01 13:29:39,280 [INFO] HTTP Request: POST http://localhost:2026/v1/chat/completions "HTTP/1.1 200 OK"
2026-05-01 13:29:39,281 [INFO] [2101/3987] id=openseek-3-b155afd24 GT=[262, 21] ✅ (1572ch, attempts=1, 7.6s)
2026-05-01 13:29:44,057 [INFO] HTTP Request: POST http://localhost:2026/v1/chat/completions "HTTP/1.1 200 OK"
2026-05-01 13:29:44,058 [INFO] [2102/3987] id=openseek-3-aab007211 GT=[556, 94, 136, 5, 28, 88] ✅ (1791ch, attempts=1, 11.6s)
2026-05-01 13:29:44,514 [INFO] HTTP Request: POST http://localhost:2026/v1/chat/completions "HTTP/1.1 200 OK"
2026-05-01 13:29:44,515 [INFO] [2103/3987] id=openseek-3-10c4c23a2 GT=[97, 3, 496, 46, 96, 22, 568, 26] ✅ (2501ch, attempts=1, 16.7s)
2026-05-01 13:29:54,902 [INFO] HTTP Request: POST http://localhost:2026/v1/chat/completions "HTTP/1.1 200 OK"
2026-05-01 13:29:54,903 [INFO] [2104/3987] id=openseek-3-0d511a626 GT=[53, 10, 130, 304, 154] ✅ (1697ch, attempts=1, 10.8s)
2026-05-01 13:29:58,004 [INFO] HTTP Request: POST http://localhost:2026/v1/chat/completions "HTTP/1.1 200 OK"
2026-05-01 13:29:58,005 [INFO] [2105/3987] id=openseek-3-a26064872 GT=[12, 52, 220, 124, 53, 63, 24, 130, 442] ✅ (2770ch, attempts=1, 18.7s)
2026-05-01 13:30:02,018 [INFO] HTTP Request: POST http://localhost:2026/v1/chat/completions "HTTP/1.1 200 OK"
2026-05-01 13:30:02,020 [INFO] [2106/3987] id=openseek-3-3a16a4b84 GT=[20, 93, 310, 178, 70, 4, 484, 238] ✅ (2784ch, attempts=1, 17.5s)
2026-05-01 13:30:13,819 [INFO] HTTP Request: POST http://localhost:2026/v1/chat/completions "HTTP/1.1 200 OK"
2026-05-01 13:30:13,820 [INFO] [2107/3987] id=openseek-3-e24351941 GT=[24, 106, 112, 46] ✅ (2143ch, attempts=1, 11.8s)
2026-05-01 13:30:16,242 [INFO] HTTP Request: POST http://localhost:2026/v1/chat/completions "HTTP/1.1 200 OK"
2026-05-01 13:30:16,243 [INFO] [2108/3987] id=openseek-3-3a0aa5d72 GT=[184, 48, 43, 29, 562, 51, 69] ✅ (3700ch, attempts=1, 21.3s)
2026-05-01 13:30:20,834 [INFO] HTTP Request: POST http://localhost:2026/v1/chat/completions "HTTP/1.1 200 OK"
2026-05-01 13:30:20,835 [INFO] [2109/3987] id=openseek-3-5e0b894f8 GT=[436, 250, 100, 17, 92, 22, 77, 520, 196 ✅ (3468ch, attempts=1, 22.8s)
2026-05-01 13:30:23,271 [INFO] HTTP Request: POST http://localhost:2026/v1/chat/completions "HTTP/1.1 200 OK"
2026-05-01 13:30:23,272 [INFO] [2110/3987] id=openseek-3-fe8d952c6 GT=[30, 84, 36] ✅ (1823ch, attempts=1, 9.5s)
2026-05-01 13:30:32,596 [INFO] HTTP Request: POST http://localhost:2026/v1/chat/completions "HTTP/1.1 200 OK"
2026-05-01 13:30:32,597 [INFO] [2111/3987] id=openseek-3-55c3ac333 GT=[90, 53, 478, 98, 520] ✅ (1958ch, attempts=1, 11.8s)
2026-05-01 13:30:33,600 [INFO] HTTP Request: POST http://localhost:2026/v1/chat/completions "HTTP/1.1 200 OK"
2026-05-01 13:30:33,601 [INFO] [2112/3987] id=openseek-3-172decfcc GT=[10, 496] ✅ (2009ch, attempts=1, 10.3s)
2026-05-01 13:30:34,200 [INFO] HTTP Request: POST http://localhost:2026/v1/chat/completions "HTTP/1.1 200 OK"
2026-05-01 13:30:34,201 [INFO] [2113/3987] id=openseek-3-12a7273ad GT=[7, 11, 4, 508, 18, 10, 526, 460] ✅ (2928ch, attempts=1, 18.0s)
2026-05-01 13:30:42,482 [INFO] HTTP Request: POST http://localhost:2026/v1/chat/completions "HTTP/1.1 200 OK"
2026-05-01 13:30:42,483 [INFO] [2114/3987] id=openseek-3-c10d9b1f0 GT=[328, 83] ✅ (1757ch, attempts=1, 9.9s)
2026-05-01 13:30:42,772 [INFO] HTTP Request: POST http://localhost:2026/v1/chat/completions "HTTP/1.1 200 OK"
2026-05-01 13:30:42,773 [INFO] [2115/3987] id=openseek-3-c383b3e24 GT=[55, 154] ✅ (1834ch, attempts=1, 9.2s)
2026-05-01 13:30:43,200 [INFO] HTTP Request: POST http://localhost:2026/v1/chat/completions "HTTP/1.1 200 OK"
2026-05-01 13:30:43,201 [INFO] [2116/3987] id=openseek-3-d73201da7 GT=[86, 1, 28, 25, 23] ✅ (1543ch, attempts=1, 9.0s)
2026-05-01 13:30:53,793 [INFO] HTTP Request: POST http://localhost:2026/v1/chat/completions "HTTP/1.1 200 OK"
2026-05-01 13:30:53,794 [INFO] [2117/3987] id=openseek-3-619c6f325 GT=[310, 94, 142] ✅ (2003ch, attempts=1, 11.0s)
2026-05-01 13:30:55,892 [INFO] HTTP Request: POST http://localhost:2026/v1/chat/completions "HTTP/1.1 200 OK"
2026-05-01 13:30:55,893 [INFO] [2118/3987] id=openseek-3-d1f48e2b6 GT=[37, 226, 418, 70, 4, 112] ✅ (2004ch, attempts=1, 12.7s)
2026-05-01 13:30:59,167 [INFO] HTTP Request: POST http://localhost:2026/v1/chat/completions "HTTP/1.1 200 OK"
2026-05-01 13:30:59,168 [INFO] [2119/3987] id=openseek-3-adb8b0f78 GT=[130, 100, 112, 58, 370, 274] ✅ (2571ch, attempts=1, 16.7s)
2026-05-01 13:31:13,153 [INFO] HTTP Request: POST http://localhost:2026/v1/chat/completions "HTTP/1.1 200 OK"
2026-05-01 13:31:13,154 [INFO] [2120/3987] id=openseek-3-ea24e64b0 GT=[208, 67, 70, 10, 68, 84, 274, 166, 388] ✅ (2880ch, attempts=1, 19.4s)
2026-05-01 13:31:18,076 [INFO] HTTP Request: POST http://localhost:2026/v1/chat/completions "HTTP/1.1 200 OK"
2026-05-01 13:31:18,077 [INFO] [2121/3987] id=openseek-3-0c7972450 GT=[5, 418, 574, 7, 64, 46, 76, 60] ✅ (3477ch, attempts=1, 22.2s)
2026-05-01 13:31:19,021 [INFO] HTTP Request: POST http://localhost:2026/v1/chat/completions "HTTP/1.1 200 OK"
2026-05-01 13:31:19,022 [INFO] [2122/3987] id=openseek-3-bcdebe360 GT=[220, 568, 286, 76, 74, 53, 124, 48, 52] ✅ (2953ch, attempts=1, 19.9s)
2026-05-01 13:31:24,959 [INFO] HTTP Request: POST http://localhost:2026/v1/chat/completions "HTTP/1.1 200 OK"
2026-05-01 13:31:24,960 [INFO] [2123/3987] id=openseek-3-94277bfe3 GT=[262, 36, 322, 90] ✅ (2051ch, attempts=1, 11.8s)
2026-05-01 13:31:30,555 [INFO] HTTP Request: POST http://localhost:2026/v1/chat/completions "HTTP/1.1 200 OK"
2026-05-01 13:31:30,556 [INFO] [2124/3987] id=openseek-3-f2cc5e57f GT=[50, 124, 31, 58, 52, 65] ✅ (1961ch, attempts=1, 12.5s)
2026-05-01 13:31:33,852 [INFO] HTTP Request: POST http://localhost:2026/v1/chat/completions "HTTP/1.1 200 OK"
2026-05-01 13:31:33,853 [INFO] [2125/3987] id=openseek-3-35609e7c7 GT=[106, 89, 334, 80, 412, 532, 82] ✅ (2440ch, attempts=1, 14.8s)
2026-05-01 13:31:37,545 [INFO] HTTP Request: POST http://localhost:2026/v1/chat/completions "HTTP/1.1 200 OK"
2026-05-01 13:31:37,546 [INFO] [2126/3987] id=openseek-3-7b6b17ea4 GT=[160, 340, 10, 202, 57] ✅ (2002ch, attempts=1, 12.6s)
2026-05-01 13:31:48,226 [INFO] HTTP Request: POST http://localhost:2026/v1/chat/completions "HTTP/1.1 200 OK"
2026-05-01 13:31:48,228 [INFO] [2127/3987] id=openseek-3-f63f47937 GT=[40, 538, 214, 20, 21, 57] ✅ (1741ch, attempts=1, 10.7s)
2026-05-01 13:31:51,879 [INFO] HTTP Request: POST http://localhost:2026/v1/chat/completions "HTTP/1.1 200 OK"
2026-05-01 13:31:51,881 [INFO] [2128/3987] id=openseek-3-0cd012043 GT=[1, 112, 29, 118, 77, 81, 592, 40, 136] ✅ (3493ch, attempts=1, 21.3s)
2026-05-01 13:31:55,647 [INFO] HTTP Request: POST http://localhost:2026/v1/chat/completions "HTTP/1.1 200 OK"
2026-05-01 13:31:55,648 [INFO] [2129/3987] id=openseek-3-43f938c67 GT=[466, 42, 520, 73, 310, 36, 496, 226] ✅ (3558ch, attempts=1, 21.8s)
2026-05-01 13:32:00,531 [INFO] HTTP Request: POST http://localhost:2026/v1/chat/completions "HTTP/1.1 200 OK"
2026-05-01 13:32:00,532 [INFO] [2130/3987] id=openseek-3-afcdaf048 GT=[172, 280] ✅ (1788ch, attempts=1, 8.7s)
2026-05-01 13:32:07,855 [INFO] HTTP Request: POST http://localhost:2026/v1/chat/completions "HTTP/1.1 200 OK"
2026-05-01 13:32:07,857 [INFO] [2131/3987] id=openseek-3-a4af55199 GT=[460, 490, 72, 81, 59, 298, 92] ✅ (3216ch, attempts=1, 19.6s)
2026-05-01 13:32:12,174 [INFO] HTTP Request: POST http://localhost:2026/v1/chat/completions "HTTP/1.1 200 OK"
2026-05-01 13:32:12,176 [INFO] [2132/3987] id=openseek-3-03d7991a9 GT=[448, 568, 47, 23, 28, 316, 87] ✅ (2724ch, attempts=1, 16.5s)
2026-05-01 13:32:13,621 [INFO] HTTP Request: POST http://localhost:2026/v1/chat/completions "HTTP/1.1 200 OK"
2026-05-01 13:32:13,622 [INFO] [2133/3987] id=openseek-3-37618c612 GT=[244, 18, 436, 32, 106, 214] ✅ (1978ch, attempts=1, 13.1s)
2026-05-01 13:32:21,119 [INFO] HTTP Request: POST http://localhost:2026/v1/chat/completions "HTTP/1.1 200 OK"
2026-05-01 13:32:21,121 [INFO] [2134/3987] id=openseek-3-677acd35d GT=[46, 11, 148, 136, 430, 232] ✅ (2066ch, attempts=1, 13.3s)
2026-05-01 13:32:26,008 [INFO] HTTP Request: POST http://localhost:2026/v1/chat/completions "HTTP/1.1 200 OK"
2026-05-01 13:32:26,009 [INFO] [2135/3987] id=openseek-3-3628801ff GT=[48, 12, 448, 90] ✅ (2145ch, attempts=1, 12.4s)
2026-05-01 13:32:29,176 [INFO] HTTP Request: POST http://localhost:2026/v1/chat/completions "HTTP/1.1 200 OK"
2026-05-01 13:32:29,177 [INFO] [2136/3987] id=openseek-3-c866a2f11 GT=[226, 478, 95, 92, 310, 16] ✅ (2766ch, attempts=1, 17.0s)
2026-05-01 13:32:34,152 [INFO] HTTP Request: POST http://localhost:2026/v1/chat/completions "HTTP/1.1 200 OK"
2026-05-01 13:32:34,153 [INFO] [2137/3987] id=openseek-3-77d7dce59 GT=[35, 52, 418, 62, 430] ✅ (2056ch, attempts=1, 13.0s)
2026-05-01 13:32:39,472 [INFO] HTTP Request: POST http://localhost:2026/v1/chat/completions "HTTP/1.1 200 OK"
2026-05-01 13:32:39,473 [INFO] [2138/3987] id=openseek-3-341a40313 GT=[196, 352] ✅ (2093ch, attempts=1, 10.3s)
2026-05-01 13:32:41,336 [INFO] HTTP Request: POST http://localhost:2026/v1/chat/completions "HTTP/1.1 200 OK"
2026-05-01 13:32:41,337 [INFO] [2139/3987] id=openseek-3-6f2c3261b GT=[55, 544, 136, 37, 286, 34] ✅ (2417ch, attempts=1, 15.3s)
2026-05-01 13:32:50,361 [INFO] HTTP Request: POST http://localhost:2026/v1/chat/completions "HTTP/1.1 200 OK"
2026-05-01 13:32:50,363 [INFO] [2140/3987] id=openseek-3-c269933c8 GT=[292, 2, 82, 30] ✅ (2068ch, attempts=1, 10.9s)
2026-05-01 13:32:55,004 [INFO] HTTP Request: POST http://localhost:2026/v1/chat/completions "HTTP/1.1 200 OK"
2026-05-01 13:32:55,005 [INFO] [2141/3987] id=openseek-3-ff0c8b083 GT=[478, 382, 22, 574, 52, 244, 376] ✅ (3291ch, attempts=1, 20.9s)
2026-05-01 13:32:59,575 [INFO] HTTP Request: POST http://localhost:2026/v1/chat/completions "HTTP/1.1 200 OK"
2026-05-01 13:32:59,576 [INFO] [2142/3987] id=openseek-3-bdc2525c8 GT=[472, 66, 304, 70, 100, 100, 36, 75, 5] ✅ (2876ch, attempts=1, 18.2s)
2026-05-01 13:33:03,171 [INFO] HTTP Request: POST http://localhost:2026/v1/chat/completions "HTTP/1.1 200 OK"
2026-05-01 13:33:03,172 [INFO] [2143/3987] id=openseek-3-463c7e932 GT=[18, 172, 496, 514] ✅ (2252ch, attempts=1, 12.8s)
2026-05-01 13:33:08,431 [INFO] HTTP Request: POST http://localhost:2026/v1/chat/completions "HTTP/1.1 200 OK"
2026-05-01 13:33:08,432 [INFO] [2144/3987] id=openseek-3-c8676922b GT=[184, 73, 394, 45] ✅ (2168ch, attempts=1, 13.4s)
2026-05-01 13:33:11,717 [INFO] HTTP Request: POST http://localhost:2026/v1/chat/completions "HTTP/1.1 200 OK"
2026-05-01 13:33:11,718 [INFO] [2145/3987] id=openseek-3-2edf9ef3b GT=[40, 448, 87, 73, 71] ✅ (1944ch, attempts=1, 12.1s)
2026-05-01 13:33:11,805 [INFO] HTTP Request: POST http://localhost:2026/v1/chat/completions "HTTP/1.1 200 OK"
2026-05-01 13:33:11,806 [INFO] [2146/3987] id=openseek-3-0018d8f1f GT=[7, 418] ✅ (1710ch, attempts=1, 8.6s)
2026-05-01 13:33:22,104 [INFO] HTTP Request: POST http://localhost:2026/v1/chat/completions "HTTP/1.1 200 OK"
2026-05-01 13:33:22,105 [INFO] [2147/3987] id=openseek-3-a7dbae777 GT=[280, 43, 562, 60] ✅ (1863ch, attempts=1, 10.3s)
2026-05-01 13:33:22,472 [INFO] HTTP Request: POST http://localhost:2026/v1/chat/completions "HTTP/1.1 200 OK"
2026-05-01 13:33:22,473 [INFO] [2148/3987] id=openseek-3-d68ee204f GT=[37, 142, 112, 142, 316, 208] ✅ (1672ch, attempts=1, 10.8s)
2026-05-01 13:33:30,072 [INFO] HTTP Request: POST http://localhost:2026/v1/chat/completions "HTTP/1.1 200 OK"
2026-05-01 13:33:30,073 [INFO] [2149/3987] id=openseek-3-8a30693c0 GT=[268, 484, 232, 4, 442, 5, 346, 502] ✅ (3240ch, attempts=1, 21.6s)
2026-05-01 13:33:39,728 [INFO] HTTP Request: POST http://localhost:2026/v1/chat/completions "HTTP/1.1 200 OK"
2026-05-01 13:33:39,729 [INFO] [2150/3987] id=openseek-3-55770fa49 GT=[340, 98, 59, 166, 41, 202, 34, 89, 142] ✅ (2598ch, attempts=1, 17.3s)
2026-05-01 13:33:39,881 [INFO]   💾 已保存 (成功=2150 验证通过=2150 降级=0) | 4.6s/条均值 | ETA=142min
2026-05-01 13:33:40,854 [INFO] HTTP Request: POST http://localhost:2026/v1/chat/completions "HTTP/1.1 200 OK"
2026-05-01 13:33:40,856 [INFO] [2151/3987] id=openseek-3-2289e51f3 GT=[208, 52, 598, 364, 42, 328, 424, 238, 5 ✅ (2894ch, attempts=1, 18.8s)
2026-05-01 13:33:43,487 [INFO] HTTP Request: POST http://localhost:2026/v1/chat/completions "HTTP/1.1 200 OK"
2026-05-01 13:33:43,488 [INFO] [2152/3987] id=openseek-3-67ecbfda5 GT=[502, 78, 40, 538, 568] ✅ (2395ch, attempts=1, 13.4s)
2026-05-01 13:33:52,899 [INFO] HTTP Request: POST http://localhost:2026/v1/chat/completions "HTTP/1.1 200 OK"
2026-05-01 13:33:52,901 [INFO] [2153/3987] id=openseek-3-9ba56ed40 GT=[26, 238, 20, 430, 46] ✅ (2157ch, attempts=1, 12.0s)
2026-05-01 13:33:56,155 [INFO] HTTP Request: POST http://localhost:2026/v1/chat/completions "HTTP/1.1 200 OK"
2026-05-01 13:33:56,156 [INFO] [2154/3987] id=openseek-3-1d3db8a53 GT=[220, 93, 280, 196, 352] ✅ (1988ch, attempts=1, 12.7s)
2026-05-01 13:33:59,035 [INFO] HTTP Request: POST http://localhost:2026/v1/chat/completions "HTTP/1.1 200 OK"
2026-05-01 13:33:59,036 [INFO] [2155/3987] id=openseek-3-1e4659c0b GT=[160, 88, 232, 73, 49, 67, 394, 11, 26] ✅ (3063ch, attempts=1, 19.3s)
2026-05-01 13:34:01,931 [INFO] HTTP Request: POST http://localhost:2026/v1/chat/completions "HTTP/1.1 200 OK"
2026-05-01 13:34:01,932 [INFO] [2156/3987] id=openseek-3-77c2a9bab GT=[550, 40] ✅ (1774ch, attempts=1, 9.0s)
2026-05-01 13:34:07,059 [INFO] HTTP Request: POST http://localhost:2026/v1/chat/completions "HTTP/1.1 200 OK"
2026-05-01 13:34:07,060 [INFO] [2157/3987] id=openseek-3-5da3bab02 GT=[74, 47, 33, 82, 22] ✅ (1980ch, attempts=1, 10.9s)
2026-05-01 13:34:08,638 [INFO] HTTP Request: POST http://localhost:2026/v1/chat/completions "HTTP/1.1 200 OK"
2026-05-01 13:34:08,639 [INFO] [2158/3987] id=openseek-3-bb0cb8af7 GT=[78, 80, 4, 24] ✅ (1783ch, attempts=1, 9.6s)
2026-05-01 13:34:21,911 [INFO] HTTP Request: POST http://localhost:2026/v1/chat/completions "HTTP/1.1 200 OK"
2026-05-01 13:34:21,913 [INFO] [2159/3987] id=openseek-3-1de641482 GT=[154, 46, 520, 148] ✅ (2714ch, attempts=1, 14.9s)
2026-05-01 13:34:27,945 [INFO] HTTP Request: POST http://localhost:2026/v1/chat/completions "HTTP/1.1 200 OK"
2026-05-01 13:34:27,946 [INFO] [2160/3987] id=openseek-3-a531069ed GT=[94, 388, 93, 352, 382, 38, 82, 72, 490] ✅ (2903ch, attempts=1, 19.3s)
2026-05-01 13:34:29,293 [INFO] HTTP Request: POST http://localhost:2026/v1/chat/completions "HTTP/1.1 200 OK"
2026-05-01 13:34:29,294 [INFO] [2161/3987] id=openseek-3-ef0630c06 GT=[166, 394, 538, 83, 82, 33, 250, 34, 472 ✅ (4289ch, attempts=1, 27.4s)
2026-05-01 13:34:30,298 [INFO] HTTP Request: POST http://localhost:2026/v1/chat/completions "HTTP/1.1 200 OK"
2026-05-01 13:34:30,300 [INFO] [2162/3987] id=openseek-3-cc801507a GT=[65, 556, 298, 76] ✅ (1340ch, attempts=1, 8.4s)
2026-05-01 13:34:38,636 [INFO] HTTP Request: POST http://localhost:2026/v1/chat/completions "HTTP/1.1 200 OK"
2026-05-01 13:34:38,637 [INFO] [2163/3987] id=openseek-3-a11de96fd GT=[69, 364, 85, 568, 94] ✅ (1705ch, attempts=1, 10.7s)
2026-05-01 13:34:49,644 [INFO] HTTP Request: POST http://localhost:2026/v1/chat/completions "HTTP/1.1 200 OK"
2026-05-01 13:34:49,645 [INFO] [2164/3987] id=openseek-3-bfb9c0649 GT=[51, 31, 88, 52, 63, 91, 82, 496] ✅ (3551ch, attempts=1, 20.4s)
2026-05-01 13:34:50,424 [INFO] HTTP Request: POST http://localhost:2026/v1/chat/completions "HTTP/1.1 200 OK"
2026-05-01 13:34:50,425 [INFO] [2165/3987] id=openseek-3-ff434ce97 GT=[100, 48, 4, 96, 562] ✅ (2041ch, attempts=1, 11.8s)
2026-05-01 13:34:57,650 [INFO] HTTP Request: POST http://localhost:2026/v1/chat/completions "HTTP/1.1 200 OK"
2026-05-01 13:34:57,651 [INFO] [2166/3987] id=openseek-3-2008bf811 GT=[280, 28, 69, 514, 91, 7, 63, 64, 286] ✅ (4100ch, attempts=1, 27.4s)
2026-05-01 13:35:05,852 [INFO] HTTP Request: POST http://localhost:2026/v1/chat/completions "HTTP/1.1 200 OK"
2026-05-01 13:35:05,853 [INFO] [2167/3987] id=openseek-3-7641b2057 GT=[57, 73, 388, 586, 45, 40, 58, 88] ✅ (2630ch, attempts=1, 16.2s)
2026-05-01 13:35:12,193 [INFO] HTTP Request: POST http://localhost:2026/v1/chat/completions "HTTP/1.1 200 OK"
2026-05-01 13:35:12,194 [INFO] [2168/3987] id=openseek-3-b135997cb GT=[574, 26, 304, 23, 47, 76, 88, 562, 274] ✅ (3242ch, attempts=1, 21.8s)
2026-05-01 13:35:13,740 [INFO] HTTP Request: POST http://localhost:2026/v1/chat/completions "HTTP/1.1 200 OK"
2026-05-01 13:35:13,741 [INFO] [2169/3987] id=openseek-3-079919cc6 GT=[160, 15, 196, 352, 4, 61] ✅ (2709ch, attempts=1, 16.1s)
2026-05-01 13:35:23,553 [INFO] HTTP Request: POST http://localhost:2026/v1/chat/completions "HTTP/1.1 200 OK"
2026-05-01 13:35:23,554 [INFO] [2170/3987] id=openseek-3-0f715ad4a GT=[142, 34, 106] ✅ (1873ch, attempts=1, 9.8s)
2026-05-01 13:35:24,067 [INFO] HTTP Request: POST http://localhost:2026/v1/chat/completions "HTTP/1.1 200 OK"
2026-05-01 13:35:24,068 [INFO] [2171/3987] id=openseek-3-a06f775ee GT=[66, 46, 298, 79, 73, 544, 43, 88] ✅ (2853ch, attempts=1, 18.2s)
2026-05-01 13:35:30,211 [INFO] HTTP Request: POST http://localhost:2026/v1/chat/completions "HTTP/1.1 200 OK"
2026-05-01 13:35:30,212 [INFO] [2172/3987] id=openseek-3-965adba47 GT=[88, 484, 45, 4, 88, 13, 54, 55] ✅ (2899ch, attempts=1, 18.0s)
2026-05-01 13:35:33,651 [INFO] HTTP Request: POST http://localhost:2026/v1/chat/completions "HTTP/1.1 200 OK"
2026-05-01 13:35:33,652 [INFO] [2173/3987] id=openseek-3-65a32ed46 GT=[21, 400] ✅ (1884ch, attempts=1, 10.1s)
2026-05-01 13:35:41,760 [INFO] HTTP Request: POST http://localhost:2026/v1/chat/completions "HTTP/1.1 200 OK"
2026-05-01 13:35:41,762 [INFO] [2174/3987] id=openseek-3-17e3d7e03 GT=[85, 238, 430, 88, 96, 35, 34, 87] ✅ (2705ch, attempts=1, 17.7s)
2026-05-01 13:35:48,703 [INFO] HTTP Request: POST http://localhost:2026/v1/chat/completions "HTTP/1.1 200 OK"
2026-05-01 13:35:48,704 [INFO] [2175/3987] id=openseek-3-0020e806f GT=[538, 586, 10, 46, 508, 88, 4, 17, 34] ✅ (2896ch, attempts=1, 18.5s)
2026-05-01 13:35:53,217 [INFO] HTTP Request: POST http://localhost:2026/v1/chat/completions "HTTP/1.1 200 OK"
2026-05-01 13:35:53,219 [INFO] [2176/3987] id=openseek-3-3cc9026df GT=[292, 382] ✅ (2228ch, attempts=1, 11.5s)
2026-05-01 13:35:55,240 [INFO] HTTP Request: POST http://localhost:2026/v1/chat/completions "HTTP/1.1 200 OK"
2026-05-01 13:35:55,241 [INFO] [2177/3987] id=openseek-3-ff7545670 GT=[322, 364, 166, 532, 526, 93, 190, 6] ✅ (3313ch, attempts=1, 21.6s)
2026-05-01 13:35:56,728 [INFO] HTTP Request: POST http://localhost:2026/v1/chat/completions "HTTP/1.1 200 OK"
2026-05-01 13:35:56,729 [INFO] [2178/3987] id=openseek-3-8ca843759 GT=[66, 112] ✅ (1698ch, attempts=1, 8.0s)
2026-05-01 13:36:05,001 [INFO] HTTP Request: POST http://localhost:2026/v1/chat/completions "HTTP/1.1 200 OK"
2026-05-01 13:36:05,002 [INFO] [2179/3987] id=openseek-3-7303e94d3 GT=[88, 34, 58] ✅ (1718ch, attempts=1, 8.3s)
2026-05-01 13:36:06,261 [INFO] HTTP Request: POST http://localhost:2026/v1/chat/completions "HTTP/1.1 200 OK"
2026-05-01 13:36:06,262 [INFO] [2180/3987] id=openseek-3-30788e024 GT=[29, 82, 124, 358, 20, 466] ✅ (1556ch, attempts=1, 11.0s)
2026-05-01 13:36:11,166 [INFO] HTTP Request: POST http://localhost:2026/v1/chat/completions "HTTP/1.1 200 OK"
2026-05-01 13:36:11,168 [INFO] [2181/3987] id=openseek-3-a07021691 GT=[94, 39, 256, 340, 166, 70, 580, 38] ✅ (2755ch, attempts=1, 17.9s)
2026-05-01 13:36:14,632 [INFO] HTTP Request: POST http://localhost:2026/v1/chat/completions "HTTP/1.1 200 OK"
2026-05-01 13:36:14,634 [INFO] [2182/3987] id=openseek-3-d65042fef GT=[484, 44, 65] ✅ (1763ch, attempts=1, 9.6s)
2026-05-01 13:36:19,156 [INFO] HTTP Request: POST http://localhost:2026/v1/chat/completions "HTTP/1.1 200 OK"
2026-05-01 13:36:19,157 [INFO] [2183/3987] id=openseek-3-1a0300027 GT=[70, 580] ✅ (1591ch, attempts=1, 8.0s)
2026-05-01 13:36:21,793 [INFO] HTTP Request: POST http://localhost:2026/v1/chat/completions "HTTP/1.1 200 OK"
2026-05-01 13:36:21,794 [INFO] [2184/3987] id=openseek-3-8cdb86673 GT=[81, 59, 202, 31, 82, 81, 496] ✅ (2535ch, attempts=1, 15.5s)
2026-05-01 13:36:24,812 [INFO] HTTP Request: POST http://localhost:2026/v1/chat/completions "HTTP/1.1 200 OK"
2026-05-01 13:36:24,813 [INFO] [2185/3987] id=openseek-3-4a35a4ca3 GT=[39, 334, 29] ✅ (2062ch, attempts=1, 10.2s)
2026-05-01 13:36:30,403 [INFO] HTTP Request: POST http://localhost:2026/v1/chat/completions "HTTP/1.1 200 OK"
2026-05-01 13:36:30,404 [INFO] [2186/3987] id=openseek-3-4e05c7e06 GT=[508, 33, 33, 70] ✅ (1559ch, attempts=1, 8.6s)
2026-05-01 13:36:30,519 [INFO] HTTP Request: POST http://localhost:2026/v1/chat/completions "HTTP/1.1 200 OK"
2026-05-01 13:36:30,520 [INFO] [2187/3987] id=openseek-3-d1543770c GT=[358, 274, 29] ✅ (2167ch, attempts=1, 11.4s)
2026-05-01 13:36:32,386 [INFO] HTTP Request: POST http://localhost:2026/v1/chat/completions "HTTP/1.1 200 OK"
2026-05-01 13:36:32,387 [INFO] [2188/3987] id=openseek-3-20171b8ef GT=[598, 42] ✅ (1451ch, attempts=1, 7.6s)
2026-05-01 13:36:42,593 [INFO] HTTP Request: POST http://localhost:2026/v1/chat/completions "HTTP/1.1 200 OK"
2026-05-01 13:36:42,596 [INFO] [2189/3987] id=openseek-3-1625004f6 GT=[17, 526, 43] ✅ (2405ch, attempts=1, 12.1s)
2026-05-01 13:36:46,165 [INFO] HTTP Request: POST http://localhost:2026/v1/chat/completions "HTTP/1.1 200 OK"
2026-05-01 13:36:46,167 [INFO] [2190/3987] id=openseek-3-16f1a2bda GT=[37, 34, 82, 66, 22, 244, 4] ✅ (2696ch, attempts=1, 15.8s)
2026-05-01 13:36:49,717 [INFO] HTTP Request: POST http://localhost:2026/v1/chat/completions "HTTP/1.1 200 OK"
2026-05-01 13:36:49,718 [INFO] [2191/3987] id=openseek-3-43f06e2d1 GT=[90, 45, 30, 68, 454, 94, 88, 10, 496] ✅ (2647ch, attempts=1, 17.3s)
2026-05-01 13:36:52,015 [INFO] HTTP Request: POST http://localhost:2026/v1/chat/completions "HTTP/1.1 200 OK"
2026-05-01 13:36:52,017 [INFO] [2192/3987] id=openseek-3-efff0a12b GT=[73, 21, 51, 48, 442] ✅ (1587ch, attempts=1, 9.4s)
2026-05-01 13:36:57,358 [INFO] HTTP Request: POST http://localhost:2026/v1/chat/completions "HTTP/1.1 200 OK"
2026-05-01 13:36:57,360 [INFO] [2193/3987] id=openseek-3-ded484f5a GT=[41, 118, 75] ✅ (2168ch, attempts=1, 11.2s)
2026-05-01 13:37:03,371 [INFO] HTTP Request: POST http://localhost:2026/v1/chat/completions "HTTP/1.1 200 OK"
2026-05-01 13:37:03,372 [INFO] [2194/3987] id=openseek-3-c78fbd68d GT=[76, 95, 436, 184, 43] ✅ (1791ch, attempts=1, 11.4s)
2026-05-01 13:37:06,628 [INFO] HTTP Request: POST http://localhost:2026/v1/chat/completions "HTTP/1.1 200 OK"
2026-05-01 13:37:06,629 [INFO] [2195/3987] id=openseek-3-febffb511 GT=[382, 95, 78, 172, 99, 70, 30, 81] ✅ (2764ch, attempts=1, 16.9s)
2026-05-01 13:37:08,956 [INFO] HTTP Request: POST http://localhost:2026/v1/chat/completions "HTTP/1.1 200 OK"
2026-05-01 13:37:08,958 [INFO] [2196/3987] id=openseek-3-a491a81c9 GT=[514, 65, 562, 532] ✅ (1943ch, attempts=1, 11.6s)
2026-05-01 13:37:13,006 [INFO] HTTP Request: POST http://localhost:2026/v1/chat/completions "HTTP/1.1 200 OK"
2026-05-01 13:37:13,007 [INFO] [2197/3987] id=openseek-3-f407c5be9 GT=[61, 90, 69, 106, 81] ✅ (1577ch, attempts=1, 9.6s)
2026-05-01 13:37:15,965 [INFO] HTTP Request: POST http://localhost:2026/v1/chat/completions "HTTP/1.1 200 OK"
2026-05-01 13:37:15,966 [INFO] [2198/3987] id=openseek-3-7f7cffab9 GT=[208, 79, 4, 83, 31] ✅ (1533ch, attempts=1, 9.3s)
2026-05-01 13:37:18,241 [INFO] HTTP Request: POST http://localhost:2026/v1/chat/completions "HTTP/1.1 200 OK"
2026-05-01 13:37:18,242 [INFO] [2199/3987] id=openseek-3-fa2663f14 GT=[96, 86, 556] ✅ (1945ch, attempts=1, 9.3s)
2026-05-01 13:37:21,845 [INFO] HTTP Request: POST http://localhost:2026/v1/chat/completions "HTTP/1.1 200 OK"
2026-05-01 13:37:21,846 [INFO] [2200/3987] id=openseek-3-e35049ed2 GT=[214, 208, 34] ✅ (1585ch, attempts=1, 8.8s)
2026-05-01 13:37:22,035 [INFO]   💾 已保存 (成功=2200 验证通过=2200 降级=0) | 4.6s/条均值 | ETA=138min
2026-05-01 13:37:27,923 [INFO] HTTP Request: POST http://localhost:2026/v1/chat/completions "HTTP/1.1 200 OK"
2026-05-01 13:37:27,924 [INFO] [2201/3987] id=openseek-3-96fe6eeda GT=[56, 556, 238] ✅ (2183ch, attempts=1, 12.0s)
2026-05-01 13:37:35,157 [INFO] HTTP Request: POST http://localhost:2026/v1/chat/completions "HTTP/1.1 200 OK"
2026-05-01 13:37:35,158 [INFO] [2202/3987] id=openseek-3-78b09198c GT=[45, 97, 64, 202, 340] ✅ (2249ch, attempts=1, 13.3s)
2026-05-01 13:37:35,721 [INFO] HTTP Request: POST http://localhost:2026/v1/chat/completions "HTTP/1.1 200 OK"
2026-05-01 13:37:35,723 [INFO] [2203/3987] id=openseek-3-002395828 GT=[178, 99, 81, 22, 292, 52, 568, 65] ✅ (2757ch, attempts=1, 17.5s)
2026-05-01 13:37:44,984 [INFO] HTTP Request: POST http://localhost:2026/v1/chat/completions "HTTP/1.1 200 OK"
2026-05-01 13:37:44,985 [INFO] [2204/3987] id=openseek-3-26193443e GT=[28, 34, 12, 3] ✅ (1772ch, attempts=1, 9.3s)
2026-05-01 13:37:47,649 [INFO] HTTP Request: POST http://localhost:2026/v1/chat/completions "HTTP/1.1 200 OK"
2026-05-01 13:37:47,650 [INFO] [2205/3987] id=openseek-3-7df46f3ff GT=[190, 83, 90, 442, 388, 60, 39, 22] ✅ (3065ch, attempts=1, 19.7s)
2026-05-01 13:37:49,861 [INFO] HTTP Request: POST http://localhost:2026/v1/chat/completions "HTTP/1.1 200 OK"
2026-05-01 13:37:49,862 [INFO] [2206/3987] id=openseek-3-400337de2 GT=[478, 598, 63, 87] ✅ (2598ch, attempts=1, 14.7s)
2026-05-01 13:37:54,534 [INFO] HTTP Request: POST http://localhost:2026/v1/chat/completions "HTTP/1.1 200 OK"
2026-05-01 13:37:54,536 [INFO] [2207/3987] id=openseek-3-659ef3728 GT=[89, 196] ✅ (1496ch, attempts=1, 6.9s)
2026-05-01 13:37:56,490 [INFO] HTTP Request: POST http://localhost:2026/v1/chat/completions "HTTP/1.1 200 OK"
2026-05-01 13:37:56,491 [INFO] [2208/3987] id=openseek-3-7d8edee0d GT=[478, 56] ✅ (1342ch, attempts=1, 6.6s)
2026-05-01 13:37:57,182 [INFO] HTTP Request: POST http://localhost:2026/v1/chat/completions "HTTP/1.1 200 OK"
2026-05-01 13:37:57,183 [INFO] [2209/3987] id=openseek-3-7d462c404 GT=[52, 532, 406, 526] ✅ (1872ch, attempts=1, 12.2s)
2026-05-01 13:38:09,902 [INFO] HTTP Request: POST http://localhost:2026/v1/chat/completions "HTTP/1.1 200 OK"
2026-05-01 13:38:09,904 [INFO] [2210/3987] id=openseek-3-cf6fcc503 GT=[79, 78, 472, 370, 36, 382] ✅ (2630ch, attempts=1, 15.4s)
2026-05-01 13:38:12,678 [INFO] HTTP Request: POST http://localhost:2026/v1/chat/completions "HTTP/1.1 200 OK"
2026-05-01 13:38:12,679 [INFO] [2211/3987] id=openseek-3-5a8ea9e94 GT=[98, 37, 24, 142, 95, 36, 268] ✅ (2791ch, attempts=1, 16.2s)
2026-05-01 13:38:16,251 [INFO] HTTP Request: POST http://localhost:2026/v1/chat/completions "HTTP/1.1 200 OK"
2026-05-01 13:38:16,252 [INFO] [2212/3987] id=openseek-3-810564eaa GT=[208, 166, 28, 40, 454, 87, 520] ✅ (2972ch, attempts=1, 19.1s)
2026-05-01 13:38:21,359 [INFO] HTTP Request: POST http://localhost:2026/v1/chat/completions "HTTP/1.1 200 OK"
2026-05-01 13:38:21,360 [INFO] [2213/3987] id=openseek-3-fa922231b GT=[3, 16] ✅ (1946ch, attempts=1, 8.7s)
2026-05-01 13:38:23,679 [INFO] HTTP Request: POST http://localhost:2026/v1/chat/completions "HTTP/1.1 200 OK"
2026-05-01 13:38:23,680 [INFO] [2214/3987] id=openseek-3-0b4cfbb1d GT=[268, 98] ✅ (1492ch, attempts=1, 7.4s)
2026-05-01 13:38:28,228 [INFO] HTTP Request: POST http://localhost:2026/v1/chat/completions "HTTP/1.1 200 OK"
2026-05-01 13:38:28,229 [INFO] [2215/3987] id=openseek-3-a3c9a98f2 GT=[52, 91, 490, 64, 28, 592, 68, 160, 7] ✅ (2843ch, attempts=1, 18.3s)
2026-05-01 13:38:34,329 [INFO] HTTP Request: POST http://localhost:2026/v1/chat/completions "HTTP/1.1 200 OK"
2026-05-01 13:38:34,330 [INFO] [2216/3987] id=openseek-3-da770b2a1 GT=[448, 400, 598] ✅ (2225ch, attempts=1, 13.0s)
2026-05-01 13:38:41,124 [INFO] HTTP Request: POST http://localhost:2026/v1/chat/completions "HTTP/1.1 200 OK"
2026-05-01 13:38:41,125 [INFO] [2217/3987] id=openseek-3-80242804b GT=[40, 406, 96, 280, 27] ✅ (2170ch, attempts=1, 12.9s)
2026-05-01 13:38:42,033 [INFO] HTTP Request: POST http://localhost:2026/v1/chat/completions "HTTP/1.1 200 OK"
2026-05-01 13:38:42,034 [INFO] [2218/3987] id=openseek-3-385dbfc66 GT=[8, 316] ✅ (1580ch, attempts=1, 7.7s)
2026-05-01 13:38:43,098 [INFO] HTTP Request: POST http://localhost:2026/v1/chat/completions "HTTP/1.1 200 OK"
2026-05-01 13:38:43,099 [INFO] [2219/3987] id=openseek-3-2113cefda GT=[172, 87, 592, 280, 178, 50, 322, 196, 5 ✅ (2945ch, attempts=1, 19.4s)
2026-05-01 13:38:49,639 [INFO] HTTP Request: POST http://localhost:2026/v1/chat/completions "HTTP/1.1 200 OK"
2026-05-01 13:38:49,640 [INFO] [2220/3987] id=openseek-3-6ab4c7415 GT=[21, 166] ✅ (1733ch, attempts=1, 8.5s)
2026-05-01 13:38:53,519 [INFO] HTTP Request: POST http://localhost:2026/v1/chat/completions "HTTP/1.1 200 OK"
2026-05-01 13:38:53,520 [INFO] [2221/3987] id=openseek-3-e03ca2596 GT=[100, 15, 69, 23, 8] ✅ (2248ch, attempts=1, 11.5s)
2026-05-01 13:38:56,935 [INFO] HTTP Request: POST http://localhost:2026/v1/chat/completions "HTTP/1.1 200 OK"
2026-05-01 13:38:56,937 [INFO] [2222/3987] id=openseek-3-1822707e5 GT=[406, 87, 58, 184, 538, 160] ✅ (2171ch, attempts=1, 13.8s)
2026-05-01 13:39:08,269 [INFO] HTTP Request: POST http://localhost:2026/v1/chat/completions "HTTP/1.1 200 OK"
2026-05-01 13:39:08,270 [INFO] [2223/3987] id=openseek-3-75453e931 GT=[238, 292, 442, 41, 14, 466, 442] ✅ (2833ch, attempts=1, 18.6s)
2026-05-01 13:39:10,601 [INFO] HTTP Request: POST http://localhost:2026/v1/chat/completions "HTTP/1.1 200 OK"
2026-05-01 13:39:10,603 [INFO] [2224/3987] id=openseek-3-2b42e758a GT=[50, 328, 160, 37, 25, 17, 99] ✅ (2104ch, attempts=1, 13.7s)
2026-05-01 13:39:13,028 [INFO] HTTP Request: POST http://localhost:2026/v1/chat/completions "HTTP/1.1 200 OK"
2026-05-01 13:39:13,029 [INFO] [2225/3987] id=openseek-3-28a103658 GT=[472, 36, 60, 55, 262, 5, 88, 90, 172] ✅ (3156ch, attempts=1, 19.5s)
2026-05-01 13:39:21,982 [INFO] HTTP Request: POST http://localhost:2026/v1/chat/completions "HTTP/1.1 200 OK"
2026-05-01 13:39:21,984 [INFO] [2226/3987] id=openseek-3-3e5c83a47 GT=[124, 556, 29, 328] ✅ (2545ch, attempts=1, 13.7s)
2026-05-01 13:39:26,693 [INFO] HTTP Request: POST http://localhost:2026/v1/chat/completions "HTTP/1.1 200 OK"
2026-05-01 13:39:26,694 [INFO] [2227/3987] id=openseek-3-5adbaf9a1 GT=[65, 532, 67, 93, 100, 72, 274, 496] ✅ (2474ch, attempts=1, 16.1s)
2026-05-01 13:39:30,822 [INFO] HTTP Request: POST http://localhost:2026/v1/chat/completions "HTTP/1.1 200 OK"
2026-05-01 13:39:30,823 [INFO] [2228/3987] id=openseek-3-97ebdccfe GT=[67, 514, 472, 334, 538, 454] ✅ (2945ch, attempts=1, 17.8s)
2026-05-01 13:39:39,759 [INFO] HTTP Request: POST http://localhost:2026/v1/chat/completions "HTTP/1.1 200 OK"
2026-05-01 13:39:39,760 [INFO] [2229/3987] id=openseek-3-da8d2daad GT=[574, 130, 24, 10, 64] ✅ (2290ch, attempts=1, 13.1s)
2026-05-01 13:39:42,223 [INFO] HTTP Request: POST http://localhost:2026/v1/chat/completions "HTTP/1.1 200 OK"
2026-05-01 13:39:42,225 [INFO] [2230/3987] id=openseek-3-f48131408 GT=[298, 60, 63, 46, 47, 472, 292] ✅ (3364ch, attempts=1, 20.2s)
2026-05-01 13:39:46,187 [INFO] HTTP Request: POST http://localhost:2026/v1/chat/completions "HTTP/1.1 200 OK"
2026-05-01 13:39:46,189 [INFO] [2231/3987] id=openseek-3-7a8ec05e8 GT=[72, 190, 69, 238, 48, 66, 580, 406] ✅ (2405ch, attempts=1, 15.4s)
2026-05-01 13:39:49,732 [INFO] HTTP Request: POST http://localhost:2026/v1/chat/completions "HTTP/1.1 200 OK"
2026-05-01 13:39:49,734 [INFO] [2232/3987] id=openseek-3-9ea0a6d2f GT=[154, 47] ✅ (1502ch, attempts=1, 7.5s)
2026-05-01 13:39:49,924 [INFO] HTTP Request: POST http://localhost:2026/v1/chat/completions "HTTP/1.1 200 OK"
2026-05-01 13:39:49,925 [INFO] [2233/3987] id=openseek-3-681e31ed8 GT=[19, 472, 436, 29, 81] ✅ (1623ch, attempts=1, 10.2s)
2026-05-01 13:40:01,957 [INFO] HTTP Request: POST http://localhost:2026/v1/chat/completions "HTTP/1.1 200 OK"
2026-05-01 13:40:01,958 [INFO] [2234/3987] id=openseek-3-c5537dca5 GT=[64, 52, 67, 60, 454, 322] ✅ (2532ch, attempts=1, 15.8s)
2026-05-01 13:40:04,764 [INFO] HTTP Request: POST http://localhost:2026/v1/chat/completions "HTTP/1.1 200 OK"
2026-05-01 13:40:04,765 [INFO] [2235/3987] id=openseek-3-c2e7020d8 GT=[424, 454, 448, 93, 63, 55] ✅ (2431ch, attempts=1, 14.8s)
2026-05-01 13:40:10,881 [INFO] HTTP Request: POST http://localhost:2026/v1/chat/completions "HTTP/1.1 200 OK"
2026-05-01 13:40:10,882 [INFO] [2236/3987] id=openseek-3-7b0eabd90 GT=[21, 358, 196, 172, 418, 82, 34] ✅ (3390ch, attempts=1, 21.1s)
2026-05-01 13:40:13,167 [INFO] HTTP Request: POST http://localhost:2026/v1/chat/completions "HTTP/1.1 200 OK"
2026-05-01 13:40:13,169 [INFO] [2237/3987] id=openseek-3-d87df3241 GT=[37, 184, 97] ✅ (2211ch, attempts=1, 11.2s)
2026-05-01 13:40:16,896 [INFO] HTTP Request: POST http://localhost:2026/v1/chat/completions "HTTP/1.1 200 OK"
2026-05-01 13:40:16,897 [INFO] [2238/3987] id=openseek-3-2dd3460e9 GT=[94, 49, 520, 472, 352, 532, 39] ✅ (1769ch, attempts=1, 12.1s)
2026-05-01 13:40:23,364 [INFO] HTTP Request: POST http://localhost:2026/v1/chat/completions "HTTP/1.1 200 OK"
2026-05-01 13:40:23,365 [INFO] [2239/3987] id=openseek-3-0a839c92e GT=[160, 508, 75] ✅ (2290ch, attempts=1, 12.5s)
2026-05-01 13:40:25,316 [INFO] HTTP Request: POST http://localhost:2026/v1/chat/completions "HTTP/1.1 200 OK"
2026-05-01 13:40:25,317 [INFO] [2240/3987] id=openseek-3-44e1c0f0d GT=[400, 400, 424, 154] ✅ (2161ch, attempts=1, 12.1s)
2026-05-01 13:40:34,490 [INFO] HTTP Request: POST http://localhost:2026/v1/chat/completions "HTTP/1.1 200 OK"
2026-05-01 13:40:34,491 [INFO] [2241/3987] id=openseek-3-9dc5e0fea GT=[568, 76, 65, 58, 376, 112, 208, 74] ✅ (2682ch, attempts=1, 17.6s)
2026-05-01 13:40:44,635 [INFO] HTTP Request: POST http://localhost:2026/v1/chat/completions "HTTP/1.1 200 OK"
2026-05-01 13:40:44,637 [INFO] [2242/3987] id=openseek-3-a621e46d8 GT=[40, 598, 70, 34, 280, 71, 11, 262] ✅ (3227ch, attempts=1, 21.3s)
2026-05-01 13:40:48,419 [INFO] HTTP Request: POST http://localhost:2026/v1/chat/completions "HTTP/1.1 200 OK"
2026-05-01 13:40:48,420 [INFO] [2243/3987] id=openseek-3-3559550ac GT=[322, 532, 448, 250, 76, 466, 40, 100] ✅ (3477ch, attempts=1, 23.1s)
2026-05-01 13:40:52,673 [INFO] HTTP Request: POST http://localhost:2026/v1/chat/completions "HTTP/1.1 200 OK"
2026-05-01 13:40:52,675 [INFO] [2244/3987] id=openseek-3-c6b9527d7 GT=[514, 382] ✅ (1528ch, attempts=1, 8.0s)
2026-05-01 13:40:53,441 [INFO] HTTP Request: POST http://localhost:2026/v1/chat/completions "HTTP/1.1 200 OK"
2026-05-01 13:40:53,442 [INFO] [2245/3987] id=openseek-3-6300ba275 GT=[64, 28, 592, 232, 97, 76, 43, 364, 84] ✅ (2785ch, attempts=1, 19.0s)
2026-05-01 13:41:05,367 [INFO] HTTP Request: POST http://localhost:2026/v1/chat/completions "HTTP/1.1 200 OK"
2026-05-01 13:41:05,368 [INFO] [2246/3987] id=openseek-3-5bedaef86 GT=[442, 208, 64, 65, 136] ✅ (1853ch, attempts=1, 11.9s)
2026-05-01 13:41:10,571 [INFO] HTTP Request: POST http://localhost:2026/v1/chat/completions "HTTP/1.1 200 OK"
2026-05-01 13:41:10,573 [INFO] [2247/3987] id=openseek-3-d0ec18114 GT=[82, 63, 9, 58, 87, 172, 38, 44, 268] ✅ (2797ch, attempts=1, 17.9s)
2026-05-01 13:41:11,793 [INFO] HTTP Request: POST http://localhost:2026/v1/chat/completions "HTTP/1.1 200 OK"
2026-05-01 13:41:11,795 [INFO] [2248/3987] id=openseek-3-0f317c8ce GT=[280, 304, 484, 400, 76, 82, 43, 72, 586 ✅ (3553ch, attempts=1, 23.4s)
2026-05-01 13:41:15,827 [INFO] HTTP Request: POST http://localhost:2026/v1/chat/completions "HTTP/1.1 200 OK"
2026-05-01 13:41:15,828 [INFO] [2249/3987] id=openseek-3-9684b2e0a GT=[346, 82, 202, 44] ✅ (1917ch, attempts=1, 10.5s)
2026-05-01 13:41:24,407 [INFO] HTTP Request: POST http://localhost:2026/v1/chat/completions "HTTP/1.1 200 OK"
2026-05-01 13:41:24,409 [INFO] [2250/3987] id=openseek-3-9c5238636 GT=[55, 64, 2, 406, 454, 17] ✅ (2056ch, attempts=1, 12.6s)
2026-05-01 13:41:24,489 [INFO] HTTP Request: POST http://localhost:2026/v1/chat/completions "HTTP/1.1 200 OK"
2026-05-01 13:41:24,565 [INFO]   💾 已保存 (成功=2250 验证通过=2250 降级=0) | 4.6s/条均值 | ETA=135min
2026-05-01 13:41:24,565 [INFO] [2251/3987] id=openseek-3-30fe80a21 GT=[2, 28, 16] ✅ (1783ch, attempts=1, 8.7s)
2026-05-01 13:41:31,450 [INFO] HTTP Request: POST http://localhost:2026/v1/chat/completions "HTTP/1.1 200 OK"
2026-05-01 13:41:31,452 [INFO] [2252/3987] id=openseek-3-0bc440e2e GT=[27, 238, 74, 412, 322, 40, 202, 280, 22 ✅ (3188ch, attempts=1, 20.9s)
2026-05-01 13:41:32,334 [INFO] HTTP Request: POST http://localhost:2026/v1/chat/completions "HTTP/1.1 200 OK"
2026-05-01 13:41:32,335 [INFO] [2253/3987] id=openseek-3-40495dc43 GT=[340, 67] ✅ (1546ch, attempts=1, 7.9s)
2026-05-01 13:41:41,652 [INFO] HTTP Request: POST http://localhost:2026/v1/chat/completions "HTTP/1.1 200 OK"
2026-05-01 13:41:41,654 [INFO] [2254/3987] id=openseek-3-62b1144a8 GT=[99, 100, 85, 16] ✅ (1735ch, attempts=1, 10.2s)
2026-05-01 13:41:42,627 [INFO] HTTP Request: POST http://localhost:2026/v1/chat/completions "HTTP/1.1 200 OK"
2026-05-01 13:41:42,628 [INFO] [2255/3987] id=openseek-3-651a1c489 GT=[67, 37, 490, 88, 436] ✅ (1661ch, attempts=1, 10.3s)
2026-05-01 13:41:45,108 [INFO] HTTP Request: POST http://localhost:2026/v1/chat/completions "HTTP/1.1 200 OK"
2026-05-01 13:41:45,109 [INFO] [2256/3987] id=openseek-3-3b70b6019 GT=[220, 316, 418, 568, 16, 94, 2, 460, 454 ✅ (2936ch, attempts=1, 20.6s)
2026-05-01 13:41:50,803 [INFO] HTTP Request: POST http://localhost:2026/v1/chat/completions "HTTP/1.1 200 OK"
2026-05-01 13:41:50,804 [INFO] [2257/3987] id=openseek-3-7be709283 GT=[74, 466, 62, 15] ✅ (1648ch, attempts=1, 9.2s)
2026-05-01 13:41:59,461 [INFO] HTTP Request: POST http://localhost:2026/v1/chat/completions "HTTP/1.1 200 OK"
2026-05-01 13:41:59,462 [INFO] [2258/3987] id=openseek-3-7e5bf5fd1 GT=[48, 14, 16, 97, 64, 4, 25, 61, 82] ✅ (2670ch, attempts=1, 16.8s)
2026-05-01 13:42:01,077 [INFO] HTTP Request: POST http://localhost:2026/v1/chat/completions "HTTP/1.1 200 OK"
2026-05-01 13:42:01,078 [INFO] [2259/3987] id=openseek-3-9596437fc GT=[172, 502, 448, 100] ✅ (2671ch, attempts=1, 16.0s)
2026-05-01 13:42:08,639 [INFO] HTTP Request: POST http://localhost:2026/v1/chat/completions "HTTP/1.1 200 OK"
2026-05-01 13:42:08,640 [INFO] [2260/3987] id=openseek-3-17b0596e7 GT=[358, 27] ✅ (1496ch, attempts=1, 7.6s)
2026-05-01 13:42:08,816 [INFO] HTTP Request: POST http://localhost:2026/v1/chat/completions "HTTP/1.1 200 OK"
2026-05-01 13:42:08,817 [INFO] [2261/3987] id=openseek-3-cde627ed1 GT=[442, 9, 91, 89, 388, 46, 76] ✅ (3127ch, attempts=1, 18.0s)
2026-05-01 13:42:15,793 [INFO] HTTP Request: POST http://localhost:2026/v1/chat/completions "HTTP/1.1 200 OK"
2026-05-01 13:42:15,795 [INFO] [2262/3987] id=openseek-3-bebc67be3 GT=[136, 8, 80, 98, 466, 112] ✅ (2872ch, attempts=1, 16.3s)
2026-05-01 13:42:19,903 [INFO] HTTP Request: POST http://localhost:2026/v1/chat/completions "HTTP/1.1 200 OK"
2026-05-01 13:42:19,904 [INFO] [2263/3987] id=openseek-3-4b86ce9a9 GT=[424, 38, 4, 82, 1, 244, 18] ✅ (1731ch, attempts=1, 11.1s)
2026-05-01 13:42:29,593 [INFO] HTTP Request: POST http://localhost:2026/v1/chat/completions "HTTP/1.1 200 OK"
2026-05-01 13:42:29,595 [INFO] [2264/3987] id=openseek-3-ff9593d40 GT=[232, 454, 34, 508, 32, 57] ✅ (2134ch, attempts=1, 13.8s)
2026-05-01 13:42:30,072 [INFO] HTTP Request: POST http://localhost:2026/v1/chat/completions "HTTP/1.1 200 OK"
2026-05-01 13:42:30,073 [INFO] [2265/3987] id=openseek-3-3f6575ac5 GT=[448, 430, 418, 63, 568, 64, 178, 454, 4 ✅ (3283ch, attempts=1, 21.4s)
2026-05-01 13:42:39,409 [INFO] HTTP Request: POST http://localhost:2026/v1/chat/completions "HTTP/1.1 200 OK"
2026-05-01 13:42:39,410 [INFO] [2266/3987] id=openseek-3-f0d00e3f5 GT=[40, 496, 25, 1, 586, 298, 496, 19, 98] ✅ (3108ch, attempts=1, 19.5s)
2026-05-01 13:42:50,550 [INFO] HTTP Request: POST http://localhost:2026/v1/chat/completions "HTTP/1.1 200 OK"
2026-05-01 13:42:50,552 [INFO] [2267/3987] id=openseek-3-43724f526 GT=[196, 238, 448, 430, 81, 88, 172] ✅ (3219ch, attempts=1, 21.0s)
2026-05-01 13:42:51,803 [INFO] HTTP Request: POST http://localhost:2026/v1/chat/completions "HTTP/1.1 200 OK"
2026-05-01 13:42:51,804 [INFO] [2268/3987] id=openseek-3-029f4591e GT=[154, 496, 100, 44, 7, 32, 430, 496, 220 ✅ (3451ch, attempts=1, 21.7s)
2026-05-01 13:42:58,448 [INFO] HTTP Request: POST http://localhost:2026/v1/chat/completions "HTTP/1.1 200 OK"
2026-05-01 13:42:58,450 [INFO] [2269/3987] id=openseek-3-a4f6134f3 GT=[47, 45, 52, 190, 44, 61, 442, 58, 39] ✅ (2844ch, attempts=1, 19.0s)
2026-05-01 13:43:04,998 [INFO] HTTP Request: POST http://localhost:2026/v1/chat/completions "HTTP/1.1 200 OK"
2026-05-01 13:43:04,999 [INFO] [2270/3987] id=openseek-3-50187e46b GT=[67, 58, 8, 544] ✅ (2283ch, attempts=1, 13.2s)
2026-05-01 13:43:10,394 [INFO] HTTP Request: POST http://localhost:2026/v1/chat/completions "HTTP/1.1 200 OK"
2026-05-01 13:43:10,395 [INFO] [2271/3987] id=openseek-3-b0120b9ac GT=[514, 22, 75, 424, 502, 68, 340, 81] ✅ (3128ch, attempts=1, 19.8s)
2026-05-01 13:43:13,405 [INFO] HTTP Request: POST http://localhost:2026/v1/chat/completions "HTTP/1.1 200 OK"
2026-05-01 13:43:13,407 [INFO] [2272/3987] id=openseek-3-3cdf8a04f GT=[106, 1, 532, 21, 250, 262] ✅ (2270ch, attempts=1, 15.0s)
2026-05-01 13:43:14,712 [INFO] HTTP Request: POST http://localhost:2026/v1/chat/completions "HTTP/1.1 200 OK"
2026-05-01 13:43:14,713 [INFO] [2273/3987] id=openseek-3-272955ca4 GT=[568, 99, 196, 19] ✅ (1741ch, attempts=1, 9.7s)
2026-05-01 13:43:27,358 [INFO] HTTP Request: POST http://localhost:2026/v1/chat/completions "HTTP/1.1 200 OK"
2026-05-01 13:43:27,359 [INFO] [2274/3987] id=openseek-3-6f26ecf6e GT=[7, 28, 508, 20, 67, 322] ✅ (1987ch, attempts=1, 12.6s)
2026-05-01 13:43:27,461 [INFO] HTTP Request: POST http://localhost:2026/v1/chat/completions "HTTP/1.1 200 OK"
2026-05-01 13:43:27,670 [INFO] [2275/3987] id=openseek-3-697435d43 GT=[142, 27, 538, 74, 4, 23, 4, 81] ✅ (2818ch, attempts=1, 17.3s)
2026-05-01 13:43:32,928 [INFO] HTTP Request: POST http://localhost:2026/v1/chat/completions "HTTP/1.1 200 OK"
2026-05-01 13:43:32,929 [INFO] [2276/3987] id=openseek-3-2ed7634c6 GT=[226, 226, 27, 5, 26, 58, 298, 60, 556] ✅ (2980ch, attempts=1, 19.5s)
2026-05-01 13:43:37,057 [INFO] HTTP Request: POST http://localhost:2026/v1/chat/completions "HTTP/1.1 200 OK"
2026-05-01 13:43:37,058 [INFO] [2277/3987] id=openseek-3-46890d4fc GT=[442, 47, 562] ✅ (1654ch, attempts=1, 9.4s)
2026-05-01 13:43:40,702 [INFO] HTTP Request: POST http://localhost:2026/v1/chat/completions "HTTP/1.1 200 OK"
2026-05-01 13:43:40,703 [INFO] [2278/3987] id=openseek-3-0f3a7dc4e GT=[99, 53, 166, 75, 54, 39] ✅ (2279ch, attempts=1, 13.3s)
2026-05-01 13:43:45,314 [INFO] HTTP Request: POST http://localhost:2026/v1/chat/completions "HTTP/1.1 200 OK"
2026-05-01 13:43:45,315 [INFO] [2279/3987] id=openseek-3-a10070b49 GT=[87, 12, 412, 64, 28, 34] ✅ (2029ch, attempts=1, 12.4s)
2026-05-01 13:43:54,242 [INFO] HTTP Request: POST http://localhost:2026/v1/chat/completions "HTTP/1.1 200 OK"
2026-05-01 13:43:54,243 [INFO] [2280/3987] id=openseek-3-c47bfa8ce GT=[94, 220] ✅ (1770ch, attempts=1, 8.9s)
2026-05-01 13:43:54,473 [INFO] HTTP Request: POST http://localhost:2026/v1/chat/completions "HTTP/1.1 200 OK"
2026-05-01 13:43:54,474 [INFO] [2281/3987] id=openseek-3-e704e1a5f GT=[50, 12, 454, 214, 81] ✅ (2335ch, attempts=1, 13.8s)
2026-05-01 13:43:57,285 [INFO] HTTP Request: POST http://localhost:2026/v1/chat/completions "HTTP/1.1 200 OK"
2026-05-01 13:43:57,286 [INFO] [2282/3987] id=openseek-3-ee7213042 GT=[3, 364, 502, 544, 16, 76, 57, 42, 18] ✅ (3125ch, attempts=1, 20.2s)
2026-05-01 13:44:02,540 [INFO] HTTP Request: POST http://localhost:2026/v1/chat/completions "HTTP/1.1 200 OK"
2026-05-01 13:44:02,541 [INFO] [2283/3987] id=openseek-3-4584da1ba GT=[388, 310] ✅ (1610ch, attempts=1, 8.3s)
2026-05-01 13:44:11,944 [INFO] HTTP Request: POST http://localhost:2026/v1/chat/completions "HTTP/1.1 200 OK"
2026-05-01 13:44:11,945 [INFO] [2284/3987] id=openseek-3-9b9c0eaeb GT=[40, 6, 11, 15] ✅ (1820ch, attempts=1, 9.4s)
2026-05-01 13:44:12,520 [INFO] HTTP Request: POST http://localhost:2026/v1/chat/completions "HTTP/1.1 200 OK"
2026-05-01 13:44:12,521 [INFO] [2285/3987] id=openseek-3-d06f0b60e GT=[87, 70, 57, 40, 556, 77, 34] ✅ (2426ch, attempts=1, 15.2s)
2026-05-01 13:44:13,606 [INFO] HTTP Request: POST http://localhost:2026/v1/chat/completions "HTTP/1.1 200 OK"
2026-05-01 13:44:13,607 [INFO] [2286/3987] id=openseek-3-1d252b2df GT=[10, 562, 64, 346, 376, 37, 418] ✅ (2988ch, attempts=1, 19.1s)
2026-05-01 13:44:20,724 [INFO] HTTP Request: POST http://localhost:2026/v1/chat/completions "HTTP/1.1 200 OK"
2026-05-01 13:44:20,725 [INFO] [2287/3987] id=openseek-3-f50273c78 GT=[67, 382, 90, 412] ✅ (1384ch, attempts=1, 8.8s)
2026-05-01 13:44:24,307 [INFO] HTTP Request: POST http://localhost:2026/v1/chat/completions "HTTP/1.1 200 OK"
2026-05-01 13:44:24,309 [INFO] [2288/3987] id=openseek-3-71316e1a0 GT=[502, 54, 124, 220] ✅ (2135ch, attempts=1, 11.8s)
2026-05-01 13:44:26,865 [INFO] HTTP Request: POST http://localhost:2026/v1/chat/completions "HTTP/1.1 200 OK"
2026-05-01 13:44:26,866 [INFO] [2289/3987] id=openseek-3-f62f6bd5a GT=[68, 436, 520, 48, 352] ✅ (2048ch, attempts=1, 13.3s)
2026-05-01 13:44:33,805 [INFO] HTTP Request: POST http://localhost:2026/v1/chat/completions "HTTP/1.1 200 OK"
2026-05-01 13:44:33,806 [INFO] [2290/3987] id=openseek-3-494b875ce GT=[16, 238, 72, 64, 286, 23] ✅ (2028ch, attempts=1, 13.1s)
2026-05-01 13:44:37,034 [INFO] HTTP Request: POST http://localhost:2026/v1/chat/completions "HTTP/1.1 200 OK"
2026-05-01 13:44:37,035 [INFO] [2291/3987] id=openseek-3-39d95b116 GT=[322, 4] ✅ (2115ch, attempts=1, 10.2s)
2026-05-01 13:44:40,909 [INFO] HTTP Request: POST http://localhost:2026/v1/chat/completions "HTTP/1.1 200 OK"
2026-05-01 13:44:40,910 [INFO] [2292/3987] id=openseek-3-7e20786b6 GT=[52, 58, 550, 30, 37, 47, 304, 148] ✅ (2650ch, attempts=1, 16.6s)
2026-05-01 13:44:49,264 [INFO] HTTP Request: POST http://localhost:2026/v1/chat/completions "HTTP/1.1 200 OK"
2026-05-01 13:44:49,265 [INFO] [2293/3987] id=openseek-3-4124f0cea GT=[36, 21] ✅ (1920ch, attempts=1, 8.4s)
2026-05-01 13:44:52,219 [INFO] HTTP Request: POST http://localhost:2026/v1/chat/completions "HTTP/1.1 200 OK"
2026-05-01 13:44:52,220 [INFO] [2294/3987] id=openseek-3-f0638d9fb GT=[61, 58, 226, 59, 202] ✅ (2623ch, attempts=1, 15.2s)
2026-05-01 13:44:52,523 [INFO] HTTP Request: POST http://localhost:2026/v1/chat/completions "HTTP/1.1 200 OK"
2026-05-01 13:44:52,524 [INFO] [2295/3987] id=openseek-3-7d80e8c35 GT=[280, 1, 73, 74, 358, 484, 10] ✅ (3099ch, attempts=1, 18.7s)
2026-05-01 13:45:05,582 [INFO] HTTP Request: POST http://localhost:2026/v1/chat/completions "HTTP/1.1 200 OK"
2026-05-01 13:45:05,583 [INFO] [2296/3987] id=openseek-3-8c449375d GT=[60, 328, 298] ✅ (2557ch, attempts=1, 13.4s)
2026-05-01 13:45:10,370 [INFO] HTTP Request: POST http://localhost:2026/v1/chat/completions "HTTP/1.1 200 OK"
2026-05-01 13:45:10,371 [INFO] [2297/3987] id=openseek-3-1ca6af1cc GT=[64, 64, 15, 57, 136, 98, 40, 2] ✅ (2813ch, attempts=1, 17.8s)
2026-05-01 13:45:11,304 [INFO] HTTP Request: POST http://localhost:2026/v1/chat/completions "HTTP/1.1 200 OK"
2026-05-01 13:45:11,305 [INFO] [2298/3987] id=openseek-3-135c341a3 GT=[544, 18, 12, 454, 100, 54, 98, 54, 23] ✅ (3742ch, attempts=1, 22.0s)
2026-05-01 13:45:21,716 [INFO] HTTP Request: POST http://localhost:2026/v1/chat/completions "HTTP/1.1 200 OK"
2026-05-01 13:45:21,718 [INFO] [2299/3987] id=openseek-3-babfadf3f GT=[382, 96, 10] ✅ (1988ch, attempts=1, 10.4s)
2026-05-01 13:45:26,037 [INFO] HTTP Request: POST http://localhost:2026/v1/chat/completions "HTTP/1.1 200 OK"
2026-05-01 13:45:26,038 [INFO] [2300/3987] id=openseek-3-8dec9ddc8 GT=[39, 37, 100, 544, 68, 292, 43, 10] ✅ (3135ch, attempts=1, 20.5s)
2026-05-01 13:45:26,189 [INFO]   💾 已保存 (成功=2300 验证通过=2300 降级=0) | 4.7s/条均值 | ETA=131min
2026-05-01 13:45:30,319 [INFO] HTTP Request: POST http://localhost:2026/v1/chat/completions "HTTP/1.1 200 OK"
2026-05-01 13:45:30,320 [INFO] [2301/3987] id=openseek-3-7087919a1 GT=[63, 85, 424, 91, 406, 394, 274, 67, 520 ✅ (2883ch, attempts=1, 19.9s)
2026-05-01 13:45:35,675 [INFO] HTTP Request: POST http://localhost:2026/v1/chat/completions "HTTP/1.1 200 OK"
2026-05-01 13:45:35,676 [INFO] [2302/3987] id=openseek-3-47f9cdcd5 GT=[166, 106, 24, 400] ✅ (2379ch, attempts=1, 14.0s)
2026-05-01 13:45:42,196 [INFO] HTTP Request: POST http://localhost:2026/v1/chat/completions "HTTP/1.1 200 OK"
2026-05-01 13:45:42,197 [INFO] [2303/3987] id=openseek-3-b0c41d6d0 GT=[20, 358, 17] ✅ (2494ch, attempts=1, 11.9s)
2026-05-01 13:45:43,766 [INFO] HTTP Request: POST http://localhost:2026/v1/chat/completions "HTTP/1.1 200 OK"
2026-05-01 13:45:43,767 [INFO] [2304/3987] id=openseek-3-e8860ff34 GT=[328, 96] ✅ (1538ch, attempts=1, 8.1s)
2026-05-01 13:45:44,679 [INFO] HTTP Request: POST http://localhost:2026/v1/chat/completions "HTTP/1.1 200 OK"
2026-05-01 13:45:44,680 [INFO] [2305/3987] id=openseek-3-009ecfa0d GT=[400, 25, 310, 93, 268, 9, 106, 274] ✅ (3042ch, attempts=1, 18.6s)
2026-05-01 13:45:54,243 [INFO] HTTP Request: POST http://localhost:2026/v1/chat/completions "HTTP/1.1 200 OK"
2026-05-01 13:45:54,244 [INFO] [2306/3987] id=openseek-3-8152e908d GT=[310, 98, 97, 50, 63] ✅ (1997ch, attempts=1, 12.0s)
2026-05-01 13:45:54,831 [INFO] HTTP Request: POST http://localhost:2026/v1/chat/completions "HTTP/1.1 200 OK"
2026-05-01 13:45:54,832 [INFO] [2307/3987] id=openseek-3-57abfd106 GT=[436, 86, 502, 57] ✅ (1851ch, attempts=1, 11.1s)
2026-05-01 13:46:06,061 [INFO] HTTP Request: POST http://localhost:2026/v1/chat/completions "HTTP/1.1 200 OK"
2026-05-01 13:46:06,062 [INFO] [2308/3987] id=openseek-3-0ba95de64 GT=[59, 586, 298, 460, 30, 91, 73, 58] ✅ (3238ch, attempts=1, 21.4s)
2026-05-01 13:46:08,578 [INFO] HTTP Request: POST http://localhost:2026/v1/chat/completions "HTTP/1.1 200 OK"
2026-05-01 13:46:08,579 [INFO] [2309/3987] id=openseek-3-44053803f GT=[394, 2, 28, 100, 478, 268, 45, 38, 54] ✅ (2294ch, attempts=1, 14.3s)
2026-05-01 13:46:10,503 [INFO] HTTP Request: POST http://localhost:2026/v1/chat/completions "HTTP/1.1 200 OK"
2026-05-01 13:46:10,504 [INFO] [2310/3987] id=openseek-3-d7c7188cc GT=[56, 59, 502, 292, 526, 23, 89, 250] ✅ (2380ch, attempts=1, 15.7s)
2026-05-01 13:46:16,066 [INFO] HTTP Request: POST http://localhost:2026/v1/chat/completions "HTTP/1.1 200 OK"
2026-05-01 13:46:16,067 [INFO] [2311/3987] id=openseek-3-e0c8f0938 GT=[550, 28] ✅ (2048ch, attempts=1, 10.0s)
2026-05-01 13:46:26,514 [INFO] HTTP Request: POST http://localhost:2026/v1/chat/completions "HTTP/1.1 200 OK"
2026-05-01 13:46:26,515 [INFO] [2312/3987] id=openseek-3-d7cbe6b37 GT=[484, 316, 214, 9, 400, 45, 96, 286, 88] ✅ (2464ch, attempts=1, 16.0s)
2026-05-01 13:46:26,923 [INFO] HTTP Request: POST http://localhost:2026/v1/chat/completions "HTTP/1.1 200 OK"
2026-05-01 13:46:26,924 [INFO] [2313/3987] id=openseek-3-1a3d5bec4 GT=[322, 23, 47] ✅ (2037ch, attempts=1, 10.9s)
2026-05-01 13:46:27,189 [INFO] HTTP Request: POST http://localhost:2026/v1/chat/completions "HTTP/1.1 200 OK"
2026-05-01 13:46:27,191 [INFO] [2314/3987] id=openseek-3-596be38a6 GT=[77, 95, 37, 36, 20, 130, 12, 3] ✅ (3268ch, attempts=1, 18.6s)
2026-05-01 13:46:33,925 [INFO] HTTP Request: POST http://localhost:2026/v1/chat/completions "HTTP/1.1 200 OK"
2026-05-01 13:46:33,927 [INFO] [2315/3987] id=openseek-3-9b09a943d GT=[24, 54] ✅ (1462ch, attempts=1, 6.7s)
2026-05-01 13:46:35,472 [INFO] HTTP Request: POST http://localhost:2026/v1/chat/completions "HTTP/1.1 200 OK"
2026-05-01 13:46:35,473 [INFO] [2316/3987] id=openseek-3-402d508c3 GT=[406, 43, 41] ✅ (1753ch, attempts=1, 9.0s)
2026-05-01 13:46:42,579 [INFO] HTTP Request: POST http://localhost:2026/v1/chat/completions "HTTP/1.1 200 OK"
2026-05-01 13:46:42,581 [INFO] [2317/3987] id=openseek-3-e222c31c5 GT=[202, 55] ✅ (1706ch, attempts=1, 8.7s)
2026-05-01 13:46:44,731 [INFO] HTTP Request: POST http://localhost:2026/v1/chat/completions "HTTP/1.1 200 OK"
2026-05-01 13:46:44,733 [INFO] [2318/3987] id=openseek-3-c9c378910 GT=[106, 90, 124, 574, 10, 74, 45] ✅ (3102ch, attempts=1, 17.8s)
2026-05-01 13:46:48,240 [INFO] HTTP Request: POST http://localhost:2026/v1/chat/completions "HTTP/1.1 200 OK"
2026-05-01 13:46:48,241 [INFO] [2319/3987] id=openseek-3-823185ad3 GT=[448, 568, 532, 58, 62, 568, 2] ✅ (2134ch, attempts=1, 12.8s)
2026-05-01 13:46:56,823 [INFO] HTTP Request: POST http://localhost:2026/v1/chat/completions "HTTP/1.1 200 OK"
2026-05-01 13:46:56,824 [INFO] [2320/3987] id=openseek-3-494f144f8 GT=[484, 124, 4, 514] ✅ (1974ch, attempts=1, 12.1s)
2026-05-01 13:46:59,273 [INFO] HTTP Request: POST http://localhost:2026/v1/chat/completions "HTTP/1.1 200 OK"
2026-05-01 13:46:59,274 [INFO] [2321/3987] id=openseek-3-b5d8086d3 GT=[274, 36, 232, 52, 65, 93, 30] ✅ (2509ch, attempts=1, 16.7s)
2026-05-01 13:47:02,975 [INFO] HTTP Request: POST http://localhost:2026/v1/chat/completions "HTTP/1.1 200 OK"
2026-05-01 13:47:02,976 [INFO] [2322/3987] id=openseek-3-9c4e58ddd GT=[250, 112, 562, 532, 40, 4, 74, 190, 3] ✅ (2019ch, attempts=1, 14.7s)
2026-05-01 13:47:09,910 [INFO] HTTP Request: POST http://localhost:2026/v1/chat/completions "HTTP/1.1 200 OK"
2026-05-01 13:47:09,911 [INFO] [2323/3987] id=openseek-3-498affa5f GT=[94, 60, 18, 22, 25, 67, 50] ✅ (2190ch, attempts=1, 13.1s)
2026-05-01 13:47:10,254 [INFO] HTTP Request: POST http://localhost:2026/v1/chat/completions "HTTP/1.1 200 OK"
2026-05-01 13:47:10,256 [INFO] [2324/3987] id=openseek-3-8181f135c GT=[508, 92, 190, 79, 346] ✅ (1830ch, attempts=1, 11.0s)
2026-05-01 13:47:13,832 [INFO] HTTP Request: POST http://localhost:2026/v1/chat/completions "HTTP/1.1 200 OK"
2026-05-01 13:47:13,833 [INFO] [2325/3987] id=openseek-3-6efa129cd GT=[124, 508, 72] ✅ (2077ch, attempts=1, 10.9s)
2026-05-01 13:47:17,493 [INFO] HTTP Request: POST http://localhost:2026/v1/chat/completions "HTTP/1.1 200 OK"
2026-05-01 13:47:17,494 [INFO] [2326/3987] id=openseek-3-fb0ac48b9 GT=[526, 80] ✅ (1496ch, attempts=1, 7.6s)
2026-05-01 13:47:24,189 [INFO] HTTP Request: POST http://localhost:2026/v1/chat/completions "HTTP/1.1 200 OK"
2026-05-01 13:47:24,190 [INFO] [2327/3987] id=openseek-3-15f265c89 GT=[85, 81, 88, 190] ✅ (2733ch, attempts=1, 13.9s)
2026-05-01 13:47:27,046 [INFO] HTTP Request: POST http://localhost:2026/v1/chat/completions "HTTP/1.1 200 OK"
2026-05-01 13:47:27,047 [INFO] [2328/3987] id=openseek-3-d45ca350b GT=[13, 55, 70, 20] ✅ (2509ch, attempts=1, 13.2s)
2026-05-01 13:47:32,543 [INFO] HTTP Request: POST http://localhost:2026/v1/chat/completions "HTTP/1.1 200 OK"
2026-05-01 13:47:32,544 [INFO] [2329/3987] id=openseek-3-ccdc4e8ef GT=[226, 82, 47, 63, 286, 160, 274, 382] ✅ (2371ch, attempts=1, 15.0s)
2026-05-01 13:47:39,059 [INFO] HTTP Request: POST http://localhost:2026/v1/chat/completions "HTTP/1.1 200 OK"
2026-05-01 13:47:39,060 [INFO] [2330/3987] id=openseek-3-dd8625304 GT=[59, 56, 106, 376, 40] ✅ (1828ch, attempts=1, 12.0s)
2026-05-01 13:47:43,759 [INFO] HTTP Request: POST http://localhost:2026/v1/chat/completions "HTTP/1.1 200 OK"
2026-05-01 13:47:43,760 [INFO] [2331/3987] id=openseek-3-5d45f2d4d GT=[28, 286, 448, 80, 95, 274, 70] ✅ (3113ch, attempts=1, 19.6s)
2026-05-01 13:47:45,398 [INFO] HTTP Request: POST http://localhost:2026/v1/chat/completions "HTTP/1.1 200 OK"
2026-05-01 13:47:45,399 [INFO] [2332/3987] id=openseek-3-f6f98be60 GT=[262, 454, 74, 66, 316, 83] ✅ (2017ch, attempts=1, 12.9s)
2026-05-01 13:47:52,439 [INFO] HTTP Request: POST http://localhost:2026/v1/chat/completions "HTTP/1.1 200 OK"
2026-05-01 13:47:52,440 [INFO] [2333/3987] id=openseek-3-f12ec2199 GT=[32, 83] ✅ (1857ch, attempts=1, 8.7s)
2026-05-01 13:47:53,699 [INFO] HTTP Request: POST http://localhost:2026/v1/chat/completions "HTTP/1.1 200 OK"
2026-05-01 13:47:53,700 [INFO] [2334/3987] id=openseek-3-a262fa21d GT=[586, 37, 526, 25, 196, 346, 80] ✅ (2261ch, attempts=1, 14.6s)
2026-05-01 13:48:03,745 [INFO] HTTP Request: POST http://localhost:2026/v1/chat/completions "HTTP/1.1 200 OK"
2026-05-01 13:48:03,746 [INFO] [2335/3987] id=openseek-3-8e3446cfe GT=[52, 54, 74] ✅ (2067ch, attempts=1, 10.0s)
2026-05-01 13:48:06,162 [INFO] HTTP Request: POST http://localhost:2026/v1/chat/completions "HTTP/1.1 200 OK"
2026-05-01 13:48:06,164 [INFO] [2336/3987] id=openseek-3-b22557e5c GT=[340, 280, 49, 69, 45] ✅ (2360ch, attempts=1, 13.7s)
2026-05-01 13:48:08,111 [INFO] HTTP Request: POST http://localhost:2026/v1/chat/completions "HTTP/1.1 200 OK"
2026-05-01 13:48:08,112 [INFO] [2337/3987] id=openseek-3-234a7b35b GT=[52, 89, 48, 11, 76, 592, 544, 166, 112] ✅ (3638ch, attempts=1, 22.7s)
2026-05-01 13:48:18,800 [INFO] HTTP Request: POST http://localhost:2026/v1/chat/completions "HTTP/1.1 200 OK"
2026-05-01 13:48:18,801 [INFO] [2338/3987] id=openseek-3-984cf9aa7 GT=[88, 49, 220, 73] ✅ (1868ch, attempts=1, 10.7s)
2026-05-01 13:48:22,926 [INFO] HTTP Request: POST http://localhost:2026/v1/chat/completions "HTTP/1.1 200 OK"
2026-05-01 13:48:22,927 [INFO] [2339/3987] id=openseek-3-f750bb784 GT=[23, 65, 53, 316, 520, 26, 74] ✅ (3104ch, attempts=1, 19.2s)
2026-05-01 13:48:24,822 [INFO] HTTP Request: POST http://localhost:2026/v1/chat/completions "HTTP/1.1 200 OK"
2026-05-01 13:48:24,960 [INFO] [2340/3987] id=openseek-3-9f4d66de7 GT=[71, 424, 520, 20, 412, 178, 44, 340] ✅ (2780ch, attempts=1, 18.8s)
2026-05-01 13:48:29,532 [INFO] HTTP Request: POST http://localhost:2026/v1/chat/completions "HTTP/1.1 200 OK"
2026-05-01 13:48:29,533 [INFO] [2341/3987] id=openseek-3-d2a74030f GT=[430, 382, 112, 54] ✅ (1759ch, attempts=1, 10.7s)
2026-05-01 13:48:38,059 [INFO] HTTP Request: POST http://localhost:2026/v1/chat/completions "HTTP/1.1 200 OK"
2026-05-01 13:48:38,060 [INFO] [2342/3987] id=openseek-3-eb86e6ecd GT=[562, 22, 442] ✅ (2343ch, attempts=1, 13.1s)
2026-05-01 13:48:38,190 [INFO] HTTP Request: POST http://localhost:2026/v1/chat/completions "HTTP/1.1 200 OK"
2026-05-01 13:48:38,191 [INFO] [2343/3987] id=openseek-3-541ccceae GT=[382, 538, 436, 44] ✅ (2600ch, attempts=1, 15.3s)
2026-05-01 13:48:47,379 [INFO] HTTP Request: POST http://localhost:2026/v1/chat/completions "HTTP/1.1 200 OK"
2026-05-01 13:48:47,380 [INFO] [2344/3987] id=openseek-3-ad1cb4ae8 GT=[43, 73, 41, 40, 316, 424, 358, 7] ✅ (2762ch, attempts=1, 17.8s)
2026-05-01 13:48:53,291 [INFO] HTTP Request: POST http://localhost:2026/v1/chat/completions "HTTP/1.1 200 OK"
2026-05-01 13:48:53,292 [INFO] [2345/3987] id=openseek-3-b6618c05d GT=[118, 184, 40, 382, 430, 9, 52] ✅ (2453ch, attempts=1, 15.1s)
2026-05-01 13:48:56,177 [INFO] HTTP Request: POST http://localhost:2026/v1/chat/completions "HTTP/1.1 200 OK"
2026-05-01 13:48:56,178 [INFO] [2346/3987] id=openseek-3-bb722c1ea GT=[67, 70, 490, 66] ✅ (1514ch, attempts=1, 8.8s)
2026-05-01 13:48:59,015 [INFO] HTTP Request: POST http://localhost:2026/v1/chat/completions "HTTP/1.1 200 OK"
2026-05-01 13:48:59,017 [INFO] [2347/3987] id=openseek-3-a5cd65d70 GT=[148, 87, 88, 304, 70, 90, 23, 100, 268] ✅ (3152ch, attempts=1, 21.0s)
2026-05-01 13:49:06,008 [INFO] HTTP Request: POST http://localhost:2026/v1/chat/completions "HTTP/1.1 200 OK"
2026-05-01 13:49:06,009 [INFO] [2348/3987] id=openseek-3-bc73a2d05 GT=[14, 93] ✅ (2803ch, attempts=1, 12.7s)
2026-05-01 13:49:10,170 [INFO] HTTP Request: POST http://localhost:2026/v1/chat/completions "HTTP/1.1 200 OK"
2026-05-01 13:49:10,171 [INFO] [2349/3987] id=openseek-3-2418ea14d GT=[77, 184, 274, 37] ✅ (1931ch, attempts=1, 11.2s)
2026-05-01 13:49:13,309 [INFO] HTTP Request: POST http://localhost:2026/v1/chat/completions "HTTP/1.1 200 OK"
2026-05-01 13:49:13,310 [INFO] [2350/3987] id=openseek-3-2d0402587 GT=[490, 592, 202, 33, 5, 490, 13, 100] ✅ (2670ch, attempts=1, 17.1s)
2026-05-01 13:49:13,461 [INFO]   💾 已保存 (成功=2350 验证通过=2350 降级=0) | 4.7s/条均值 | ETA=127min
2026-05-01 13:49:25,326 [INFO] HTTP Request: POST http://localhost:2026/v1/chat/completions "HTTP/1.1 200 OK"
2026-05-01 13:49:25,327 [INFO] [2351/3987] id=openseek-3-ab11e057f GT=[88, 34, 74, 86, 89, 412, 82] ✅ (2473ch, attempts=1, 15.2s)
2026-05-01 13:49:25,778 [INFO] HTTP Request: POST http://localhost:2026/v1/chat/completions "HTTP/1.1 200 OK"
2026-05-01 13:49:25,780 [INFO] [2352/3987] id=openseek-3-c1a7f70b5 GT=[100, 43, 70, 27, 526, 412, 100, 568, 14 ✅ (3005ch, attempts=1, 19.8s)
2026-05-01 13:49:27,001 [INFO] HTTP Request: POST http://localhost:2026/v1/chat/completions "HTTP/1.1 200 OK"
2026-05-01 13:49:27,002 [INFO] [2353/3987] id=openseek-3-1dee65928 GT=[76, 454, 81, 214] ✅ (2289ch, attempts=1, 13.7s)
2026-05-01 13:49:33,006 [INFO] HTTP Request: POST http://localhost:2026/v1/chat/completions "HTTP/1.1 200 OK"
2026-05-01 13:49:33,007 [INFO] [2354/3987] id=openseek-3-753513861 GT=[60, 62] ✅ (1580ch, attempts=1, 7.2s)
2026-05-01 13:49:34,640 [INFO] HTTP Request: POST http://localhost:2026/v1/chat/completions "HTTP/1.1 200 OK"
2026-05-01 13:49:34,641 [INFO] [2355/3987] id=openseek-3-62e616d27 GT=[178, 61] ✅ (1539ch, attempts=1, 7.6s)
2026-05-01 13:49:40,942 [INFO] HTTP Request: POST http://localhost:2026/v1/chat/completions "HTTP/1.1 200 OK"
2026-05-01 13:49:40,944 [INFO] [2356/3987] id=openseek-3-df099774e GT=[214, 8, 334, 85, 490, 34] ✅ (2592ch, attempts=1, 15.6s)
2026-05-01 13:49:43,401 [INFO] HTTP Request: POST http://localhost:2026/v1/chat/completions "HTTP/1.1 200 OK"
2026-05-01 13:49:43,402 [INFO] [2357/3987] id=openseek-3-9e8a43b0d GT=[38, 70, 49] ✅ (1847ch, attempts=1, 8.8s)
2026-05-01 13:49:44,846 [INFO] HTTP Request: POST http://localhost:2026/v1/chat/completions "HTTP/1.1 200 OK"
2026-05-01 13:49:44,847 [INFO] [2358/3987] id=openseek-3-4ae4f66e2 GT=[46, 118, 574] ✅ (2257ch, attempts=1, 11.8s)
2026-05-01 13:49:51,056 [INFO] HTTP Request: POST http://localhost:2026/v1/chat/completions "HTTP/1.1 200 OK"
2026-05-01 13:49:51,057 [INFO] [2359/3987] id=openseek-3-d933d1a17 GT=[71, 98] ✅ (2214ch, attempts=1, 10.1s)
2026-05-01 13:49:54,087 [INFO] HTTP Request: POST http://localhost:2026/v1/chat/completions "HTTP/1.1 200 OK"
2026-05-01 13:49:54,088 [INFO] [2360/3987] id=openseek-3-5a47176cf GT=[4, 250] ✅ (2366ch, attempts=1, 10.7s)
2026-05-01 13:49:55,745 [INFO] HTTP Request: POST http://localhost:2026/v1/chat/completions "HTTP/1.1 200 OK"
2026-05-01 13:49:55,746 [INFO] [2361/3987] id=openseek-3-5dc881ffc GT=[26, 85, 574, 36] ✅ (1928ch, attempts=1, 10.9s)
2026-05-01 13:50:01,450 [INFO] HTTP Request: POST http://localhost:2026/v1/chat/completions "HTTP/1.1 200 OK"
2026-05-01 13:50:01,451 [INFO] [2362/3987] id=openseek-3-20fb8f0ae GT=[520, 112, 292, 28] ✅ (1778ch, attempts=1, 10.4s)
2026-05-01 13:50:06,681 [INFO] HTTP Request: POST http://localhost:2026/v1/chat/completions "HTTP/1.1 200 OK"
2026-05-01 13:50:06,682 [INFO] [2363/3987] id=openseek-3-0a220d6a0 GT=[460, 13, 57, 39, 28, 238] ✅ (1965ch, attempts=1, 12.6s)
2026-05-01 13:50:10,234 [INFO] HTTP Request: POST http://localhost:2026/v1/chat/completions "HTTP/1.1 200 OK"
2026-05-01 13:50:10,235 [INFO] [2364/3987] id=openseek-3-33ba1065f GT=[268, 382, 508, 496, 586] ✅ (2291ch, attempts=1, 14.5s)
2026-05-01 13:50:16,154 [INFO] HTTP Request: POST http://localhost:2026/v1/chat/completions "HTTP/1.1 200 OK"
2026-05-01 13:50:16,155 [INFO] [2365/3987] id=openseek-3-fd77c8c89 GT=[37, 70, 90, 56, 65, 87] ✅ (2330ch, attempts=1, 14.7s)
2026-05-01 13:50:21,448 [INFO] HTTP Request: POST http://localhost:2026/v1/chat/completions "HTTP/1.1 200 OK"
2026-05-01 13:50:21,449 [INFO] [2366/3987] id=openseek-3-40e3deff1 GT=[304, 490, 478, 418, 86] ✅ (2325ch, attempts=1, 14.8s)
2026-05-01 13:50:24,234 [INFO] HTTP Request: POST http://localhost:2026/v1/chat/completions "HTTP/1.1 200 OK"
2026-05-01 13:50:24,235 [INFO] [2367/3987] id=openseek-3-643c473c9 GT=[62, 55, 22, 10, 232, 28, 34] ✅ (2318ch, attempts=1, 14.0s)
2026-05-01 13:50:31,324 [INFO] HTTP Request: POST http://localhost:2026/v1/chat/completions "HTTP/1.1 200 OK"
2026-05-01 13:50:31,325 [INFO] [2368/3987] id=openseek-3-21b44b04c GT=[4, 72, 226, 54, 88] ✅ (1675ch, attempts=1, 9.9s)
2026-05-01 13:50:32,681 [INFO] HTTP Request: POST http://localhost:2026/v1/chat/completions "HTTP/1.1 200 OK"
2026-05-01 13:50:32,683 [INFO] [2369/3987] id=openseek-3-0b6b3aaf3 GT=[202, 352, 136] ✅ (2936ch, attempts=1, 16.5s)
2026-05-01 13:50:35,838 [INFO] HTTP Request: POST http://localhost:2026/v1/chat/completions "HTTP/1.1 200 OK"
2026-05-01 13:50:35,840 [INFO] [2370/3987] id=openseek-3-2e8419d00 GT=[346, 292, 83, 97] ✅ (1932ch, attempts=1, 11.6s)
2026-05-01 13:50:45,285 [INFO] HTTP Request: POST http://localhost:2026/v1/chat/completions "HTTP/1.1 200 OK"
2026-05-01 13:50:45,287 [INFO] [2371/3987] id=openseek-3-f499481e2 GT=[88, 214, 544, 10, 64] ✅ (2033ch, attempts=1, 12.6s)
2026-05-01 13:50:47,572 [INFO] HTTP Request: POST http://localhost:2026/v1/chat/completions "HTTP/1.1 200 OK"
2026-05-01 13:50:47,573 [INFO] [2372/3987] id=openseek-3-56d7329d4 GT=[412, 22, 262] ✅ (2180ch, attempts=1, 11.7s)
2026-05-01 13:50:54,083 [INFO] HTTP Request: POST http://localhost:2026/v1/chat/completions "HTTP/1.1 200 OK"
2026-05-01 13:50:54,084 [INFO] [2373/3987] id=openseek-3-7e96486b3 GT=[70, 148, 148, 424, 43, 568, 67, 154, 86 ✅ (3624ch, attempts=1, 22.8s)
2026-05-01 13:50:55,164 [INFO] HTTP Request: POST http://localhost:2026/v1/chat/completions "HTTP/1.1 200 OK"
2026-05-01 13:50:55,165 [INFO] [2374/3987] id=openseek-3-4ea93c69e GT=[43, 28, 66] ✅ (1885ch, attempts=1, 9.9s)
2026-05-01 13:51:01,185 [INFO] HTTP Request: POST http://localhost:2026/v1/chat/completions "HTTP/1.1 200 OK"
2026-05-01 13:51:01,187 [INFO] [2375/3987] id=openseek-3-f3d2f2722 GT=[8, 382, 106, 538, 51, 298] ✅ (2102ch, attempts=1, 13.6s)
2026-05-01 13:51:12,369 [INFO] HTTP Request: POST http://localhost:2026/v1/chat/completions "HTTP/1.1 200 OK"
2026-05-01 13:51:12,371 [INFO] [2376/3987] id=openseek-3-d3eb3191c GT=[90, 10, 26, 8, 136, 514, 556, 80, 358] ✅ (2652ch, attempts=1, 17.2s)
2026-05-01 13:51:12,547 [INFO] HTTP Request: POST http://localhost:2026/v1/chat/completions "HTTP/1.1 200 OK"
2026-05-01 13:51:12,548 [INFO] [2377/3987] id=openseek-3-8d888164f GT=[40, 30, 63, 50, 84, 11, 78, 44] ✅ (3078ch, attempts=1, 18.5s)
2026-05-01 13:51:20,743 [INFO] HTTP Request: POST http://localhost:2026/v1/chat/completions "HTTP/1.1 200 OK"
2026-05-01 13:51:20,744 [INFO] [2378/3987] id=openseek-3-8f143e64c GT=[418, 580, 496, 40, 79, 388] ✅ (3246ch, attempts=1, 19.6s)
2026-05-01 13:51:27,154 [INFO] HTTP Request: POST http://localhost:2026/v1/chat/completions "HTTP/1.1 200 OK"
2026-05-01 13:51:27,156 [INFO] [2379/3987] id=openseek-3-7d3dce679 GT=[22, 442, 478, 406, 85, 382] ✅ (2242ch, attempts=1, 14.8s)
2026-05-01 13:51:28,704 [INFO] HTTP Request: POST http://localhost:2026/v1/chat/completions "HTTP/1.1 200 OK"
2026-05-01 13:51:28,705 [INFO] [2380/3987] id=openseek-3-c0ffd5584 GT=[586, 586, 82, 358, 76, 32, 58] ✅ (2532ch, attempts=1, 16.2s)
2026-05-01 13:51:32,144 [INFO] HTTP Request: POST http://localhost:2026/v1/chat/completions "HTTP/1.1 200 OK"
2026-05-01 13:51:32,145 [INFO] [2381/3987] id=openseek-3-49c29b79a GT=[56, 448, 20, 1, 25] ✅ (1934ch, attempts=1, 11.4s)
2026-05-01 13:51:41,359 [INFO] HTTP Request: POST http://localhost:2026/v1/chat/completions "HTTP/1.1 200 OK"
2026-05-01 13:51:41,360 [INFO] [2382/3987] id=openseek-3-dd8ad4328 GT=[346, 586] ✅ (1951ch, attempts=1, 9.2s)
2026-05-01 13:51:46,179 [INFO] HTTP Request: POST http://localhost:2026/v1/chat/completions "HTTP/1.1 200 OK"
2026-05-01 13:51:46,181 [INFO] [2383/3987] id=openseek-3-d74d7c23a GT=[74, 388, 256, 466, 18, 292, 244, 382, 7 ✅ (2858ch, attempts=1, 19.0s)
2026-05-01 13:51:47,343 [INFO] HTTP Request: POST http://localhost:2026/v1/chat/completions "HTTP/1.1 200 OK"
2026-05-01 13:51:47,344 [INFO] [2384/3987] id=openseek-3-cb690ddba GT=[382, 50, 21, 94, 130, 41, 49] ✅ (3254ch, attempts=1, 18.6s)
2026-05-01 13:51:51,825 [INFO] HTTP Request: POST http://localhost:2026/v1/chat/completions "HTTP/1.1 200 OK"
2026-05-01 13:51:51,826 [INFO] [2385/3987] id=openseek-3-cf34073df GT=[4, 208, 286] ✅ (1903ch, attempts=1, 10.5s)
2026-05-01 13:51:55,206 [INFO] HTTP Request: POST http://localhost:2026/v1/chat/completions "HTTP/1.1 200 OK"
2026-05-01 13:51:55,207 [INFO] [2386/3987] id=openseek-3-96c20d276 GT=[58, 46, 90, 340] ✅ (1676ch, attempts=1, 9.0s)
2026-05-01 13:52:00,159 [INFO] HTTP Request: POST http://localhost:2026/v1/chat/completions "HTTP/1.1 200 OK"
2026-05-01 13:52:00,160 [INFO] [2387/3987] id=openseek-3-bf936bbba GT=[448, 154] ✅ (1555ch, attempts=1, 8.3s)
2026-05-01 13:52:04,051 [INFO] HTTP Request: POST http://localhost:2026/v1/chat/completions "HTTP/1.1 200 OK"
2026-05-01 13:52:04,052 [INFO] [2388/3987] id=openseek-3-e7fc0af9f GT=[508, 5] ✅ (1988ch, attempts=1, 8.8s)
2026-05-01 13:52:04,241 [INFO] HTTP Request: POST http://localhost:2026/v1/chat/completions "HTTP/1.1 200 OK"
2026-05-01 13:52:04,242 [INFO] [2389/3987] id=openseek-3-4c0ab640f GT=[87, 44, 526, 100, 376, 16, 106, 28] ✅ (2520ch, attempts=1, 16.9s)
2026-05-01 13:52:14,776 [INFO] HTTP Request: POST http://localhost:2026/v1/chat/completions "HTTP/1.1 200 OK"
2026-05-01 13:52:14,777 [INFO] [2390/3987] id=openseek-3-bb276acd2 GT=[44, 598, 41, 538, 88] ✅ (1716ch, attempts=1, 10.5s)
2026-05-01 13:52:17,267 [INFO] HTTP Request: POST http://localhost:2026/v1/chat/completions "HTTP/1.1 200 OK"
2026-05-01 13:52:17,268 [INFO] [2391/3987] id=openseek-3-7dcfb7ffc GT=[340, 70, 56, 43, 58, 244, 34, 142, 478] ✅ (2532ch, attempts=1, 17.1s)
2026-05-01 13:52:23,207 [INFO] HTTP Request: POST http://localhost:2026/v1/chat/completions "HTTP/1.1 200 OK"
2026-05-01 13:52:23,209 [INFO] [2392/3987] id=openseek-3-1724daf11 GT=[52, 91, 508, 172, 12, 56, 89, 76] ✅ (3037ch, attempts=1, 19.2s)
2026-05-01 13:52:29,821 [INFO] HTTP Request: POST http://localhost:2026/v1/chat/completions "HTTP/1.1 200 OK"
2026-05-01 13:52:29,822 [INFO] [2393/3987] id=openseek-3-506063b2d GT=[190, 418, 88] ✅ (2238ch, attempts=1, 12.6s)
2026-05-01 13:52:35,188 [INFO] HTTP Request: POST http://localhost:2026/v1/chat/completions "HTTP/1.1 200 OK"
2026-05-01 13:52:35,189 [INFO] [2394/3987] id=openseek-3-029df6a49 GT=[274, 62, 9, 23, 63, 38, 430, 33, 22] ✅ (3184ch, attempts=1, 20.4s)
2026-05-01 13:52:36,119 [INFO] HTTP Request: POST http://localhost:2026/v1/chat/completions "HTTP/1.1 200 OK"
2026-05-01 13:52:36,121 [INFO] [2395/3987] id=openseek-3-f03684c85 GT=[18, 3, 106, 280, 61, 262, 43, 24] ✅ (1962ch, attempts=1, 12.9s)
2026-05-01 13:52:44,877 [INFO] HTTP Request: POST http://localhost:2026/v1/chat/completions "HTTP/1.1 200 OK"
2026-05-01 13:52:44,878 [INFO] [2396/3987] id=openseek-3-9a459ca42 GT=[23, 61, 23, 262, 37, 28] ✅ (2719ch, attempts=1, 15.1s)
2026-05-01 13:52:46,384 [INFO] HTTP Request: POST http://localhost:2026/v1/chat/completions "HTTP/1.1 200 OK"
2026-05-01 13:52:46,385 [INFO] [2397/3987] id=openseek-3-14935d6af GT=[56, 74, 508, 38] ✅ (1995ch, attempts=1, 11.2s)
2026-05-01 13:52:48,440 [INFO] HTTP Request: POST http://localhost:2026/v1/chat/completions "HTTP/1.1 200 OK"
2026-05-01 13:52:48,441 [INFO] [2398/3987] id=openseek-3-6c6010bbf GT=[250, 73, 52, 502, 532] ✅ (1857ch, attempts=1, 12.3s)
2026-05-01 13:52:52,728 [INFO] HTTP Request: POST http://localhost:2026/v1/chat/completions "HTTP/1.1 200 OK"
2026-05-01 13:52:52,729 [INFO] [2399/3987] id=openseek-3-2bd608b87 GT=[244, 65] ✅ (1456ch, attempts=1, 7.9s)
2026-05-01 13:52:56,111 [INFO] HTTP Request: POST http://localhost:2026/v1/chat/completions "HTTP/1.1 200 OK"
2026-05-01 13:52:56,113 [INFO] [2400/3987] id=openseek-3-040b4b061 GT=[33, 43, 57] ✅ (2004ch, attempts=1, 9.7s)
2026-05-01 13:52:56,269 [INFO]   💾 已保存 (成功=2400 验证通过=2400 降级=0) | 4.6s/条均值 | ETA=123min
2026-05-01 13:52:56,856 [INFO] HTTP Request: POST http://localhost:2026/v1/chat/completions "HTTP/1.1 200 OK"
2026-05-01 13:52:56,857 [INFO] [2401/3987] id=openseek-3-60284ff33 GT=[69, 136] ✅ (1723ch, attempts=1, 8.4s)
2026-05-01 13:53:03,074 [INFO] HTTP Request: POST http://localhost:2026/v1/chat/completions "HTTP/1.1 200 OK"
2026-05-01 13:53:03,075 [INFO] [2402/3987] id=openseek-3-6e9e96c31 GT=[268, 11, 20, 94] ✅ (1879ch, attempts=1, 10.3s)
2026-05-01 13:53:07,432 [INFO] HTTP Request: POST http://localhost:2026/v1/chat/completions "HTTP/1.1 200 OK"
2026-05-01 13:53:07,433 [INFO] [2403/3987] id=openseek-3-7bb8b19f7 GT=[448, 44, 430] ✅ (2229ch, attempts=1, 11.3s)
2026-05-01 13:53:12,069 [INFO] HTTP Request: POST http://localhost:2026/v1/chat/completions "HTTP/1.1 200 OK"
2026-05-01 13:53:12,070 [INFO] [2404/3987] id=openseek-3-332fef142 GT=[31, 454] ✅ (1774ch, attempts=1, 9.0s)
2026-05-01 13:53:20,392 [INFO] HTTP Request: POST http://localhost:2026/v1/chat/completions "HTTP/1.1 200 OK"
2026-05-01 13:53:20,393 [INFO] [2405/3987] id=openseek-3-c6f544932 GT=[214, 46, 166, 69, 54, 58, 80, 39, 106] ✅ (3872ch, attempts=1, 23.5s)
2026-05-01 13:53:20,724 [INFO] HTTP Request: POST http://localhost:2026/v1/chat/completions "HTTP/1.1 200 OK"
2026-05-01 13:53:20,725 [INFO] [2406/3987] id=openseek-3-dde7e642c GT=[142, 41, 25, 96, 202, 99] ✅ (2062ch, attempts=1, 13.3s)
2026-05-01 13:53:24,027 [INFO] HTTP Request: POST http://localhost:2026/v1/chat/completions "HTTP/1.1 200 OK"
2026-05-01 13:53:24,028 [INFO] [2407/3987] id=openseek-3-37d728fe6 GT=[11, 4, 10, 84, 19, 220] ✅ (1897ch, attempts=1, 12.0s)
2026-05-01 13:53:31,458 [INFO] HTTP Request: POST http://localhost:2026/v1/chat/completions "HTTP/1.1 200 OK"
2026-05-01 13:53:31,460 [INFO] [2408/3987] id=openseek-3-d6ea0e693 GT=[97, 71, 484] ✅ (2184ch, attempts=1, 11.1s)
2026-05-01 13:53:40,365 [INFO] HTTP Request: POST http://localhost:2026/v1/chat/completions "HTTP/1.1 200 OK"
2026-05-01 13:53:40,366 [INFO] [2409/3987] id=openseek-3-6632675ca GT=[316, 100, 63, 496, 556, 22, 124, 70, 65 ✅ (2962ch, attempts=1, 19.6s)
2026-05-01 13:53:40,557 [INFO] HTTP Request: POST http://localhost:2026/v1/chat/completions "HTTP/1.1 200 OK"
2026-05-01 13:53:40,558 [INFO] [2410/3987] id=openseek-3-0c6e0f6b1 GT=[574, 298, 82] ✅ (1609ch, attempts=1, 9.1s)
2026-05-01 13:53:45,882 [INFO] HTTP Request: POST http://localhost:2026/v1/chat/completions "HTTP/1.1 200 OK"
2026-05-01 13:53:45,883 [INFO] [2411/3987] id=openseek-3-44d21205f GT=[280, 544, 202, 400, 70, 81, 88, 232, 47 ✅ (3341ch, attempts=1, 21.9s)
2026-05-01 13:53:48,298 [INFO] HTTP Request: POST http://localhost:2026/v1/chat/completions "HTTP/1.1 200 OK"
2026-05-01 13:53:48,299 [INFO] [2412/3987] id=openseek-3-cc5fccc82 GT=[16, 226, 54, 38] ✅ (1419ch, attempts=1, 7.7s)
2026-05-01 13:53:52,856 [INFO] HTTP Request: POST http://localhost:2026/v1/chat/completions "HTTP/1.1 200 OK"
2026-05-01 13:53:52,857 [INFO] [2413/3987] id=openseek-3-8160f32f3 GT=[57, 364, 424, 64, 424] ✅ (2038ch, attempts=1, 12.5s)
2026-05-01 13:53:55,534 [INFO] HTTP Request: POST http://localhost:2026/v1/chat/completions "HTTP/1.1 200 OK"
2026-05-01 13:53:55,535 [INFO] [2414/3987] id=openseek-3-2a7017b84 GT=[250, 47, 88, 2] ✅ (1643ch, attempts=1, 9.7s)
2026-05-01 13:53:58,565 [INFO] HTTP Request: POST http://localhost:2026/v1/chat/completions "HTTP/1.1 200 OK"
2026-05-01 13:53:58,567 [INFO] [2415/3987] id=openseek-3-54b9012ac GT=[99, 64, 112, 41] ✅ (1898ch, attempts=1, 10.3s)
2026-05-01 13:54:08,331 [INFO] HTTP Request: POST http://localhost:2026/v1/chat/completions "HTTP/1.1 200 OK"
2026-05-01 13:54:08,332 [INFO] [2416/3987] id=openseek-3-13d3d60ae GT=[244, 98, 24, 340, 508, 298, 334] ✅ (2163ch, attempts=1, 15.5s)
2026-05-01 13:54:09,757 [INFO] HTTP Request: POST http://localhost:2026/v1/chat/completions "HTTP/1.1 200 OK"
2026-05-01 13:54:09,758 [INFO] [2417/3987] id=openseek-3-bfc9d9873 GT=[316, 44, 64, 130, 574, 292] ✅ (2354ch, attempts=1, 14.2s)
2026-05-01 13:54:11,652 [INFO] HTTP Request: POST http://localhost:2026/v1/chat/completions "HTTP/1.1 200 OK"
2026-05-01 13:54:11,653 [INFO] [2418/3987] id=openseek-3-e5991cdb1 GT=[99, 52, 346, 544, 454] ✅ (1975ch, attempts=1, 13.1s)
2026-05-01 13:54:19,448 [INFO] HTTP Request: POST http://localhost:2026/v1/chat/completions "HTTP/1.1 200 OK"
2026-05-01 13:54:19,449 [INFO] [2419/3987] id=openseek-3-1afc1db01 GT=[304, 34, 9, 130, 75] ✅ (1859ch, attempts=1, 11.1s)
2026-05-01 13:54:26,319 [INFO] HTTP Request: POST http://localhost:2026/v1/chat/completions "HTTP/1.1 200 OK"
2026-05-01 13:54:26,320 [INFO] [2420/3987] id=openseek-3-ff543bc1a GT=[388, 74, 478, 13, 35, 214, 77] ✅ (2804ch, attempts=1, 16.6s)
2026-05-01 13:54:27,222 [INFO] HTTP Request: POST http://localhost:2026/v1/chat/completions "HTTP/1.1 200 OK"
2026-05-01 13:54:27,223 [INFO] [2421/3987] id=openseek-3-eb46948b2 GT=[112, 178, 84, 33, 27] ✅ (2680ch, attempts=1, 15.6s)
2026-05-01 13:54:31,578 [INFO] HTTP Request: POST http://localhost:2026/v1/chat/completions "HTTP/1.1 200 OK"
2026-05-01 13:54:31,579 [INFO] [2422/3987] id=openseek-3-5eee6c9d6 GT=[70, 56, 160, 328] ✅ (2062ch, attempts=1, 12.1s)
2026-05-01 13:54:34,875 [INFO] HTTP Request: POST http://localhost:2026/v1/chat/completions "HTTP/1.1 200 OK"
2026-05-01 13:54:34,876 [INFO] [2423/3987] id=openseek-3-5984cc08b GT=[70, 85] ✅ (1534ch, attempts=1, 7.7s)
2026-05-01 13:54:43,294 [INFO] HTTP Request: POST http://localhost:2026/v1/chat/completions "HTTP/1.1 200 OK"
2026-05-01 13:54:43,295 [INFO] [2424/3987] id=openseek-3-9a2376963 GT=[214, 23, 220, 38, 82] ✅ (1939ch, attempts=1, 11.7s)
2026-05-01 13:54:47,676 [INFO] HTTP Request: POST http://localhost:2026/v1/chat/completions "HTTP/1.1 200 OK"
2026-05-01 13:54:47,677 [INFO] [2425/3987] id=openseek-3-9619fa162 GT=[10, 29, 6, 520, 100, 28] ✅ (2171ch, attempts=1, 12.8s)
2026-05-01 13:54:48,515 [INFO] HTTP Request: POST http://localhost:2026/v1/chat/completions "HTTP/1.1 200 OK"
2026-05-01 13:54:48,516 [INFO] [2426/3987] id=openseek-3-700bb5739 GT=[33, 526, 544, 34, 598, 418, 478, 97] ✅ (3273ch, attempts=1, 22.2s)
2026-05-01 13:54:57,028 [INFO] HTTP Request: POST http://localhost:2026/v1/chat/completions "HTTP/1.1 200 OK"
2026-05-01 13:54:57,029 [INFO] [2427/3987] id=openseek-3-a194de5ef GT=[4, 8] ✅ (2218ch, attempts=1, 9.4s)
2026-05-01 13:55:05,676 [INFO] HTTP Request: POST http://localhost:2026/v1/chat/completions "HTTP/1.1 200 OK"
2026-05-01 13:55:05,677 [INFO] [2428/3987] id=openseek-3-830e7e3ca GT=[34, 418, 502, 90, 14, 66, 22, 124] ✅ (2920ch, attempts=1, 17.2s)
2026-05-01 13:55:06,764 [INFO] HTTP Request: POST http://localhost:2026/v1/chat/completions "HTTP/1.1 200 OK"
2026-05-01 13:55:06,765 [INFO] [2429/3987] id=openseek-3-90a8a2d2f GT=[76, 238, 130, 80, 79, 142, 25, 580, 550 ✅ (3709ch, attempts=1, 23.5s)
2026-05-01 13:55:10,592 [INFO] HTTP Request: POST http://localhost:2026/v1/chat/completions "HTTP/1.1 200 OK"
2026-05-01 13:55:10,593 [INFO] [2430/3987] id=openseek-3-4eb1319c7 GT=[76, 53, 14, 526, 136, 22, 98] ✅ (2190ch, attempts=1, 13.6s)
2026-05-01 13:55:25,932 [INFO] HTTP Request: POST http://localhost:2026/v1/chat/completions "HTTP/1.1 200 OK"
2026-05-01 13:55:25,933 [INFO] [2431/3987] id=openseek-3-3cff7645e GT=[328, 406, 89, 78, 7, 92, 322, 67, 64] ✅ (3022ch, attempts=1, 19.2s)
2026-05-01 13:55:27,372 [INFO] HTTP Request: POST http://localhost:2026/v1/chat/completions "HTTP/1.1 200 OK"
2026-05-01 13:55:27,373 [INFO] [2432/3987] id=openseek-3-02f3904fd GT=[190, 88, 148, 16, 73, 31] ✅ (2740ch, attempts=1, 16.8s)
2026-05-01 13:55:30,965 [INFO] HTTP Request: POST http://localhost:2026/v1/chat/completions "HTTP/1.1 200 OK"
2026-05-01 13:55:30,966 [INFO] [2433/3987] id=openseek-3-d86f910fe GT=[568, 334, 496, 544, 142, 33, 31, 388, 1 ✅ (4166ch, attempts=1, 25.3s)
2026-05-01 13:55:35,362 [INFO] HTTP Request: POST http://localhost:2026/v1/chat/completions "HTTP/1.1 200 OK"
2026-05-01 13:55:35,363 [INFO] [2434/3987] id=openseek-3-2e1082be6 GT=[70, 69, 54, 46] ✅ (1682ch, attempts=1, 9.4s)
2026-05-01 13:55:38,262 [INFO] HTTP Request: POST http://localhost:2026/v1/chat/completions "HTTP/1.1 200 OK"
2026-05-01 13:55:38,263 [INFO] [2435/3987] id=openseek-3-9f7bfebf2 GT=[112, 32, 442, 238] ✅ (1799ch, attempts=1, 10.9s)
2026-05-01 13:55:46,730 [INFO] HTTP Request: POST http://localhost:2026/v1/chat/completions "HTTP/1.1 200 OK"
2026-05-01 13:55:46,731 [INFO] [2436/3987] id=openseek-3-1a29385a3 GT=[50, 42, 87, 72, 70, 52, 268, 17] ✅ (2529ch, attempts=1, 15.8s)
2026-05-01 13:55:50,391 [INFO] HTTP Request: POST http://localhost:2026/v1/chat/completions "HTTP/1.1 200 OK"
2026-05-01 13:55:50,392 [INFO] [2437/3987] id=openseek-3-c6d886886 GT=[78, 17, 98, 370, 46, 166, 50] ✅ (2588ch, attempts=1, 15.0s)
2026-05-01 13:55:54,508 [INFO] HTTP Request: POST http://localhost:2026/v1/chat/completions "HTTP/1.1 200 OK"
2026-05-01 13:55:54,509 [INFO] [2438/3987] id=openseek-3-b3723cdf6 GT=[298, 124, 88, 42, 29, 99, 68] ✅ (2565ch, attempts=1, 16.2s)
2026-05-01 13:55:58,424 [INFO] HTTP Request: POST http://localhost:2026/v1/chat/completions "HTTP/1.1 200 OK"
2026-05-01 13:55:58,425 [INFO] [2439/3987] id=openseek-3-84aeff952 GT=[34, 16, 220, 430] ✅ (2001ch, attempts=1, 11.7s)
2026-05-01 13:56:07,043 [INFO] HTTP Request: POST http://localhost:2026/v1/chat/completions "HTTP/1.1 200 OK"
2026-05-01 13:56:07,044 [INFO] [2440/3987] id=openseek-3-57064dd0d GT=[88, 88, 370, 47, 154] ✅ (1992ch, attempts=1, 12.5s)
2026-05-01 13:56:10,655 [INFO] HTTP Request: POST http://localhost:2026/v1/chat/completions "HTTP/1.1 200 OK"
2026-05-01 13:56:10,656 [INFO] [2441/3987] id=openseek-3-b3152d3f0 GT=[382, 13, 91, 454, 86, 83, 256, 34] ✅ (3318ch, attempts=1, 20.3s)
2026-05-01 13:56:15,848 [INFO] HTTP Request: POST http://localhost:2026/v1/chat/completions "HTTP/1.1 200 OK"
2026-05-01 13:56:15,849 [INFO] [2442/3987] id=openseek-3-74f075789 GT=[400, 250, 80, 520, 8, 23, 340, 382, 184 ✅ (2747ch, attempts=1, 17.4s)
2026-05-01 13:56:19,887 [INFO] HTTP Request: POST http://localhost:2026/v1/chat/completions "HTTP/1.1 200 OK"
2026-05-01 13:56:19,888 [INFO] [2443/3987] id=openseek-3-77c8cfdb6 GT=[84, 58, 76] ✅ (1796ch, attempts=1, 9.2s)
2026-05-01 13:56:26,593 [INFO] HTTP Request: POST http://localhost:2026/v1/chat/completions "HTTP/1.1 200 OK"
2026-05-01 13:56:26,594 [INFO] [2444/3987] id=openseek-3-32345e098 GT=[100, 77, 4, 78, 586, 226, 376, 91, 81] ✅ (2995ch, attempts=1, 19.6s)
2026-05-01 13:56:34,860 [INFO] HTTP Request: POST http://localhost:2026/v1/chat/completions "HTTP/1.1 200 OK"
2026-05-01 13:56:34,861 [INFO] [2445/3987] id=openseek-3-03a4ba809 GT=[16, 27, 47, 41, 95, 202, 22, 490, 184] ✅ (2909ch, attempts=1, 19.0s)
2026-05-01 13:56:37,263 [INFO] HTTP Request: POST http://localhost:2026/v1/chat/completions "HTTP/1.1 200 OK"
2026-05-01 13:56:37,264 [INFO] [2446/3987] id=openseek-3-3271e357f GT=[76, 26, 172, 40, 86, 82, 59] ✅ (2815ch, attempts=1, 17.4s)
2026-05-01 13:56:45,455 [INFO] HTTP Request: POST http://localhost:2026/v1/chat/completions "HTTP/1.1 200 OK"
2026-05-01 13:56:45,456 [INFO] [2447/3987] id=openseek-3-3f2257713 GT=[538, 69, 562] ✅ (1985ch, attempts=1, 10.6s)
2026-05-01 13:56:46,280 [INFO] HTTP Request: POST http://localhost:2026/v1/chat/completions "HTTP/1.1 200 OK"
2026-05-01 13:56:46,282 [INFO] [2448/3987] id=openseek-3-7f9c1265e GT=[280, 3, 550, 36, 334, 76, 92, 93, 30] ✅ (3192ch, attempts=1, 19.7s)
2026-05-01 13:56:50,840 [INFO] HTTP Request: POST http://localhost:2026/v1/chat/completions "HTTP/1.1 200 OK"
2026-05-01 13:56:50,841 [INFO] [2449/3987] id=openseek-3-6c07ab0dd GT=[64, 61, 454, 38, 298, 328] ✅ (2107ch, attempts=1, 13.6s)
2026-05-01 13:56:56,223 [INFO] HTTP Request: POST http://localhost:2026/v1/chat/completions "HTTP/1.1 200 OK"
2026-05-01 13:56:56,224 [INFO] [2450/3987] id=openseek-3-9db4e40fb GT=[298, 66, 84] ✅ (2094ch, attempts=1, 10.8s)
2026-05-01 13:56:56,325 [INFO]   💾 已保存 (成功=2450 验证通过=2450 降级=0) | 4.6s/条均值 | ETA=119min
2026-05-01 13:56:58,890 [INFO] HTTP Request: POST http://localhost:2026/v1/chat/completions "HTTP/1.1 200 OK"
2026-05-01 13:56:58,891 [INFO] [2451/3987] id=openseek-3-dbab92be8 GT=[16, 8, 100, 4] ✅ (2457ch, attempts=1, 12.6s)
2026-05-01 13:57:05,982 [INFO] HTTP Request: POST http://localhost:2026/v1/chat/completions "HTTP/1.1 200 OK"
2026-05-01 13:57:05,983 [INFO] [2452/3987] id=openseek-3-3dca1dbf7 GT=[364, 91, 310, 19, 16, 49, 580] ✅ (2552ch, attempts=1, 15.1s)
2026-05-01 13:57:12,129 [INFO] HTTP Request: POST http://localhost:2026/v1/chat/completions "HTTP/1.1 200 OK"
2026-05-01 13:57:12,130 [INFO] [2453/3987] id=openseek-3-31b34d2d5 GT=[71, 424, 68, 7, 83, 16, 430] ✅ (2673ch, attempts=1, 15.9s)
2026-05-01 13:57:13,887 [INFO] HTTP Request: POST http://localhost:2026/v1/chat/completions "HTTP/1.1 200 OK"
2026-05-01 13:57:13,888 [INFO] [2454/3987] id=openseek-3-533686bc0 GT=[84, 25] ✅ (1629ch, attempts=1, 7.9s)
2026-05-01 13:57:14,033 [INFO] HTTP Request: POST http://localhost:2026/v1/chat/completions "HTTP/1.1 200 OK"
2026-05-01 13:57:14,034 [INFO] [2455/3987] id=openseek-3-a40627940 GT=[10, 90, 502, 400, 37, 154] ✅ (2353ch, attempts=1, 15.1s)
2026-05-01 13:57:25,881 [INFO] HTTP Request: POST http://localhost:2026/v1/chat/completions "HTTP/1.1 200 OK"
2026-05-01 13:57:25,882 [INFO] [2456/3987] id=openseek-3-c61496cbb GT=[48, 376, 16, 436, 71] ✅ (1855ch, attempts=1, 11.8s)
2026-05-01 13:57:30,174 [INFO] HTTP Request: POST http://localhost:2026/v1/chat/completions "HTTP/1.1 200 OK"
2026-05-01 13:57:30,176 [INFO] [2457/3987] id=openseek-3-fa1bb37cf GT=[412, 39, 64, 65, 16, 496, 29] ✅ (3050ch, attempts=1, 18.0s)
2026-05-01 13:57:30,319 [INFO] HTTP Request: POST http://localhost:2026/v1/chat/completions "HTTP/1.1 200 OK"
2026-05-01 13:57:30,320 [INFO] [2458/3987] id=openseek-3-1c52eb8ce GT=[78, 430, 68, 130, 274, 15, 526] ✅ (2698ch, attempts=1, 16.4s)
2026-05-01 13:57:38,933 [INFO] HTTP Request: POST http://localhost:2026/v1/chat/completions "HTTP/1.1 200 OK"
2026-05-01 13:57:38,934 [INFO] [2459/3987] id=openseek-3-c420c20d8 GT=[430, 376, 67] ✅ (1599ch, attempts=1, 8.6s)
2026-05-01 13:57:43,191 [INFO] HTTP Request: POST http://localhost:2026/v1/chat/completions "HTTP/1.1 200 OK"
2026-05-01 13:57:43,192 [INFO] [2460/3987] id=openseek-3-06c974515 GT=[94, 4, 556, 52, 100, 3] ✅ (2237ch, attempts=1, 13.0s)
2026-05-01 13:57:45,544 [INFO] HTTP Request: POST http://localhost:2026/v1/chat/completions "HTTP/1.1 200 OK"
2026-05-01 13:57:45,545 [INFO] [2461/3987] id=openseek-3-6dae3ac92 GT=[66, 53, 346, 8, 508, 38, 66, 75, 92] ✅ (3145ch, attempts=1, 19.7s)
2026-05-01 13:57:52,103 [INFO] HTTP Request: POST http://localhost:2026/v1/chat/completions "HTTP/1.1 200 OK"
2026-05-01 13:57:52,104 [INFO] [2462/3987] id=openseek-3-e85c73636 GT=[292, 61, 274] ✅ (2502ch, attempts=1, 13.2s)
2026-05-01 13:57:52,198 [INFO] HTTP Request: POST http://localhost:2026/v1/chat/completions "HTTP/1.1 200 OK"
2026-05-01 13:57:52,199 [INFO] [2463/3987] id=openseek-3-e563529d9 GT=[11, 10, 298, 196, 292, 28] ✅ (1376ch, attempts=1, 9.0s)
2026-05-01 13:57:59,779 [INFO] HTTP Request: POST http://localhost:2026/v1/chat/completions "HTTP/1.1 200 OK"
2026-05-01 13:57:59,780 [INFO] [2464/3987] id=openseek-3-b2013d509 GT=[13, 22, 30, 72, 4, 520] ✅ (2283ch, attempts=1, 14.2s)
2026-05-01 13:58:01,113 [INFO] HTTP Request: POST http://localhost:2026/v1/chat/completions "HTTP/1.1 200 OK"
2026-05-01 13:58:01,114 [INFO] [2465/3987] id=openseek-3-5c8bee890 GT=[514, 148] ✅ (1706ch, attempts=1, 8.9s)
2026-05-01 13:58:04,165 [INFO] HTTP Request: POST http://localhost:2026/v1/chat/completions "HTTP/1.1 200 OK"
2026-05-01 13:58:04,166 [INFO] [2466/3987] id=openseek-3-1e03b40f7 GT=[382, 94, 250, 592] ✅ (1950ch, attempts=1, 12.1s)
2026-05-01 13:58:13,460 [INFO] HTTP Request: POST http://localhost:2026/v1/chat/completions "HTTP/1.1 200 OK"
2026-05-01 13:58:13,461 [INFO] [2467/3987] id=openseek-3-a04b74ee5 GT=[142, 262, 41, 45, 97] ✅ (2048ch, attempts=1, 12.3s)
2026-05-01 13:58:18,892 [INFO] HTTP Request: POST http://localhost:2026/v1/chat/completions "HTTP/1.1 200 OK"
2026-05-01 13:58:18,894 [INFO] [2468/3987] id=openseek-3-3c9a621f0 GT=[292, 418, 280, 346, 73, 364, 64, 68, 95 ✅ (2948ch, attempts=1, 19.1s)
2026-05-01 13:58:21,821 [INFO] HTTP Request: POST http://localhost:2026/v1/chat/completions "HTTP/1.1 200 OK"
2026-05-01 13:58:21,823 [INFO] [2469/3987] id=openseek-3-b4d3de314 GT=[292, 27, 316, 68, 40, 19, 520, 54] ✅ (2738ch, attempts=1, 17.7s)
2026-05-01 13:58:33,345 [INFO] HTTP Request: POST http://localhost:2026/v1/chat/completions "HTTP/1.1 200 OK"
2026-05-01 13:58:33,346 [INFO] [2470/3987] id=openseek-3-39ce281b8 GT=[92, 51, 220, 406, 50, 32, 1, 520] ✅ (2332ch, attempts=1, 14.5s)
2026-05-01 13:58:35,330 [INFO] HTTP Request: POST http://localhost:2026/v1/chat/completions "HTTP/1.1 200 OK"
2026-05-01 13:58:35,331 [INFO] [2471/3987] id=openseek-3-54a4b24cc GT=[68, 2, 382, 370, 382, 30, 4, 76, 490] ✅ (3357ch, attempts=1, 21.9s)
2026-05-01 13:58:40,000 [INFO] HTTP Request: POST http://localhost:2026/v1/chat/completions "HTTP/1.1 200 OK"
2026-05-01 13:58:40,001 [INFO] [2472/3987] id=openseek-3-7668cc543 GT=[70, 79, 250, 19, 436, 60, 418, 89] ✅ (2941ch, attempts=1, 18.2s)
2026-05-01 13:58:48,318 [INFO] HTTP Request: POST http://localhost:2026/v1/chat/completions "HTTP/1.1 200 OK"
2026-05-01 13:58:48,319 [INFO] [2473/3987] id=openseek-3-d147edd53 GT=[400, 406] ✅ (1683ch, attempts=1, 8.3s)
2026-05-01 13:58:48,685 [INFO] HTTP Request: POST http://localhost:2026/v1/chat/completions "HTTP/1.1 200 OK"
2026-05-01 13:58:48,686 [INFO] [2474/3987] id=openseek-3-ef7eca193 GT=[22, 8, 484, 376, 442] ✅ (2051ch, attempts=1, 13.4s)
2026-05-01 13:58:55,419 [INFO] HTTP Request: POST http://localhost:2026/v1/chat/completions "HTTP/1.1 200 OK"
2026-05-01 13:58:55,420 [INFO] [2475/3987] id=openseek-3-d726f368f GT=[38, 92] ✅ (1494ch, attempts=1, 7.1s)
2026-05-01 13:58:55,577 [INFO] HTTP Request: POST http://localhost:2026/v1/chat/completions "HTTP/1.1 200 OK"
2026-05-01 13:58:55,578 [INFO] [2476/3987] id=openseek-3-58e953e60 GT=[40, 214, 106, 430, 436, 40, 52, 340, 18 ✅ (3353ch, attempts=1, 22.2s)
2026-05-01 13:58:58,581 [INFO] HTTP Request: POST http://localhost:2026/v1/chat/completions "HTTP/1.1 200 OK"
2026-05-01 13:58:58,582 [INFO] [2477/3987] id=openseek-3-22d61d97f GT=[58, 26, 69] ✅ (1911ch, attempts=1, 9.9s)
2026-05-01 13:59:06,250 [INFO] HTTP Request: POST http://localhost:2026/v1/chat/completions "HTTP/1.1 200 OK"
2026-05-01 13:59:06,251 [INFO] [2478/3987] id=openseek-3-d754118b1 GT=[69, 12, 160] ✅ (2256ch, attempts=1, 10.8s)
2026-05-01 13:59:07,637 [INFO] HTTP Request: POST http://localhost:2026/v1/chat/completions "HTTP/1.1 200 OK"
2026-05-01 13:59:07,638 [INFO] [2479/3987] id=openseek-3-61377460b GT=[130, 90, 160, 15, 7] ✅ (2058ch, attempts=1, 12.1s)
2026-05-01 13:59:08,546 [INFO] HTTP Request: POST http://localhost:2026/v1/chat/completions "HTTP/1.1 200 OK"
2026-05-01 13:59:08,547 [INFO] [2480/3987] id=openseek-3-45d8a6d23 GT=[96, 7, 63] ✅ (1859ch, attempts=1, 10.0s)
2026-05-01 13:59:14,282 [INFO] HTTP Request: POST http://localhost:2026/v1/chat/completions "HTTP/1.1 200 OK"
2026-05-01 13:59:14,283 [INFO] [2481/3987] id=openseek-3-61997d224 GT=[556, 30, 41] ✅ (1640ch, attempts=1, 8.0s)
2026-05-01 13:59:27,321 [INFO] HTTP Request: POST http://localhost:2026/v1/chat/completions "HTTP/1.1 200 OK"
2026-05-01 13:59:27,322 [INFO] [2482/3987] id=openseek-3-6c0d45146 GT=[69, 39, 20, 352, 550, 376, 436, 8] ✅ (2756ch, attempts=1, 18.8s)
2026-05-01 13:59:31,751 [INFO] HTTP Request: POST http://localhost:2026/v1/chat/completions "HTTP/1.1 200 OK"
2026-05-01 13:59:31,752 [INFO] [2483/3987] id=openseek-3-afcd2b3d2 GT=[106, 55, 106, 58, 52, 43, 84, 42] ✅ (2818ch, attempts=1, 17.5s)
2026-05-01 13:59:33,657 [INFO] HTTP Request: POST http://localhost:2026/v1/chat/completions "HTTP/1.1 200 OK"
2026-05-01 13:59:33,658 [INFO] [2484/3987] id=openseek-3-04d7c9e1a GT=[172, 88, 412, 28, 346, 81, 520, 196, 29 ✅ (3919ch, attempts=1, 26.0s)
2026-05-01 13:59:40,951 [INFO] HTTP Request: POST http://localhost:2026/v1/chat/completions "HTTP/1.1 200 OK"
2026-05-01 13:59:40,952 [INFO] [2485/3987] id=openseek-3-8ddadf75e GT=[31, 43, 334, 63, 25, 406] ✅ (2187ch, attempts=1, 13.6s)
2026-05-01 13:59:44,840 [INFO] HTTP Request: POST http://localhost:2026/v1/chat/completions "HTTP/1.1 200 OK"
2026-05-01 13:59:44,841 [INFO] [2486/3987] id=openseek-3-ba217ae0e GT=[10, 124, 35, 388, 208] ✅ (2133ch, attempts=1, 13.1s)
2026-05-01 13:59:45,307 [INFO] HTTP Request: POST http://localhost:2026/v1/chat/completions "HTTP/1.1 200 OK"
2026-05-01 13:59:45,308 [INFO] [2487/3987] id=openseek-3-87e081560 GT=[4, 100, 220, 7, 83] ✅ (2009ch, attempts=1, 11.7s)
2026-05-01 13:59:53,811 [INFO] HTTP Request: POST http://localhost:2026/v1/chat/completions "HTTP/1.1 200 OK"
2026-05-01 13:59:53,812 [INFO] [2488/3987] id=openseek-3-ab4028ea8 GT=[316, 100, 86] ✅ (1612ch, attempts=1, 8.5s)
2026-05-01 13:59:54,945 [INFO] HTTP Request: POST http://localhost:2026/v1/chat/completions "HTTP/1.1 200 OK"
2026-05-01 13:59:54,946 [INFO] [2489/3987] id=openseek-3-cf17d9869 GT=[82, 568, 9, 58, 67, 430] ✅ (2133ch, attempts=1, 14.0s)
2026-05-01 14:00:00,051 [INFO] HTTP Request: POST http://localhost:2026/v1/chat/completions "HTTP/1.1 200 OK"
2026-05-01 14:00:00,052 [INFO] [2490/3987] id=openseek-3-1cb5206a1 GT=[40, 70] ✅ (1388ch, attempts=1, 6.2s)
2026-05-01 14:00:04,149 [INFO] HTTP Request: POST http://localhost:2026/v1/chat/completions "HTTP/1.1 200 OK"
2026-05-01 14:00:04,150 [INFO] [2491/3987] id=openseek-3-90ecb9c79 GT=[454, 70, 310] ✅ (1721ch, attempts=1, 9.2s)
2026-05-01 14:00:06,305 [INFO] HTTP Request: POST http://localhost:2026/v1/chat/completions "HTTP/1.1 200 OK"
2026-05-01 14:00:06,306 [INFO] [2492/3987] id=openseek-3-944e3acfd GT=[2, 94, 358, 76, 10, 58, 148, 74, 71] ✅ (3562ch, attempts=1, 21.5s)
2026-05-01 14:00:17,420 [INFO] HTTP Request: POST http://localhost:2026/v1/chat/completions "HTTP/1.1 200 OK"
2026-05-01 14:00:17,421 [INFO] [2493/3987] id=openseek-3-1b9a54ca5 GT=[69, 442, 66, 310, 154, 72, 586] ✅ (2812ch, attempts=1, 17.4s)
2026-05-01 14:00:17,802 [INFO] HTTP Request: POST http://localhost:2026/v1/chat/completions "HTTP/1.1 200 OK"
2026-05-01 14:00:17,803 [INFO] [2494/3987] id=openseek-3-96e7084a9 GT=[47, 208, 39, 196] ✅ (2108ch, attempts=1, 11.5s)
2026-05-01 14:00:22,150 [INFO] HTTP Request: POST http://localhost:2026/v1/chat/completions "HTTP/1.1 200 OK"
2026-05-01 14:00:22,152 [INFO] [2495/3987] id=openseek-3-47b3ccb8d GT=[262, 46, 532, 436, 49] ✅ (2933ch, attempts=1, 18.0s)
2026-05-01 14:00:26,743 [INFO] HTTP Request: POST http://localhost:2026/v1/chat/completions "HTTP/1.1 200 OK"
2026-05-01 14:00:26,744 [INFO] [2496/3987] id=openseek-3-27deb0ed2 GT=[30, 73] ✅ (1790ch, attempts=1, 8.9s)
2026-05-01 14:00:30,408 [INFO] HTTP Request: POST http://localhost:2026/v1/chat/completions "HTTP/1.1 200 OK"
2026-05-01 14:00:30,409 [INFO] [2497/3987] id=openseek-3-66a9a1905 GT=[352, 60] ✅ (1680ch, attempts=1, 8.3s)
2026-05-01 14:00:36,703 [INFO] HTTP Request: POST http://localhost:2026/v1/chat/completions "HTTP/1.1 200 OK"
2026-05-01 14:00:36,704 [INFO] [2498/3987] id=openseek-3-939f37672 GT=[41, 4, 166, 56, 172, 334, 29, 64, 298] ✅ (3129ch, attempts=1, 19.3s)
2026-05-01 14:00:40,444 [INFO] HTTP Request: POST http://localhost:2026/v1/chat/completions "HTTP/1.1 200 OK"
2026-05-01 14:00:40,445 [INFO] [2499/3987] id=openseek-3-9035317dd GT=[17, 100] ✅ (2129ch, attempts=1, 10.0s)
2026-05-01 14:00:42,522 [INFO] HTTP Request: POST http://localhost:2026/v1/chat/completions "HTTP/1.1 200 OK"
2026-05-01 14:00:42,523 [INFO] [2500/3987] id=openseek-3-1ceb61eeb GT=[244, 72, 34, 19, 42] ✅ (2823ch, attempts=1, 15.8s)
2026-05-01 14:00:42,720 [INFO]   💾 已保存 (成功=2500 验证通过=2500 降级=0) | 4.6s/条均值 | ETA=115min
2026-05-01 14:00:46,268 [INFO] HTTP Request: POST http://localhost:2026/v1/chat/completions "HTTP/1.1 200 OK"
2026-05-01 14:00:46,269 [INFO] [2501/3987] id=openseek-3-5f340c260 GT=[50, 148, 148, 86] ✅ (1656ch, attempts=1, 9.6s)
2026-05-01 14:00:50,937 [INFO] HTTP Request: POST http://localhost:2026/v1/chat/completions "HTTP/1.1 200 OK"
2026-05-01 14:00:50,938 [INFO] [2502/3987] id=openseek-3-be282932d GT=[20, 55] ✅ (1793ch, attempts=1, 8.4s)
2026-05-01 14:00:56,298 [INFO] HTTP Request: POST http://localhost:2026/v1/chat/completions "HTTP/1.1 200 OK"
2026-05-01 14:00:56,300 [INFO] [2503/3987] id=openseek-3-74379fbdd GT=[16, 154, 244, 81, 25, 85, 94, 51] ✅ (2412ch, attempts=1, 15.9s)
2026-05-01 14:01:08,682 [INFO] HTTP Request: POST http://localhost:2026/v1/chat/completions "HTTP/1.1 200 OK"
2026-05-01 14:01:08,683 [INFO] [2504/3987] id=openseek-3-03c822298 GT=[172, 63, 28, 514, 65, 160, 32, 49] ✅ (3520ch, attempts=1, 22.4s)
2026-05-01 14:01:08,889 [INFO] HTTP Request: POST http://localhost:2026/v1/chat/completions "HTTP/1.1 200 OK"
2026-05-01 14:01:08,890 [INFO] [2505/3987] id=openseek-3-9d3568900 GT=[13, 76, 30, 346, 21, 87, 5, 472, 37] ✅ (2756ch, attempts=1, 18.0s)
2026-05-01 14:01:15,215 [INFO] HTTP Request: POST http://localhost:2026/v1/chat/completions "HTTP/1.1 200 OK"
2026-05-01 14:01:15,216 [INFO] [2506/3987] id=openseek-3-a4f58a398 GT=[70, 148, 556, 63, 5, 10, 88, 562] ✅ (2931ch, attempts=1, 18.9s)
2026-05-01 14:01:21,092 [INFO] HTTP Request: POST http://localhost:2026/v1/chat/completions "HTTP/1.1 200 OK"
2026-05-01 14:01:21,093 [INFO] [2507/3987] id=openseek-3-4515ebdf0 GT=[394, 166, 490, 84, 40, 21] ✅ (1859ch, attempts=1, 12.2s)
2026-05-01 14:01:26,609 [INFO] HTTP Request: POST http://localhost:2026/v1/chat/completions "HTTP/1.1 200 OK"
2026-05-01 14:01:26,610 [INFO] [2508/3987] id=openseek-3-55a835cc2 GT=[148, 448, 68, 58] ✅ (1976ch, attempts=1, 11.4s)
2026-05-01 14:01:27,158 [INFO] HTTP Request: POST http://localhost:2026/v1/chat/completions "HTTP/1.1 200 OK"
2026-05-01 14:01:27,159 [INFO] [2509/3987] id=openseek-3-3ca747f80 GT=[11, 88, 256, 20, 41, 478, 52] ✅ (3168ch, attempts=1, 18.5s)
2026-05-01 14:01:32,651 [INFO] HTTP Request: POST http://localhost:2026/v1/chat/completions "HTTP/1.1 200 OK"
2026-05-01 14:01:32,652 [INFO] [2510/3987] id=openseek-3-78a378623 GT=[66, 38, 60, 58, 16] ✅ (2135ch, attempts=1, 11.6s)
2026-05-01 14:01:40,731 [INFO] HTTP Request: POST http://localhost:2026/v1/chat/completions "HTTP/1.1 200 OK"
2026-05-01 14:01:40,732 [INFO] [2511/3987] id=openseek-3-dbd0644ed GT=[76, 34, 46] ✅ (1645ch, attempts=1, 8.1s)
2026-05-01 14:01:43,497 [INFO] HTTP Request: POST http://localhost:2026/v1/chat/completions "HTTP/1.1 200 OK"
2026-05-01 14:01:43,498 [INFO] [2512/3987] id=openseek-3-7f285f19d GT=[202, 376, 160, 292, 484, 352, 58] ✅ (2270ch, attempts=1, 16.9s)
2026-05-01 14:01:49,138 [INFO] HTTP Request: POST http://localhost:2026/v1/chat/completions "HTTP/1.1 200 OK"
2026-05-01 14:01:49,139 [INFO] [2513/3987] id=openseek-3-299bdd33a GT=[550, 79, 3, 154, 394, 13, 41, 124, 316] ✅ (3411ch, attempts=1, 22.0s)
2026-05-01 14:01:53,390 [INFO] HTTP Request: POST http://localhost:2026/v1/chat/completions "HTTP/1.1 200 OK"
2026-05-01 14:01:53,391 [INFO] [2514/3987] id=openseek-3-bcaf93151 GT=[41, 34, 71] ✅ (1875ch, attempts=1, 9.9s)
2026-05-01 14:02:02,181 [INFO] HTTP Request: POST http://localhost:2026/v1/chat/completions "HTTP/1.1 200 OK"
2026-05-01 14:02:02,182 [INFO] [2515/3987] id=openseek-3-7b67883d0 GT=[562, 460, 28, 4, 52, 21, 93, 40, 84] ✅ (3530ch, attempts=1, 21.5s)
2026-05-01 14:02:02,722 [INFO] HTTP Request: POST http://localhost:2026/v1/chat/completions "HTTP/1.1 200 OK"
2026-05-01 14:02:02,723 [INFO] [2516/3987] id=openseek-3-fe67f03db GT=[67, 424, 86] ✅ (1854ch, attempts=1, 9.3s)
2026-05-01 14:02:07,200 [INFO] HTTP Request: POST http://localhost:2026/v1/chat/completions "HTTP/1.1 200 OK"
2026-05-01 14:02:07,201 [INFO] [2517/3987] id=openseek-3-946d8371e GT=[82, 19, 98, 88, 358, 472, 52] ✅ (2936ch, attempts=1, 18.1s)
2026-05-01 14:02:14,638 [INFO] HTTP Request: POST http://localhost:2026/v1/chat/completions "HTTP/1.1 200 OK"
2026-05-01 14:02:14,640 [INFO] [2518/3987] id=openseek-3-f1826fae5 GT=[39, 72, 67, 15] ✅ (2452ch, attempts=1, 12.5s)
2026-05-01 14:02:22,434 [INFO] HTTP Request: POST http://localhost:2026/v1/chat/completions "HTTP/1.1 200 OK"
2026-05-01 14:02:22,435 [INFO] [2519/3987] id=openseek-3-9098c621f GT=[16, 94, 8, 40, 41, 88, 76] ✅ (2539ch, attempts=1, 15.2s)
2026-05-01 14:02:22,566 [INFO] HTTP Request: POST http://localhost:2026/v1/chat/completions "HTTP/1.1 200 OK"
2026-05-01 14:02:22,567 [INFO] [2520/3987] id=openseek-3-6a50ec1d7 GT=[20, 7, 31, 96, 13, 72, 1, 49, 22] ✅ (3383ch, attempts=1, 19.8s)
2026-05-01 14:02:27,160 [INFO] HTTP Request: POST http://localhost:2026/v1/chat/completions "HTTP/1.1 200 OK"
2026-05-01 14:02:27,161 [INFO] [2521/3987] id=openseek-3-7662a1254 GT=[14, 19, 100, 35, 58, 526] ✅ (1992ch, attempts=1, 12.5s)
2026-05-01 14:02:30,116 [INFO] HTTP Request: POST http://localhost:2026/v1/chat/completions "HTTP/1.1 200 OK"
2026-05-01 14:02:30,118 [INFO] [2522/3987] id=openseek-3-cb689fac0 GT=[40, 598, 24] ✅ (1372ch, attempts=1, 7.5s)
2026-05-01 14:02:34,567 [INFO] HTTP Request: POST http://localhost:2026/v1/chat/completions "HTTP/1.1 200 OK"
2026-05-01 14:02:34,568 [INFO] [2523/3987] id=openseek-3-84bcd8c61 GT=[466, 16] ✅ (1461ch, attempts=1, 7.4s)
2026-05-01 14:02:39,582 [INFO] HTTP Request: POST http://localhost:2026/v1/chat/completions "HTTP/1.1 200 OK"
2026-05-01 14:02:39,583 [INFO] [2524/3987] id=openseek-3-a0107074b GT=[484, 328, 14, 97, 346, 124, 97] ✅ (2843ch, attempts=1, 17.1s)
2026-05-01 14:02:44,751 [INFO] HTTP Request: POST http://localhost:2026/v1/chat/completions "HTTP/1.1 200 OK"
2026-05-01 14:02:44,752 [INFO] [2525/3987] id=openseek-3-ed8fd01eb GT=[9, 98, 172, 112, 598, 358] ✅ (2118ch, attempts=1, 14.6s)
2026-05-01 14:02:45,505 [INFO] HTTP Request: POST http://localhost:2026/v1/chat/completions "HTTP/1.1 200 OK"
2026-05-01 14:02:45,506 [INFO] [2526/3987] id=openseek-3-210a1fd77 GT=[214, 430, 376] ✅ (1871ch, attempts=1, 10.9s)
2026-05-01 14:02:54,626 [INFO] HTTP Request: POST http://localhost:2026/v1/chat/completions "HTTP/1.1 200 OK"
2026-05-01 14:02:54,627 [INFO] [2527/3987] id=openseek-3-9d8a4a197 GT=[64, 39, 82] ✅ (1989ch, attempts=1, 9.9s)
2026-05-01 14:02:57,610 [INFO] HTTP Request: POST http://localhost:2026/v1/chat/completions "HTTP/1.1 200 OK"
2026-05-01 14:02:57,611 [INFO] [2528/3987] id=openseek-3-1afba0754 GT=[436, 65, 50, 46, 59, 97, 106] ✅ (3033ch, attempts=1, 18.0s)
2026-05-01 14:03:03,043 [INFO] HTTP Request: POST http://localhost:2026/v1/chat/completions "HTTP/1.1 200 OK"
2026-05-01 14:03:03,044 [INFO] [2529/3987] id=openseek-3-b15dcf5dc GT=[448, 46, 26, 316, 80, 45, 97, 376] ✅ (2874ch, attempts=1, 17.5s)
2026-05-01 14:03:03,202 [INFO] HTTP Request: POST http://localhost:2026/v1/chat/completions "HTTP/1.1 200 OK"
2026-05-01 14:03:03,203 [INFO] [2530/3987] id=openseek-3-a7aa1d881 GT=[526, 454] ✅ (1614ch, attempts=1, 8.6s)
2026-05-01 14:03:08,560 [INFO] HTTP Request: POST http://localhost:2026/v1/chat/completions "HTTP/1.1 200 OK"
2026-05-01 14:03:08,561 [INFO] [2531/3987] id=openseek-3-720bc03dc GT=[100, 484, 94] ✅ (1890ch, attempts=1, 10.9s)
2026-05-01 14:03:11,617 [INFO] HTTP Request: POST http://localhost:2026/v1/chat/completions "HTTP/1.1 200 OK"
2026-05-01 14:03:11,618 [INFO] [2532/3987] id=openseek-3-5b38ec35d GT=[148, 44] ✅ (1781ch, attempts=1, 8.4s)
2026-05-01 14:03:21,473 [INFO] HTTP Request: POST http://localhost:2026/v1/chat/completions "HTTP/1.1 200 OK"
2026-05-01 14:03:21,474 [INFO] [2533/3987] id=openseek-3-9a596547a GT=[472, 430, 27, 82, 38, 23, 370, 136] ✅ (2824ch, attempts=1, 18.4s)
2026-05-01 14:03:22,196 [INFO] HTTP Request: POST http://localhost:2026/v1/chat/completions "HTTP/1.1 200 OK"
2026-05-01 14:03:22,197 [INFO] [2534/3987] id=openseek-3-9213d6f34 GT=[352, 49, 220, 4] ✅ (1886ch, attempts=1, 10.6s)
2026-05-01 14:03:29,328 [INFO] HTTP Request: POST http://localhost:2026/v1/chat/completions "HTTP/1.1 200 OK"
2026-05-01 14:03:29,329 [INFO] [2535/3987] id=openseek-3-874b9eb56 GT=[526, 93] ✅ (1543ch, attempts=1, 7.9s)
2026-05-01 14:03:30,040 [INFO] HTTP Request: POST http://localhost:2026/v1/chat/completions "HTTP/1.1 200 OK"
2026-05-01 14:03:30,041 [INFO] [2536/3987] id=openseek-3-d29ef5b67 GT=[562, 20, 442, 226, 484, 550, 48, 32] ✅ (3388ch, attempts=1, 21.5s)
2026-05-01 14:03:37,387 [INFO] HTTP Request: POST http://localhost:2026/v1/chat/completions "HTTP/1.1 200 OK"
2026-05-01 14:03:37,388 [INFO] [2537/3987] id=openseek-3-203cfec67 GT=[166, 66] ✅ (1536ch, attempts=1, 7.3s)
2026-05-01 14:03:39,304 [INFO] HTTP Request: POST http://localhost:2026/v1/chat/completions "HTTP/1.1 200 OK"
2026-05-01 14:03:39,305 [INFO] [2538/3987] id=openseek-3-223da004d GT=[190, 406, 70, 544, 29, 54, 19, 23] ✅ (2831ch, attempts=1, 17.1s)
2026-05-01 14:03:42,067 [INFO] HTTP Request: POST http://localhost:2026/v1/chat/completions "HTTP/1.1 200 OK"
2026-05-01 14:03:42,068 [INFO] [2539/3987] id=openseek-3-ec0b597af GT=[87, 88, 64, 172, 73] ✅ (2137ch, attempts=1, 12.7s)
2026-05-01 14:03:46,674 [INFO] HTTP Request: POST http://localhost:2026/v1/chat/completions "HTTP/1.1 200 OK"
2026-05-01 14:03:46,675 [INFO] [2540/3987] id=openseek-3-58634452c GT=[24, 28] ✅ (2122ch, attempts=1, 9.3s)
2026-05-01 14:03:50,485 [INFO] HTTP Request: POST http://localhost:2026/v1/chat/completions "HTTP/1.1 200 OK"
2026-05-01 14:03:50,486 [INFO] [2541/3987] id=openseek-3-d71ee0007 GT=[54, 3, 526, 166, 28] ✅ (1951ch, attempts=1, 11.2s)
2026-05-01 14:03:56,798 [INFO] HTTP Request: POST http://localhost:2026/v1/chat/completions "HTTP/1.1 200 OK"
2026-05-01 14:03:56,799 [INFO] [2542/3987] id=openseek-3-b770586d0 GT=[11, 70, 190, 53, 46, 66, 83] ✅ (2496ch, attempts=1, 14.7s)
2026-05-01 14:04:04,841 [INFO] HTTP Request: POST http://localhost:2026/v1/chat/completions "HTTP/1.1 200 OK"
2026-05-01 14:04:04,842 [INFO] [2543/3987] id=openseek-3-0e62b6426 GT=[51, 52, 478, 136, 47, 57, 7] ✅ (2984ch, attempts=1, 18.2s)
2026-05-01 14:04:07,126 [INFO] HTTP Request: POST http://localhost:2026/v1/chat/completions "HTTP/1.1 200 OK"
2026-05-01 14:04:07,127 [INFO] [2544/3987] id=openseek-3-fd90bdb18 GT=[14, 22, 82, 226, 124, 54, 73] ✅ (2850ch, attempts=1, 16.6s)
2026-05-01 14:04:08,480 [INFO] HTTP Request: POST http://localhost:2026/v1/chat/completions "HTTP/1.1 200 OK"
2026-05-01 14:04:08,481 [INFO] [2545/3987] id=openseek-3-9194b304c GT=[388, 496, 208, 352] ✅ (1926ch, attempts=1, 11.7s)
2026-05-01 14:04:12,711 [INFO] HTTP Request: POST http://localhost:2026/v1/chat/completions "HTTP/1.1 200 OK"
2026-05-01 14:04:12,712 [INFO] [2546/3987] id=openseek-3-818d30073 GT=[586, 238, 2] ✅ (1459ch, attempts=1, 7.9s)
2026-05-01 14:04:20,315 [INFO] HTTP Request: POST http://localhost:2026/v1/chat/completions "HTTP/1.1 200 OK"
2026-05-01 14:04:20,316 [INFO] [2547/3987] id=openseek-3-7c0b09098 GT=[436, 73, 172, 64, 48] ✅ (2054ch, attempts=1, 11.8s)
2026-05-01 14:04:24,239 [INFO] HTTP Request: POST http://localhost:2026/v1/chat/completions "HTTP/1.1 200 OK"
2026-05-01 14:04:24,240 [INFO] [2548/3987] id=openseek-3-0b1f2493e GT=[190, 45, 58, 190, 208] ✅ (1936ch, attempts=1, 11.5s)
2026-05-01 14:04:27,505 [INFO] HTTP Request: POST http://localhost:2026/v1/chat/completions "HTTP/1.1 200 OK"
2026-05-01 14:04:27,506 [INFO] [2549/3987] id=openseek-3-3a491d56a GT=[196, 136, 76, 78, 94, 4, 580] ✅ (3358ch, attempts=1, 20.4s)
2026-05-01 14:04:34,042 [INFO] HTTP Request: POST http://localhost:2026/v1/chat/completions "HTTP/1.1 200 OK"
2026-05-01 14:04:34,044 [INFO] [2550/3987] id=openseek-3-bcc93bf82 GT=[40, 562, 76, 69, 63] ✅ (1671ch, attempts=1, 9.8s)
2026-05-01 14:04:34,205 [INFO]   💾 已保存 (成功=2550 验证通过=2550 降级=0) | 4.6s/条均值 | ETA=111min
2026-05-01 14:04:36,271 [INFO] HTTP Request: POST http://localhost:2026/v1/chat/completions "HTTP/1.1 200 OK"
2026-05-01 14:04:36,272 [INFO] [2551/3987] id=openseek-3-e75741c00 GT=[71, 96, 508, 98, 28, 334, 64] ✅ (2650ch, attempts=1, 16.0s)
2026-05-01 14:04:44,032 [INFO] HTTP Request: POST http://localhost:2026/v1/chat/completions "HTTP/1.1 200 OK"
2026-05-01 14:04:44,033 [INFO] [2552/3987] id=openseek-3-39135a320 GT=[358, 232, 81, 82] ✅ (1745ch, attempts=1, 10.0s)
2026-05-01 14:04:44,961 [INFO] HTTP Request: POST http://localhost:2026/v1/chat/completions "HTTP/1.1 200 OK"
2026-05-01 14:04:44,962 [INFO] [2553/3987] id=openseek-3-d73b72211 GT=[86, 568, 50, 21, 66, 352, 196] ✅ (2839ch, attempts=1, 17.5s)
2026-05-01 14:04:50,660 [INFO] HTTP Request: POST http://localhost:2026/v1/chat/completions "HTTP/1.1 200 OK"
2026-05-01 14:04:50,661 [INFO] [2554/3987] id=openseek-3-e70369e62 GT=[16, 88, 73, 47, 95, 412] ✅ (2504ch, attempts=1, 14.4s)
2026-05-01 14:04:55,675 [INFO] HTTP Request: POST http://localhost:2026/v1/chat/completions "HTTP/1.1 200 OK"
2026-05-01 14:04:55,676 [INFO] [2555/3987] id=openseek-3-c30a973b6 GT=[83, 55, 12, 47] ✅ (1953ch, attempts=1, 10.7s)
2026-05-01 14:05:00,623 [INFO] HTTP Request: POST http://localhost:2026/v1/chat/completions "HTTP/1.1 200 OK"
2026-05-01 14:05:00,624 [INFO] [2556/3987] id=openseek-3-a6755dedb GT=[50, 99, 172, 88, 190, 466, 310] ✅ (2542ch, attempts=1, 16.6s)
2026-05-01 14:05:03,105 [INFO] HTTP Request: POST http://localhost:2026/v1/chat/completions "HTTP/1.1 200 OK"
2026-05-01 14:05:03,106 [INFO] [2557/3987] id=openseek-3-ca04ce969 GT=[358, 82, 58] ✅ (2398ch, attempts=1, 12.4s)
2026-05-01 14:05:11,480 [INFO] HTTP Request: POST http://localhost:2026/v1/chat/completions "HTTP/1.1 200 OK"
2026-05-01 14:05:11,482 [INFO] [2558/3987] id=openseek-3-8c6836f48 GT=[418, 442, 45, 77, 40] ✅ (2661ch, attempts=1, 15.8s)
2026-05-01 14:05:25,000 [INFO] HTTP Request: POST http://localhost:2026/v1/chat/completions "HTTP/1.1 200 OK"
2026-05-01 14:05:25,002 [INFO] [2559/3987] id=openseek-3-e1ff6fb8f GT=[26, 268, 70, 562, 118, 382, 78] ✅ (3886ch, attempts=1, 24.4s)
2026-05-01 14:05:25,325 [INFO] HTTP Request: POST http://localhost:2026/v1/chat/completions "HTTP/1.1 200 OK"
2026-05-01 14:05:25,326 [INFO] [2560/3987] id=openseek-3-61ddde126 GT=[34, 472, 220, 55, 442] ✅ (2127ch, attempts=1, 13.8s)
2026-05-01 14:05:25,606 [INFO] HTTP Request: POST http://localhost:2026/v1/chat/completions "HTTP/1.1 200 OK"
2026-05-01 14:05:25,607 [INFO] [2561/3987] id=openseek-3-4ca69c9fe GT=[442, 544, 37, 3, 70, 340, 63, 568, 79] ✅ (3536ch, attempts=1, 22.5s)
2026-05-01 14:05:33,508 [INFO] HTTP Request: POST http://localhost:2026/v1/chat/completions "HTTP/1.1 200 OK"
2026-05-01 14:05:33,509 [INFO] [2562/3987] id=openseek-3-e720dd192 GT=[49, 304] ✅ (1684ch, attempts=1, 7.9s)
2026-05-01 14:05:35,611 [INFO] HTTP Request: POST http://localhost:2026/v1/chat/completions "HTTP/1.1 200 OK"
2026-05-01 14:05:35,612 [INFO] [2563/3987] id=openseek-3-58870e70f GT=[95, 29, 2, 87, 79, 514] ✅ (1622ch, attempts=1, 10.6s)
2026-05-01 14:05:39,025 [INFO] HTTP Request: POST http://localhost:2026/v1/chat/completions "HTTP/1.1 200 OK"
2026-05-01 14:05:39,026 [INFO] [2564/3987] id=openseek-3-580e6aa16 GT=[57, 208, 48, 37, 49, 154, 48] ✅ (2095ch, attempts=1, 13.7s)
2026-05-01 14:05:44,961 [INFO] HTTP Request: POST http://localhost:2026/v1/chat/completions "HTTP/1.1 200 OK"
2026-05-01 14:05:44,962 [INFO] [2565/3987] id=openseek-3-89496927a GT=[238, 85, 448, 24, 63] ✅ (1899ch, attempts=1, 11.5s)
2026-05-01 14:05:47,207 [INFO] HTTP Request: POST http://localhost:2026/v1/chat/completions "HTTP/1.1 200 OK"
2026-05-01 14:05:47,208 [INFO] [2566/3987] id=openseek-3-6cddf7aae GT=[160, 64, 508] ✅ (2136ch, attempts=1, 11.6s)
2026-05-01 14:05:57,255 [INFO] HTTP Request: POST http://localhost:2026/v1/chat/completions "HTTP/1.1 200 OK"
2026-05-01 14:05:57,256 [INFO] [2567/3987] id=openseek-3-6dc60485b GT=[502, 4, 72, 496, 29, 67, 49] ✅ (3307ch, attempts=1, 18.2s)
2026-05-01 14:06:01,736 [INFO] HTTP Request: POST http://localhost:2026/v1/chat/completions "HTTP/1.1 200 OK"
2026-05-01 14:06:01,737 [INFO] [2568/3987] id=openseek-3-b06c686a9 GT=[16, 268, 304, 4, 334, 64] ✅ (2372ch, attempts=1, 14.5s)
2026-05-01 14:06:03,008 [INFO] HTTP Request: POST http://localhost:2026/v1/chat/completions "HTTP/1.1 200 OK"
2026-05-01 14:06:03,009 [INFO] [2569/3987] id=openseek-3-3cda9c145 GT=[100, 49, 70, 1, 400, 68, 334, 412] ✅ (2883ch, attempts=1, 18.0s)
2026-05-01 14:06:07,465 [INFO] HTTP Request: POST http://localhost:2026/v1/chat/completions "HTTP/1.1 200 OK"
2026-05-01 14:06:07,466 [INFO] [2570/3987] id=openseek-3-3c9c0c000 GT=[99, 16, 196] ✅ (2040ch, attempts=1, 10.2s)
2026-05-01 14:06:09,739 [INFO] HTTP Request: POST http://localhost:2026/v1/chat/completions "HTTP/1.1 200 OK"
2026-05-01 14:06:09,740 [INFO] [2571/3987] id=openseek-3-bbe3f53e3 GT=[478, 86] ✅ (1365ch, attempts=1, 6.7s)
2026-05-01 14:06:11,977 [INFO] HTTP Request: POST http://localhost:2026/v1/chat/completions "HTTP/1.1 200 OK"
2026-05-01 14:06:11,978 [INFO] [2572/3987] id=openseek-3-8fd9b3669 GT=[82, 106, 59, 63] ✅ (1880ch, attempts=1, 10.2s)
2026-05-01 14:06:16,829 [INFO] HTTP Request: POST http://localhost:2026/v1/chat/completions "HTTP/1.1 200 OK"
2026-05-01 14:06:16,830 [INFO] [2573/3987] id=openseek-3-efe30b437 GT=[87, 178, 112, 68, 96] ✅ (1426ch, attempts=1, 9.4s)
2026-05-01 14:06:24,863 [INFO] HTTP Request: POST http://localhost:2026/v1/chat/completions "HTTP/1.1 200 OK"
2026-05-01 14:06:24,864 [INFO] [2574/3987] id=openseek-3-06eee18ab GT=[418, 484] ✅ (1505ch, attempts=1, 8.0s)
2026-05-01 14:06:26,910 [INFO] HTTP Request: POST http://localhost:2026/v1/chat/completions "HTTP/1.1 200 OK"
2026-05-01 14:06:26,911 [INFO] [2575/3987] id=openseek-3-fb3f5eb4a GT=[556, 100, 40, 24, 178, 526] ✅ (2316ch, attempts=1, 14.9s)
2026-05-01 14:06:28,609 [INFO] HTTP Request: POST http://localhost:2026/v1/chat/completions "HTTP/1.1 200 OK"
2026-05-01 14:06:28,610 [INFO] [2576/3987] id=openseek-3-b766ec2f5 GT=[75, 562, 298, 160, 388, 87, 58] ✅ (3012ch, attempts=1, 18.9s)
2026-05-01 14:06:34,439 [INFO] HTTP Request: POST http://localhost:2026/v1/chat/completions "HTTP/1.1 200 OK"
2026-05-01 14:06:34,441 [INFO] [2577/3987] id=openseek-3-aa5f0391d GT=[130, 220, 49] ✅ (1590ch, attempts=1, 9.6s)
2026-05-01 14:06:37,179 [INFO] HTTP Request: POST http://localhost:2026/v1/chat/completions "HTTP/1.1 200 OK"
2026-05-01 14:06:37,180 [INFO] [2578/3987] id=openseek-3-cac4e11e7 GT=[97, 54, 48, 286, 98] ✅ (1576ch, attempts=1, 8.6s)
2026-05-01 14:06:45,277 [INFO] HTTP Request: POST http://localhost:2026/v1/chat/completions "HTTP/1.1 200 OK"
2026-05-01 14:06:45,278 [INFO] [2579/3987] id=openseek-3-37f99189e GT=[63, 136, 442, 280, 208, 10, 430] ✅ (2870ch, attempts=1, 18.4s)
2026-05-01 14:06:47,044 [INFO] HTTP Request: POST http://localhost:2026/v1/chat/completions "HTTP/1.1 200 OK"
2026-05-01 14:06:47,045 [INFO] [2580/3987] id=openseek-3-1f9990a71 GT=[196, 37] ✅ (2112ch, attempts=1, 9.9s)
2026-05-01 14:06:49,230 [INFO] HTTP Request: POST http://localhost:2026/v1/chat/completions "HTTP/1.1 200 OK"
2026-05-01 14:06:49,231 [INFO] [2581/3987] id=openseek-3-f98e20a16 GT=[430, 19, 514, 232, 544] ✅ (2385ch, attempts=1, 14.8s)
2026-05-01 14:06:58,114 [INFO] HTTP Request: POST http://localhost:2026/v1/chat/completions "HTTP/1.1 200 OK"
2026-05-01 14:06:58,115 [INFO] [2582/3987] id=openseek-3-f446de595 GT=[76, 550, 268] ✅ (1963ch, attempts=1, 11.1s)
2026-05-01 14:07:00,701 [INFO] HTTP Request: POST http://localhost:2026/v1/chat/completions "HTTP/1.1 200 OK"
2026-05-01 14:07:00,702 [INFO] [2583/3987] id=openseek-3-206b8211e GT=[74, 124, 35, 94, 48, 27] ✅ (1791ch, attempts=1, 11.5s)
2026-05-01 14:07:02,742 [INFO] HTTP Request: POST http://localhost:2026/v1/chat/completions "HTTP/1.1 200 OK"
2026-05-01 14:07:02,743 [INFO] [2584/3987] id=openseek-3-568ee155e GT=[24, 94, 580, 136, 382, 5] ✅ (2920ch, attempts=1, 17.5s)
2026-05-01 14:07:09,633 [INFO] HTTP Request: POST http://localhost:2026/v1/chat/completions "HTTP/1.1 200 OK"
2026-05-01 14:07:09,635 [INFO] [2585/3987] id=openseek-3-fba3a433d GT=[292, 424] ✅ (2180ch, attempts=1, 11.5s)
2026-05-01 14:07:15,081 [INFO] HTTP Request: POST http://localhost:2026/v1/chat/completions "HTTP/1.1 200 OK"
2026-05-01 14:07:15,082 [INFO] [2586/3987] id=openseek-3-6c1806a20 GT=[160, 54, 412, 70, 388] ✅ (2331ch, attempts=1, 14.4s)
2026-05-01 14:07:21,948 [INFO] HTTP Request: POST http://localhost:2026/v1/chat/completions "HTTP/1.1 200 OK"
2026-05-01 14:07:21,949 [INFO] [2587/3987] id=openseek-3-fc28c8d76 GT=[77, 45, 322, 220, 15, 92, 52, 70] ✅ (3052ch, attempts=1, 19.2s)
2026-05-01 14:07:23,774 [INFO] HTTP Request: POST http://localhost:2026/v1/chat/completions "HTTP/1.1 200 OK"
2026-05-01 14:07:23,775 [INFO] [2588/3987] id=openseek-3-9e9bbfc35 GT=[574, 17] ✅ (1680ch, attempts=1, 8.7s)
2026-05-01 14:07:26,387 [INFO] HTTP Request: POST http://localhost:2026/v1/chat/completions "HTTP/1.1 200 OK"
2026-05-01 14:07:26,388 [INFO] [2589/3987] id=openseek-3-41449423a GT=[84, 142, 64, 16, 520, 55, 142] ✅ (2690ch, attempts=1, 16.8s)
2026-05-01 14:07:33,339 [INFO] HTTP Request: POST http://localhost:2026/v1/chat/completions "HTTP/1.1 200 OK"
2026-05-01 14:07:33,340 [INFO] [2590/3987] id=openseek-3-2a9c91aa6 GT=[496, 556, 32, 23] ✅ (1716ch, attempts=1, 9.6s)
2026-05-01 14:07:33,529 [INFO] HTTP Request: POST http://localhost:2026/v1/chat/completions "HTTP/1.1 200 OK"
2026-05-01 14:07:33,530 [INFO] [2591/3987] id=openseek-3-1909c83f4 GT=[448, 39] ✅ (1403ch, attempts=1, 7.1s)
2026-05-01 14:07:41,681 [INFO] HTTP Request: POST http://localhost:2026/v1/chat/completions "HTTP/1.1 200 OK"
2026-05-01 14:07:41,682 [INFO] [2592/3987] id=openseek-3-39fad4ed2 GT=[400, 454] ✅ (1540ch, attempts=1, 8.2s)
2026-05-01 14:07:45,298 [INFO] HTTP Request: POST http://localhost:2026/v1/chat/completions "HTTP/1.1 200 OK"
2026-05-01 14:07:45,299 [INFO] [2593/3987] id=openseek-3-b97d87392 GT=[40, 436, 78, 54, 51, 508, 55, 538, 172] ✅ (3845ch, attempts=1, 23.3s)
2026-05-01 14:07:46,282 [INFO] HTTP Request: POST http://localhost:2026/v1/chat/completions "HTTP/1.1 200 OK"
2026-05-01 14:07:46,283 [INFO] [2594/3987] id=openseek-3-9cbaa0c04 GT=[42, 76, 160, 382, 214, 79, 17] ✅ (1951ch, attempts=1, 12.9s)
2026-05-01 14:07:50,291 [INFO] HTTP Request: POST http://localhost:2026/v1/chat/completions "HTTP/1.1 200 OK"
2026-05-01 14:07:50,292 [INFO] [2595/3987] id=openseek-3-168fb4ac2 GT=[496, 73] ✅ (1769ch, attempts=1, 8.6s)
2026-05-01 14:07:54,682 [INFO] HTTP Request: POST http://localhost:2026/v1/chat/completions "HTTP/1.1 200 OK"
2026-05-01 14:07:54,683 [INFO] [2596/3987] id=openseek-3-9a9dac857 GT=[27, 76] ✅ (2123ch, attempts=1, 9.4s)
2026-05-01 14:07:58,968 [INFO] HTTP Request: POST http://localhost:2026/v1/chat/completions "HTTP/1.1 200 OK"
2026-05-01 14:07:58,969 [INFO] [2597/3987] id=openseek-3-c328edd26 GT=[112, 45, 400] ✅ (1574ch, attempts=1, 8.7s)
2026-05-01 14:08:02,006 [INFO] HTTP Request: POST http://localhost:2026/v1/chat/completions "HTTP/1.1 200 OK"
2026-05-01 14:08:02,007 [INFO] [2598/3987] id=openseek-3-808176e62 GT=[448, 4, 160, 88, 47, 33, 562] ✅ (2384ch, attempts=1, 15.7s)
2026-05-01 14:08:03,466 [INFO] HTTP Request: POST http://localhost:2026/v1/chat/completions "HTTP/1.1 200 OK"
2026-05-01 14:08:03,467 [INFO] [2599/3987] id=openseek-3-94cc347bf GT=[574, 280] ✅ (1745ch, attempts=1, 8.8s)
2026-05-01 14:08:12,436 [INFO] HTTP Request: POST http://localhost:2026/v1/chat/completions "HTTP/1.1 200 OK"
2026-05-01 14:08:12,437 [INFO] [2600/3987] id=openseek-3-601c40534 GT=[48, 41, 39, 99, 496, 214] ✅ (2218ch, attempts=1, 13.5s)
2026-05-01 14:08:12,577 [INFO]   💾 已保存 (成功=2600 验证通过=2600 降级=0) | 4.6s/条均值 | ETA=107min
2026-05-01 14:08:17,086 [INFO] HTTP Request: POST http://localhost:2026/v1/chat/completions "HTTP/1.1 200 OK"
2026-05-01 14:08:17,087 [INFO] [2601/3987] id=openseek-3-40977696c GT=[292, 9, 34, 382, 88, 472] ✅ (2337ch, attempts=1, 15.1s)
2026-05-01 14:08:20,302 [INFO] HTTP Request: POST http://localhost:2026/v1/chat/completions "HTTP/1.1 200 OK"
2026-05-01 14:08:20,303 [INFO] [2602/3987] id=openseek-3-4b3476aef GT=[118, 10, 94, 58, 64, 69, 5, 190] ✅ (2873ch, attempts=1, 16.8s)
2026-05-01 14:08:24,432 [INFO] HTTP Request: POST http://localhost:2026/v1/chat/completions "HTTP/1.1 200 OK"
2026-05-01 14:08:24,433 [INFO] [2603/3987] id=openseek-3-3cddbc839 GT=[514, 37, 98, 508] ✅ (1972ch, attempts=1, 12.0s)
2026-05-01 14:08:28,223 [INFO] HTTP Request: POST http://localhost:2026/v1/chat/completions "HTTP/1.1 200 OK"
2026-05-01 14:08:28,224 [INFO] [2604/3987] id=openseek-3-f358c9894 GT=[190, 226, 364, 100] ✅ (1837ch, attempts=1, 11.1s)
2026-05-01 14:08:32,733 [INFO] HTTP Request: POST http://localhost:2026/v1/chat/completions "HTTP/1.1 200 OK"
2026-05-01 14:08:32,734 [INFO] [2605/3987] id=openseek-3-aef03bfb6 GT=[8, 130, 93, 50, 214] ✅ (1932ch, attempts=1, 12.4s)
2026-05-01 14:08:41,858 [INFO] HTTP Request: POST http://localhost:2026/v1/chat/completions "HTTP/1.1 200 OK"
2026-05-01 14:08:41,859 [INFO] [2606/3987] id=openseek-3-3f114d65d GT=[34, 196, 1] ✅ (1675ch, attempts=1, 9.1s)
2026-05-01 14:08:41,957 [INFO] HTTP Request: POST http://localhost:2026/v1/chat/completions "HTTP/1.1 200 OK"
2026-05-01 14:08:41,958 [INFO] [2607/3987] id=openseek-3-1bf95eeaf GT=[244, 502, 418, 130, 72] ✅ (2090ch, attempts=1, 13.7s)
2026-05-01 14:08:42,017 [INFO] HTTP Request: POST http://localhost:2026/v1/chat/completions "HTTP/1.1 200 OK"
2026-05-01 14:08:42,018 [INFO] [2608/3987] id=openseek-3-551d7021a GT=[79, 262, 25, 76, 37, 532, 40, 55] ✅ (2729ch, attempts=1, 17.6s)
2026-05-01 14:08:51,840 [INFO] HTTP Request: POST http://localhost:2026/v1/chat/completions "HTTP/1.1 200 OK"
2026-05-01 14:08:51,841 [INFO] [2609/3987] id=openseek-3-28d800c7d GT=[42, 90, 118, 38, 9, 81, 5] ✅ (1572ch, attempts=1, 9.9s)
2026-05-01 14:08:52,994 [INFO] HTTP Request: POST http://localhost:2026/v1/chat/completions "HTTP/1.1 200 OK"
2026-05-01 14:08:52,995 [INFO] [2610/3987] id=openseek-3-49b877f2f GT=[5, 19, 13, 100, 51, 280] ✅ (1753ch, attempts=1, 11.0s)
2026-05-01 14:08:56,779 [INFO] HTTP Request: POST http://localhost:2026/v1/chat/completions "HTTP/1.1 200 OK"
2026-05-01 14:08:56,780 [INFO] [2611/3987] id=openseek-3-617308668 GT=[74, 502, 226, 136] ✅ (2448ch, attempts=1, 14.9s)
2026-05-01 14:09:00,441 [INFO] HTTP Request: POST http://localhost:2026/v1/chat/completions "HTTP/1.1 200 OK"
2026-05-01 14:09:00,442 [INFO] [2612/3987] id=openseek-3-223caa393 GT=[154, 4] ✅ (1860ch, attempts=1, 8.6s)
2026-05-01 14:09:03,313 [INFO] HTTP Request: POST http://localhost:2026/v1/chat/completions "HTTP/1.1 200 OK"
2026-05-01 14:09:03,314 [INFO] [2613/3987] id=openseek-3-6c65e450c GT=[35, 89, 418, 514, 25] ✅ (1636ch, attempts=1, 10.3s)
2026-05-01 14:09:09,691 [INFO] HTTP Request: POST http://localhost:2026/v1/chat/completions "HTTP/1.1 200 OK"
2026-05-01 14:09:09,692 [INFO] [2614/3987] id=openseek-3-f3ddd6a60 GT=[70, 94, 53] ✅ (1812ch, attempts=1, 9.3s)
2026-05-01 14:09:10,684 [INFO] HTTP Request: POST http://localhost:2026/v1/chat/completions "HTTP/1.1 200 OK"
2026-05-01 14:09:10,685 [INFO] [2615/3987] id=openseek-3-d7be12f02 GT=[38, 178] ✅ (1625ch, attempts=1, 7.4s)
2026-05-01 14:09:15,791 [INFO] HTTP Request: POST http://localhost:2026/v1/chat/completions "HTTP/1.1 200 OK"
2026-05-01 14:09:15,792 [INFO] [2616/3987] id=openseek-3-d0cb91ce6 GT=[12, 118, 520, 12, 25, 29, 220] ✅ (3130ch, attempts=1, 19.0s)
2026-05-01 14:09:22,257 [INFO] HTTP Request: POST http://localhost:2026/v1/chat/completions "HTTP/1.1 200 OK"
2026-05-01 14:09:22,258 [INFO] [2617/3987] id=openseek-3-d1229f604 GT=[51, 340, 19, 48] ✅ (2299ch, attempts=1, 12.6s)
2026-05-01 14:09:23,865 [INFO] HTTP Request: POST http://localhost:2026/v1/chat/completions "HTTP/1.1 200 OK"
2026-05-01 14:09:23,866 [INFO] [2618/3987] id=openseek-3-171da0aa9 GT=[274, 77, 39, 43, 460, 28, 18] ✅ (1932ch, attempts=1, 13.2s)
2026-05-01 14:09:26,135 [INFO] HTTP Request: POST http://localhost:2026/v1/chat/completions "HTTP/1.1 200 OK"
2026-05-01 14:09:26,136 [INFO] [2619/3987] id=openseek-3-3936cef7e GT=[382, 1, 148, 57, 250] ✅ (1712ch, attempts=1, 10.3s)
2026-05-01 14:09:33,845 [INFO] HTTP Request: POST http://localhost:2026/v1/chat/completions "HTTP/1.1 200 OK"
2026-05-01 14:09:33,846 [INFO] [2620/3987] id=openseek-3-b521ad9f6 GT=[33, 376, 82, 334, 478] ✅ (1823ch, attempts=1, 11.6s)
2026-05-01 14:09:41,511 [INFO] HTTP Request: POST http://localhost:2026/v1/chat/completions "HTTP/1.1 200 OK"
2026-05-01 14:09:41,512 [INFO] [2621/3987] id=openseek-3-9dbfd475e GT=[33, 87, 21, 334, 388, 96] ✅ (2455ch, attempts=1, 15.4s)
2026-05-01 14:09:43,619 [INFO] HTTP Request: POST http://localhost:2026/v1/chat/completions "HTTP/1.1 200 OK"
2026-05-01 14:09:43,621 [INFO] [2622/3987] id=openseek-3-36a71f71b GT=[280, 30, 7, 370, 358, 154, 2, 154, 14] ✅ (3154ch, attempts=1, 19.8s)
2026-05-01 14:09:52,310 [INFO] HTTP Request: POST http://localhost:2026/v1/chat/completions "HTTP/1.1 200 OK"
2026-05-01 14:09:52,311 [INFO] [2623/3987] id=openseek-3-0e89e0587 GT=[3, 53] ✅ (1956ch, attempts=1, 8.7s)
2026-05-01 14:09:52,734 [INFO] HTTP Request: POST http://localhost:2026/v1/chat/completions "HTTP/1.1 200 OK"
2026-05-01 14:09:52,735 [INFO] [2624/3987] id=openseek-3-5dafb0531 GT=[460, 568, 93, 2, 36, 85, 27, 538, 49] ✅ (3066ch, attempts=1, 18.9s)
2026-05-01 14:09:57,810 [INFO] HTTP Request: POST http://localhost:2026/v1/chat/completions "HTTP/1.1 200 OK"
2026-05-01 14:09:58,017 [INFO] [2625/3987] id=openseek-3-c07a0cc07 GT=[430, 41, 250, 208, 75, 40, 490] ✅ (2527ch, attempts=1, 16.5s)
2026-05-01 14:10:04,178 [INFO] HTTP Request: POST http://localhost:2026/v1/chat/completions "HTTP/1.1 200 OK"
2026-05-01 14:10:04,179 [INFO] [2626/3987] id=openseek-3-d9e5357e5 GT=[89, 232, 80, 232] ✅ (2018ch, attempts=1, 11.9s)
2026-05-01 14:10:05,140 [INFO] HTTP Request: POST http://localhost:2026/v1/chat/completions "HTTP/1.1 200 OK"
2026-05-01 14:10:05,141 [INFO] [2627/3987] id=openseek-3-18c5ed4ba GT=[27, 526, 112, 6, 47, 91] ✅ (1976ch, attempts=1, 12.4s)
2026-05-01 14:10:12,469 [INFO] HTTP Request: POST http://localhost:2026/v1/chat/completions "HTTP/1.1 200 OK"
2026-05-01 14:10:12,470 [INFO] [2628/3987] id=openseek-3-ba72c7dc4 GT=[35, 69] ✅ (1839ch, attempts=1, 8.3s)
2026-05-01 14:10:16,426 [INFO] HTTP Request: POST http://localhost:2026/v1/chat/completions "HTTP/1.1 200 OK"
2026-05-01 14:10:16,427 [INFO] [2629/3987] id=openseek-3-a3833f10a GT=[78, 16, 310, 244, 346, 70, 460, 80, 85] ✅ (2715ch, attempts=1, 18.4s)
2026-05-01 14:10:16,677 [INFO] HTTP Request: POST http://localhost:2026/v1/chat/completions "HTTP/1.1 200 OK"
2026-05-01 14:10:16,678 [INFO] [2630/3987] id=openseek-3-fdd3e990b GT=[68, 520, 586, 56, 38, 70, 42] ✅ (1799ch, attempts=1, 11.5s)
2026-05-01 14:10:20,013 [INFO] HTTP Request: POST http://localhost:2026/v1/chat/completions "HTTP/1.1 200 OK"
2026-05-01 14:10:20,014 [INFO] [2631/3987] id=openseek-3-6514bb33a GT=[118, 33] ✅ (1505ch, attempts=1, 7.5s)
2026-05-01 14:10:30,516 [INFO] HTTP Request: POST http://localhost:2026/v1/chat/completions "HTTP/1.1 200 OK"
2026-05-01 14:10:30,518 [INFO] [2632/3987] id=openseek-3-96fb0ba8b GT=[412, 376, 43, 184, 430, 226] ✅ (2064ch, attempts=1, 13.8s)
2026-05-01 14:10:31,533 [INFO] HTTP Request: POST http://localhost:2026/v1/chat/completions "HTTP/1.1 200 OK"
2026-05-01 14:10:31,534 [INFO] [2633/3987] id=openseek-3-224b4412c GT=[526, 424, 35, 502] ✅ (1934ch, attempts=1, 11.5s)
2026-05-01 14:10:37,727 [INFO] HTTP Request: POST http://localhost:2026/v1/chat/completions "HTTP/1.1 200 OK"
2026-05-01 14:10:37,729 [INFO] [2634/3987] id=openseek-3-fc8dc9651 GT=[84, 172, 93, 98, 334, 88, 88, 106, 316] ✅ (3369ch, attempts=1, 21.3s)
2026-05-01 14:10:43,543 [INFO] HTTP Request: POST http://localhost:2026/v1/chat/completions "HTTP/1.1 200 OK"
2026-05-01 14:10:43,545 [INFO] [2635/3987] id=openseek-3-da48ff128 GT=[65, 76, 70, 45] ✅ (2378ch, attempts=1, 13.0s)
2026-05-01 14:10:45,657 [INFO] HTTP Request: POST http://localhost:2026/v1/chat/completions "HTTP/1.1 200 OK"
2026-05-01 14:10:45,658 [INFO] [2636/3987] id=openseek-3-98740bb44 GT=[430, 2, 55, 15, 52, 100] ✅ (2359ch, attempts=1, 14.1s)
2026-05-01 14:10:48,505 [INFO] HTTP Request: POST http://localhost:2026/v1/chat/completions "HTTP/1.1 200 OK"
2026-05-01 14:10:48,507 [INFO] [2637/3987] id=openseek-3-d27da6776 GT=[10, 79, 250] ✅ (2078ch, attempts=1, 10.8s)
2026-05-01 14:10:54,690 [INFO] HTTP Request: POST http://localhost:2026/v1/chat/completions "HTTP/1.1 200 OK"
2026-05-01 14:10:54,691 [INFO] [2638/3987] id=openseek-3-63d6402ed GT=[99, 478, 202] ✅ (1783ch, attempts=1, 9.0s)
2026-05-01 14:11:02,153 [INFO] HTTP Request: POST http://localhost:2026/v1/chat/completions "HTTP/1.1 200 OK"
2026-05-01 14:11:02,154 [INFO] [2639/3987] id=openseek-3-315af2855 GT=[67, 70, 520, 418, 562, 316] ✅ (3052ch, attempts=1, 18.6s)
2026-05-01 14:11:02,666 [INFO] HTTP Request: POST http://localhost:2026/v1/chat/completions "HTTP/1.1 200 OK"
2026-05-01 14:11:02,667 [INFO] [2640/3987] id=openseek-3-b99cb45b6 GT=[72, 280] ✅ (1584ch, attempts=1, 8.0s)
2026-05-01 14:11:04,531 [INFO] HTTP Request: POST http://localhost:2026/v1/chat/completions "HTTP/1.1 200 OK"
2026-05-01 14:11:04,533 [INFO] [2641/3987] id=openseek-3-ca2e99fb2 GT=[490, 33, 136, 340, 550, 16, 364] ✅ (2734ch, attempts=1, 16.0s)
2026-05-01 14:11:15,888 [INFO] HTTP Request: POST http://localhost:2026/v1/chat/completions "HTTP/1.1 200 OK"
2026-05-01 14:11:15,889 [INFO] [2642/3987] id=openseek-3-5c6733a36 GT=[166, 322, 574, 274] ✅ (2348ch, attempts=1, 13.7s)
2026-05-01 14:11:20,755 [INFO] HTTP Request: POST http://localhost:2026/v1/chat/completions "HTTP/1.1 200 OK"
2026-05-01 14:11:20,756 [INFO] [2643/3987] id=openseek-3-8ee2bccb7 GT=[23, 280, 316] ✅ (3682ch, attempts=1, 18.1s)
2026-05-01 14:11:21,950 [INFO] HTTP Request: POST http://localhost:2026/v1/chat/completions "HTTP/1.1 200 OK"
2026-05-01 14:11:21,951 [INFO] [2644/3987] id=openseek-3-6f91e2da7 GT=[298, 592, 32, 18, 33, 8, 232] ✅ (2782ch, attempts=1, 17.4s)
2026-05-01 14:11:34,399 [INFO] HTTP Request: POST http://localhost:2026/v1/chat/completions "HTTP/1.1 200 OK"
2026-05-01 14:11:34,400 [INFO] [2645/3987] id=openseek-3-c9f952c90 GT=[80, 412, 184, 97, 84] ✅ (2097ch, attempts=1, 13.6s)
2026-05-01 14:11:37,369 [INFO] HTTP Request: POST http://localhost:2026/v1/chat/completions "HTTP/1.1 200 OK"
2026-05-01 14:11:37,371 [INFO] [2646/3987] id=openseek-3-b1f1b8b47 GT=[64, 550, 81, 190, 184, 322, 76, 388, 44 ✅ (3124ch, attempts=1, 21.5s)
2026-05-01 14:11:41,290 [INFO] HTTP Request: POST http://localhost:2026/v1/chat/completions "HTTP/1.1 200 OK"
2026-05-01 14:11:41,292 [INFO] [2647/3987] id=openseek-3-86c27183f GT=[526, 496, 63, 64, 20, 154, 178, 76] ✅ (2961ch, attempts=1, 19.3s)
2026-05-01 14:11:47,018 [INFO] HTTP Request: POST http://localhost:2026/v1/chat/completions "HTTP/1.1 200 OK"
2026-05-01 14:11:47,019 [INFO] [2648/3987] id=openseek-3-072a29fe8 GT=[60, 352, 76] ✅ (2607ch, attempts=1, 12.6s)
2026-05-01 14:11:50,226 [INFO] HTTP Request: POST http://localhost:2026/v1/chat/completions "HTTP/1.1 200 OK"
2026-05-01 14:11:50,228 [INFO] [2649/3987] id=openseek-3-a7b85bb43 GT=[76, 580, 178] ✅ (2335ch, attempts=1, 12.9s)
2026-05-01 14:11:53,438 [INFO] HTTP Request: POST http://localhost:2026/v1/chat/completions "HTTP/1.1 200 OK"
2026-05-01 14:11:53,440 [INFO] [2650/3987] id=openseek-3-5baf5b374 GT=[400, 89, 424, 118, 75] ✅ (1956ch, attempts=1, 12.1s)
2026-05-01 14:11:53,601 [INFO]   💾 已保存 (成功=2650 验证通过=2650 降级=0) | 4.6s/条均值 | ETA=103min
2026-05-01 14:11:57,585 [INFO] HTTP Request: POST http://localhost:2026/v1/chat/completions "HTTP/1.1 200 OK"
2026-05-01 14:11:57,586 [INFO] [2651/3987] id=openseek-3-6806aee10 GT=[54, 148, 316, 5, 61] ✅ (1761ch, attempts=1, 10.6s)
2026-05-01 14:12:01,419 [INFO] HTTP Request: POST http://localhost:2026/v1/chat/completions "HTTP/1.1 200 OK"
2026-05-01 14:12:01,421 [INFO] [2652/3987] id=openseek-3-94ee9823c GT=[78, 106] ✅ (1633ch, attempts=1, 8.0s)
2026-05-01 14:12:07,929 [INFO] HTTP Request: POST http://localhost:2026/v1/chat/completions "HTTP/1.1 200 OK"
2026-05-01 14:12:07,930 [INFO] [2653/3987] id=openseek-3-1449964a7 GT=[250, 8, 82, 27] ✅ (1847ch, attempts=1, 10.3s)
2026-05-01 14:12:08,740 [INFO] HTTP Request: POST http://localhost:2026/v1/chat/completions "HTTP/1.1 200 OK"
2026-05-01 14:12:08,741 [INFO] [2654/3987] id=openseek-3-853bd7cc4 GT=[550, 358, 430, 89, 496, 35, 68] ✅ (3014ch, attempts=1, 18.5s)
2026-05-01 14:12:18,999 [INFO] HTTP Request: POST http://localhost:2026/v1/chat/completions "HTTP/1.1 200 OK"
2026-05-01 14:12:19,000 [INFO] [2655/3987] id=openseek-3-614185c2e GT=[27, 17, 54, 16, 3, 73, 41, 2, 89] ✅ (2849ch, attempts=1, 17.6s)
2026-05-01 14:12:20,205 [INFO] HTTP Request: POST http://localhost:2026/v1/chat/completions "HTTP/1.1 200 OK"
2026-05-01 14:12:20,206 [INFO] [2656/3987] id=openseek-3-d814b4c68 GT=[88, 580, 370] ✅ (1997ch, attempts=1, 11.5s)
2026-05-01 14:12:27,970 [INFO] HTTP Request: POST http://localhost:2026/v1/chat/completions "HTTP/1.1 200 OK"
2026-05-01 14:12:27,971 [INFO] [2657/3987] id=openseek-3-1f1e0d747 GT=[592, 406, 370, 46, 72, 436, 72] ✅ (3366ch, attempts=1, 20.0s)
2026-05-01 14:12:39,487 [INFO] HTTP Request: POST http://localhost:2026/v1/chat/completions "HTTP/1.1 200 OK"
2026-05-01 14:12:39,488 [INFO] [2658/3987] id=openseek-3-5cfe1329a GT=[124, 364, 29, 4, 256, 42, 592, 72] ✅ (3284ch, attempts=1, 20.5s)
2026-05-01 14:12:39,757 [INFO] HTTP Request: POST http://localhost:2026/v1/chat/completions "HTTP/1.1 200 OK"
2026-05-01 14:12:39,758 [INFO] [2659/3987] id=openseek-3-4c73f5be1 GT=[49, 82, 112] ✅ (2439ch, attempts=1, 11.8s)
2026-05-01 14:12:40,082 [INFO] HTTP Request: POST http://localhost:2026/v1/chat/completions "HTTP/1.1 200 OK"
2026-05-01 14:12:40,084 [INFO] [2660/3987] id=openseek-3-4af99b75c GT=[238, 454, 22, 52, 85, 598, 12, 67, 90] ✅ (3086ch, attempts=1, 19.9s)
2026-05-01 14:12:49,099 [INFO] HTTP Request: POST http://localhost:2026/v1/chat/completions "HTTP/1.1 200 OK"
2026-05-01 14:12:49,100 [INFO] [2661/3987] id=openseek-3-0d0b597ae GT=[77, 286, 59, 82] ✅ (1565ch, attempts=1, 9.0s)
2026-05-01 14:13:00,894 [INFO] HTTP Request: POST http://localhost:2026/v1/chat/completions "HTTP/1.1 200 OK"
2026-05-01 14:13:00,896 [INFO] [2662/3987] id=openseek-3-46e26e8f3 GT=[70, 346, 29, 430, 42, 268, 97, 3] ✅ (3482ch, attempts=1, 21.4s)
2026-05-01 14:13:01,482 [INFO] HTTP Request: POST http://localhost:2026/v1/chat/completions "HTTP/1.1 200 OK"
2026-05-01 14:13:01,483 [INFO] [2663/3987] id=openseek-3-cd5ce43c8 GT=[20, 29, 448, 580, 526, 69, 508, 598] ✅ (3390ch, attempts=1, 21.7s)
2026-05-01 14:13:05,474 [INFO] HTTP Request: POST http://localhost:2026/v1/chat/completions "HTTP/1.1 200 OK"
2026-05-01 14:13:05,475 [INFO] [2664/3987] id=openseek-3-3a6db6980 GT=[13, 32, 232, 41, 376, 202, 208] ✅ (2431ch, attempts=1, 16.4s)
2026-05-01 14:13:12,704 [INFO] HTTP Request: POST http://localhost:2026/v1/chat/completions "HTTP/1.1 200 OK"
2026-05-01 14:13:12,705 [INFO] [2665/3987] id=openseek-3-a7aa9657d GT=[76, 154, 37, 340] ✅ (1923ch, attempts=1, 11.2s)
2026-05-01 14:13:16,809 [INFO] HTTP Request: POST http://localhost:2026/v1/chat/completions "HTTP/1.1 200 OK"
2026-05-01 14:13:16,810 [INFO] [2666/3987] id=openseek-3-6c8eef0bb GT=[82, 31, 160, 304] ✅ (1944ch, attempts=1, 11.3s)
2026-05-01 14:13:21,682 [INFO] HTTP Request: POST http://localhost:2026/v1/chat/completions "HTTP/1.1 200 OK"
2026-05-01 14:13:21,683 [INFO] [2667/3987] id=openseek-3-09a630b7f GT=[94, 65, 76, 328, 484, 88, 94, 13] ✅ (3481ch, attempts=1, 20.8s)
2026-05-01 14:13:25,830 [INFO] HTTP Request: POST http://localhost:2026/v1/chat/completions "HTTP/1.1 200 OK"
2026-05-01 14:13:25,831 [INFO] [2668/3987] id=openseek-3-0bd363514 GT=[30, 472] ✅ (1878ch, attempts=1, 9.0s)
2026-05-01 14:13:33,355 [INFO] HTTP Request: POST http://localhost:2026/v1/chat/completions "HTTP/1.1 200 OK"
2026-05-01 14:13:33,356 [INFO] [2669/3987] id=openseek-3-8881ce920 GT=[64, 16, 59, 316, 454, 26, 96, 62] ✅ (3408ch, attempts=1, 20.7s)
2026-05-01 14:13:34,309 [INFO] HTTP Request: POST http://localhost:2026/v1/chat/completions "HTTP/1.1 200 OK"
2026-05-01 14:13:34,310 [INFO] [2670/3987] id=openseek-3-b6747dca9 GT=[23, 532] ✅ (1687ch, attempts=1, 8.5s)
2026-05-01 14:13:37,718 [INFO] HTTP Request: POST http://localhost:2026/v1/chat/completions "HTTP/1.1 200 OK"
2026-05-01 14:13:37,720 [INFO] [2671/3987] id=openseek-3-0abcc3f23 GT=[94, 322, 394, 70, 370, 54, 67] ✅ (2610ch, attempts=1, 16.0s)
2026-05-01 14:13:42,125 [INFO] HTTP Request: POST http://localhost:2026/v1/chat/completions "HTTP/1.1 200 OK"
2026-05-01 14:13:42,126 [INFO] [2672/3987] id=openseek-3-fa30eaac8 GT=[94, 250] ✅ (1740ch, attempts=1, 8.8s)
2026-05-01 14:13:42,282 [INFO] HTTP Request: POST http://localhost:2026/v1/chat/completions "HTTP/1.1 200 OK"
2026-05-01 14:13:42,283 [INFO] [2673/3987] id=openseek-3-6d2d2b9b0 GT=[478, 14, 46] ✅ (1548ch, attempts=1, 8.0s)
2026-05-01 14:13:55,732 [INFO] HTTP Request: POST http://localhost:2026/v1/chat/completions "HTTP/1.1 200 OK"
2026-05-01 14:13:55,733 [INFO] [2674/3987] id=openseek-3-0a102d7b8 GT=[40, 370, 208, 130, 17, 95, 322] ✅ (2783ch, attempts=1, 18.0s)
2026-05-01 14:13:55,801 [INFO] HTTP Request: POST http://localhost:2026/v1/chat/completions "HTTP/1.1 200 OK"
2026-05-01 14:13:55,802 [INFO] [2675/3987] id=openseek-3-0250e8693 GT=[118, 40, 406, 316, 370] ✅ (2160ch, attempts=1, 13.5s)
2026-05-01 14:14:03,064 [INFO] HTTP Request: POST http://localhost:2026/v1/chat/completions "HTTP/1.1 200 OK"
2026-05-01 14:14:03,065 [INFO] [2676/3987] id=openseek-3-68141e198 GT=[532, 202, 196, 17, 70, 6, 316, 22, 18] ✅ (3268ch, attempts=1, 20.9s)
2026-05-01 14:14:04,510 [INFO] HTTP Request: POST http://localhost:2026/v1/chat/completions "HTTP/1.1 200 OK"
2026-05-01 14:14:04,512 [INFO] [2677/3987] id=openseek-3-4cc160f94 GT=[27, 37, 424] ✅ (1734ch, attempts=1, 8.8s)
2026-05-01 14:14:14,230 [INFO] HTTP Request: POST http://localhost:2026/v1/chat/completions "HTTP/1.1 200 OK"
2026-05-01 14:14:14,231 [INFO] [2678/3987] id=openseek-3-68f114a49 GT=[49, 376, 25, 214, 16, 574, 46, 586] ✅ (2957ch, attempts=1, 18.4s)
2026-05-01 14:14:18,353 [INFO] HTTP Request: POST http://localhost:2026/v1/chat/completions "HTTP/1.1 200 OK"
2026-05-01 14:14:18,355 [INFO] [2679/3987] id=openseek-3-9bbb7a539 GT=[50, 190, 92, 136, 82, 27, 69] ✅ (2084ch, attempts=1, 13.8s)
2026-05-01 14:14:24,775 [INFO] HTTP Request: POST http://localhost:2026/v1/chat/completions "HTTP/1.1 200 OK"
2026-05-01 14:14:24,776 [INFO] [2680/3987] id=openseek-3-926628e49 GT=[370, 316, 466, 190, 448, 18, 80, 40, 29 ✅ (3181ch, attempts=1, 21.7s)
2026-05-01 14:14:32,520 [INFO] HTTP Request: POST http://localhost:2026/v1/chat/completions "HTTP/1.1 200 OK"
2026-05-01 14:14:32,521 [INFO] [2681/3987] id=openseek-3-440dc2d2f GT=[72, 4, 94, 232, 28] ✅ (2386ch, attempts=1, 14.2s)
2026-05-01 14:14:34,593 [INFO] HTTP Request: POST http://localhost:2026/v1/chat/completions "HTTP/1.1 200 OK"
2026-05-01 14:14:34,594 [INFO] [2682/3987] id=openseek-3-753125d22 GT=[7, 502, 532, 66, 9, 286, 346, 142, 238] ✅ (2997ch, attempts=1, 20.4s)
2026-05-01 14:14:37,395 [INFO] HTTP Request: POST http://localhost:2026/v1/chat/completions "HTTP/1.1 200 OK"
2026-05-01 14:14:37,397 [INFO] [2683/3987] id=openseek-3-b0e0fe57f GT=[75, 262, 532, 178] ✅ (1993ch, attempts=1, 12.6s)
2026-05-01 14:14:45,585 [INFO] HTTP Request: POST http://localhost:2026/v1/chat/completions "HTTP/1.1 200 OK"
2026-05-01 14:14:45,586 [INFO] [2684/3987] id=openseek-3-c04b046b9 GT=[55, 47] ✅ (1856ch, attempts=1, 8.2s)
2026-05-01 14:14:48,764 [INFO] HTTP Request: POST http://localhost:2026/v1/chat/completions "HTTP/1.1 200 OK"
2026-05-01 14:14:48,765 [INFO] [2685/3987] id=openseek-3-ab607982d GT=[520, 412, 10, 14, 58, 388, 36] ✅ (2747ch, attempts=1, 16.2s)
2026-05-01 14:14:52,358 [INFO] HTTP Request: POST http://localhost:2026/v1/chat/completions "HTTP/1.1 200 OK"
2026-05-01 14:14:52,359 [INFO] [2686/3987] id=openseek-3-e07cfef29 GT=[83, 4, 54, 412, 54, 60, 514] ✅ (2727ch, attempts=1, 17.8s)
2026-05-01 14:15:05,583 [INFO] HTTP Request: POST http://localhost:2026/v1/chat/completions "HTTP/1.1 200 OK"
2026-05-01 14:15:05,585 [INFO] [2687/3987] id=openseek-3-4e61824fb GT=[2, 226, 526, 57, 232, 63, 90] ✅ (1998ch, attempts=1, 13.2s)
2026-05-01 14:15:05,778 [INFO] HTTP Request: POST http://localhost:2026/v1/chat/completions "HTTP/1.1 200 OK"
2026-05-01 14:15:05,779 [INFO] [2688/3987] id=openseek-3-e3b7caad8 GT=[67, 42, 484, 87, 48, 42, 580, 39, 160] ✅ (2678ch, attempts=1, 17.0s)
2026-05-01 14:15:10,612 [INFO] HTTP Request: POST http://localhost:2026/v1/chat/completions "HTTP/1.1 200 OK"
2026-05-01 14:15:10,613 [INFO] [2689/3987] id=openseek-3-a0b7adabf GT=[57, 60, 75, 64, 346, 532, 508, 60, 96] ✅ (3861ch, attempts=1, 25.0s)
2026-05-01 14:15:18,198 [INFO] HTTP Request: POST http://localhost:2026/v1/chat/completions "HTTP/1.1 200 OK"
2026-05-01 14:15:18,199 [INFO] [2690/3987] id=openseek-3-89371c23e GT=[73, 328, 82, 346, 412, 48] ✅ (2086ch, attempts=1, 12.4s)
2026-05-01 14:15:22,774 [INFO] HTTP Request: POST http://localhost:2026/v1/chat/completions "HTTP/1.1 200 OK"
2026-05-01 14:15:22,776 [INFO] [2691/3987] id=openseek-3-e4f074893 GT=[87, 66, 592, 14, 77, 94, 358, 51] ✅ (2741ch, attempts=1, 17.2s)
2026-05-01 14:15:27,877 [INFO] HTTP Request: POST http://localhost:2026/v1/chat/completions "HTTP/1.1 200 OK"
2026-05-01 14:15:27,878 [INFO] [2692/3987] id=openseek-3-f34938f05 GT=[106, 490, 40] ✅ (1640ch, attempts=1, 9.7s)
2026-05-01 14:15:29,825 [INFO] HTTP Request: POST http://localhost:2026/v1/chat/completions "HTTP/1.1 200 OK"
2026-05-01 14:15:29,826 [INFO] [2693/3987] id=openseek-3-022777223 GT=[42, 478, 76, 16, 532, 580, 262, 85, 268 ✅ (2869ch, attempts=1, 19.2s)
2026-05-01 14:15:31,059 [INFO] HTTP Request: POST http://localhost:2026/v1/chat/completions "HTTP/1.1 200 OK"
2026-05-01 14:15:31,060 [INFO] [2694/3987] id=openseek-3-39251b6b9 GT=[74, 514] ✅ (1702ch, attempts=1, 8.3s)
2026-05-01 14:15:37,587 [INFO] HTTP Request: POST http://localhost:2026/v1/chat/completions "HTTP/1.1 200 OK"
2026-05-01 14:15:37,588 [INFO] [2695/3987] id=openseek-3-63537e1a0 GT=[17, 7, 9, 16, 184] ✅ (1713ch, attempts=1, 9.7s)
2026-05-01 14:15:38,887 [INFO] HTTP Request: POST http://localhost:2026/v1/chat/completions "HTTP/1.1 200 OK"
2026-05-01 14:15:38,888 [INFO] [2696/3987] id=openseek-3-bf4d0c56c GT=[208, 70] ✅ (1652ch, attempts=1, 7.8s)
2026-05-01 14:15:47,160 [INFO] HTTP Request: POST http://localhost:2026/v1/chat/completions "HTTP/1.1 200 OK"
2026-05-01 14:15:47,161 [INFO] [2697/3987] id=openseek-3-4edd090df GT=[208, 98, 12, 75, 580, 4, 598] ✅ (2873ch, attempts=1, 17.3s)
2026-05-01 14:15:50,082 [INFO] HTTP Request: POST http://localhost:2026/v1/chat/completions "HTTP/1.1 200 OK"
2026-05-01 14:15:50,083 [INFO] [2698/3987] id=openseek-3-044559e9d GT=[286, 292, 39] ✅ (2434ch, attempts=1, 12.5s)
2026-05-01 14:15:54,755 [INFO] HTTP Request: POST http://localhost:2026/v1/chat/completions "HTTP/1.1 200 OK"
2026-05-01 14:15:54,756 [INFO] [2699/3987] id=openseek-3-8cb2cbf6f GT=[172, 208, 2, 526, 58, 412, 52, 77, 18] ✅ (2265ch, attempts=1, 15.9s)
2026-05-01 14:16:00,069 [INFO] HTTP Request: POST http://localhost:2026/v1/chat/completions "HTTP/1.1 200 OK"
2026-05-01 14:16:00,070 [INFO] [2700/3987] id=openseek-3-9e373f49a GT=[37, 592] ✅ (2050ch, attempts=1, 10.0s)
2026-05-01 14:16:00,318 [INFO]   💾 已保存 (成功=2700 验证通过=2700 降级=0) | 4.6s/条均值 | ETA=100min
2026-05-01 14:16:02,112 [INFO] HTTP Request: POST http://localhost:2026/v1/chat/completions "HTTP/1.1 200 OK"
2026-05-01 14:16:02,113 [INFO] [2701/3987] id=openseek-3-fc1e05025 GT=[370, 10, 16, 57, 47, 27, 298] ✅ (2525ch, attempts=1, 15.0s)
2026-05-01 14:16:11,849 [INFO] HTTP Request: POST http://localhost:2026/v1/chat/completions "HTTP/1.1 200 OK"
2026-05-01 14:16:11,850 [INFO] [2702/3987] id=openseek-3-5b363b966 GT=[83, 81, 12, 85, 196, 73, 226, 46] ✅ (2650ch, attempts=1, 17.1s)
2026-05-01 14:16:17,404 [INFO] HTTP Request: POST http://localhost:2026/v1/chat/completions "HTTP/1.1 200 OK"
2026-05-01 14:16:17,405 [INFO] [2703/3987] id=openseek-3-70ff5ba04 GT=[196, 136, 59, 490, 58, 268] ✅ (2475ch, attempts=1, 15.3s)
2026-05-01 14:16:17,894 [INFO] HTTP Request: POST http://localhost:2026/v1/chat/completions "HTTP/1.1 200 OK"
2026-05-01 14:16:17,895 [INFO] [2704/3987] id=openseek-3-f7565be14 GT=[62, 50, 142, 136, 2, 75, 442, 14, 79] ✅ (2719ch, attempts=1, 17.8s)
2026-05-01 14:16:21,670 [INFO] HTTP Request: POST http://localhost:2026/v1/chat/completions "HTTP/1.1 200 OK"
2026-05-01 14:16:21,671 [INFO] [2705/3987] id=openseek-3-6d4574f11 GT=[81, 20, 58] ✅ (2090ch, attempts=1, 9.8s)
2026-05-01 14:16:28,381 [INFO] HTTP Request: POST http://localhost:2026/v1/chat/completions "HTTP/1.1 200 OK"
2026-05-01 14:16:28,382 [INFO] [2706/3987] id=openseek-3-f82e0503b GT=[232, 52] ✅ (2015ch, attempts=1, 10.5s)
2026-05-01 14:16:31,821 [INFO] HTTP Request: POST http://localhost:2026/v1/chat/completions "HTTP/1.1 200 OK"
2026-05-01 14:16:31,822 [INFO] [2707/3987] id=openseek-3-c631d92be GT=[466, 29, 130, 61, 59, 78] ✅ (2391ch, attempts=1, 14.4s)
2026-05-01 14:16:35,651 [INFO] HTTP Request: POST http://localhost:2026/v1/chat/completions "HTTP/1.1 200 OK"
2026-05-01 14:16:35,652 [INFO] [2708/3987] id=openseek-3-a47a06d0f GT=[28, 14] ✅ (1555ch, attempts=1, 7.3s)
2026-05-01 14:16:42,002 [INFO] HTTP Request: POST http://localhost:2026/v1/chat/completions "HTTP/1.1 200 OK"
2026-05-01 14:16:42,003 [INFO] [2709/3987] id=openseek-3-61c1b4077 GT=[118, 568, 274, 118] ✅ (1654ch, attempts=1, 10.2s)
2026-05-01 14:16:42,602 [INFO] HTTP Request: POST http://localhost:2026/v1/chat/completions "HTTP/1.1 200 OK"
2026-05-01 14:16:42,603 [INFO] [2710/3987] id=openseek-3-793470b44 GT=[64, 364, 172, 250, 95, 118, 10, 520, 60 ✅ (3170ch, attempts=1, 20.9s)
2026-05-01 14:16:47,674 [INFO] HTTP Request: POST http://localhost:2026/v1/chat/completions "HTTP/1.1 200 OK"
2026-05-01 14:16:47,675 [INFO] [2711/3987] id=openseek-3-784a018e3 GT=[436, 190, 68, 34] ✅ (2186ch, attempts=1, 12.0s)
2026-05-01 14:16:53,316 [INFO] HTTP Request: POST http://localhost:2026/v1/chat/completions "HTTP/1.1 200 OK"
2026-05-01 14:16:53,318 [INFO] [2712/3987] id=openseek-3-bc005a14e GT=[37, 10, 81, 86] ✅ (2144ch, attempts=1, 11.3s)
2026-05-01 14:16:58,069 [INFO] HTTP Request: POST http://localhost:2026/v1/chat/completions "HTTP/1.1 200 OK"
2026-05-01 14:16:58,070 [INFO] [2713/3987] id=openseek-3-fc3d6149e GT=[274, 592, 54, 4, 63, 50, 93] ✅ (2641ch, attempts=1, 15.5s)
2026-05-01 14:16:58,322 [INFO] HTTP Request: POST http://localhost:2026/v1/chat/completions "HTTP/1.1 200 OK"
2026-05-01 14:16:58,323 [INFO] [2714/3987] id=openseek-3-73618e1b4 GT=[71, 586] ✅ (2118ch, attempts=1, 10.6s)
2026-05-01 14:17:06,832 [INFO] HTTP Request: POST http://localhost:2026/v1/chat/completions "HTTP/1.1 200 OK"
2026-05-01 14:17:06,833 [INFO] [2715/3987] id=openseek-3-643cfaa94 GT=[22, 71] ✅ (1695ch, attempts=1, 8.5s)
2026-05-01 14:17:10,054 [INFO] HTTP Request: POST http://localhost:2026/v1/chat/completions "HTTP/1.1 200 OK"
2026-05-01 14:17:10,055 [INFO] [2716/3987] id=openseek-3-cd8bc0f3f GT=[394, 268, 244, 358] ✅ (1951ch, attempts=1, 12.0s)
2026-05-01 14:17:10,452 [INFO] HTTP Request: POST http://localhost:2026/v1/chat/completions "HTTP/1.1 200 OK"
2026-05-01 14:17:10,453 [INFO] [2717/3987] id=openseek-3-7a6c6157a GT=[178, 59, 496, 30, 196, 214, 334, 190] ✅ (2587ch, attempts=1, 17.1s)
2026-05-01 14:17:19,933 [INFO] HTTP Request: POST http://localhost:2026/v1/chat/completions "HTTP/1.1 200 OK"
2026-05-01 14:17:19,935 [INFO] [2718/3987] id=openseek-3-0ea7640d3 GT=[508, 69, 87, 65, 55] ✅ (2335ch, attempts=1, 13.1s)
2026-05-01 14:17:26,161 [INFO] HTTP Request: POST http://localhost:2026/v1/chat/completions "HTTP/1.1 200 OK"
2026-05-01 14:17:26,163 [INFO] [2719/3987] id=openseek-3-65aea293e GT=[7, 27, 83, 97, 442, 94, 54, 70, 10] ✅ (2421ch, attempts=1, 15.7s)
2026-05-01 14:17:26,665 [INFO] HTTP Request: POST http://localhost:2026/v1/chat/completions "HTTP/1.1 200 OK"
2026-05-01 14:17:26,666 [INFO] [2720/3987] id=openseek-3-ef88f290d GT=[90, 178, 20, 118, 59, 424, 24, 93, 30] ✅ (2553ch, attempts=1, 16.6s)
2026-05-01 14:17:33,871 [INFO] HTTP Request: POST http://localhost:2026/v1/chat/completions "HTTP/1.1 200 OK"
2026-05-01 14:17:33,872 [INFO] [2721/3987] id=openseek-3-7177a26d7 GT=[22, 64] ✅ (1484ch, attempts=1, 7.2s)
2026-05-01 14:17:35,360 [INFO] HTTP Request: POST http://localhost:2026/v1/chat/completions "HTTP/1.1 200 OK"
2026-05-01 14:17:35,362 [INFO] [2722/3987] id=openseek-3-b855ca26b GT=[568, 100, 562, 418, 178, 87] ✅ (2548ch, attempts=1, 15.4s)
2026-05-01 14:17:46,117 [INFO] HTTP Request: POST http://localhost:2026/v1/chat/completions "HTTP/1.1 200 OK"
2026-05-01 14:17:46,119 [INFO] [2723/3987] id=openseek-3-c343e0975 GT=[50, 4, 292, 592, 89, 574, 238, 22] ✅ (3043ch, attempts=1, 20.0s)
2026-05-01 14:17:51,347 [INFO] HTTP Request: POST http://localhost:2026/v1/chat/completions "HTTP/1.1 200 OK"
2026-05-01 14:17:51,348 [INFO] [2724/3987] id=openseek-3-e415971a0 GT=[7, 30, 15, 178, 28, 46, 340, 27, 17] ✅ (2680ch, attempts=1, 17.5s)
2026-05-01 14:17:56,973 [INFO] HTTP Request: POST http://localhost:2026/v1/chat/completions "HTTP/1.1 200 OK"
2026-05-01 14:17:56,975 [INFO] [2725/3987] id=openseek-3-595dcb823 GT=[352, 35, 34, 66, 280, 346, 77, 550] ✅ (3597ch, attempts=1, 21.6s)
2026-05-01 14:18:02,232 [INFO] HTTP Request: POST http://localhost:2026/v1/chat/completions "HTTP/1.1 200 OK"
2026-05-01 14:18:02,234 [INFO] [2726/3987] id=openseek-3-599753dbb GT=[1, 106, 412, 67] ✅ (1778ch, attempts=1, 10.9s)
2026-05-01 14:18:02,372 [INFO] HTTP Request: POST http://localhost:2026/v1/chat/completions "HTTP/1.1 200 OK"
2026-05-01 14:18:02,374 [INFO] [2727/3987] id=openseek-3-9f388bb44 GT=[71, 172, 10, 364, 202, 2, 2] ✅ (2638ch, attempts=1, 16.3s)
2026-05-01 14:18:05,941 [INFO] HTTP Request: POST http://localhost:2026/v1/chat/completions "HTTP/1.1 200 OK"
2026-05-01 14:18:05,943 [INFO] [2728/3987] id=openseek-3-22dd09b22 GT=[250, 80] ✅ (1763ch, attempts=1, 9.0s)
2026-05-01 14:18:12,987 [INFO] HTTP Request: POST http://localhost:2026/v1/chat/completions "HTTP/1.1 200 OK"
2026-05-01 14:18:12,988 [INFO] [2729/3987] id=openseek-3-00fa604ff GT=[58, 436, 3] ✅ (1886ch, attempts=1, 10.8s)
2026-05-01 14:18:13,432 [INFO] HTTP Request: POST http://localhost:2026/v1/chat/completions "HTTP/1.1 200 OK"
2026-05-01 14:18:13,434 [INFO] [2730/3987] id=openseek-3-744985314 GT=[118, 27] ✅ (1504ch, attempts=1, 7.5s)
2026-05-01 14:18:17,236 [INFO] HTTP Request: POST http://localhost:2026/v1/chat/completions "HTTP/1.1 200 OK"
2026-05-01 14:18:17,237 [INFO] [2731/3987] id=openseek-3-2c93e6e32 GT=[60, 7, 47, 214, 508, 60, 208, 23, 454] ✅ (2332ch, attempts=1, 14.9s)
2026-05-01 14:18:21,051 [INFO] HTTP Request: POST http://localhost:2026/v1/chat/completions "HTTP/1.1 200 OK"
2026-05-01 14:18:21,052 [INFO] [2732/3987] id=openseek-3-3e8a02491 GT=[124, 85] ✅ (1780ch, attempts=1, 8.1s)
2026-05-01 14:18:24,032 [INFO] HTTP Request: POST http://localhost:2026/v1/chat/completions "HTTP/1.1 200 OK"
2026-05-01 14:18:24,034 [INFO] [2733/3987] id=openseek-3-52801d6fc GT=[40, 394, 226] ✅ (1764ch, attempts=1, 10.6s)
2026-05-01 14:18:25,075 [INFO] HTTP Request: POST http://localhost:2026/v1/chat/completions "HTTP/1.1 200 OK"
2026-05-01 14:18:25,077 [INFO] [2734/3987] id=openseek-3-0679bbaa6 GT=[6, 472] ✅ (1589ch, attempts=1, 7.8s)
2026-05-01 14:18:32,428 [INFO] HTTP Request: POST http://localhost:2026/v1/chat/completions "HTTP/1.1 200 OK"
2026-05-01 14:18:32,430 [INFO] [2735/3987] id=openseek-3-02182abc5 GT=[24, 364, 10, 400] ✅ (1908ch, attempts=1, 11.4s)
2026-05-01 14:18:36,505 [INFO] HTTP Request: POST http://localhost:2026/v1/chat/completions "HTTP/1.1 200 OK"
2026-05-01 14:18:36,507 [INFO] [2736/3987] id=openseek-3-5f7a5693a GT=[160, 88, 166] ✅ (2498ch, attempts=1, 12.5s)
2026-05-01 14:18:39,624 [INFO] HTTP Request: POST http://localhost:2026/v1/chat/completions "HTTP/1.1 200 OK"
2026-05-01 14:18:39,626 [INFO] [2737/3987] id=openseek-3-cf61769ea GT=[502, 262, 68, 53, 32, 268] ✅ (2451ch, attempts=1, 14.5s)
2026-05-01 14:18:44,923 [INFO] HTTP Request: POST http://localhost:2026/v1/chat/completions "HTTP/1.1 200 OK"
2026-05-01 14:18:44,924 [INFO] [2738/3987] id=openseek-3-a36bd5044 GT=[148, 31, 16, 30, 78, 478] ✅ (1926ch, attempts=1, 12.5s)
2026-05-01 14:18:47,498 [INFO] HTTP Request: POST http://localhost:2026/v1/chat/completions "HTTP/1.1 200 OK"
2026-05-01 14:18:47,500 [INFO] [2739/3987] id=openseek-3-d5e867976 GT=[60, 82, 298, 280] ✅ (2031ch, attempts=1, 11.0s)
2026-05-01 14:19:00,373 [INFO] HTTP Request: POST http://localhost:2026/v1/chat/completions "HTTP/1.1 200 OK"
2026-05-01 14:19:00,375 [INFO] [2740/3987] id=openseek-3-a0001d321 GT=[88, 490, 274, 26, 16, 44, 56, 370] ✅ (3299ch, attempts=1, 20.7s)
2026-05-01 14:19:04,720 [INFO] HTTP Request: POST http://localhost:2026/v1/chat/completions "HTTP/1.1 200 OK"
2026-05-01 14:19:04,721 [INFO] [2741/3987] id=openseek-3-dabe798d9 GT=[50, 96, 64, 124, 526, 598, 466, 90] ✅ (3133ch, attempts=1, 19.8s)
2026-05-01 14:19:07,778 [INFO] HTTP Request: POST http://localhost:2026/v1/chat/completions "HTTP/1.1 200 OK"
2026-05-01 14:19:07,780 [INFO] [2742/3987] id=openseek-3-91c30a046 GT=[52, 3, 334, 57, 472, 47, 93, 598] ✅ (3274ch, attempts=1, 20.3s)
2026-05-01 14:19:16,889 [INFO] HTTP Request: POST http://localhost:2026/v1/chat/completions "HTTP/1.1 200 OK"
2026-05-01 14:19:16,890 [INFO] [2743/3987] id=openseek-3-8db223047 GT=[86, 1, 172, 83, 18, 11] ✅ (1998ch, attempts=1, 12.2s)
2026-05-01 14:19:18,440 [INFO] HTTP Request: POST http://localhost:2026/v1/chat/completions "HTTP/1.1 200 OK"
2026-05-01 14:19:18,441 [INFO] [2744/3987] id=openseek-3-88a724284 GT=[124, 262, 328, 382, 26, 310, 16, 30] ✅ (2773ch, attempts=1, 18.1s)
2026-05-01 14:19:25,608 [INFO] HTTP Request: POST http://localhost:2026/v1/chat/completions "HTTP/1.1 200 OK"
2026-05-01 14:19:25,610 [INFO] [2745/3987] id=openseek-3-c33ed4db7 GT=[23, 67, 56, 39, 214, 310, 37, 69, 51] ✅ (2681ch, attempts=1, 17.8s)
2026-05-01 14:19:29,151 [INFO] HTTP Request: POST http://localhost:2026/v1/chat/completions "HTTP/1.1 200 OK"
2026-05-01 14:19:29,152 [INFO] [2746/3987] id=openseek-3-1195f6cb7 GT=[80, 84, 592, 2, 196, 448] ✅ (1635ch, attempts=1, 10.7s)
2026-05-01 14:19:29,857 [INFO] HTTP Request: POST http://localhost:2026/v1/chat/completions "HTTP/1.1 200 OK"
2026-05-01 14:19:29,858 [INFO] [2747/3987] id=openseek-3-efdc7a071 GT=[466, 39, 86, 71, 51, 154] ✅ (2166ch, attempts=1, 13.0s)
2026-05-01 14:19:36,052 [INFO] HTTP Request: POST http://localhost:2026/v1/chat/completions "HTTP/1.1 200 OK"
2026-05-01 14:19:36,054 [INFO] [2748/3987] id=openseek-3-85e2a77b5 GT=[10, 514, 20, 59] ✅ (1843ch, attempts=1, 10.4s)
2026-05-01 14:19:41,246 [INFO] HTTP Request: POST http://localhost:2026/v1/chat/completions "HTTP/1.1 200 OK"
2026-05-01 14:19:41,248 [INFO] [2749/3987] id=openseek-3-f47bd21b0 GT=[63, 77, 70, 61, 190, 95] ✅ (1903ch, attempts=1, 12.1s)
2026-05-01 14:19:44,709 [INFO] HTTP Request: POST http://localhost:2026/v1/chat/completions "HTTP/1.1 200 OK"
2026-05-01 14:19:44,710 [INFO] [2750/3987] id=openseek-3-265367fe9 GT=[586, 84, 17, 87, 88, 97, 65, 7] ✅ (2535ch, attempts=1, 14.9s)
2026-05-01 14:19:44,869 [INFO]   💾 已保存 (成功=2750 验证通过=2750 降级=0) | 4.6s/条均值 | ETA=96min
2026-05-01 14:19:52,281 [INFO] HTTP Request: POST http://localhost:2026/v1/chat/completions "HTTP/1.1 200 OK"
2026-05-01 14:19:52,282 [INFO] [2751/3987] id=openseek-3-b2c1eff74 GT=[84, 52, 66, 556, 64, 5, 550] ✅ (2531ch, attempts=1, 16.2s)
2026-05-01 14:19:58,456 [INFO] HTTP Request: POST http://localhost:2026/v1/chat/completions "HTTP/1.1 200 OK"
2026-05-01 14:19:58,457 [INFO] [2752/3987] id=openseek-3-d4a18f905 GT=[28, 340, 202, 250, 358, 49, 94, 256, 24 ✅ (2587ch, attempts=1, 17.2s)
2026-05-01 14:20:01,313 [INFO] HTTP Request: POST http://localhost:2026/v1/chat/completions "HTTP/1.1 200 OK"
2026-05-01 14:20:01,314 [INFO] [2753/3987] id=openseek-3-c5d16007c GT=[58, 57, 25, 98, 202, 124, 59] ✅ (2880ch, attempts=1, 16.6s)
2026-05-01 14:20:08,931 [INFO] HTTP Request: POST http://localhost:2026/v1/chat/completions "HTTP/1.1 200 OK"
2026-05-01 14:20:08,932 [INFO] [2754/3987] id=openseek-3-b3cb10610 GT=[472, 69, 55, 514, 45, 49, 496, 13] ✅ (2547ch, attempts=1, 16.7s)
2026-05-01 14:20:09,451 [INFO] HTTP Request: POST http://localhost:2026/v1/chat/completions "HTTP/1.1 200 OK"
2026-05-01 14:20:09,452 [INFO] [2755/3987] id=openseek-3-f2210cc85 GT=[16, 86, 92, 5] ✅ (2205ch, attempts=1, 11.0s)
2026-05-01 14:20:19,924 [INFO] HTTP Request: POST http://localhost:2026/v1/chat/completions "HTTP/1.1 200 OK"
2026-05-01 14:20:19,925 [INFO] [2756/3987] id=openseek-3-46527735c GT=[77, 30, 496, 13, 98, 75, 580, 61, 346] ✅ (2758ch, attempts=1, 18.6s)
2026-05-01 14:20:22,873 [INFO] HTTP Request: POST http://localhost:2026/v1/chat/completions "HTTP/1.1 200 OK"
2026-05-01 14:20:22,874 [INFO] [2757/3987] id=openseek-3-0f7ac39b8 GT=[412, 160, 27, 87, 544, 26] ✅ (2092ch, attempts=1, 13.4s)
2026-05-01 14:20:27,899 [INFO] HTTP Request: POST http://localhost:2026/v1/chat/completions "HTTP/1.1 200 OK"
2026-05-01 14:20:27,900 [INFO] [2758/3987] id=openseek-3-2b431ffeb GT=[2, 20, 24, 328, 96, 508, 148, 166, 88] ✅ (2997ch, attempts=1, 19.0s)
2026-05-01 14:20:31,262 [INFO] HTTP Request: POST http://localhost:2026/v1/chat/completions "HTTP/1.1 200 OK"
2026-05-01 14:20:31,263 [INFO] [2759/3987] id=openseek-3-b18b8a906 GT=[70, 130] ✅ (1645ch, attempts=1, 8.4s)
2026-05-01 14:20:38,942 [INFO] HTTP Request: POST http://localhost:2026/v1/chat/completions "HTTP/1.1 200 OK"
2026-05-01 14:20:38,943 [INFO] [2760/3987] id=openseek-3-e17262f64 GT=[61, 53] ✅ (1655ch, attempts=1, 7.7s)
2026-05-01 14:20:40,203 [INFO] HTTP Request: POST http://localhost:2026/v1/chat/completions "HTTP/1.1 200 OK"
2026-05-01 14:20:40,204 [INFO] [2761/3987] id=openseek-3-5e1b432fb GT=[286, 48, 550, 9, 244, 358, 29, 77, 82] ✅ (2862ch, attempts=1, 20.3s)
2026-05-01 14:20:41,388 [INFO] HTTP Request: POST http://localhost:2026/v1/chat/completions "HTTP/1.1 200 OK"
2026-05-01 14:20:41,389 [INFO] [2762/3987] id=openseek-3-05596b472 GT=[460, 226, 88, 16] ✅ (2303ch, attempts=1, 13.5s)
2026-05-01 14:20:52,793 [INFO] HTTP Request: POST http://localhost:2026/v1/chat/completions "HTTP/1.1 200 OK"
2026-05-01 14:20:52,794 [INFO] [2763/3987] id=openseek-3-0e02d434d GT=[15, 484, 298, 334] ✅ (2678ch, attempts=1, 13.9s)
2026-05-01 14:20:53,540 [INFO] HTTP Request: POST http://localhost:2026/v1/chat/completions "HTTP/1.1 200 OK"
2026-05-01 14:20:53,542 [INFO] [2764/3987] id=openseek-3-4ade26568 GT=[154, 346, 15, 118, 74] ✅ (2149ch, attempts=1, 13.3s)
2026-05-01 14:20:57,664 [INFO] HTTP Request: POST http://localhost:2026/v1/chat/completions "HTTP/1.1 200 OK"
2026-05-01 14:20:57,665 [INFO] [2765/3987] id=openseek-3-94d39eaa4 GT=[160, 94, 286, 580, 10, 196] ✅ (2717ch, attempts=1, 16.3s)
2026-05-01 14:21:02,112 [INFO] HTTP Request: POST http://localhost:2026/v1/chat/completions "HTTP/1.1 200 OK"
2026-05-01 14:21:02,113 [INFO] [2766/3987] id=openseek-3-3732a04fb GT=[232, 57, 75] ✅ (1688ch, attempts=1, 9.3s)
2026-05-01 14:21:08,275 [INFO] HTTP Request: POST http://localhost:2026/v1/chat/completions "HTTP/1.1 200 OK"
2026-05-01 14:21:08,276 [INFO] [2767/3987] id=openseek-3-4ed04415d GT=[40, 98, 14, 64, 76, 66, 46] ✅ (2545ch, attempts=1, 14.7s)
2026-05-01 14:21:14,461 [INFO] HTTP Request: POST http://localhost:2026/v1/chat/completions "HTTP/1.1 200 OK"
2026-05-01 14:21:14,462 [INFO] [2768/3987] id=openseek-3-e20b1dc4c GT=[23, 35, 220, 25, 95, 88, 460, 59] ✅ (2750ch, attempts=1, 16.8s)
2026-05-01 14:21:18,587 [INFO] HTTP Request: POST http://localhost:2026/v1/chat/completions "HTTP/1.1 200 OK"
2026-05-01 14:21:18,588 [INFO] [2769/3987] id=openseek-3-c96bb1820 GT=[154, 226, 49, 21, 82, 16, 574] ✅ (2591ch, attempts=1, 16.5s)
2026-05-01 14:21:20,069 [INFO] HTTP Request: POST http://localhost:2026/v1/chat/completions "HTTP/1.1 200 OK"
2026-05-01 14:21:20,071 [INFO] [2770/3987] id=openseek-3-3792a3eae GT=[4, 496, 16, 75, 112, 100] ✅ (1949ch, attempts=1, 11.8s)
2026-05-01 14:21:22,598 [INFO] HTTP Request: POST http://localhost:2026/v1/chat/completions "HTTP/1.1 200 OK"
2026-05-01 14:21:22,599 [INFO] [2771/3987] id=openseek-3-5549af1a8 GT=[424, 376] ✅ (1612ch, attempts=1, 8.1s)
2026-05-01 14:21:32,023 [INFO] HTTP Request: POST http://localhost:2026/v1/chat/completions "HTTP/1.1 200 OK"
2026-05-01 14:21:32,024 [INFO] [2772/3987] id=openseek-3-ef2d0b565 GT=[14, 19] ✅ (2057ch, attempts=1, 9.4s)
2026-05-01 14:21:34,751 [INFO] HTTP Request: POST http://localhost:2026/v1/chat/completions "HTTP/1.1 200 OK"
2026-05-01 14:21:34,752 [INFO] [2773/3987] id=openseek-3-ab688f202 GT=[220, 226, 28, 100, 43, 38, 99] ✅ (2460ch, attempts=1, 16.2s)
2026-05-01 14:21:36,366 [INFO] HTTP Request: POST http://localhost:2026/v1/chat/completions "HTTP/1.1 200 OK"
2026-05-01 14:21:36,368 [INFO] [2774/3987] id=openseek-3-d0d63db55 GT=[60, 502, 32, 61, 4, 148, 23] ✅ (2661ch, attempts=1, 16.3s)
2026-05-01 14:21:48,959 [INFO] HTTP Request: POST http://localhost:2026/v1/chat/completions "HTTP/1.1 200 OK"
2026-05-01 14:21:48,960 [INFO] [2775/3987] id=openseek-3-5e44bb8f1 GT=[2, 436, 238, 376, 90, 58, 4, 4] ✅ (2772ch, attempts=1, 16.9s)
2026-05-01 14:21:49,548 [INFO] HTTP Request: POST http://localhost:2026/v1/chat/completions "HTTP/1.1 200 OK"
2026-05-01 14:21:49,550 [INFO] [2776/3987] id=openseek-3-c0add5736 GT=[508, 286, 598, 40, 280, 28] ✅ (2027ch, attempts=1, 13.2s)
2026-05-01 14:21:53,932 [INFO] HTTP Request: POST http://localhost:2026/v1/chat/completions "HTTP/1.1 200 OK"
2026-05-01 14:21:53,934 [INFO] [2777/3987] id=openseek-3-4ead58e57 GT=[304, 592, 1, 100, 91, 54, 592, 13, 55] ✅ (3013ch, attempts=1, 19.2s)
2026-05-01 14:21:58,758 [INFO] HTTP Request: POST http://localhost:2026/v1/chat/completions "HTTP/1.1 200 OK"
2026-05-01 14:21:58,759 [INFO] [2778/3987] id=openseek-3-01f430b16 GT=[430, 8, 16, 80] ✅ (1604ch, attempts=1, 9.2s)
2026-05-01 14:22:04,923 [INFO] HTTP Request: POST http://localhost:2026/v1/chat/completions "HTTP/1.1 200 OK"
2026-05-01 14:22:04,924 [INFO] [2779/3987] id=openseek-3-761670859 GT=[55, 16, 97, 22, 562, 76, 20] ✅ (2623ch, attempts=1, 16.0s)
2026-05-01 14:22:05,396 [INFO] HTTP Request: POST http://localhost:2026/v1/chat/completions "HTTP/1.1 200 OK"
2026-05-01 14:22:05,398 [INFO] [2780/3987] id=openseek-3-f9a7e669b GT=[57, 53, 61, 93] ✅ (2101ch, attempts=1, 11.5s)
2026-05-01 14:22:10,124 [INFO] HTTP Request: POST http://localhost:2026/v1/chat/completions "HTTP/1.1 200 OK"
2026-05-01 14:22:10,126 [INFO] [2781/3987] id=openseek-3-30de97088 GT=[20, 18, 208, 118] ✅ (2000ch, attempts=1, 11.4s)
2026-05-01 14:22:16,149 [INFO] HTTP Request: POST http://localhost:2026/v1/chat/completions "HTTP/1.1 200 OK"
2026-05-01 14:22:16,150 [INFO] [2782/3987] id=openseek-3-618137fe5 GT=[3, 3, 23, 7, 298] ✅ (2146ch, attempts=1, 11.2s)
2026-05-01 14:22:22,391 [INFO] HTTP Request: POST http://localhost:2026/v1/chat/completions "HTTP/1.1 200 OK"
2026-05-01 14:22:22,393 [INFO] [2783/3987] id=openseek-3-e53587602 GT=[77, 46, 136, 40, 31, 18] ✅ (1993ch, attempts=1, 12.3s)
2026-05-01 14:22:25,844 [INFO] HTTP Request: POST http://localhost:2026/v1/chat/completions "HTTP/1.1 200 OK"
2026-05-01 14:22:25,846 [INFO] [2784/3987] id=openseek-3-e0ca3f36c GT=[25, 520, 69, 37, 2, 538, 51, 13] ✅ (3285ch, attempts=1, 20.4s)
2026-05-01 14:22:38,748 [INFO] HTTP Request: POST http://localhost:2026/v1/chat/completions "HTTP/1.1 200 OK"
2026-05-01 14:22:38,750 [INFO] [2785/3987] id=openseek-3-dfd17c23f GT=[83, 130, 286, 58, 58] ✅ (2050ch, attempts=1, 12.9s)
2026-05-01 14:22:42,165 [INFO] HTTP Request: POST http://localhost:2026/v1/chat/completions "HTTP/1.1 200 OK"
2026-05-01 14:22:42,166 [INFO] [2786/3987] id=openseek-3-adbcf30a7 GT=[27, 53, 40, 39, 58, 39, 178, 55, 472] ✅ (3081ch, attempts=1, 19.8s)
2026-05-01 14:22:43,667 [INFO] HTTP Request: POST http://localhost:2026/v1/chat/completions "HTTP/1.1 200 OK"
2026-05-01 14:22:43,668 [INFO] [2787/3987] id=openseek-3-17467df2f GT=[40, 502, 70, 502, 98, 430, 526, 418, 13 ✅ (3910ch, attempts=1, 27.5s)
2026-05-01 14:22:53,051 [INFO] HTTP Request: POST http://localhost:2026/v1/chat/completions "HTTP/1.1 200 OK"
2026-05-01 14:22:53,052 [INFO] [2788/3987] id=openseek-3-40b4eb6f5 GT=[77, 82, 472, 544, 88, 40] ✅ (2108ch, attempts=1, 14.3s)
2026-05-01 14:22:53,350 [INFO] HTTP Request: POST http://localhost:2026/v1/chat/completions "HTTP/1.1 200 OK"
2026-05-01 14:22:53,352 [INFO] [2789/3987] id=openseek-3-c5cde0dd8 GT=[352, 460, 88, 45] ✅ (1946ch, attempts=1, 11.2s)
2026-05-01 14:22:53,962 [INFO] HTTP Request: POST http://localhost:2026/v1/chat/completions "HTTP/1.1 200 OK"
2026-05-01 14:22:53,963 [INFO] [2790/3987] id=openseek-3-c7dccffcb GT=[16, 30, 28, 568, 124, 15] ✅ (1602ch, attempts=1, 10.3s)
2026-05-01 14:23:00,663 [INFO] HTTP Request: POST http://localhost:2026/v1/chat/completions "HTTP/1.1 200 OK"
2026-05-01 14:23:00,664 [INFO] [2791/3987] id=openseek-3-d1913ca56 GT=[16, 88] ✅ (1689ch, attempts=1, 7.6s)
2026-05-01 14:23:01,328 [INFO] HTTP Request: POST http://localhost:2026/v1/chat/completions "HTTP/1.1 200 OK"
2026-05-01 14:23:01,329 [INFO] [2792/3987] id=openseek-3-a5760d830 GT=[424, 63] ✅ (1638ch, attempts=1, 8.0s)
2026-05-01 14:23:09,484 [INFO] HTTP Request: POST http://localhost:2026/v1/chat/completions "HTTP/1.1 200 OK"
2026-05-01 14:23:09,485 [INFO] [2793/3987] id=openseek-3-94307aa0f GT=[256, 160] ✅ (1672ch, attempts=1, 8.8s)
2026-05-01 14:23:09,502 [INFO] HTTP Request: POST http://localhost:2026/v1/chat/completions "HTTP/1.1 200 OK"
2026-05-01 14:23:09,503 [INFO] [2794/3987] id=openseek-3-66d173bad GT=[334, 57, 83] ✅ (1602ch, attempts=1, 8.2s)
2026-05-01 14:23:11,712 [INFO] HTTP Request: POST http://localhost:2026/v1/chat/completions "HTTP/1.1 200 OK"
2026-05-01 14:23:11,713 [INFO] [2795/3987] id=openseek-3-d05e36029 GT=[44, 17, 226, 77, 16, 10, 79, 334, 36] ✅ (2688ch, attempts=1, 17.8s)
2026-05-01 14:23:20,977 [INFO] HTTP Request: POST http://localhost:2026/v1/chat/completions "HTTP/1.1 200 OK"
2026-05-01 14:23:20,978 [INFO] [2796/3987] id=openseek-3-5369b192a GT=[286, 48, 32, 54, 80, 124] ✅ (1974ch, attempts=1, 11.5s)
2026-05-01 14:23:23,906 [INFO] HTTP Request: POST http://localhost:2026/v1/chat/completions "HTTP/1.1 200 OK"
2026-05-01 14:23:23,907 [INFO] [2797/3987] id=openseek-3-e4498aae5 GT=[40, 99, 292, 9, 334] ✅ (2644ch, attempts=1, 14.4s)
2026-05-01 14:23:31,208 [INFO] HTTP Request: POST http://localhost:2026/v1/chat/completions "HTTP/1.1 200 OK"
2026-05-01 14:23:31,209 [INFO] [2798/3987] id=openseek-3-bc3b5c05d GT=[118, 310, 82] ✅ (1918ch, attempts=1, 10.2s)
2026-05-01 14:23:31,353 [INFO] HTTP Request: POST http://localhost:2026/v1/chat/completions "HTTP/1.1 200 OK"
2026-05-01 14:23:31,354 [INFO] [2799/3987] id=openseek-3-73890c29c GT=[532, 85, 71, 568, 130, 79, 466, 196, 16 ✅ (3071ch, attempts=1, 19.6s)
2026-05-01 14:23:32,517 [INFO] HTTP Request: POST http://localhost:2026/v1/chat/completions "HTTP/1.1 200 OK"
2026-05-01 14:23:32,519 [INFO] [2800/3987] id=openseek-3-87901ac25 GT=[40, 1, 68] ✅ (1676ch, attempts=1, 8.6s)
2026-05-01 14:23:32,677 [INFO]   💾 已保存 (成功=2800 验证通过=2800 降级=0) | 4.6s/条均值 | ETA=92min
2026-05-01 14:23:42,284 [INFO] HTTP Request: POST http://localhost:2026/v1/chat/completions "HTTP/1.1 200 OK"
2026-05-01 14:23:42,285 [INFO] [2801/3987] id=openseek-3-8d9a9f524 GT=[190, 232, 93] ✅ (2034ch, attempts=1, 10.9s)
2026-05-01 14:23:43,373 [INFO] HTTP Request: POST http://localhost:2026/v1/chat/completions "HTTP/1.1 200 OK"
2026-05-01 14:23:43,375 [INFO] [2802/3987] id=openseek-3-6ddcb3d9b GT=[226, 40, 31] ✅ (2091ch, attempts=1, 10.9s)
2026-05-01 14:23:43,921 [INFO] HTTP Request: POST http://localhost:2026/v1/chat/completions "HTTP/1.1 200 OK"
2026-05-01 14:23:43,923 [INFO] [2803/3987] id=openseek-3-ea22c52de GT=[538, 40, 538, 40, 46] ✅ (2149ch, attempts=1, 12.7s)
2026-05-01 14:23:54,259 [INFO] HTTP Request: POST http://localhost:2026/v1/chat/completions "HTTP/1.1 200 OK"
2026-05-01 14:23:54,260 [INFO] [2804/3987] id=openseek-3-4a644d3fa GT=[7, 340, 526] ✅ (2332ch, attempts=1, 12.0s)
2026-05-01 14:23:59,725 [INFO] HTTP Request: POST http://localhost:2026/v1/chat/completions "HTTP/1.1 200 OK"
2026-05-01 14:23:59,726 [INFO] [2805/3987] id=openseek-3-7d076d2c2 GT=[394, 37, 208, 514, 238, 466] ✅ (2384ch, attempts=1, 15.8s)
2026-05-01 14:24:02,618 [INFO] HTTP Request: POST http://localhost:2026/v1/chat/completions "HTTP/1.1 200 OK"
2026-05-01 14:24:02,619 [INFO] [2806/3987] id=openseek-3-b96ef8928 GT=[244, 12, 41, 124, 244, 118, 334, 28, 26 ✅ (3036ch, attempts=1, 19.2s)
2026-05-01 14:24:07,524 [INFO] HTTP Request: POST http://localhost:2026/v1/chat/completions "HTTP/1.1 200 OK"
2026-05-01 14:24:07,525 [INFO] [2807/3987] id=openseek-3-521dddcf2 GT=[58, 52, 28, 64, 68, 310] ✅ (2160ch, attempts=1, 13.3s)
2026-05-01 14:24:16,394 [INFO] HTTP Request: POST http://localhost:2026/v1/chat/completions "HTTP/1.1 200 OK"
2026-05-01 14:24:16,395 [INFO] [2808/3987] id=openseek-3-2b788f8d0 GT=[82, 592, 21, 580, 226] ✅ (2106ch, attempts=1, 13.8s)
2026-05-01 14:24:18,755 [INFO] HTTP Request: POST http://localhost:2026/v1/chat/completions "HTTP/1.1 200 OK"
2026-05-01 14:24:18,756 [INFO] [2809/3987] id=openseek-3-74d6a886d GT=[424, 19, 100, 592, 29, 82, 54, 502, 364 ✅ (3030ch, attempts=1, 19.0s)
2026-05-01 14:24:24,887 [INFO] HTTP Request: POST http://localhost:2026/v1/chat/completions "HTTP/1.1 200 OK"
2026-05-01 14:24:24,888 [INFO] [2810/3987] id=openseek-3-2b7c8c2da GT=[2, 32, 316] ✅ (1660ch, attempts=1, 8.5s)
2026-05-01 14:24:27,214 [INFO] HTTP Request: POST http://localhost:2026/v1/chat/completions "HTTP/1.1 200 OK"
2026-05-01 14:24:27,215 [INFO] [2811/3987] id=openseek-3-e9e58714d GT=[130, 65] ✅ (1683ch, attempts=1, 8.5s)
2026-05-01 14:24:28,254 [INFO] HTTP Request: POST http://localhost:2026/v1/chat/completions "HTTP/1.1 200 OK"
2026-05-01 14:24:28,255 [INFO] [2812/3987] id=openseek-3-61a33c194 GT=[38, 7, 5, 78, 424, 478, 22, 60, 544] ✅ (3375ch, attempts=1, 20.7s)
2026-05-01 14:24:41,749 [INFO] HTTP Request: POST http://localhost:2026/v1/chat/completions "HTTP/1.1 200 OK"
2026-05-01 14:24:41,750 [INFO] [2813/3987] id=openseek-3-975e17f7d GT=[478, 448, 55, 47, 316, 550] ✅ (2729ch, attempts=1, 16.9s)
2026-05-01 14:24:46,072 [INFO] HTTP Request: POST http://localhost:2026/v1/chat/completions "HTTP/1.1 200 OK"
2026-05-01 14:24:46,073 [INFO] [2814/3987] id=openseek-3-74744e8a8 GT=[334, 202, 304, 72, 50, 586, 166, 29, 52 ✅ (2775ch, attempts=1, 17.8s)
2026-05-01 14:24:46,578 [INFO] HTTP Request: POST http://localhost:2026/v1/chat/completions "HTTP/1.1 200 OK"
2026-05-01 14:24:46,579 [INFO] [2815/3987] id=openseek-3-412fa98c5 GT=[12, 274, 39, 298, 32, 472, 22, 244] ✅ (2896ch, attempts=1, 19.4s)
2026-05-01 14:24:58,179 [INFO] HTTP Request: POST http://localhost:2026/v1/chat/completions "HTTP/1.1 200 OK"
2026-05-01 14:24:58,181 [INFO] [2816/3987] id=openseek-3-0fc96e5b1 GT=[526, 52, 21, 190, 99, 268, 56, 80] ✅ (2562ch, attempts=1, 16.4s)
2026-05-01 14:25:02,374 [INFO] HTTP Request: POST http://localhost:2026/v1/chat/completions "HTTP/1.1 200 OK"
2026-05-01 14:25:02,375 [INFO] [2817/3987] id=openseek-3-b7cee78be GT=[86, 412, 490, 136, 550] ✅ (2627ch, attempts=1, 15.8s)
2026-05-01 14:25:06,379 [INFO] HTTP Request: POST http://localhost:2026/v1/chat/completions "HTTP/1.1 200 OK"
2026-05-01 14:25:06,380 [INFO] [2818/3987] id=openseek-3-86a92bf89 GT=[538, 220] ✅ (1604ch, attempts=1, 8.2s)
2026-05-01 14:25:09,883 [INFO] HTTP Request: POST http://localhost:2026/v1/chat/completions "HTTP/1.1 200 OK"
2026-05-01 14:25:09,885 [INFO] [2819/3987] id=openseek-3-f352eab5f GT=[346, 292, 274, 514, 82, 364, 19, 544] ✅ (3823ch, attempts=1, 23.8s)
2026-05-01 14:25:22,546 [INFO] HTTP Request: POST http://localhost:2026/v1/chat/completions "HTTP/1.1 200 OK"
2026-05-01 14:25:22,547 [INFO] [2820/3987] id=openseek-3-e2c8da086 GT=[62, 28, 478, 304, 90, 95, 208, 75] ✅ (3079ch, attempts=1, 20.2s)
2026-05-01 14:25:22,957 [INFO] HTTP Request: POST http://localhost:2026/v1/chat/completions "HTTP/1.1 200 OK"
2026-05-01 14:25:22,959 [INFO] [2821/3987] id=openseek-3-71bb01d79 GT=[96, 22, 226, 60, 95, 83, 34, 484] ✅ (2645ch, attempts=1, 16.6s)
2026-05-01 14:25:24,014 [INFO] HTTP Request: POST http://localhost:2026/v1/chat/completions "HTTP/1.1 200 OK"
2026-05-01 14:25:24,016 [INFO] [2822/3987] id=openseek-3-a865fcb4f GT=[44, 598, 35, 550, 274] ✅ (2214ch, attempts=1, 14.1s)
2026-05-01 14:25:31,817 [INFO] HTTP Request: POST http://localhost:2026/v1/chat/completions "HTTP/1.1 200 OK"
2026-05-01 14:25:31,818 [INFO] [2823/3987] id=openseek-3-432edf18d GT=[53, 112] ✅ (1857ch, attempts=1, 9.3s)
2026-05-01 14:25:38,986 [INFO] HTTP Request: POST http://localhost:2026/v1/chat/completions "HTTP/1.1 200 OK"
2026-05-01 14:25:38,988 [INFO] [2824/3987] id=openseek-3-195a57180 GT=[370, 346, 39, 532, 79, 34, 310, 100, 31 ✅ (2519ch, attempts=1, 16.0s)
2026-05-01 14:25:44,097 [INFO] HTTP Request: POST http://localhost:2026/v1/chat/completions "HTTP/1.1 200 OK"
2026-05-01 14:25:44,099 [INFO] [2825/3987] id=openseek-3-91d1db6a0 GT=[45, 574, 64, 42, 22, 244, 52, 394, 51] ✅ (2999ch, attempts=1, 20.1s)
2026-05-01 14:25:50,695 [INFO] HTTP Request: POST http://localhost:2026/v1/chat/completions "HTTP/1.1 200 OK"
2026-05-01 14:25:50,696 [INFO] [2826/3987] id=openseek-3-504fc697c GT=[60, 91, 394, 382, 490, 406, 94, 20] ✅ (2973ch, attempts=1, 18.9s)
2026-05-01 14:25:51,894 [INFO] HTTP Request: POST http://localhost:2026/v1/chat/completions "HTTP/1.1 200 OK"
2026-05-01 14:25:51,895 [INFO] [2827/3987] id=openseek-3-50bc7a928 GT=[334, 94, 68] ✅ (1415ch, attempts=1, 7.8s)
2026-05-01 14:26:00,091 [INFO] HTTP Request: POST http://localhost:2026/v1/chat/completions "HTTP/1.1 200 OK"
2026-05-01 14:26:00,093 [INFO] [2828/3987] id=openseek-3-7775c8809 GT=[454, 83, 256, 33, 388, 406] ✅ (3381ch, attempts=1, 21.1s)
2026-05-01 14:26:02,649 [INFO] HTTP Request: POST http://localhost:2026/v1/chat/completions "HTTP/1.1 200 OK"
2026-05-01 14:26:02,650 [INFO] [2829/3987] id=openseek-3-8673ec7c4 GT=[538, 32, 64, 86] ✅ (2189ch, attempts=1, 12.0s)
2026-05-01 14:26:11,632 [INFO] HTTP Request: POST http://localhost:2026/v1/chat/completions "HTTP/1.1 200 OK"
2026-05-01 14:26:11,634 [INFO] [2830/3987] id=openseek-3-e7e2087f6 GT=[19, 8, 82, 106, 334, 568, 496, 43] ✅ (3201ch, attempts=1, 19.7s)
2026-05-01 14:26:17,781 [INFO] HTTP Request: POST http://localhost:2026/v1/chat/completions "HTTP/1.1 200 OK"
2026-05-01 14:26:17,988 [INFO] [2831/3987] id=openseek-3-f6dfdb1ff GT=[72, 82, 34, 484, 538, 328, 148] ✅ (2757ch, attempts=1, 17.9s)
2026-05-01 14:26:18,211 [INFO] HTTP Request: POST http://localhost:2026/v1/chat/completions "HTTP/1.1 200 OK"
2026-05-01 14:26:18,212 [INFO] [2832/3987] id=openseek-3-f83e17e13 GT=[34, 34, 148, 6, 25, 118, 61] ✅ (2529ch, attempts=1, 15.6s)
2026-05-01 14:26:27,512 [INFO] HTTP Request: POST http://localhost:2026/v1/chat/completions "HTTP/1.1 200 OK"
2026-05-01 14:26:27,513 [INFO] [2833/3987] id=openseek-3-a9f906fb5 GT=[14, 25, 73, 412, 544, 89, 406] ✅ (2339ch, attempts=1, 15.9s)
2026-05-01 14:26:29,480 [INFO] HTTP Request: POST http://localhost:2026/v1/chat/completions "HTTP/1.1 200 OK"
2026-05-01 14:26:29,481 [INFO] [2834/3987] id=openseek-3-d6d45dd3f GT=[27, 76, 88, 69, 94, 490] ✅ (1769ch, attempts=1, 11.3s)
2026-05-01 14:26:35,848 [INFO] HTTP Request: POST http://localhost:2026/v1/chat/completions "HTTP/1.1 200 OK"
2026-05-01 14:26:35,850 [INFO] [2835/3987] id=openseek-3-1965e58fd GT=[44, 28, 142, 8, 55, 29, 98, 9] ✅ (3078ch, attempts=1, 17.9s)
2026-05-01 14:26:46,391 [INFO] HTTP Request: POST http://localhost:2026/v1/chat/completions "HTTP/1.1 200 OK"
2026-05-01 14:26:46,393 [INFO] [2836/3987] id=openseek-3-5a47530bd GT=[95, 58, 244] ✅ (1983ch, attempts=1, 10.5s)
2026-05-01 14:26:54,004 [INFO] HTTP Request: POST http://localhost:2026/v1/chat/completions "HTTP/1.1 200 OK"
2026-05-01 14:26:54,005 [INFO] [2837/3987] id=openseek-3-700233e84 GT=[64, 262, 328, 478, 67, 460, 130, 274, 9 ✅ (4059ch, attempts=1, 26.5s)
2026-05-01 14:26:54,584 [INFO] HTTP Request: POST http://localhost:2026/v1/chat/completions "HTTP/1.1 200 OK"
2026-05-01 14:26:54,586 [INFO] [2838/3987] id=openseek-3-22c88957e GT=[436, 436, 48, 196, 592, 17, 358, 232, 7 ✅ (3938ch, attempts=1, 25.1s)
2026-05-01 14:26:56,786 [INFO] HTTP Request: POST http://localhost:2026/v1/chat/completions "HTTP/1.1 200 OK"
2026-05-01 14:26:56,787 [INFO] [2839/3987] id=openseek-3-1a66434fe GT=[580, 544, 37, 6, 47] ✅ (1677ch, attempts=1, 10.4s)
2026-05-01 14:27:04,427 [INFO] HTTP Request: POST http://localhost:2026/v1/chat/completions "HTTP/1.1 200 OK"
2026-05-01 14:27:04,428 [INFO] [2840/3987] id=openseek-3-119372751 GT=[532, 10, 166, 160, 23] ✅ (1726ch, attempts=1, 10.4s)
2026-05-01 14:27:11,120 [INFO] HTTP Request: POST http://localhost:2026/v1/chat/completions "HTTP/1.1 200 OK"
2026-05-01 14:27:11,122 [INFO] [2841/3987] id=openseek-3-da35535d7 GT=[76, 92, 42, 7, 18, 59] ✅ (2591ch, attempts=1, 14.3s)
2026-05-01 14:27:15,027 [INFO] HTTP Request: POST http://localhost:2026/v1/chat/completions "HTTP/1.1 200 OK"
2026-05-01 14:27:15,028 [INFO] [2842/3987] id=openseek-3-0e6f77b8a GT=[40, 29, 52, 57] ✅ (1974ch, attempts=1, 10.6s)
2026-05-01 14:27:17,244 [INFO] HTTP Request: POST http://localhost:2026/v1/chat/completions "HTTP/1.1 200 OK"
2026-05-01 14:27:17,245 [INFO] [2843/3987] id=openseek-3-79b09200d GT=[478, 53, 544, 76, 268, 262, 33, 430] ✅ (3387ch, attempts=1, 22.7s)
2026-05-01 14:27:25,231 [INFO] HTTP Request: POST http://localhost:2026/v1/chat/completions "HTTP/1.1 200 OK"
2026-05-01 14:27:25,232 [INFO] [2844/3987] id=openseek-3-8689ee57e GT=[31, 298, 29, 65, 63, 28, 15] ✅ (2220ch, attempts=1, 14.1s)
2026-05-01 14:27:28,230 [INFO] HTTP Request: POST http://localhost:2026/v1/chat/completions "HTTP/1.1 200 OK"
2026-05-01 14:27:28,232 [INFO] [2845/3987] id=openseek-3-e9f94383f GT=[85, 352, 55, 3] ✅ (1977ch, attempts=1, 11.0s)
2026-05-01 14:27:31,270 [INFO] HTTP Request: POST http://localhost:2026/v1/chat/completions "HTTP/1.1 200 OK"
2026-05-01 14:27:31,271 [INFO] [2846/3987] id=openseek-3-c51710c1d GT=[80, 5, 14, 22, 53, 75, 3] ✅ (3094ch, attempts=1, 16.2s)
2026-05-01 14:27:35,654 [INFO] HTTP Request: POST http://localhost:2026/v1/chat/completions "HTTP/1.1 200 OK"
2026-05-01 14:27:35,656 [INFO] [2847/3987] id=openseek-3-7344354cb GT=[298, 118] ✅ (2254ch, attempts=1, 10.4s)
2026-05-01 14:27:38,363 [INFO] HTTP Request: POST http://localhost:2026/v1/chat/completions "HTTP/1.1 200 OK"
2026-05-01 14:27:38,365 [INFO] [2848/3987] id=openseek-3-53bdeee7d GT=[60, 97, 2] ✅ (2045ch, attempts=1, 10.1s)
2026-05-01 14:27:42,216 [INFO] HTTP Request: POST http://localhost:2026/v1/chat/completions "HTTP/1.1 200 OK"
2026-05-01 14:27:42,217 [INFO] [2849/3987] id=openseek-3-34c85246d GT=[580, 53, 478] ✅ (2147ch, attempts=1, 10.9s)
2026-05-01 14:27:54,359 [INFO] HTTP Request: POST http://localhost:2026/v1/chat/completions "HTTP/1.1 200 OK"
2026-05-01 14:27:54,361 [INFO] [2850/3987] id=openseek-3-fc4ee836a GT=[5, 22, 51, 346, 28, 286, 568] ✅ (3058ch, attempts=1, 18.7s)
2026-05-01 14:27:54,526 [INFO]   💾 已保存 (成功=2850 验证通过=2850 降级=0) | 4.6s/条均值 | ETA=88min
2026-05-01 14:27:55,914 [INFO] HTTP Request: POST http://localhost:2026/v1/chat/completions "HTTP/1.1 200 OK"
2026-05-01 14:27:55,916 [INFO] [2851/3987] id=openseek-3-be7fb184c GT=[562, 148, 574, 514, 51, 72, 64, 56] ✅ (2647ch, attempts=1, 17.6s)
2026-05-01 14:27:59,048 [INFO] HTTP Request: POST http://localhost:2026/v1/chat/completions "HTTP/1.1 200 OK"
2026-05-01 14:27:59,049 [INFO] [2852/3987] id=openseek-3-697257635 GT=[568, 91, 454, 72, 55, 44, 63] ✅ (2646ch, attempts=1, 16.8s)
2026-05-01 14:28:04,939 [INFO] HTTP Request: POST http://localhost:2026/v1/chat/completions "HTTP/1.1 200 OK"
2026-05-01 14:28:04,941 [INFO] [2853/3987] id=openseek-3-03e003c78 GT=[280, 304, 304] ✅ (1574ch, attempts=1, 9.0s)
2026-05-01 14:28:09,312 [INFO] HTTP Request: POST http://localhost:2026/v1/chat/completions "HTTP/1.1 200 OK"
2026-05-01 14:28:09,314 [INFO] [2854/3987] id=openseek-3-7d462b8db GT=[22, 508, 33] ✅ (2752ch, attempts=1, 15.0s)
2026-05-01 14:28:12,269 [INFO] HTTP Request: POST http://localhost:2026/v1/chat/completions "HTTP/1.1 200 OK"
2026-05-01 14:28:12,270 [INFO] [2855/3987] id=openseek-3-733872337 GT=[66, 27] ✅ (1618ch, attempts=1, 7.3s)
2026-05-01 14:28:17,119 [INFO] HTTP Request: POST http://localhost:2026/v1/chat/completions "HTTP/1.1 200 OK"
2026-05-01 14:28:17,120 [INFO] [2856/3987] id=openseek-3-19c2b2ab5 GT=[80, 298, 424, 63, 6, 61, 12, 54] ✅ (3001ch, attempts=1, 18.1s)
2026-05-01 14:28:19,100 [INFO] HTTP Request: POST http://localhost:2026/v1/chat/completions "HTTP/1.1 200 OK"
2026-05-01 14:28:19,102 [INFO] [2857/3987] id=openseek-3-9fa946833 GT=[53, 202] ✅ (2041ch, attempts=1, 9.8s)
2026-05-01 14:28:20,575 [INFO] HTTP Request: POST http://localhost:2026/v1/chat/completions "HTTP/1.1 200 OK"
2026-05-01 14:28:20,577 [INFO] [2858/3987] id=openseek-3-edb25b633 GT=[394, 32] ✅ (1752ch, attempts=1, 8.3s)
2026-05-01 14:28:30,265 [INFO] HTTP Request: POST http://localhost:2026/v1/chat/completions "HTTP/1.1 200 OK"
2026-05-01 14:28:30,266 [INFO] [2859/3987] id=openseek-3-c6878a310 GT=[72, 52, 1, 496, 8] ✅ (2421ch, attempts=1, 13.1s)
2026-05-01 14:28:32,655 [INFO] HTTP Request: POST http://localhost:2026/v1/chat/completions "HTTP/1.1 200 OK"
2026-05-01 14:28:32,656 [INFO] [2860/3987] id=openseek-3-12943f194 GT=[60, 400, 262, 40] ✅ (2227ch, attempts=1, 12.1s)
2026-05-01 14:28:36,911 [INFO] HTTP Request: POST http://localhost:2026/v1/chat/completions "HTTP/1.1 200 OK"
2026-05-01 14:28:36,912 [INFO] [2861/3987] id=openseek-3-a96ee9578 GT=[40, 82, 21, 292, 142, 59, 460] ✅ (2870ch, attempts=1, 17.8s)
2026-05-01 14:28:42,238 [INFO] HTTP Request: POST http://localhost:2026/v1/chat/completions "HTTP/1.1 200 OK"
2026-05-01 14:28:42,239 [INFO] [2862/3987] id=openseek-3-067848cb6 GT=[370, 13, 93] ✅ (1984ch, attempts=1, 9.6s)
2026-05-01 14:28:46,834 [INFO] HTTP Request: POST http://localhost:2026/v1/chat/completions "HTTP/1.1 200 OK"
2026-05-01 14:28:46,835 [INFO] [2863/3987] id=openseek-3-def4d699c GT=[55, 67, 65, 24, 472, 364, 484] ✅ (2552ch, attempts=1, 16.6s)
2026-05-01 14:28:49,629 [INFO] HTTP Request: POST http://localhost:2026/v1/chat/completions "HTTP/1.1 200 OK"
2026-05-01 14:28:49,630 [INFO] [2864/3987] id=openseek-3-4cb7b2952 GT=[18, 322, 46] ✅ (2456ch, attempts=1, 12.7s)
2026-05-01 14:29:01,452 [INFO] HTTP Request: POST http://localhost:2026/v1/chat/completions "HTTP/1.1 200 OK"
2026-05-01 14:29:01,453 [INFO] [2865/3987] id=openseek-3-fb7df5541 GT=[28, 454, 136, 10, 84, 71, 34, 310, 56] ✅ (2907ch, attempts=1, 19.2s)
2026-05-01 14:29:05,858 [INFO] HTTP Request: POST http://localhost:2026/v1/chat/completions "HTTP/1.1 200 OK"
2026-05-01 14:29:05,859 [INFO] [2866/3987] id=openseek-3-55d83837c GT=[514, 33, 178, 60, 202, 84, 65, 28] ✅ (3045ch, attempts=1, 19.0s)
2026-05-01 14:29:10,886 [INFO] HTTP Request: POST http://localhost:2026/v1/chat/completions "HTTP/1.1 200 OK"
2026-05-01 14:29:10,888 [INFO] [2867/3987] id=openseek-3-27cf998ec GT=[69, 478, 436, 87, 30, 39, 358, 346, 436 ✅ (3183ch, attempts=1, 21.3s)
2026-05-01 14:29:18,372 [INFO] HTTP Request: POST http://localhost:2026/v1/chat/completions "HTTP/1.1 200 OK"
2026-05-01 14:29:18,373 [INFO] [2868/3987] id=openseek-3-6aa088a1c GT=[484, 490, 12, 29, 98, 52, 40] ✅ (2743ch, attempts=1, 16.9s)
2026-05-01 14:29:22,470 [INFO] HTTP Request: POST http://localhost:2026/v1/chat/completions "HTTP/1.1 200 OK"
2026-05-01 14:29:22,471 [INFO] [2869/3987] id=openseek-3-461eef9ef GT=[97, 316, 42, 55, 34, 502, 94] ✅ (2707ch, attempts=1, 16.6s)
2026-05-01 14:29:23,997 [INFO] HTTP Request: POST http://localhost:2026/v1/chat/completions "HTTP/1.1 200 OK"
2026-05-01 14:29:23,999 [INFO] [2870/3987] id=openseek-3-469963ab0 GT=[346, 79, 72, 52] ✅ (2471ch, attempts=1, 13.1s)
2026-05-01 14:29:31,640 [INFO] HTTP Request: POST http://localhost:2026/v1/chat/completions "HTTP/1.1 200 OK"
2026-05-01 14:29:31,641 [INFO] [2871/3987] id=openseek-3-93df06243 GT=[52, 98] ✅ (1714ch, attempts=1, 7.6s)
2026-05-01 14:29:34,058 [INFO] HTTP Request: POST http://localhost:2026/v1/chat/completions "HTTP/1.1 200 OK"
2026-05-01 14:29:34,059 [INFO] [2872/3987] id=openseek-3-c33b83123 GT=[532, 98, 58, 274, 33, 80] ✅ (2575ch, attempts=1, 15.7s)
2026-05-01 14:29:39,183 [INFO] HTTP Request: POST http://localhost:2026/v1/chat/completions "HTTP/1.1 200 OK"
2026-05-01 14:29:39,185 [INFO] [2873/3987] id=openseek-3-c82907f6b GT=[502, 532, 220, 472, 84, 76, 262, 562, 5 ✅ (2609ch, attempts=1, 16.7s)
2026-05-01 14:29:42,250 [INFO] HTTP Request: POST http://localhost:2026/v1/chat/completions "HTTP/1.1 200 OK"
2026-05-01 14:29:42,251 [INFO] [2874/3987] id=openseek-3-4fe11e001 GT=[586, 7, 40, 34, 23] ✅ (1766ch, attempts=1, 10.6s)
2026-05-01 14:29:49,845 [INFO] HTTP Request: POST http://localhost:2026/v1/chat/completions "HTTP/1.1 200 OK"
2026-05-01 14:29:49,846 [INFO] [2875/3987] id=openseek-3-c8cd58387 GT=[382, 100, 84, 166, 35] ✅ (1858ch, attempts=1, 10.7s)
2026-05-01 14:29:52,631 [INFO] HTTP Request: POST http://localhost:2026/v1/chat/completions "HTTP/1.1 200 OK"
2026-05-01 14:29:52,632 [INFO] [2876/3987] id=openseek-3-f02bc760d GT=[484, 130, 66, 32, 19, 97, 29, 376, 74] ✅ (2868ch, attempts=1, 18.6s)
2026-05-01 14:29:55,949 [INFO] HTTP Request: POST http://localhost:2026/v1/chat/completions "HTTP/1.1 200 OK"
2026-05-01 14:29:55,950 [INFO] [2877/3987] id=openseek-3-82b13d68b GT=[166, 76, 59, 2, 58, 130] ✅ (2205ch, attempts=1, 13.7s)
2026-05-01 14:29:59,622 [INFO] HTTP Request: POST http://localhost:2026/v1/chat/completions "HTTP/1.1 200 OK"
2026-05-01 14:29:59,623 [INFO] [2878/3987] id=openseek-3-b6cfb7717 GT=[490, 70] ✅ (1321ch, attempts=1, 7.0s)
2026-05-01 14:30:12,236 [INFO] HTTP Request: POST http://localhost:2026/v1/chat/completions "HTTP/1.1 200 OK"
2026-05-01 14:30:12,237 [INFO] [2879/3987] id=openseek-3-7281cd172 GT=[10, 184, 196, 93, 10, 28, 40, 292] ✅ (3633ch, attempts=1, 22.4s)
2026-05-01 14:30:14,322 [INFO] HTTP Request: POST http://localhost:2026/v1/chat/completions "HTTP/1.1 200 OK"
2026-05-01 14:30:14,323 [INFO] [2880/3987] id=openseek-3-95184decb GT=[574, 9, 83, 238, 190, 250, 226, 73] ✅ (2813ch, attempts=1, 18.4s)
2026-05-01 14:30:22,567 [INFO] HTTP Request: POST http://localhost:2026/v1/chat/completions "HTTP/1.1 200 OK"
2026-05-01 14:30:22,568 [INFO] [2881/3987] id=openseek-3-3b44c1f26 GT=[232, 574, 58, 496, 52, 508, 82] ✅ (3498ch, attempts=1, 22.9s)
2026-05-01 14:30:29,243 [INFO] HTTP Request: POST http://localhost:2026/v1/chat/completions "HTTP/1.1 200 OK"
2026-05-01 14:30:29,245 [INFO] [2882/3987] id=openseek-3-524f459b5 GT=[130, 520, 56, 25, 544] ✅ (2382ch, attempts=1, 14.9s)
2026-05-01 14:30:32,041 [INFO] HTTP Request: POST http://localhost:2026/v1/chat/completions "HTTP/1.1 200 OK"
2026-05-01 14:30:32,042 [INFO] [2883/3987] id=openseek-3-ba5d31f09 GT=[490, 142, 178, 32, 586, 76, 66] ✅ (3340ch, attempts=1, 19.8s)
2026-05-01 14:30:35,091 [INFO] HTTP Request: POST http://localhost:2026/v1/chat/completions "HTTP/1.1 200 OK"
2026-05-01 14:30:35,092 [INFO] [2884/3987] id=openseek-3-94cf20235 GT=[4, 562, 40, 358, 124, 586] ✅ (2005ch, attempts=1, 12.5s)
2026-05-01 14:30:37,811 [INFO] HTTP Request: POST http://localhost:2026/v1/chat/completions "HTTP/1.1 200 OK"
2026-05-01 14:30:37,813 [INFO] [2885/3987] id=openseek-3-d7ce1bc16 GT=[35, 11, 334] ✅ (1617ch, attempts=1, 8.6s)
2026-05-01 14:30:51,445 [INFO] HTTP Request: POST http://localhost:2026/v1/chat/completions "HTTP/1.1 200 OK"
2026-05-01 14:30:51,446 [INFO] [2886/3987] id=openseek-3-9f19ef9ab GT=[56, 334, 32, 63, 358] ✅ (2243ch, attempts=1, 13.6s)
2026-05-01 14:30:52,568 [INFO] HTTP Request: POST http://localhost:2026/v1/chat/completions "HTTP/1.1 200 OK"
2026-05-01 14:30:52,569 [INFO] [2887/3987] id=openseek-3-f666a051e GT=[496, 53, 454, 544, 86, 33, 166] ✅ (2715ch, attempts=1, 17.5s)
2026-05-01 14:30:53,398 [INFO] HTTP Request: POST http://localhost:2026/v1/chat/completions "HTTP/1.1 200 OK"
2026-05-01 14:30:53,399 [INFO] [2888/3987] id=openseek-3-150dedc6b GT=[214, 10, 526, 328, 91, 50, 64, 46] ✅ (3584ch, attempts=1, 21.4s)
2026-05-01 14:31:06,526 [INFO] HTTP Request: POST http://localhost:2026/v1/chat/completions "HTTP/1.1 200 OK"
2026-05-01 14:31:06,527 [INFO] [2889/3987] id=openseek-3-670cd41d9 GT=[71, 406, 100, 38, 154, 574] ✅ (2218ch, attempts=1, 14.0s)
2026-05-01 14:31:10,717 [INFO] HTTP Request: POST http://localhost:2026/v1/chat/completions "HTTP/1.1 200 OK"
2026-05-01 14:31:10,718 [INFO] [2890/3987] id=openseek-3-f1e3d2160 GT=[532, 37, 33, 364, 30, 22, 22, 70] ✅ (2760ch, attempts=1, 17.3s)
2026-05-01 14:31:10,955 [INFO] HTTP Request: POST http://localhost:2026/v1/chat/completions "HTTP/1.1 200 OK"
2026-05-01 14:31:10,956 [INFO] [2891/3987] id=openseek-3-ff73061c1 GT=[24, 85, 45, 14, 98, 292, 16, 43] ✅ (3184ch, attempts=1, 19.5s)
2026-05-01 14:31:16,707 [INFO] HTTP Request: POST http://localhost:2026/v1/chat/completions "HTTP/1.1 200 OK"
2026-05-01 14:31:16,707 [INFO] [2892/3987] id=openseek-3-d2ca99e13 GT=[388, 526] ✅ (1915ch, attempts=1, 10.2s)
2026-05-01 14:31:19,520 [INFO] HTTP Request: POST http://localhost:2026/v1/chat/completions "HTTP/1.1 200 OK"
2026-05-01 14:31:19,521 [INFO] [2893/3987] id=openseek-3-7399bd03f GT=[17, 256, 382, 4] ✅ (1510ch, attempts=1, 8.6s)
2026-05-01 14:31:22,893 [INFO] HTTP Request: POST http://localhost:2026/v1/chat/completions "HTTP/1.1 200 OK"
2026-05-01 14:31:22,895 [INFO] [2894/3987] id=openseek-3-fb4313ba7 GT=[38, 79, 4, 72, 86, 18] ✅ (2038ch, attempts=1, 12.2s)
2026-05-01 14:31:31,099 [INFO] HTTP Request: POST http://localhost:2026/v1/chat/completions "HTTP/1.1 200 OK"
2026-05-01 14:31:31,100 [INFO] [2895/3987] id=openseek-3-1b4970fc3 GT=[4, 31, 64, 190, 8] ✅ (2531ch, attempts=1, 14.4s)
2026-05-01 14:31:38,146 [INFO] HTTP Request: POST http://localhost:2026/v1/chat/completions "HTTP/1.1 200 OK"
2026-05-01 14:31:38,148 [INFO] [2896/3987] id=openseek-3-8ec1a0b20 GT=[64, 23, 112, 10, 65, 298, 16, 424, 38] ✅ (2905ch, attempts=1, 18.6s)
2026-05-01 14:31:44,678 [INFO] HTTP Request: POST http://localhost:2026/v1/chat/completions "HTTP/1.1 200 OK"
2026-05-01 14:31:44,680 [INFO] [2897/3987] id=openseek-3-1b4f36e3c GT=[166, 376, 220, 100, 92, 72, 550] ✅ (3487ch, attempts=1, 21.8s)
2026-05-01 14:31:46,314 [INFO] HTTP Request: POST http://localhost:2026/v1/chat/completions "HTTP/1.1 200 OK"
2026-05-01 14:31:46,315 [INFO] [2898/3987] id=openseek-3-cd341a9bd GT=[178, 448, 208, 556, 496] ✅ (2270ch, attempts=1, 15.2s)
2026-05-01 14:31:52,704 [INFO] HTTP Request: POST http://localhost:2026/v1/chat/completions "HTTP/1.1 200 OK"
2026-05-01 14:31:52,705 [INFO] [2899/3987] id=openseek-3-fac3148d1 GT=[65, 46, 84, 214, 310, 76] ✅ (2228ch, attempts=1, 14.6s)
2026-05-01 14:31:52,845 [INFO] HTTP Request: POST http://localhost:2026/v1/chat/completions "HTTP/1.1 200 OK"
2026-05-01 14:31:52,847 [INFO] [2900/3987] id=openseek-3-148c8be2f GT=[94, 352] ✅ (1432ch, attempts=1, 8.2s)
2026-05-01 14:31:53,010 [INFO]   💾 已保存 (成功=2900 验证通过=2900 降级=0) | 4.7s/条均值 | ETA=84min
2026-05-01 14:32:05,741 [INFO] HTTP Request: POST http://localhost:2026/v1/chat/completions "HTTP/1.1 200 OK"
2026-05-01 14:32:05,742 [INFO] [2901/3987] id=openseek-3-d191e1718 GT=[25, 78, 16, 8, 6, 25, 47, 238, 208] ✅ (3149ch, attempts=1, 19.4s)
2026-05-01 14:32:06,652 [INFO] HTTP Request: POST http://localhost:2026/v1/chat/completions "HTTP/1.1 200 OK"
2026-05-01 14:32:06,654 [INFO] [2902/3987] id=openseek-3-df900245d GT=[232, 37, 508, 19] ✅ (2354ch, attempts=1, 13.9s)
2026-05-01 14:32:16,411 [INFO] HTTP Request: POST http://localhost:2026/v1/chat/completions "HTTP/1.1 200 OK"
2026-05-01 14:32:16,412 [INFO] [2903/3987] id=openseek-3-70d2cdef6 GT=[35, 45, 226, 256] ✅ (1858ch, attempts=1, 10.7s)
2026-05-01 14:32:16,751 [INFO] HTTP Request: POST http://localhost:2026/v1/chat/completions "HTTP/1.1 200 OK"
2026-05-01 14:32:16,752 [INFO] [2904/3987] id=openseek-3-7fa32915a GT=[514, 16] ✅ (2012ch, attempts=1, 10.1s)
2026-05-01 14:32:18,391 [INFO] HTTP Request: POST http://localhost:2026/v1/chat/completions "HTTP/1.1 200 OK"
2026-05-01 14:32:18,392 [INFO] [2905/3987] id=openseek-3-d1d3fbdb4 GT=[346, 568, 430, 370, 556, 550, 34, 8, 11 ✅ (3936ch, attempts=1, 25.5s)
2026-05-01 14:32:27,015 [INFO] HTTP Request: POST http://localhost:2026/v1/chat/completions "HTTP/1.1 200 OK"
2026-05-01 14:32:27,016 [INFO] [2906/3987] id=openseek-3-0c918f47a GT=[69, 19, 556] ✅ (2140ch, attempts=1, 10.6s)
2026-05-01 14:32:32,781 [INFO] HTTP Request: POST http://localhost:2026/v1/chat/completions "HTTP/1.1 200 OK"
2026-05-01 14:32:32,783 [INFO] [2907/3987] id=openseek-3-72dbc48c3 GT=[448, 74, 53, 208, 490] ✅ (2924ch, attempts=1, 16.0s)
2026-05-01 14:32:37,440 [INFO] HTTP Request: POST http://localhost:2026/v1/chat/completions "HTTP/1.1 200 OK"
2026-05-01 14:32:37,441 [INFO] [2908/3987] id=openseek-3-b4c9b32f4 GT=[64, 16, 76, 20, 6] ✅ (1704ch, attempts=1, 10.4s)
2026-05-01 14:32:38,927 [INFO] HTTP Request: POST http://localhost:2026/v1/chat/completions "HTTP/1.1 200 OK"
2026-05-01 14:32:38,929 [INFO] [2909/3987] id=openseek-3-5d40bcc2d GT=[160, 16, 130, 310, 58, 4, 82, 268, 52] ✅ (3234ch, attempts=1, 20.5s)
2026-05-01 14:32:40,403 [INFO] HTTP Request: POST http://localhost:2026/v1/chat/completions "HTTP/1.1 200 OK"
2026-05-01 14:32:40,404 [INFO] [2910/3987] id=openseek-3-fba3d01fe GT=[22, 38] ✅ (1591ch, attempts=1, 7.6s)
2026-05-01 14:32:48,282 [INFO] HTTP Request: POST http://localhost:2026/v1/chat/completions "HTTP/1.1 200 OK"
2026-05-01 14:32:48,284 [INFO] [2911/3987] id=openseek-3-7dbe81367 GT=[66, 178, 172] ✅ (1719ch, attempts=1, 9.4s)
2026-05-01 14:32:51,032 [INFO] HTTP Request: POST http://localhost:2026/v1/chat/completions "HTTP/1.1 200 OK"
2026-05-01 14:32:51,033 [INFO] [2912/3987] id=openseek-3-018da852f GT=[310, 15, 586, 6, 418, 89, 38, 61] ✅ (2215ch, attempts=1, 13.6s)
2026-05-01 14:32:55,881 [INFO] HTTP Request: POST http://localhost:2026/v1/chat/completions "HTTP/1.1 200 OK"
2026-05-01 14:32:55,882 [INFO] [2913/3987] id=openseek-3-817a6cbe4 GT=[81, 70, 29, 44, 292, 502, 69] ✅ (2539ch, attempts=1, 15.5s)
2026-05-01 14:33:04,528 [INFO] HTTP Request: POST http://localhost:2026/v1/chat/completions "HTTP/1.1 200 OK"
2026-05-01 14:33:04,529 [INFO] [2914/3987] id=openseek-3-29723ad3f GT=[34, 70, 418, 106, 27, 76, 26, 40, 58] ✅ (2451ch, attempts=1, 16.2s)
2026-05-01 14:33:05,443 [INFO] HTTP Request: POST http://localhost:2026/v1/chat/completions "HTTP/1.1 200 OK"
2026-05-01 14:33:05,444 [INFO] [2915/3987] id=openseek-3-9ce7b06ad GT=[118, 130, 244] ✅ (1701ch, attempts=1, 9.6s)
2026-05-01 14:33:08,183 [INFO] HTTP Request: POST http://localhost:2026/v1/chat/completions "HTTP/1.1 200 OK"
2026-05-01 14:33:08,184 [INFO] [2916/3987] id=openseek-3-27f645ca0 GT=[70, 16, 83, 99, 10, 90, 73, 60] ✅ (2794ch, attempts=1, 17.2s)
2026-05-01 14:33:16,743 [INFO] HTTP Request: POST http://localhost:2026/v1/chat/completions "HTTP/1.1 200 OK"
2026-05-01 14:33:16,744 [INFO] [2917/3987] id=openseek-3-5a3ab00d1 GT=[40, 94, 190] ✅ (1607ch, attempts=1, 8.6s)
2026-05-01 14:33:21,565 [INFO] HTTP Request: POST http://localhost:2026/v1/chat/completions "HTTP/1.1 200 OK"
2026-05-01 14:33:21,567 [INFO] [2918/3987] id=openseek-3-7fc88b360 GT=[62, 166, 2, 66, 43, 52, 88, 83] ✅ (2566ch, attempts=1, 16.1s)
2026-05-01 14:33:22,539 [INFO] HTTP Request: POST http://localhost:2026/v1/chat/completions "HTTP/1.1 200 OK"
2026-05-01 14:33:22,540 [INFO] [2919/3987] id=openseek-3-c3fb47971 GT=[328, 58, 484, 1, 77, 142, 598] ✅ (3077ch, attempts=1, 18.0s)
2026-05-01 14:33:30,160 [INFO] HTTP Request: POST http://localhost:2026/v1/chat/completions "HTTP/1.1 200 OK"
2026-05-01 14:33:30,161 [INFO] [2920/3987] id=openseek-3-fa2dae290 GT=[292, 196, 124, 586, 304] ✅ (2150ch, attempts=1, 13.4s)
2026-05-01 14:33:35,221 [INFO] HTTP Request: POST http://localhost:2026/v1/chat/completions "HTTP/1.1 200 OK"
2026-05-01 14:33:35,222 [INFO] [2921/3987] id=openseek-3-067d62733 GT=[316, 45, 190] ✅ (2435ch, attempts=1, 12.7s)
2026-05-01 14:33:41,747 [INFO] HTTP Request: POST http://localhost:2026/v1/chat/completions "HTTP/1.1 200 OK"
2026-05-01 14:33:41,748 [INFO] [2922/3987] id=openseek-3-4d8ffb98b GT=[166, 4, 316, 10, 490, 28, 38, 91, 10] ✅ (3172ch, attempts=1, 20.2s)
2026-05-01 14:33:47,352 [INFO] HTTP Request: POST http://localhost:2026/v1/chat/completions "HTTP/1.1 200 OK"
2026-05-01 14:33:47,354 [INFO] [2923/3987] id=openseek-3-dcd74e873 GT=[89, 65, 43, 562, 77, 97] ✅ (1954ch, attempts=1, 12.1s)
2026-05-01 14:33:48,866 [INFO] HTTP Request: POST http://localhost:2026/v1/chat/completions "HTTP/1.1 200 OK"
2026-05-01 14:33:48,867 [INFO] [2924/3987] id=openseek-3-552be7932 GT=[160, 28, 22, 75, 18, 62, 376] ✅ (3287ch, attempts=1, 18.7s)
2026-05-01 14:33:49,695 [INFO] HTTP Request: POST http://localhost:2026/v1/chat/completions "HTTP/1.1 200 OK"
2026-05-01 14:33:49,697 [INFO] [2925/3987] id=openseek-3-448c2649e GT=[166, 196] ✅ (1493ch, attempts=1, 7.9s)
2026-05-01 14:33:57,409 [INFO] HTTP Request: POST http://localhost:2026/v1/chat/completions "HTTP/1.1 200 OK"
2026-05-01 14:33:57,411 [INFO] [2926/3987] id=openseek-3-00cbe7b74 GT=[40, 556] ✅ (1609ch, attempts=1, 7.7s)
2026-05-01 14:33:58,999 [INFO] HTTP Request: POST http://localhost:2026/v1/chat/completions "HTTP/1.1 200 OK"
2026-05-01 14:33:59,000 [INFO] [2927/3987] id=openseek-3-912349796 GT=[412, 65, 412, 424] ✅ (1777ch, attempts=1, 10.1s)
2026-05-01 14:34:10,209 [INFO] HTTP Request: POST http://localhost:2026/v1/chat/completions "HTTP/1.1 200 OK"
2026-05-01 14:34:10,210 [INFO] [2928/3987] id=openseek-3-c7786339a GT=[376, 370, 328, 484] ✅ (1778ch, attempts=1, 11.2s)
2026-05-01 14:34:10,401 [INFO] HTTP Request: POST http://localhost:2026/v1/chat/completions "HTTP/1.1 200 OK"
2026-05-01 14:34:10,402 [INFO] [2929/3987] id=openseek-3-e3607b578 GT=[250, 3, 54, 20, 31, 586, 286, 73, 94] ✅ (3783ch, attempts=1, 23.0s)
2026-05-01 14:34:14,089 [INFO] HTTP Request: POST http://localhost:2026/v1/chat/completions "HTTP/1.1 200 OK"
2026-05-01 14:34:14,091 [INFO] [2930/3987] id=openseek-3-ba96e0159 GT=[98, 2, 19, 17, 304, 37, 71, 72, 39] ✅ (2491ch, attempts=1, 16.7s)
2026-05-01 14:34:21,788 [INFO] HTTP Request: POST http://localhost:2026/v1/chat/completions "HTTP/1.1 200 OK"
2026-05-01 14:34:21,790 [INFO] [2931/3987] id=openseek-3-c4c873350 GT=[58, 76, 46, 75, 38] ✅ (1898ch, attempts=1, 11.4s)
2026-05-01 14:34:22,083 [INFO] HTTP Request: POST http://localhost:2026/v1/chat/completions "HTTP/1.1 200 OK"
2026-05-01 14:34:22,084 [INFO] [2932/3987] id=openseek-3-9cbb14272 GT=[6, 36, 130] ✅ (1595ch, attempts=1, 8.0s)
2026-05-01 14:34:22,455 [INFO] HTTP Request: POST http://localhost:2026/v1/chat/completions "HTTP/1.1 200 OK"
2026-05-01 14:34:22,456 [INFO] [2933/3987] id=openseek-3-426622e3d GT=[43, 43, 22, 436, 36, 40] ✅ (2049ch, attempts=1, 12.2s)
2026-05-01 14:34:34,705 [INFO] HTTP Request: POST http://localhost:2026/v1/chat/completions "HTTP/1.1 200 OK"
2026-05-01 14:34:34,707 [INFO] [2934/3987] id=openseek-3-5b5f8b32d GT=[91, 51, 56, 364, 26, 592] ✅ (2170ch, attempts=1, 12.9s)
2026-05-01 14:34:36,339 [INFO] HTTP Request: POST http://localhost:2026/v1/chat/completions "HTTP/1.1 200 OK"
2026-05-01 14:34:36,340 [INFO] [2935/3987] id=openseek-3-165da21f0 GT=[352, 124, 58, 106] ✅ (2476ch, attempts=1, 14.3s)
2026-05-01 14:34:42,500 [INFO] HTTP Request: POST http://localhost:2026/v1/chat/completions "HTTP/1.1 200 OK"
2026-05-01 14:34:42,501 [INFO] [2936/3987] id=openseek-3-5af743b31 GT=[87, 67, 190, 580, 48, 328, 51, 73, 424] ✅ (3122ch, attempts=1, 20.0s)
2026-05-01 14:34:51,159 [INFO] HTTP Request: POST http://localhost:2026/v1/chat/completions "HTTP/1.1 200 OK"
2026-05-01 14:34:51,161 [INFO] [2937/3987] id=openseek-3-b129eb406 GT=[298, 178, 72, 538, 84, 568, 66, 98] ✅ (2107ch, attempts=1, 14.8s)
2026-05-01 14:34:54,776 [INFO] HTTP Request: POST http://localhost:2026/v1/chat/completions "HTTP/1.1 200 OK"
2026-05-01 14:34:54,778 [INFO] [2938/3987] id=openseek-3-d65c1e265 GT=[87, 412, 58, 58, 514, 94, 54] ✅ (3293ch, attempts=1, 20.1s)
2026-05-01 14:35:01,170 [INFO] HTTP Request: POST http://localhost:2026/v1/chat/completions "HTTP/1.1 200 OK"
2026-05-01 14:35:01,172 [INFO] [2939/3987] id=openseek-3-56bd9ccef GT=[76, 580, 208, 478, 82, 88, 79, 22] ✅ (2958ch, attempts=1, 18.7s)
2026-05-01 14:35:03,381 [INFO] HTTP Request: POST http://localhost:2026/v1/chat/completions "HTTP/1.1 200 OK"
2026-05-01 14:35:03,382 [INFO] [2940/3987] id=openseek-3-5efd8089f GT=[54, 346, 334, 304] ✅ (2090ch, attempts=1, 12.2s)
2026-05-01 14:35:13,225 [INFO] HTTP Request: POST http://localhost:2026/v1/chat/completions "HTTP/1.1 200 OK"
2026-05-01 14:35:13,226 [INFO] [2941/3987] id=openseek-3-21f19b8e8 GT=[130, 19, 76, 454, 88, 196, 49, 184] ✅ (3108ch, attempts=1, 18.4s)
2026-05-01 14:35:17,465 [INFO] HTTP Request: POST http://localhost:2026/v1/chat/completions "HTTP/1.1 200 OK"
2026-05-01 14:35:17,466 [INFO] [2942/3987] id=openseek-3-7d1981134 GT=[81, 124, 280, 58, 58, 41, 30] ✅ (2088ch, attempts=1, 14.1s)
2026-05-01 14:35:19,709 [INFO] HTTP Request: POST http://localhost:2026/v1/chat/completions "HTTP/1.1 200 OK"
2026-05-01 14:35:19,711 [INFO] [2943/3987] id=openseek-3-a58ba0740 GT=[87, 250, 73, 478, 562, 72, 346] ✅ (2854ch, attempts=1, 18.5s)
2026-05-01 14:35:25,300 [INFO] HTTP Request: POST http://localhost:2026/v1/chat/completions "HTTP/1.1 200 OK"
2026-05-01 14:35:25,301 [INFO] [2944/3987] id=openseek-3-3c019cd7d GT=[22, 172, 21, 400] ✅ (2140ch, attempts=1, 12.1s)
2026-05-01 14:35:28,988 [INFO] HTTP Request: POST http://localhost:2026/v1/chat/completions "HTTP/1.1 200 OK"
2026-05-01 14:35:28,989 [INFO] [2945/3987] id=openseek-3-07765b793 GT=[13, 526, 36] ✅ (2284ch, attempts=1, 11.5s)
2026-05-01 14:35:36,432 [INFO] HTTP Request: POST http://localhost:2026/v1/chat/completions "HTTP/1.1 200 OK"
2026-05-01 14:35:36,433 [INFO] [2946/3987] id=openseek-3-39137ad3b GT=[47, 106, 118, 352, 41, 214, 97] ✅ (1609ch, attempts=1, 11.1s)
2026-05-01 14:35:38,409 [INFO] HTTP Request: POST http://localhost:2026/v1/chat/completions "HTTP/1.1 200 OK"
2026-05-01 14:35:38,410 [INFO] [2947/3987] id=openseek-3-30e623440 GT=[340, 502, 33, 48, 508, 346, 21, 256, 34 ✅ (2718ch, attempts=1, 18.7s)
2026-05-01 14:35:42,572 [INFO] HTTP Request: POST http://localhost:2026/v1/chat/completions "HTTP/1.1 200 OK"
2026-05-01 14:35:42,573 [INFO] [2948/3987] id=openseek-3-06fdc127e GT=[118, 45, 418, 97] ✅ (2546ch, attempts=1, 13.6s)
2026-05-01 14:35:50,461 [INFO] HTTP Request: POST http://localhost:2026/v1/chat/completions "HTTP/1.1 200 OK"
2026-05-01 14:35:50,462 [INFO] [2949/3987] id=openseek-3-f93b14251 GT=[364, 94, 382] ✅ (1441ch, attempts=1, 7.9s)
2026-05-01 14:35:52,200 [INFO] HTTP Request: POST http://localhost:2026/v1/chat/completions "HTTP/1.1 200 OK"
2026-05-01 14:35:52,202 [INFO] [2950/3987] id=openseek-3-75b536bc8 GT=[502, 10, 58, 49, 24, 92] ✅ (2258ch, attempts=1, 13.8s)
2026-05-01 14:35:52,365 [INFO]   💾 已保存 (成功=2950 验证通过=2950 降级=0) | 4.7s/条均值 | ETA=80min
2026-05-01 14:35:53,727 [INFO] HTTP Request: POST http://localhost:2026/v1/chat/completions "HTTP/1.1 200 OK"
2026-05-01 14:35:53,728 [INFO] [2951/3987] id=openseek-3-7ebc1773b GT=[94, 16, 84, 69, 340, 10] ✅ (2791ch, attempts=1, 17.3s)
2026-05-01 14:36:00,903 [INFO] HTTP Request: POST http://localhost:2026/v1/chat/completions "HTTP/1.1 200 OK"
2026-05-01 14:36:00,904 [INFO] [2952/3987] id=openseek-3-ca917657d GT=[41, 86, 64] ✅ (1781ch, attempts=1, 8.7s)
2026-05-01 14:36:00,904 [INFO] HTTP Request: POST http://localhost:2026/v1/chat/completions "HTTP/1.1 200 OK"
2026-05-01 14:36:00,905 [INFO] [2953/3987] id=openseek-3-9d76dd314 GT=[84, 94, 2, 59, 46] ✅ (1850ch, attempts=1, 10.4s)
2026-05-01 14:36:10,275 [INFO] HTTP Request: POST http://localhost:2026/v1/chat/completions "HTTP/1.1 200 OK"
2026-05-01 14:36:10,277 [INFO] [2954/3987] id=openseek-3-c300c6933 GT=[256, 388, 97, 202, 32, 5, 436, 436] ✅ (2664ch, attempts=1, 16.5s)
2026-05-01 14:36:12,757 [INFO] HTTP Request: POST http://localhost:2026/v1/chat/completions "HTTP/1.1 200 OK"
2026-05-01 14:36:12,758 [INFO] [2955/3987] id=openseek-3-3471d554e GT=[592, 124, 99, 52] ✅ (2103ch, attempts=1, 11.9s)
2026-05-01 14:36:13,515 [INFO] HTTP Request: POST http://localhost:2026/v1/chat/completions "HTTP/1.1 200 OK"
2026-05-01 14:36:13,516 [INFO] [2956/3987] id=openseek-3-ca83cfcbf GT=[16, 598, 286, 73, 59] ✅ (2022ch, attempts=1, 12.6s)
2026-05-01 14:36:18,594 [INFO] HTTP Request: POST http://localhost:2026/v1/chat/completions "HTTP/1.1 200 OK"
2026-05-01 14:36:18,596 [INFO] [2957/3987] id=openseek-3-f5566385f GT=[73, 316, 83, 40] ✅ (1457ch, attempts=1, 8.3s)
2026-05-01 14:36:23,206 [INFO] HTTP Request: POST http://localhost:2026/v1/chat/completions "HTTP/1.1 200 OK"
2026-05-01 14:36:23,207 [INFO] [2958/3987] id=openseek-3-ce678393a GT=[436, 78, 31, 472] ✅ (1803ch, attempts=1, 9.7s)
2026-05-01 14:36:28,667 [INFO] HTTP Request: POST http://localhost:2026/v1/chat/completions "HTTP/1.1 200 OK"
2026-05-01 14:36:28,668 [INFO] [2959/3987] id=openseek-3-d9a1d82f5 GT=[97, 262, 11, 412, 178, 118] ✅ (2330ch, attempts=1, 15.9s)
2026-05-01 14:36:33,811 [INFO] HTTP Request: POST http://localhost:2026/v1/chat/completions "HTTP/1.1 200 OK"
2026-05-01 14:36:33,812 [INFO] [2960/3987] id=openseek-3-b5d712473 GT=[574, 424, 29] ✅ (2026ch, attempts=1, 10.6s)
2026-05-01 14:36:39,770 [INFO] HTTP Request: POST http://localhost:2026/v1/chat/completions "HTTP/1.1 200 OK"
2026-05-01 14:36:39,771 [INFO] [2961/3987] id=openseek-3-04d874ae7 GT=[68, 56, 322, 148, 37, 376, 47, 400] ✅ (3408ch, attempts=1, 21.2s)
2026-05-01 14:36:41,745 [INFO] HTTP Request: POST http://localhost:2026/v1/chat/completions "HTTP/1.1 200 OK"
2026-05-01 14:36:41,747 [INFO] [2962/3987] id=openseek-3-dc6ca89aa GT=[14, 238, 11, 79, 4, 54] ✅ (2249ch, attempts=1, 13.1s)
2026-05-01 14:36:52,278 [INFO] HTTP Request: POST http://localhost:2026/v1/chat/completions "HTTP/1.1 200 OK"
2026-05-01 14:36:52,279 [INFO] [2963/3987] id=openseek-3-b7f905ed1 GT=[388, 28, 93, 166, 9, 244, 550, 98] ✅ (2920ch, attempts=1, 18.5s)
2026-05-01 14:36:55,643 [INFO] HTTP Request: POST http://localhost:2026/v1/chat/completions "HTTP/1.1 200 OK"
2026-05-01 14:36:55,644 [INFO] [2964/3987] id=openseek-3-1374d4505 GT=[256, 220, 454, 78, 184, 418] ✅ (1986ch, attempts=1, 13.9s)
2026-05-01 14:36:59,862 [INFO] HTTP Request: POST http://localhost:2026/v1/chat/completions "HTTP/1.1 200 OK"
2026-05-01 14:36:59,863 [INFO] [2965/3987] id=openseek-3-44e60608c GT=[466, 80, 472, 100, 53, 40, 304, 364, 11 ✅ (3020ch, attempts=1, 20.1s)
2026-05-01 14:37:05,827 [INFO] HTTP Request: POST http://localhost:2026/v1/chat/completions "HTTP/1.1 200 OK"
2026-05-01 14:37:05,829 [INFO] [2966/3987] id=openseek-3-afceb64ce GT=[48, 94, 33, 64, 14, 77, 250] ✅ (1600ch, attempts=1, 10.2s)
2026-05-01 14:37:07,799 [INFO] HTTP Request: POST http://localhost:2026/v1/chat/completions "HTTP/1.1 200 OK"
2026-05-01 14:37:07,801 [INFO] [2967/3987] id=openseek-3-cb943bef5 GT=[40, 30, 316, 68, 502, 56, 76] ✅ (2727ch, attempts=1, 15.5s)
2026-05-01 14:37:16,755 [INFO] HTTP Request: POST http://localhost:2026/v1/chat/completions "HTTP/1.1 200 OK"
2026-05-01 14:37:16,756 [INFO] [2968/3987] id=openseek-3-9ebf25422 GT=[310, 508] ✅ (1956ch, attempts=1, 10.9s)
2026-05-01 14:37:17,673 [INFO] HTTP Request: POST http://localhost:2026/v1/chat/completions "HTTP/1.1 200 OK"
2026-05-01 14:37:17,675 [INFO] [2969/3987] id=openseek-3-0d961bbe0 GT=[36, 250, 196] ✅ (1806ch, attempts=1, 9.9s)
2026-05-01 14:37:18,215 [INFO] HTTP Request: POST http://localhost:2026/v1/chat/completions "HTTP/1.1 200 OK"
2026-05-01 14:37:18,216 [INFO] [2970/3987] id=openseek-3-2fed159f8 GT=[4, 54, 28, 34, 4, 52, 484, 83, 370] ✅ (2987ch, attempts=1, 18.4s)
2026-05-01 14:37:28,465 [INFO] HTTP Request: POST http://localhost:2026/v1/chat/completions "HTTP/1.1 200 OK"
2026-05-01 14:37:28,466 [INFO] [2971/3987] id=openseek-3-50f66a7c1 GT=[418, 100, 44, 130] ✅ (1939ch, attempts=1, 10.8s)
2026-05-01 14:37:29,706 [INFO] HTTP Request: POST http://localhost:2026/v1/chat/completions "HTTP/1.1 200 OK"
2026-05-01 14:37:29,708 [INFO] [2972/3987] id=openseek-3-2578e00fe GT=[22, 42, 340, 78, 346] ✅ (1877ch, attempts=1, 11.5s)
2026-05-01 14:37:35,254 [INFO] HTTP Request: POST http://localhost:2026/v1/chat/completions "HTTP/1.1 200 OK"
2026-05-01 14:37:35,255 [INFO] [2973/3987] id=openseek-3-6de2807c3 GT=[56, 17, 27, 448, 56, 93, 76, 184] ✅ (2945ch, attempts=1, 18.5s)
2026-05-01 14:37:42,341 [INFO] HTTP Request: POST http://localhost:2026/v1/chat/completions "HTTP/1.1 200 OK"
2026-05-01 14:37:42,342 [INFO] [2974/3987] id=openseek-3-006ae5a3a GT=[48, 26, 86, 232, 1] ✅ (2440ch, attempts=1, 13.9s)
2026-05-01 14:37:42,728 [INFO] HTTP Request: POST http://localhost:2026/v1/chat/completions "HTTP/1.1 200 OK"
2026-05-01 14:37:42,729 [INFO] [2975/3987] id=openseek-3-e2ede2b34 GT=[514, 208] ✅ (1433ch, attempts=1, 7.5s)
2026-05-01 14:37:47,834 [INFO] HTTP Request: POST http://localhost:2026/v1/chat/completions "HTTP/1.1 200 OK"
2026-05-01 14:37:47,836 [INFO] [2976/3987] id=openseek-3-702714751 GT=[436, 38, 3, 12, 56, 556, 11, 106] ✅ (2863ch, attempts=1, 18.1s)
2026-05-01 14:37:54,980 [INFO] HTTP Request: POST http://localhost:2026/v1/chat/completions "HTTP/1.1 200 OK"
2026-05-01 14:37:54,981 [INFO] [2977/3987] id=openseek-3-2025a5450 GT=[580, 538, 568, 39] ✅ (2039ch, attempts=1, 12.3s)
2026-05-01 14:38:00,235 [INFO] HTTP Request: POST http://localhost:2026/v1/chat/completions "HTTP/1.1 200 OK"
2026-05-01 14:38:00,236 [INFO] [2978/3987] id=openseek-3-64f7c4b50 GT=[478, 95, 118, 76] ✅ (1979ch, attempts=1, 12.4s)
2026-05-01 14:38:02,755 [INFO] HTTP Request: POST http://localhost:2026/v1/chat/completions "HTTP/1.1 200 OK"
2026-05-01 14:38:02,756 [INFO] [2979/3987] id=openseek-3-1d077b83a GT=[7, 35, 394, 550, 66, 166, 88, 202, 10] ✅ (3054ch, attempts=1, 20.4s)
2026-05-01 14:38:07,384 [INFO] HTTP Request: POST http://localhost:2026/v1/chat/completions "HTTP/1.1 200 OK"
2026-05-01 14:38:07,385 [INFO] [2980/3987] id=openseek-3-469502a08 GT=[478, 28, 226, 19] ✅ (2220ch, attempts=1, 12.4s)
2026-05-01 14:38:10,231 [INFO] HTTP Request: POST http://localhost:2026/v1/chat/completions "HTTP/1.1 200 OK"
2026-05-01 14:38:10,233 [INFO] [2981/3987] id=openseek-3-ab37e2e16 GT=[15, 23, 20] ✅ (2063ch, attempts=1, 10.0s)
2026-05-01 14:38:14,813 [INFO] HTTP Request: POST http://localhost:2026/v1/chat/completions "HTTP/1.1 200 OK"
2026-05-01 14:38:14,814 [INFO] [2982/3987] id=openseek-3-48be9aad0 GT=[7, 490] ✅ (1594ch, attempts=1, 7.4s)
2026-05-01 14:38:17,036 [INFO] HTTP Request: POST http://localhost:2026/v1/chat/completions "HTTP/1.1 200 OK"
2026-05-01 14:38:17,037 [INFO] [2983/3987] id=openseek-3-acf64caa9 GT=[80, 58, 38, 91, 460, 244] ✅ (2211ch, attempts=1, 14.3s)
2026-05-01 14:38:26,425 [INFO] HTTP Request: POST http://localhost:2026/v1/chat/completions "HTTP/1.1 200 OK"
2026-05-01 14:38:26,427 [INFO] [2984/3987] id=openseek-3-d957aeadc GT=[47, 99] ✅ (3815ch, attempts=1, 16.2s)
2026-05-01 14:38:27,490 [INFO] HTTP Request: POST http://localhost:2026/v1/chat/completions "HTTP/1.1 200 OK"
2026-05-01 14:38:27,491 [INFO] [2985/3987] id=openseek-3-15387126e GT=[286, 370, 292, 77, 49, 74, 382] ✅ (1995ch, attempts=1, 12.7s)
2026-05-01 14:38:33,557 [INFO] HTTP Request: POST http://localhost:2026/v1/chat/completions "HTTP/1.1 200 OK"
2026-05-01 14:38:33,558 [INFO] [2986/3987] id=openseek-3-79f67a455 GT=[44, 99] ✅ (1571ch, attempts=1, 7.1s)
2026-05-01 14:38:35,338 [INFO] HTTP Request: POST http://localhost:2026/v1/chat/completions "HTTP/1.1 200 OK"
2026-05-01 14:38:35,339 [INFO] [2987/3987] id=openseek-3-55ee3b5ce GT=[262, 550, 78, 11, 112, 190, 448, 66] ✅ (2920ch, attempts=1, 18.3s)
2026-05-01 14:38:40,652 [INFO] HTTP Request: POST http://localhost:2026/v1/chat/completions "HTTP/1.1 200 OK"
2026-05-01 14:38:40,653 [INFO] [2988/3987] id=openseek-3-bd8c12785 GT=[8, 40, 262, 520, 44, 72] ✅ (2040ch, attempts=1, 13.2s)
2026-05-01 14:38:43,958 [INFO] HTTP Request: POST http://localhost:2026/v1/chat/completions "HTTP/1.1 200 OK"
2026-05-01 14:38:43,959 [INFO] [2989/3987] id=openseek-3-43fa7c1fd GT=[41, 83, 562, 63] ✅ (1800ch, attempts=1, 10.4s)
2026-05-01 14:38:45,837 [INFO] HTTP Request: POST http://localhost:2026/v1/chat/completions "HTTP/1.1 200 OK"
2026-05-01 14:38:45,838 [INFO] [2990/3987] id=openseek-3-2b164d1a7 GT=[592, 46, 89, 244, 442] ✅ (1754ch, attempts=1, 10.5s)
2026-05-01 14:38:53,485 [INFO] HTTP Request: POST http://localhost:2026/v1/chat/completions "HTTP/1.1 200 OK"
2026-05-01 14:38:53,486 [INFO] [2991/3987] id=openseek-3-00a0c393b GT=[46, 94] ✅ (1582ch, attempts=1, 7.6s)
2026-05-01 14:38:57,489 [INFO] HTTP Request: POST http://localhost:2026/v1/chat/completions "HTTP/1.1 200 OK"
2026-05-01 14:38:57,490 [INFO] [2992/3987] id=openseek-3-d7ec48363 GT=[67, 82, 100, 508, 27, 370, 574] ✅ (2770ch, attempts=1, 16.8s)
2026-05-01 14:39:02,111 [INFO] HTTP Request: POST http://localhost:2026/v1/chat/completions "HTTP/1.1 200 OK"
2026-05-01 14:39:02,112 [INFO] [2993/3987] id=openseek-3-3c37d413d GT=[98, 28] ✅ (1912ch, attempts=1, 8.6s)
2026-05-01 14:39:02,486 [INFO] HTTP Request: POST http://localhost:2026/v1/chat/completions "HTTP/1.1 200 OK"
2026-05-01 14:39:02,487 [INFO] [2994/3987] id=openseek-3-e812547d2 GT=[34, 88, 118, 1, 83, 23, 142, 23] ✅ (3101ch, attempts=1, 18.5s)
2026-05-01 14:39:10,689 [INFO] HTTP Request: POST http://localhost:2026/v1/chat/completions "HTTP/1.1 200 OK"
2026-05-01 14:39:10,691 [INFO] [2995/3987] id=openseek-3-443a6fad0 GT=[80, 55, 208, 550, 3] ✅ (2232ch, attempts=1, 13.2s)
2026-05-01 14:39:12,955 [INFO] HTTP Request: POST http://localhost:2026/v1/chat/completions "HTTP/1.1 200 OK"
2026-05-01 14:39:12,956 [INFO] [2996/3987] id=openseek-3-2176f6912 GT=[304, 244] ✅ (2029ch, attempts=1, 10.8s)
2026-05-01 14:39:17,121 [INFO] HTTP Request: POST http://localhost:2026/v1/chat/completions "HTTP/1.1 200 OK"
2026-05-01 14:39:17,123 [INFO] [2997/3987] id=openseek-3-c2714817a GT=[82, 316, 568, 65, 196, 26, 35] ✅ (2385ch, attempts=1, 14.6s)
2026-05-01 14:39:21,688 [INFO] HTTP Request: POST http://localhost:2026/v1/chat/completions "HTTP/1.1 200 OK"
2026-05-01 14:39:21,690 [INFO] [2998/3987] id=openseek-3-c39961f02 GT=[100, 238, 41, 28] ✅ (1909ch, attempts=1, 11.0s)
2026-05-01 14:39:26,385 [INFO] HTTP Request: POST http://localhost:2026/v1/chat/completions "HTTP/1.1 200 OK"
2026-05-01 14:39:26,387 [INFO] [2999/3987] id=openseek-3-a3191a438 GT=[26, 62, 370, 280] ✅ (1553ch, attempts=1, 9.3s)
2026-05-01 14:39:33,008 [INFO] HTTP Request: POST http://localhost:2026/v1/chat/completions "HTTP/1.1 200 OK"
2026-05-01 14:39:33,009 [INFO] [3000/3987] id=openseek-3-58bb4123c GT=[364, 154, 238, 388, 32, 64, 28, 388, 47 ✅ (3103ch, attempts=1, 20.1s)
2026-05-01 14:39:33,173 [INFO]   💾 已保存 (成功=3000 验证通过=3000 降级=0) | 4.6s/条均值 | ETA=76min
2026-05-01 14:39:34,667 [INFO] HTTP Request: POST http://localhost:2026/v1/chat/completions "HTTP/1.1 200 OK"
2026-05-01 14:39:34,669 [INFO] [3001/3987] id=openseek-3-99868abc1 GT=[88, 44, 3, 340, 364] ✅ (2155ch, attempts=1, 13.0s)
2026-05-01 14:39:35,160 [INFO] HTTP Request: POST http://localhost:2026/v1/chat/completions "HTTP/1.1 200 OK"
2026-05-01 14:39:35,161 [INFO] [3002/3987] id=openseek-3-8213af05b GT=[76, 41, 90] ✅ (1725ch, attempts=1, 8.8s)
2026-05-01 14:39:42,762 [INFO] HTTP Request: POST http://localhost:2026/v1/chat/completions "HTTP/1.1 200 OK"
2026-05-01 14:39:42,764 [INFO] [3003/3987] id=openseek-3-066869226 GT=[106, 52, 232, 4] ✅ (1730ch, attempts=1, 9.8s)
2026-05-01 14:39:45,617 [INFO] HTTP Request: POST http://localhost:2026/v1/chat/completions "HTTP/1.1 200 OK"
2026-05-01 14:39:45,618 [INFO] [3004/3987] id=openseek-3-95fdd062c GT=[99, 30, 93, 64] ✅ (2047ch, attempts=1, 10.9s)
2026-05-01 14:39:50,569 [INFO] HTTP Request: POST http://localhost:2026/v1/chat/completions "HTTP/1.1 200 OK"
2026-05-01 14:39:50,570 [INFO] [3005/3987] id=openseek-3-ed30355f7 GT=[502, 38] ✅ (1602ch, attempts=1, 7.8s)
2026-05-01 14:39:51,912 [INFO] HTTP Request: POST http://localhost:2026/v1/chat/completions "HTTP/1.1 200 OK"
2026-05-01 14:39:51,913 [INFO] [3006/3987] id=openseek-3-23b442162 GT=[78, 72, 484, 196, 45, 56, 190] ✅ (2808ch, attempts=1, 16.8s)
2026-05-01 14:39:58,504 [INFO] HTTP Request: POST http://localhost:2026/v1/chat/completions "HTTP/1.1 200 OK"
2026-05-01 14:39:58,506 [INFO] [3007/3987] id=openseek-3-458437e28 GT=[262, 58] ✅ (1551ch, attempts=1, 7.9s)
2026-05-01 14:40:05,559 [INFO] HTTP Request: POST http://localhost:2026/v1/chat/completions "HTTP/1.1 200 OK"
2026-05-01 14:40:05,561 [INFO] [3008/3987] id=openseek-3-1eeb98fc1 GT=[88, 73, 46, 520, 334, 98, 280] ✅ (3139ch, attempts=1, 19.9s)
2026-05-01 14:40:10,577 [INFO] HTTP Request: POST http://localhost:2026/v1/chat/completions "HTTP/1.1 200 OK"
2026-05-01 14:40:10,579 [INFO] [3009/3987] id=openseek-3-e5efaba7e GT=[51, 598, 322] ✅ (2140ch, attempts=1, 12.1s)
2026-05-01 14:40:12,163 [INFO] HTTP Request: POST http://localhost:2026/v1/chat/completions "HTTP/1.1 200 OK"
2026-05-01 14:40:12,164 [INFO] [3010/3987] id=openseek-3-7a1522dc1 GT=[190, 514, 406, 100, 25, 64, 15, 66] ✅ (3306ch, attempts=1, 20.3s)
2026-05-01 14:40:18,879 [INFO] HTTP Request: POST http://localhost:2026/v1/chat/completions "HTTP/1.1 200 OK"
2026-05-01 14:40:18,880 [INFO] [3011/3987] id=openseek-3-7d8358804 GT=[64, 58] ✅ (1737ch, attempts=1, 8.3s)
2026-05-01 14:40:23,808 [INFO] HTTP Request: POST http://localhost:2026/v1/chat/completions "HTTP/1.1 200 OK"
2026-05-01 14:40:23,810 [INFO] [3012/3987] id=openseek-3-ffef530ca GT=[406, 40, 42, 54, 544, 460, 142] ✅ (2973ch, attempts=1, 18.2s)
2026-05-01 14:40:26,219 [INFO] HTTP Request: POST http://localhost:2026/v1/chat/completions "HTTP/1.1 200 OK"
2026-05-01 14:40:26,220 [INFO] [3013/3987] id=openseek-3-f29fbbbb3 GT=[460, 45, 154, 38, 69, 58, 466] ✅ (2191ch, attempts=1, 14.1s)
2026-05-01 14:40:33,262 [INFO] HTTP Request: POST http://localhost:2026/v1/chat/completions "HTTP/1.1 200 OK"
2026-05-01 14:40:33,263 [INFO] [3014/3987] id=openseek-3-0df6b5b5b GT=[2, 76] ✅ (1622ch, attempts=1, 7.0s)
2026-05-01 14:40:37,923 [INFO] HTTP Request: POST http://localhost:2026/v1/chat/completions "HTTP/1.1 200 OK"
2026-05-01 14:40:37,925 [INFO] [3015/3987] id=openseek-3-45b56976f GT=[60, 16, 124, 48, 556, 40, 472, 202] ✅ (3079ch, attempts=1, 19.0s)
2026-05-01 14:40:43,032 [INFO] HTTP Request: POST http://localhost:2026/v1/chat/completions "HTTP/1.1 200 OK"
2026-05-01 14:40:43,034 [INFO] [3016/3987] id=openseek-3-e86857715 GT=[376, 16, 70, 388, 84, 466, 75, 64] ✅ (3091ch, attempts=1, 19.2s)
2026-05-01 14:40:54,467 [INFO] HTTP Request: POST http://localhost:2026/v1/chat/completions "HTTP/1.1 200 OK"
2026-05-01 14:40:54,468 [INFO] [3017/3987] id=openseek-3-07c27f04c GT=[64, 388, 394, 22, 550, 18, 25, 460, 96] ✅ (3201ch, attempts=1, 21.2s)
2026-05-01 14:40:58,304 [INFO] HTTP Request: POST http://localhost:2026/v1/chat/completions "HTTP/1.1 200 OK"
2026-05-01 14:40:58,305 [INFO] [3018/3987] id=openseek-3-3db5e078e GT=[382, 406, 178, 478, 244] ✅ (2329ch, attempts=1, 15.3s)
2026-05-01 14:40:59,065 [INFO] HTTP Request: POST http://localhost:2026/v1/chat/completions "HTTP/1.1 200 OK"
2026-05-01 14:40:59,067 [INFO] [3019/3987] id=openseek-3-0a73b3c48 GT=[436, 92, 250, 280, 69, 358, 18, 88, 76] ✅ (3234ch, attempts=1, 21.1s)
2026-05-01 14:41:04,980 [INFO] HTTP Request: POST http://localhost:2026/v1/chat/completions "HTTP/1.1 200 OK"
2026-05-01 14:41:04,981 [INFO] [3020/3987] id=openseek-3-365ba7a0c GT=[22, 496, 268] ✅ (1964ch, attempts=1, 10.5s)
2026-05-01 14:41:10,758 [INFO] HTTP Request: POST http://localhost:2026/v1/chat/completions "HTTP/1.1 200 OK"
2026-05-01 14:41:10,759 [INFO] [3021/3987] id=openseek-3-038360202 GT=[61, 61, 88, 15, 81, 25] ✅ (2249ch, attempts=1, 12.5s)
2026-05-01 14:41:17,284 [INFO] HTTP Request: POST http://localhost:2026/v1/chat/completions "HTTP/1.1 200 OK"
2026-05-01 14:41:17,285 [INFO] [3022/3987] id=openseek-3-861e75de7 GT=[94, 27, 76, 100, 19, 250, 244] ✅ (1932ch, attempts=1, 12.3s)
2026-05-01 14:41:18,789 [INFO] HTTP Request: POST http://localhost:2026/v1/chat/completions "HTTP/1.1 200 OK"
2026-05-01 14:41:18,790 [INFO] [3023/3987] id=openseek-3-55e9ae639 GT=[28, 21, 406, 3, 40, 67, 556, 91, 17] ✅ (3289ch, attempts=1, 19.7s)
2026-05-01 14:41:26,298 [INFO] HTTP Request: POST http://localhost:2026/v1/chat/completions "HTTP/1.1 200 OK"
2026-05-01 14:41:26,299 [INFO] [3024/3987] id=openseek-3-514d20a27 GT=[202, 86, 13] ✅ (3246ch, attempts=1, 15.5s)
2026-05-01 14:41:29,863 [INFO] HTTP Request: POST http://localhost:2026/v1/chat/completions "HTTP/1.1 200 OK"
2026-05-01 14:41:29,864 [INFO] [3025/3987] id=openseek-3-a785a09d2 GT=[64, 49, 83, 1, 94] ✅ (1965ch, attempts=1, 11.1s)
2026-05-01 14:41:36,996 [INFO] HTTP Request: POST http://localhost:2026/v1/chat/completions "HTTP/1.1 200 OK"
2026-05-01 14:41:36,997 [INFO] [3026/3987] id=openseek-3-da209a01a GT=[484, 244, 358, 21, 136, 268, 406] ✅ (3139ch, attempts=1, 19.7s)
2026-05-01 14:41:39,341 [INFO] HTTP Request: POST http://localhost:2026/v1/chat/completions "HTTP/1.1 200 OK"
2026-05-01 14:41:39,342 [INFO] [3027/3987] id=openseek-3-cedb0426f GT=[232, 33, 53, 23] ✅ (1813ch, attempts=1, 9.5s)
2026-05-01 14:41:43,685 [INFO] HTTP Request: POST http://localhost:2026/v1/chat/completions "HTTP/1.1 200 OK"
2026-05-01 14:41:43,686 [INFO] [3028/3987] id=openseek-3-66c5d617c GT=[76, 94, 562, 418, 550, 37, 544] ✅ (2716ch, attempts=1, 17.4s)
2026-05-01 14:41:48,710 [INFO] HTTP Request: POST http://localhost:2026/v1/chat/completions "HTTP/1.1 200 OK"
2026-05-01 14:41:48,712 [INFO] [3029/3987] id=openseek-3-bb5fac083 GT=[17, 154, 10, 514, 328, 72] ✅ (1671ch, attempts=1, 11.7s)
2026-05-01 14:41:50,669 [INFO] HTTP Request: POST http://localhost:2026/v1/chat/completions "HTTP/1.1 200 OK"
2026-05-01 14:41:50,670 [INFO] [3030/3987] id=openseek-3-aa98ed028 GT=[3, 16, 75, 214] ✅ (2133ch, attempts=1, 11.3s)
2026-05-01 14:41:55,386 [INFO] HTTP Request: POST http://localhost:2026/v1/chat/completions "HTTP/1.1 200 OK"
2026-05-01 14:41:55,387 [INFO] [3031/3987] id=openseek-3-b481f13cb GT=[196, 89, 400] ✅ (2259ch, attempts=1, 11.7s)
2026-05-01 14:41:56,109 [INFO] HTTP Request: POST http://localhost:2026/v1/chat/completions "HTTP/1.1 200 OK"
2026-05-01 14:41:56,110 [INFO] [3032/3987] id=openseek-3-73fb25b2c GT=[1, 64] ✅ (1649ch, attempts=1, 7.4s)
2026-05-01 14:42:04,955 [INFO] HTTP Request: POST http://localhost:2026/v1/chat/completions "HTTP/1.1 200 OK"
2026-05-01 14:42:04,957 [INFO] [3033/3987] id=openseek-3-876820b9b GT=[214, 4, 12, 214] ✅ (1750ch, attempts=1, 9.6s)
2026-05-01 14:42:06,800 [INFO] HTTP Request: POST http://localhost:2026/v1/chat/completions "HTTP/1.1 200 OK"
2026-05-01 14:42:06,801 [INFO] [3034/3987] id=openseek-3-02663f607 GT=[238, 142, 47, 85, 26, 39, 38, 13] ✅ (2482ch, attempts=1, 16.1s)
2026-05-01 14:42:11,964 [INFO] HTTP Request: POST http://localhost:2026/v1/chat/completions "HTTP/1.1 200 OK"
2026-05-01 14:42:11,965 [INFO] [3035/3987] id=openseek-3-368af8613 GT=[28, 172, 514, 142, 83, 496] ✅ (2408ch, attempts=1, 15.9s)
2026-05-01 14:42:16,440 [INFO] HTTP Request: POST http://localhost:2026/v1/chat/completions "HTTP/1.1 200 OK"
2026-05-01 14:42:16,441 [INFO] [3036/3987] id=openseek-3-70af2606f GT=[6, 10, 286, 59] ✅ (2198ch, attempts=1, 11.5s)
2026-05-01 14:42:21,831 [INFO] HTTP Request: POST http://localhost:2026/v1/chat/completions "HTTP/1.1 200 OK"
2026-05-01 14:42:21,832 [INFO] [3037/3987] id=openseek-3-bd8a1b74b GT=[89, 514] ✅ (1911ch, attempts=1, 9.9s)
2026-05-01 14:42:24,576 [INFO] HTTP Request: POST http://localhost:2026/v1/chat/completions "HTTP/1.1 200 OK"
2026-05-01 14:42:24,577 [INFO] [3038/3987] id=openseek-3-e5a8e6e2f GT=[85, 10, 88] ✅ (1544ch, attempts=1, 8.1s)
2026-05-01 14:42:25,588 [INFO] HTTP Request: POST http://localhost:2026/v1/chat/completions "HTTP/1.1 200 OK"
2026-05-01 14:42:25,589 [INFO] [3039/3987] id=openseek-3-9c856123e GT=[286, 61, 280, 5, 286, 208, 69, 10] ✅ (2893ch, attempts=1, 18.8s)
2026-05-01 14:42:32,484 [INFO] HTTP Request: POST http://localhost:2026/v1/chat/completions "HTTP/1.1 200 OK"
2026-05-01 14:42:32,485 [INFO] [3040/3987] id=openseek-3-bfadaff06 GT=[44, 136, 412] ✅ (2060ch, attempts=1, 10.7s)
2026-05-01 14:42:41,137 [INFO] HTTP Request: POST http://localhost:2026/v1/chat/completions "HTTP/1.1 200 OK"
2026-05-01 14:42:41,139 [INFO] [3041/3987] id=openseek-3-7d04a412d GT=[268, 83, 13, 70, 72, 61, 40, 59] ✅ (2849ch, attempts=1, 16.6s)
2026-05-01 14:42:44,638 [INFO] HTTP Request: POST http://localhost:2026/v1/chat/completions "HTTP/1.1 200 OK"
2026-05-01 14:42:44,639 [INFO] [3042/3987] id=openseek-3-2913344b6 GT=[274, 334, 40, 8] ✅ (1987ch, attempts=1, 12.2s)
2026-05-01 14:42:45,768 [INFO] HTTP Request: POST http://localhost:2026/v1/chat/completions "HTTP/1.1 200 OK"
2026-05-01 14:42:45,769 [INFO] [3043/3987] id=openseek-3-27e06c15f GT=[466, 334, 4, 80, 226, 62, 48] ✅ (3342ch, attempts=1, 20.2s)
2026-05-01 14:42:54,122 [INFO] HTTP Request: POST http://localhost:2026/v1/chat/completions "HTTP/1.1 200 OK"
2026-05-01 14:42:54,123 [INFO] [3044/3987] id=openseek-3-68a37a5f3 GT=[76, 20, 100, 340, 58, 5, 26, 30, 58] ✅ (2073ch, attempts=1, 13.0s)
2026-05-01 14:42:54,700 [INFO] HTTP Request: POST http://localhost:2026/v1/chat/completions "HTTP/1.1 200 OK"
2026-05-01 14:42:54,701 [INFO] [3045/3987] id=openseek-3-9169bca02 GT=[14, 460] ✅ (1810ch, attempts=1, 8.9s)
2026-05-01 14:43:05,829 [INFO] HTTP Request: POST http://localhost:2026/v1/chat/completions "HTTP/1.1 200 OK"
2026-05-01 14:43:05,830 [INFO] [3046/3987] id=openseek-3-5158445a6 GT=[412, 25, 84, 21, 64] ✅ (1875ch, attempts=1, 11.1s)
2026-05-01 14:43:06,534 [INFO] HTTP Request: POST http://localhost:2026/v1/chat/completions "HTTP/1.1 200 OK"
2026-05-01 14:43:06,535 [INFO] [3047/3987] id=openseek-3-e3ef13606 GT=[45, 89, 97, 316, 424, 406, 166, 550, 50 ✅ (3293ch, attempts=1, 21.9s)
2026-05-01 14:43:10,250 [INFO] HTTP Request: POST http://localhost:2026/v1/chat/completions "HTTP/1.1 200 OK"
2026-05-01 14:43:10,252 [INFO] [3048/3987] id=openseek-3-9cfeb881e GT=[304, 364, 136, 100, 508, 22] ✅ (2320ch, attempts=1, 16.1s)
2026-05-01 14:43:15,826 [INFO] HTTP Request: POST http://localhost:2026/v1/chat/completions "HTTP/1.1 200 OK"
2026-05-01 14:43:15,827 [INFO] [3049/3987] id=openseek-3-be485c2a6 GT=[502, 478, 97] ✅ (1711ch, attempts=1, 10.0s)
2026-05-01 14:43:18,818 [INFO] HTTP Request: POST http://localhost:2026/v1/chat/completions "HTTP/1.1 200 OK"
2026-05-01 14:43:18,819 [INFO] [3050/3987] id=openseek-3-9ecae8cb7 GT=[250, 514, 90] ✅ (2180ch, attempts=1, 12.3s)
2026-05-01 14:43:18,985 [INFO]   💾 已保存 (成功=3050 验证通过=3050 降级=0) | 4.6s/条均值 | ETA=73min
2026-05-01 14:43:24,007 [INFO] HTTP Request: POST http://localhost:2026/v1/chat/completions "HTTP/1.1 200 OK"
2026-05-01 14:43:24,008 [INFO] [3051/3987] id=openseek-3-3d5df65d6 GT=[98, 59, 66] ✅ (1510ch, attempts=1, 8.2s)
2026-05-01 14:43:26,578 [INFO] HTTP Request: POST http://localhost:2026/v1/chat/completions "HTTP/1.1 200 OK"
2026-05-01 14:43:26,580 [INFO] [3052/3987] id=openseek-3-3e9e2fb3a GT=[346, 400, 484, 280, 124, 16, 59, 73] ✅ (2562ch, attempts=1, 16.3s)
2026-05-01 14:43:31,415 [INFO] HTTP Request: POST http://localhost:2026/v1/chat/completions "HTTP/1.1 200 OK"
2026-05-01 14:43:31,416 [INFO] [3053/3987] id=openseek-3-1396c2070 GT=[80, 436, 16] ✅ (2244ch, attempts=1, 12.6s)
2026-05-01 14:43:38,221 [INFO] HTTP Request: POST http://localhost:2026/v1/chat/completions "HTTP/1.1 200 OK"
2026-05-01 14:43:38,222 [INFO] [3054/3987] id=openseek-3-cf882ab98 GT=[89, 88, 484, 430, 55] ✅ (2267ch, attempts=1, 14.2s)
2026-05-01 14:43:42,953 [INFO] HTTP Request: POST http://localhost:2026/v1/chat/completions "HTTP/1.1 200 OK"
2026-05-01 14:43:42,955 [INFO] [3055/3987] id=openseek-3-011abd29f GT=[28, 15, 10, 478, 112, 388, 286] ✅ (2815ch, attempts=1, 16.4s)
2026-05-01 14:43:47,337 [INFO] HTTP Request: POST http://localhost:2026/v1/chat/completions "HTTP/1.1 200 OK"
2026-05-01 14:43:47,338 [INFO] [3056/3987] id=openseek-3-edc92c3a1 GT=[328, 412] ✅ (1482ch, attempts=1, 9.1s)
2026-05-01 14:43:50,127 [INFO] HTTP Request: POST http://localhost:2026/v1/chat/completions "HTTP/1.1 200 OK"
2026-05-01 14:43:50,128 [INFO] [3057/3987] id=openseek-3-9084c2c64 GT=[370, 592, 532, 61, 106, 29, 94, 532] ✅ (2780ch, attempts=1, 18.7s)
2026-05-01 14:43:50,956 [INFO] HTTP Request: POST http://localhost:2026/v1/chat/completions "HTTP/1.1 200 OK"
2026-05-01 14:43:50,958 [INFO] [3058/3987] id=openseek-3-f2bed508a GT=[7, 8, 3, 16] ✅ (1475ch, attempts=1, 8.0s)
2026-05-01 14:44:00,537 [INFO] HTTP Request: POST http://localhost:2026/v1/chat/completions "HTTP/1.1 200 OK"
2026-05-01 14:44:00,538 [INFO] [3059/3987] id=openseek-3-48ddaaa11 GT=[586, 526, 4, 38] ✅ (1877ch, attempts=1, 10.4s)
2026-05-01 14:44:04,807 [INFO] HTTP Request: POST http://localhost:2026/v1/chat/completions "HTTP/1.1 200 OK"
2026-05-01 14:44:04,809 [INFO] [3060/3987] id=openseek-3-897f820d5 GT=[68, 53, 60, 460, 328, 478] ✅ (2763ch, attempts=1, 17.5s)
2026-05-01 14:44:09,214 [INFO] HTTP Request: POST http://localhost:2026/v1/chat/completions "HTTP/1.1 200 OK"
2026-05-01 14:44:09,216 [INFO] [3061/3987] id=openseek-3-7e69a236d GT=[100, 28, 448, 532, 52] ✅ (3167ch, attempts=1, 18.3s)
2026-05-01 14:44:21,704 [INFO] HTTP Request: POST http://localhost:2026/v1/chat/completions "HTTP/1.1 200 OK"
2026-05-01 14:44:21,705 [INFO] [3062/3987] id=openseek-3-ebc65f6b4 GT=[328, 8, 64, 262, 16, 280, 20, 274] ✅ (3485ch, attempts=1, 21.2s)
2026-05-01 14:44:22,858 [INFO] HTTP Request: POST http://localhost:2026/v1/chat/completions "HTTP/1.1 200 OK"
2026-05-01 14:44:22,860 [INFO] [3063/3987] id=openseek-3-937ea73cd GT=[28, 226, 256, 62, 226, 376] ✅ (2166ch, attempts=1, 13.6s)
2026-05-01 14:44:26,969 [INFO] HTTP Request: POST http://localhost:2026/v1/chat/completions "HTTP/1.1 200 OK"
2026-05-01 14:44:26,971 [INFO] [3064/3987] id=openseek-3-c57783193 GT=[26, 412, 484, 10, 400, 466, 574, 42, 15 ✅ (3274ch, attempts=1, 22.2s)
2026-05-01 14:44:32,109 [INFO] HTTP Request: POST http://localhost:2026/v1/chat/completions "HTTP/1.1 200 OK"
2026-05-01 14:44:32,110 [INFO] [3065/3987] id=openseek-3-963569cd7 GT=[20, 268, 72] ✅ (2068ch, attempts=1, 10.4s)
2026-05-01 14:44:34,427 [INFO] HTTP Request: POST http://localhost:2026/v1/chat/completions "HTTP/1.1 200 OK"
2026-05-01 14:44:34,429 [INFO] [3066/3987] id=openseek-3-8a59f0d21 GT=[154, 328] ✅ (1409ch, attempts=1, 7.5s)
2026-05-01 14:44:43,945 [INFO] HTTP Request: POST http://localhost:2026/v1/chat/completions "HTTP/1.1 200 OK"
2026-05-01 14:44:43,946 [INFO] [3067/3987] id=openseek-3-6c30401b9 GT=[190, 64, 45] ✅ (1807ch, attempts=1, 9.5s)
2026-05-01 14:44:45,747 [INFO] HTTP Request: POST http://localhost:2026/v1/chat/completions "HTTP/1.1 200 OK"
2026-05-01 14:44:45,748 [INFO] [3068/3987] id=openseek-3-d2822ed59 GT=[358, 46, 97, 73, 586] ✅ (2284ch, attempts=1, 13.6s)
2026-05-01 14:44:49,056 [INFO] HTTP Request: POST http://localhost:2026/v1/chat/completions "HTTP/1.1 200 OK"
2026-05-01 14:44:49,058 [INFO] [3069/3987] id=openseek-3-484c3035a GT=[80, 49, 74, 4, 430, 352, 304, 466, 598] ✅ (3860ch, attempts=1, 26.2s)
2026-05-01 14:44:54,071 [INFO] HTTP Request: POST http://localhost:2026/v1/chat/completions "HTTP/1.1 200 OK"
2026-05-01 14:44:54,072 [INFO] [3070/3987] id=openseek-3-3f0241bf8 GT=[70, 42, 208, 86] ✅ (1872ch, attempts=1, 10.1s)
2026-05-01 14:44:58,177 [INFO] HTTP Request: POST http://localhost:2026/v1/chat/completions "HTTP/1.1 200 OK"
2026-05-01 14:44:58,179 [INFO] [3071/3987] id=openseek-3-42effba52 GT=[66, 23, 208] ✅ (2486ch, attempts=1, 12.4s)
2026-05-01 14:45:02,323 [INFO] HTTP Request: POST http://localhost:2026/v1/chat/completions "HTTP/1.1 200 OK"
2026-05-01 14:45:02,324 [INFO] [3072/3987] id=openseek-3-5df90ac21 GT=[298, 83, 90, 568, 172] ✅ (2261ch, attempts=1, 13.3s)
2026-05-01 14:45:02,341 [INFO] HTTP Request: POST http://localhost:2026/v1/chat/completions "HTTP/1.1 200 OK"
2026-05-01 14:45:02,342 [INFO] [3073/3987] id=openseek-3-ad679d8a6 GT=[190, 472] ✅ (1414ch, attempts=1, 8.3s)
2026-05-01 14:45:11,164 [INFO] HTTP Request: POST http://localhost:2026/v1/chat/completions "HTTP/1.1 200 OK"
2026-05-01 14:45:11,165 [INFO] [3074/3987] id=openseek-3-13e8f33b4 GT=[250, 53, 39] ✅ (1653ch, attempts=1, 8.8s)
2026-05-01 14:45:11,966 [INFO] HTTP Request: POST http://localhost:2026/v1/chat/completions "HTTP/1.1 200 OK"
2026-05-01 14:45:11,967 [INFO] [3075/3987] id=openseek-3-a3acae579 GT=[12, 76, 472] ✅ (1899ch, attempts=1, 9.6s)
2026-05-01 14:45:12,469 [INFO] HTTP Request: POST http://localhost:2026/v1/chat/completions "HTTP/1.1 200 OK"
2026-05-01 14:45:12,470 [INFO] [3076/3987] id=openseek-3-88b94bf45 GT=[268, 90, 10, 100, 22, 96, 20] ✅ (2492ch, attempts=1, 14.3s)
2026-05-01 14:45:18,271 [INFO] HTTP Request: POST http://localhost:2026/v1/chat/completions "HTTP/1.1 200 OK"
2026-05-01 14:45:18,272 [INFO] [3077/3987] id=openseek-3-45329cd6d GT=[94, 544] ✅ (1463ch, attempts=1, 7.1s)
2026-05-01 14:45:23,830 [INFO] HTTP Request: POST http://localhost:2026/v1/chat/completions "HTTP/1.1 200 OK"
2026-05-01 14:45:24,265 [INFO] [3078/3987] id=openseek-3-932df88b0 GT=[76, 55, 16] ✅ (2243ch, attempts=1, 11.8s)
2026-05-01 14:45:27,139 [INFO] HTTP Request: POST http://localhost:2026/v1/chat/completions "HTTP/1.1 200 OK"
2026-05-01 14:45:27,141 [INFO] [3079/3987] id=openseek-3-a58d2e876 GT=[59, 15, 56, 172, 436, 62, 124, 55] ✅ (2409ch, attempts=1, 15.2s)
2026-05-01 14:45:33,920 [INFO] HTTP Request: POST http://localhost:2026/v1/chat/completions "HTTP/1.1 200 OK"
2026-05-01 14:45:33,922 [INFO] [3080/3987] id=openseek-3-507f64450 GT=[244, 52, 508, 37, 10, 42] ✅ (2648ch, attempts=1, 15.7s)
2026-05-01 14:45:40,377 [INFO] HTTP Request: POST http://localhost:2026/v1/chat/completions "HTTP/1.1 200 OK"
2026-05-01 14:45:40,378 [INFO] [3081/3987] id=openseek-3-b6a7ba137 GT=[44, 268, 166, 46, 22, 43, 22] ✅ (2104ch, attempts=1, 13.2s)
2026-05-01 14:45:42,187 [INFO] HTTP Request: POST http://localhost:2026/v1/chat/completions "HTTP/1.1 200 OK"
2026-05-01 14:45:42,188 [INFO] [3082/3987] id=openseek-3-92c8376d9 GT=[436, 496, 18, 67, 202, 58, 3] ✅ (2982ch, attempts=1, 17.9s)
2026-05-01 14:45:45,095 [INFO] HTTP Request: POST http://localhost:2026/v1/chat/completions "HTTP/1.1 200 OK"
2026-05-01 14:45:45,097 [INFO] [3083/3987] id=openseek-3-61c347fce GT=[59, 67, 298, 28] ✅ (1969ch, attempts=1, 11.2s)
2026-05-01 14:45:58,256 [INFO] HTTP Request: POST http://localhost:2026/v1/chat/completions "HTTP/1.1 200 OK"
2026-05-01 14:45:58,257 [INFO] [3084/3987] id=openseek-3-3a58ecd7c GT=[82, 20, 68, 21, 538, 184, 71, 83] ✅ (2768ch, attempts=1, 17.9s)
2026-05-01 14:45:59,071 [INFO] HTTP Request: POST http://localhost:2026/v1/chat/completions "HTTP/1.1 200 OK"
2026-05-01 14:45:59,072 [INFO] [3085/3987] id=openseek-3-be33b497e GT=[586, 91, 25, 364, 63, 70, 5] ✅ (2898ch, attempts=1, 16.9s)
2026-05-01 14:46:01,735 [INFO] HTTP Request: POST http://localhost:2026/v1/chat/completions "HTTP/1.1 200 OK"
2026-05-01 14:46:01,736 [INFO] [3086/3987] id=openseek-3-a22079bf9 GT=[24, 502, 95, 442, 76, 166, 79, 39] ✅ (2658ch, attempts=1, 16.6s)
2026-05-01 14:46:11,292 [INFO] HTTP Request: POST http://localhost:2026/v1/chat/completions "HTTP/1.1 200 OK"
2026-05-01 14:46:11,293 [INFO] [3087/3987] id=openseek-3-7233ea630 GT=[53, 268, 71, 436, 418] ✅ (2115ch, attempts=1, 13.0s)
2026-05-01 14:46:11,454 [INFO] HTTP Request: POST http://localhost:2026/v1/chat/completions "HTTP/1.1 200 OK"
2026-05-01 14:46:11,455 [INFO] [3088/3987] id=openseek-3-f10a70349 GT=[154, 95, 16, 262] ✅ (1790ch, attempts=1, 9.7s)
2026-05-01 14:46:22,850 [INFO] HTTP Request: POST http://localhost:2026/v1/chat/completions "HTTP/1.1 200 OK"
2026-05-01 14:46:22,852 [INFO] [3089/3987] id=openseek-3-51d438c3d GT=[96, 97, 70, 33, 72, 364, 562, 34] ✅ (4062ch, attempts=1, 23.8s)
2026-05-01 14:46:28,869 [INFO] HTTP Request: POST http://localhost:2026/v1/chat/completions "HTTP/1.1 200 OK"
2026-05-01 14:46:28,870 [INFO] [3090/3987] id=openseek-3-68638912b GT=[13, 36, 78, 48, 514, 208, 30, 22, 49] ✅ (2610ch, attempts=1, 17.4s)
2026-05-01 14:46:29,084 [INFO] HTTP Request: POST http://localhost:2026/v1/chat/completions "HTTP/1.1 200 OK"
2026-05-01 14:46:29,085 [INFO] [3091/3987] id=openseek-3-4f05348ca GT=[394, 346, 598, 184, 58, 27, 61] ✅ (2638ch, attempts=1, 17.8s)
2026-05-01 14:46:33,685 [INFO] HTTP Request: POST http://localhost:2026/v1/chat/completions "HTTP/1.1 200 OK"
2026-05-01 14:46:33,687 [INFO] [3092/3987] id=openseek-3-6ddbeb982 GT=[71, 24, 90] ✅ (2134ch, attempts=1, 10.8s)
2026-05-01 14:46:39,829 [INFO] HTTP Request: POST http://localhost:2026/v1/chat/completions "HTTP/1.1 200 OK"
2026-05-01 14:46:39,830 [INFO] [3093/3987] id=openseek-3-eb03e1e06 GT=[562, 62] ✅ (2277ch, attempts=1, 11.0s)
2026-05-01 14:46:42,329 [INFO] HTTP Request: POST http://localhost:2026/v1/chat/completions "HTTP/1.1 200 OK"
2026-05-01 14:46:42,330 [INFO] [3094/3987] id=openseek-3-04937a69f GT=[45, 124] ✅ (1790ch, attempts=1, 8.6s)
2026-05-01 14:46:48,722 [INFO] HTTP Request: POST http://localhost:2026/v1/chat/completions "HTTP/1.1 200 OK"
2026-05-01 14:46:48,723 [INFO] [3095/3987] id=openseek-3-14ad63ff6 GT=[520, 71, 94] ✅ (1627ch, attempts=1, 8.9s)
2026-05-01 14:46:50,147 [INFO] HTTP Request: POST http://localhost:2026/v1/chat/completions "HTTP/1.1 200 OK"
2026-05-01 14:46:50,149 [INFO] [3096/3987] id=openseek-3-d0b35fdea GT=[31, 51, 322] ✅ (1397ch, attempts=1, 7.8s)
2026-05-01 14:46:59,612 [INFO] HTTP Request: POST http://localhost:2026/v1/chat/completions "HTTP/1.1 200 OK"
2026-05-01 14:46:59,613 [INFO] [3097/3987] id=openseek-3-c0feb1e15 GT=[87, 17, 72, 448] ✅ (6882ch, attempts=1, 30.5s)
2026-05-01 14:47:01,578 [INFO] HTTP Request: POST http://localhost:2026/v1/chat/completions "HTTP/1.1 200 OK"
2026-05-01 14:47:01,579 [INFO] [3098/3987] id=openseek-3-87836f847 GT=[79, 70, 46, 70, 1, 36, 80] ✅ (2045ch, attempts=1, 12.9s)
2026-05-01 14:47:07,984 [INFO] HTTP Request: POST http://localhost:2026/v1/chat/completions "HTTP/1.1 200 OK"
2026-05-01 14:47:07,985 [INFO] [3099/3987] id=openseek-3-c60bd49b9 GT=[71, 220] ✅ (1661ch, attempts=1, 8.4s)
2026-05-01 14:47:11,444 [INFO] HTTP Request: POST http://localhost:2026/v1/chat/completions "HTTP/1.1 200 OK"
2026-05-01 14:47:11,445 [INFO] [3100/3987] id=openseek-3-aecaedb70 GT=[196, 49, 82, 580, 370, 382, 24, 89] ✅ (3298ch, attempts=1, 21.3s)
2026-05-01 14:47:11,609 [INFO]   💾 已保存 (成功=3100 验证通过=3100 降级=0) | 4.6s/条均值 | ETA=69min
2026-05-01 14:47:18,716 [INFO] HTTP Request: POST http://localhost:2026/v1/chat/completions "HTTP/1.1 200 OK"
2026-05-01 14:47:18,717 [INFO] [3101/3987] id=openseek-3-27e15c9e0 GT=[424, 58, 598, 74, 496, 388, 50, 61] ✅ (2760ch, attempts=1, 17.1s)
2026-05-01 14:47:20,969 [INFO] HTTP Request: POST http://localhost:2026/v1/chat/completions "HTTP/1.1 200 OK"
2026-05-01 14:47:20,970 [INFO] [3102/3987] id=openseek-3-0e88909da GT=[92, 91, 78, 66, 532] ✅ (1638ch, attempts=1, 9.5s)
2026-05-01 14:47:24,353 [INFO] HTTP Request: POST http://localhost:2026/v1/chat/completions "HTTP/1.1 200 OK"
2026-05-01 14:47:24,354 [INFO] [3103/3987] id=openseek-3-838633934 GT=[184, 68, 9, 94, 406, 44, 27] ✅ (2731ch, attempts=1, 16.4s)
2026-05-01 14:47:28,200 [INFO] HTTP Request: POST http://localhost:2026/v1/chat/completions "HTTP/1.1 200 OK"
2026-05-01 14:47:28,201 [INFO] [3104/3987] id=openseek-3-65349b7f5 GT=[85, 52] ✅ (1569ch, attempts=1, 7.2s)
2026-05-01 14:47:31,511 [INFO] HTTP Request: POST http://localhost:2026/v1/chat/completions "HTTP/1.1 200 OK"
2026-05-01 14:47:31,513 [INFO] [3105/3987] id=openseek-3-e96b81bb8 GT=[33, 208] ✅ (1460ch, attempts=1, 7.2s)
2026-05-01 14:47:37,369 [INFO] HTTP Request: POST http://localhost:2026/v1/chat/completions "HTTP/1.1 200 OK"
2026-05-01 14:47:37,371 [INFO] [3106/3987] id=openseek-3-0ed3aad49 GT=[322, 85] ✅ (1795ch, attempts=1, 9.2s)
2026-05-01 14:47:38,008 [INFO] HTTP Request: POST http://localhost:2026/v1/chat/completions "HTTP/1.1 200 OK"
2026-05-01 14:47:38,009 [INFO] [3107/3987] id=openseek-3-3342570ed GT=[166, 394, 26, 346, 24, 26, 574] ✅ (3053ch, attempts=1, 19.3s)
2026-05-01 14:47:49,990 [INFO] HTTP Request: POST http://localhost:2026/v1/chat/completions "HTTP/1.1 200 OK"
2026-05-01 14:47:49,991 [INFO] [3108/3987] id=openseek-3-fb2cfc026 GT=[76, 20, 99, 238, 38, 74, 36] ✅ (1886ch, attempts=1, 12.0s)
2026-05-01 14:47:52,322 [INFO] HTTP Request: POST http://localhost:2026/v1/chat/completions "HTTP/1.1 200 OK"
2026-05-01 14:47:52,323 [INFO] [3109/3987] id=openseek-3-5d509d1a5 GT=[16, 12, 77, 394, 190] ✅ (2440ch, attempts=1, 15.0s)
2026-05-01 14:47:53,015 [INFO] HTTP Request: POST http://localhost:2026/v1/chat/completions "HTTP/1.1 200 OK"
2026-05-01 14:47:53,016 [INFO] [3110/3987] id=openseek-3-6fd699149 GT=[448, 44, 16, 58, 92, 214, 95, 292, 6] ✅ (3547ch, attempts=1, 21.5s)
2026-05-01 14:48:03,102 [INFO] HTTP Request: POST http://localhost:2026/v1/chat/completions "HTTP/1.1 200 OK"
2026-05-01 14:48:03,103 [INFO] [3111/3987] id=openseek-3-8e5def16f GT=[13, 36, 14, 220, 424] ✅ (2134ch, attempts=1, 13.1s)
2026-05-01 14:48:06,787 [INFO] HTTP Request: POST http://localhost:2026/v1/chat/completions "HTTP/1.1 200 OK"
2026-05-01 14:48:06,788 [INFO] [3112/3987] id=openseek-3-968afe05e GT=[92, 47, 412, 71] ✅ (2440ch, attempts=1, 14.5s)
2026-05-01 14:48:07,575 [INFO] HTTP Request: POST http://localhost:2026/v1/chat/completions "HTTP/1.1 200 OK"
2026-05-01 14:48:07,577 [INFO] [3113/3987] id=openseek-3-f79b736cc GT=[72, 63, 100, 598, 526, 250, 92, 550] ✅ (2249ch, attempts=1, 14.6s)
2026-05-01 14:48:14,239 [INFO] HTTP Request: POST http://localhost:2026/v1/chat/completions "HTTP/1.1 200 OK"
2026-05-01 14:48:14,240 [INFO] [3114/3987] id=openseek-3-8b75e5a98 GT=[85, 586, 17, 88, 16] ✅ (1846ch, attempts=1, 11.1s)
2026-05-01 14:48:18,786 [INFO] HTTP Request: POST http://localhost:2026/v1/chat/completions "HTTP/1.1 200 OK"
2026-05-01 14:48:18,787 [INFO] [3115/3987] id=openseek-3-9a3ba4582 GT=[75, 118, 46, 31] ✅ (1955ch, attempts=1, 11.2s)
2026-05-01 14:48:18,895 [INFO] HTTP Request: POST http://localhost:2026/v1/chat/completions "HTTP/1.1 200 OK"
2026-05-01 14:48:18,897 [INFO] [3116/3987] id=openseek-3-bc6e2e813 GT=[574, 436, 64, 9] ✅ (2138ch, attempts=1, 12.1s)
2026-05-01 14:48:26,614 [INFO] HTTP Request: POST http://localhost:2026/v1/chat/completions "HTTP/1.1 200 OK"
2026-05-01 14:48:26,615 [INFO] [3117/3987] id=openseek-3-4c1d04902 GT=[31, 574, 58] ✅ (1351ch, attempts=1, 7.8s)
2026-05-01 14:48:28,176 [INFO] HTTP Request: POST http://localhost:2026/v1/chat/completions "HTTP/1.1 200 OK"
2026-05-01 14:48:28,177 [INFO] [3118/3987] id=openseek-3-7878daaf2 GT=[82, 502, 80, 49, 81] ✅ (2383ch, attempts=1, 13.9s)
2026-05-01 14:48:32,974 [INFO] HTTP Request: POST http://localhost:2026/v1/chat/completions "HTTP/1.1 200 OK"
2026-05-01 14:48:32,975 [INFO] [3119/3987] id=openseek-3-2d3d32afd GT=[364, 382, 394, 46, 98, 262] ✅ (2236ch, attempts=1, 14.1s)
2026-05-01 14:48:35,377 [INFO] HTTP Request: POST http://localhost:2026/v1/chat/completions "HTTP/1.1 200 OK"
2026-05-01 14:48:35,378 [INFO] [3120/3987] id=openseek-3-7b1e4bab9 GT=[81, 10, 47] ✅ (1728ch, attempts=1, 8.8s)
2026-05-01 14:48:40,020 [INFO] HTTP Request: POST http://localhost:2026/v1/chat/completions "HTTP/1.1 200 OK"
2026-05-01 14:48:40,022 [INFO] [3121/3987] id=openseek-3-05822e5bb GT=[136, 562, 190, 92] ✅ (1947ch, attempts=1, 11.8s)
2026-05-01 14:48:50,385 [INFO] HTTP Request: POST http://localhost:2026/v1/chat/completions "HTTP/1.1 200 OK"
2026-05-01 14:48:50,387 [INFO] [3122/3987] id=openseek-3-d67e7d6c8 GT=[69, 50, 406, 400, 460, 118, 358] ✅ (2787ch, attempts=1, 17.4s)
2026-05-01 14:48:52,343 [INFO] HTTP Request: POST http://localhost:2026/v1/chat/completions "HTTP/1.1 200 OK"
2026-05-01 14:48:52,344 [INFO] [3123/3987] id=openseek-3-fee89879a GT=[160, 208, 322, 280, 22, 82, 8] ✅ (2738ch, attempts=1, 17.0s)
2026-05-01 14:48:55,919 [INFO] HTTP Request: POST http://localhost:2026/v1/chat/completions "HTTP/1.1 200 OK"
2026-05-01 14:48:55,920 [INFO] [3124/3987] id=openseek-3-eb3820074 GT=[67, 28, 48, 76, 35, 478, 478] ✅ (2622ch, attempts=1, 15.9s)
2026-05-01 14:49:01,769 [INFO] HTTP Request: POST http://localhost:2026/v1/chat/completions "HTTP/1.1 200 OK"
2026-05-01 14:49:01,770 [INFO] [3125/3987] id=openseek-3-dbd42066c GT=[484, 28, 148, 394] ✅ (1889ch, attempts=1, 11.4s)
2026-05-01 14:49:04,945 [INFO] HTTP Request: POST http://localhost:2026/v1/chat/completions "HTTP/1.1 200 OK"
2026-05-01 14:49:04,946 [INFO] [3126/3987] id=openseek-3-fd61e4960 GT=[83, 478, 3, 94, 22, 22] ✅ (2162ch, attempts=1, 12.6s)
2026-05-01 14:49:10,212 [INFO] HTTP Request: POST http://localhost:2026/v1/chat/completions "HTTP/1.1 200 OK"
2026-05-01 14:49:10,213 [INFO] [3127/3987] id=openseek-3-79e0e2dc1 GT=[454, 472, 172, 574, 490] ✅ (2002ch, attempts=1, 14.3s)
2026-05-01 14:49:12,435 [INFO] HTTP Request: POST http://localhost:2026/v1/chat/completions "HTTP/1.1 200 OK"
2026-05-01 14:49:12,437 [INFO] [3128/3987] id=openseek-3-e897dff0b GT=[19, 12, 86] ✅ (2258ch, attempts=1, 10.7s)
2026-05-01 14:49:20,553 [INFO] HTTP Request: POST http://localhost:2026/v1/chat/completions "HTTP/1.1 200 OK"
2026-05-01 14:49:20,554 [INFO] [3129/3987] id=openseek-3-03923e2a7 GT=[8, 24, 63, 166] ✅ (1903ch, attempts=1, 10.3s)
2026-05-01 14:49:23,156 [INFO] HTTP Request: POST http://localhost:2026/v1/chat/completions "HTTP/1.1 200 OK"
2026-05-01 14:49:23,157 [INFO] [3130/3987] id=openseek-3-47fff7540 GT=[3, 90, 53, 136, 100, 40, 562, 256] ✅ (2959ch, attempts=1, 18.2s)
2026-05-01 14:49:23,681 [INFO] HTTP Request: POST http://localhost:2026/v1/chat/completions "HTTP/1.1 200 OK"
2026-05-01 14:49:23,682 [INFO] [3131/3987] id=openseek-3-1079cfb14 GT=[19, 580, 98] ✅ (2299ch, attempts=1, 11.2s)
2026-05-01 14:49:31,072 [INFO] HTTP Request: POST http://localhost:2026/v1/chat/completions "HTTP/1.1 200 OK"
2026-05-01 14:49:31,073 [INFO] [3132/3987] id=openseek-3-3a93a6c6f GT=[44, 112, 35, 88] ✅ (1444ch, attempts=1, 7.9s)
2026-05-01 14:49:38,602 [INFO] HTTP Request: POST http://localhost:2026/v1/chat/completions "HTTP/1.1 200 OK"
2026-05-01 14:49:38,603 [INFO] [3133/3987] id=openseek-3-b279192f1 GT=[40, 88, 73, 74, 7, 99, 34, 544] ✅ (2997ch, attempts=1, 18.0s)
2026-05-01 14:49:38,795 [INFO] HTTP Request: POST http://localhost:2026/v1/chat/completions "HTTP/1.1 200 OK"
2026-05-01 14:49:38,796 [INFO] [3134/3987] id=openseek-3-872aa5653 GT=[51, 556, 460, 256] ✅ (2700ch, attempts=1, 15.1s)
2026-05-01 14:49:45,566 [INFO] HTTP Request: POST http://localhost:2026/v1/chat/completions "HTTP/1.1 200 OK"
2026-05-01 14:49:45,567 [INFO] [3135/3987] id=openseek-3-f63697327 GT=[40, 154, 460, 42, 448] ✅ (2268ch, attempts=1, 14.5s)
2026-05-01 14:49:54,818 [INFO] HTTP Request: POST http://localhost:2026/v1/chat/completions "HTTP/1.1 200 OK"
2026-05-01 14:49:54,819 [INFO] [3136/3987] id=openseek-3-4f38f0792 GT=[136, 184, 70, 502, 3] ✅ (2747ch, attempts=1, 16.0s)
2026-05-01 14:49:57,073 [INFO] HTTP Request: POST http://localhost:2026/v1/chat/completions "HTTP/1.1 200 OK"
2026-05-01 14:49:57,074 [INFO] [3137/3987] id=openseek-3-90ae44af4 GT=[75, 15, 48, 112, 18, 160] ✅ (1791ch, attempts=1, 11.5s)
2026-05-01 14:49:57,409 [INFO] HTTP Request: POST http://localhost:2026/v1/chat/completions "HTTP/1.1 200 OK"
2026-05-01 14:49:57,410 [INFO] [3138/3987] id=openseek-3-ffeb341b9 GT=[97, 27, 1, 232, 99, 286, 250, 41, 136] ✅ (2973ch, attempts=1, 18.8s)
2026-05-01 14:50:08,665 [INFO] HTTP Request: POST http://localhost:2026/v1/chat/completions "HTTP/1.1 200 OK"
2026-05-01 14:50:08,666 [INFO] [3139/3987] id=openseek-3-9258d118a GT=[59, 4, 2, 52, 37] ✅ (1907ch, attempts=1, 11.6s)
2026-05-01 14:50:13,333 [INFO] HTTP Request: POST http://localhost:2026/v1/chat/completions "HTTP/1.1 200 OK"
2026-05-01 14:50:13,334 [INFO] [3140/3987] id=openseek-3-2b66ec5f8 GT=[24, 532, 274, 406, 580, 16, 60] ✅ (2480ch, attempts=1, 15.9s)
2026-05-01 14:50:14,107 [INFO] HTTP Request: POST http://localhost:2026/v1/chat/completions "HTTP/1.1 200 OK"
2026-05-01 14:50:14,108 [INFO] [3141/3987] id=openseek-3-8a9561adb GT=[22, 66, 37, 95, 78, 25, 92, 17, 91] ✅ (3228ch, attempts=1, 19.3s)
2026-05-01 14:50:19,288 [INFO] HTTP Request: POST http://localhost:2026/v1/chat/completions "HTTP/1.1 200 OK"
2026-05-01 14:50:19,290 [INFO] [3142/3987] id=openseek-3-1af755773 GT=[61, 94, 20] ✅ (2141ch, attempts=1, 10.6s)
2026-05-01 14:50:24,543 [INFO] HTTP Request: POST http://localhost:2026/v1/chat/completions "HTTP/1.1 200 OK"
2026-05-01 14:50:24,544 [INFO] [3143/3987] id=openseek-3-c3f2bf843 GT=[63, 31, 32, 46] ✅ (1962ch, attempts=1, 10.4s)
2026-05-01 14:50:28,480 [INFO] HTTP Request: POST http://localhost:2026/v1/chat/completions "HTTP/1.1 200 OK"
2026-05-01 14:50:28,481 [INFO] [3144/3987] id=openseek-3-ffea8767c GT=[62, 38, 29, 92, 130, 130, 4] ✅ (2659ch, attempts=1, 15.1s)
2026-05-01 14:50:32,182 [INFO] HTTP Request: POST http://localhost:2026/v1/chat/completions "HTTP/1.1 200 OK"
2026-05-01 14:50:32,183 [INFO] [3145/3987] id=openseek-3-803e333be GT=[47, 91] ✅ (1564ch, attempts=1, 7.6s)
2026-05-01 14:50:34,156 [INFO] HTTP Request: POST http://localhost:2026/v1/chat/completions "HTTP/1.1 200 OK"
2026-05-01 14:50:34,157 [INFO] [3146/3987] id=openseek-3-e5ec0434f GT=[12, 89, 64, 568, 28] ✅ (2613ch, attempts=1, 14.9s)
2026-05-01 14:50:42,480 [INFO] HTTP Request: POST http://localhost:2026/v1/chat/completions "HTTP/1.1 200 OK"
2026-05-01 14:50:42,481 [INFO] [3147/3987] id=openseek-3-1055bad65 GT=[27, 328, 62, 466, 76, 60] ✅ (2292ch, attempts=1, 14.0s)
2026-05-01 14:50:50,321 [INFO] HTTP Request: POST http://localhost:2026/v1/chat/completions "HTTP/1.1 200 OK"
2026-05-01 14:50:50,322 [INFO] [3148/3987] id=openseek-3-dba6d529e GT=[96, 34, 79, 36, 86, 99, 142] ✅ (2655ch, attempts=1, 16.2s)
2026-05-01 14:50:51,721 [INFO] HTTP Request: POST http://localhost:2026/v1/chat/completions "HTTP/1.1 200 OK"
2026-05-01 14:50:51,723 [INFO] [3149/3987] id=openseek-3-38b0879d7 GT=[166, 22, 64, 412, 68, 388, 97, 472] ✅ (3162ch, attempts=1, 19.5s)
2026-05-01 14:51:01,691 [INFO] HTTP Request: POST http://localhost:2026/v1/chat/completions "HTTP/1.1 200 OK"
2026-05-01 14:51:01,692 [INFO] [3150/3987] id=openseek-3-2d95346a5 GT=[16, 40, 460, 90, 75, 70, 424] ✅ (2864ch, attempts=1, 19.2s)
2026-05-01 14:51:01,865 [INFO]   💾 已保存 (成功=3150 验证通过=3150 降级=0) | 4.6s/条均值 | ETA=65min
2026-05-01 14:51:02,321 [INFO] HTTP Request: POST http://localhost:2026/v1/chat/completions "HTTP/1.1 200 OK"
2026-05-01 14:51:02,322 [INFO] [3151/3987] id=openseek-3-5ab792562 GT=[598, 82, 49, 31] ✅ (2278ch, attempts=1, 12.0s)
2026-05-01 14:51:03,041 [INFO] HTTP Request: POST http://localhost:2026/v1/chat/completions "HTTP/1.1 200 OK"
2026-05-01 14:51:03,043 [INFO] [3152/3987] id=openseek-3-58459dea7 GT=[580, 334, 55, 118, 202] ✅ (1731ch, attempts=1, 11.3s)
2026-05-01 14:51:14,983 [INFO] HTTP Request: POST http://localhost:2026/v1/chat/completions "HTTP/1.1 200 OK"
2026-05-01 14:51:14,985 [INFO] [3153/3987] id=openseek-3-5cfc85547 GT=[51, 352, 28, 80] ✅ (2199ch, attempts=1, 11.9s)
2026-05-01 14:51:16,539 [INFO] HTTP Request: POST http://localhost:2026/v1/chat/completions "HTTP/1.1 200 OK"
2026-05-01 14:51:16,540 [INFO] [3154/3987] id=openseek-3-57382140f GT=[142, 160, 562, 94, 436] ✅ (2143ch, attempts=1, 14.2s)
2026-05-01 14:51:19,583 [INFO] HTTP Request: POST http://localhost:2026/v1/chat/completions "HTTP/1.1 200 OK"
2026-05-01 14:51:19,584 [INFO] [3155/3987] id=openseek-3-5b3d1f352 GT=[520, 472, 86, 88, 21, 29, 86, 514, 454] ✅ (2691ch, attempts=1, 17.9s)
2026-05-01 14:51:30,896 [INFO] HTTP Request: POST http://localhost:2026/v1/chat/completions "HTTP/1.1 200 OK"
2026-05-01 14:51:30,897 [INFO] [3156/3987] id=openseek-3-d2d8c686e GT=[80, 4, 304, 89, 502, 55, 22] ✅ (2572ch, attempts=1, 15.9s)
2026-05-01 14:51:31,831 [INFO] HTTP Request: POST http://localhost:2026/v1/chat/completions "HTTP/1.1 200 OK"
2026-05-01 14:51:31,832 [INFO] [3157/3987] id=openseek-3-6217b5499 GT=[47, 178, 190] ✅ (2295ch, attempts=1, 12.2s)
2026-05-01 14:51:38,816 [INFO] HTTP Request: POST http://localhost:2026/v1/chat/completions "HTTP/1.1 200 OK"
2026-05-01 14:51:38,818 [INFO] [3158/3987] id=openseek-3-03d661941 GT=[448, 89, 30, 66, 292, 442, 124, 232] ✅ (3740ch, attempts=1, 22.3s)
2026-05-01 14:51:42,920 [INFO] HTTP Request: POST http://localhost:2026/v1/chat/completions "HTTP/1.1 200 OK"
2026-05-01 14:51:42,921 [INFO] [3159/3987] id=openseek-3-0a889263d GT=[562, 97, 40, 340, 142] ✅ (2133ch, attempts=1, 12.0s)
2026-05-01 14:51:47,491 [INFO] HTTP Request: POST http://localhost:2026/v1/chat/completions "HTTP/1.1 200 OK"
2026-05-01 14:51:47,492 [INFO] [3160/3987] id=openseek-3-324d4be8d GT=[30, 334, 406, 274, 63, 8, 1] ✅ (2323ch, attempts=1, 15.7s)
2026-05-01 14:51:48,442 [INFO] HTTP Request: POST http://localhost:2026/v1/chat/completions "HTTP/1.1 200 OK"
2026-05-01 14:51:48,443 [INFO] [3161/3987] id=openseek-3-8458d020d GT=[88, 208] ✅ (1926ch, attempts=1, 9.6s)
2026-05-01 14:51:54,538 [INFO] HTTP Request: POST http://localhost:2026/v1/chat/completions "HTTP/1.1 200 OK"
2026-05-01 14:51:54,539 [INFO] [3162/3987] id=openseek-3-c82030a3c GT=[89, 37, 8, 99, 496, 54, 96] ✅ (1982ch, attempts=1, 11.6s)
2026-05-01 14:52:02,290 [INFO] HTTP Request: POST http://localhost:2026/v1/chat/completions "HTTP/1.1 200 OK"
2026-05-01 14:52:02,292 [INFO] [3163/3987] id=openseek-3-03a056461 GT=[42, 298, 7, 39, 496, 59, 49, 70] ✅ (2330ch, attempts=1, 14.8s)
2026-05-01 14:52:04,029 [INFO] HTTP Request: POST http://localhost:2026/v1/chat/completions "HTTP/1.1 200 OK"
2026-05-01 14:52:04,030 [INFO] [3164/3987] id=openseek-3-7cb09a566 GT=[44, 38, 31, 16, 22, 97, 9, 38] ✅ (2761ch, attempts=1, 15.6s)
2026-05-01 14:52:14,836 [INFO] HTTP Request: POST http://localhost:2026/v1/chat/completions "HTTP/1.1 200 OK"
2026-05-01 14:52:14,838 [INFO] [3165/3987] id=openseek-3-a3ac4f4b1 GT=[346, 92, 10, 442, 95, 46] ✅ (4148ch, attempts=1, 20.3s)
2026-05-01 14:52:15,240 [INFO] HTTP Request: POST http://localhost:2026/v1/chat/completions "HTTP/1.1 200 OK"
2026-05-01 14:52:15,241 [INFO] [3166/3987] id=openseek-3-b75417391 GT=[62, 490, 112, 310] ✅ (2201ch, attempts=1, 12.9s)
2026-05-01 14:52:17,848 [INFO] HTTP Request: POST http://localhost:2026/v1/chat/completions "HTTP/1.1 200 OK"
2026-05-01 14:52:17,849 [INFO] [3167/3987] id=openseek-3-b722f5f93 GT=[9, 310, 298, 57, 14, 502] ✅ (2093ch, attempts=1, 13.8s)
2026-05-01 14:52:24,078 [INFO] HTTP Request: POST http://localhost:2026/v1/chat/completions "HTTP/1.1 200 OK"
2026-05-01 14:52:24,078 [INFO] HTTP Request: POST http://localhost:2026/v1/chat/completions "HTTP/1.1 200 OK"
2026-05-01 14:52:24,079 [INFO] [3168/3987] id=openseek-3-a2f2e4d9c GT=[99, 35, 78] ✅ (1907ch, attempts=1, 9.2s)
2026-05-01 14:52:24,080 [INFO] [3169/3987] id=openseek-3-f90a4f478 GT=[85, 172, 526] ✅ (1639ch, attempts=1, 8.8s)
2026-05-01 14:52:29,459 [INFO] HTTP Request: POST http://localhost:2026/v1/chat/completions "HTTP/1.1 200 OK"
2026-05-01 14:52:29,460 [INFO] [3170/3987] id=openseek-3-f8d678e0a GT=[5, 27, 52, 94] ✅ (2145ch, attempts=1, 11.6s)
2026-05-01 14:52:33,519 [INFO] HTTP Request: POST http://localhost:2026/v1/chat/completions "HTTP/1.1 200 OK"
2026-05-01 14:52:33,520 [INFO] [3171/3987] id=openseek-3-f886c1813 GT=[70, 550, 466, 56] ✅ (1615ch, attempts=1, 9.4s)
2026-05-01 14:52:35,470 [INFO] HTTP Request: POST http://localhost:2026/v1/chat/completions "HTTP/1.1 200 OK"
2026-05-01 14:52:35,471 [INFO] [3172/3987] id=openseek-3-53c4b660c GT=[95, 37, 58, 62, 19] ✅ (1916ch, attempts=1, 11.4s)
2026-05-01 14:52:41,784 [INFO] HTTP Request: POST http://localhost:2026/v1/chat/completions "HTTP/1.1 200 OK"
2026-05-01 14:52:41,785 [INFO] [3173/3987] id=openseek-3-3a65797fb GT=[28, 66, 82, 574, 40, 36] ✅ (1955ch, attempts=1, 12.3s)
2026-05-01 14:52:48,244 [INFO] HTTP Request: POST http://localhost:2026/v1/chat/completions "HTTP/1.1 200 OK"
2026-05-01 14:52:48,245 [INFO] [3174/3987] id=openseek-3-16cfabe43 GT=[124, 274, 80, 20, 70] ✅ (2447ch, attempts=1, 14.7s)
2026-05-01 14:52:50,524 [INFO] HTTP Request: POST http://localhost:2026/v1/chat/completions "HTTP/1.1 200 OK"
2026-05-01 14:52:50,526 [INFO] [3175/3987] id=openseek-3-ade8680be GT=[292, 23, 14, 68, 73, 67, 8, 70] ✅ (2536ch, attempts=1, 15.1s)
2026-05-01 14:52:55,667 [INFO] HTTP Request: POST http://localhost:2026/v1/chat/completions "HTTP/1.1 200 OK"
2026-05-01 14:52:55,668 [INFO] [3176/3987] id=openseek-3-942e17dcc GT=[23, 442, 21, 358, 67, 20] ✅ (2228ch, attempts=1, 13.9s)
2026-05-01 14:52:56,622 [INFO] HTTP Request: POST http://localhost:2026/v1/chat/completions "HTTP/1.1 200 OK"
2026-05-01 14:52:56,624 [INFO] [3177/3987] id=openseek-3-85564c894 GT=[82, 74, 382] ✅ (1565ch, attempts=1, 8.4s)
2026-05-01 14:53:02,486 [INFO] HTTP Request: POST http://localhost:2026/v1/chat/completions "HTTP/1.1 200 OK"
2026-05-01 14:53:02,487 [INFO] [3178/3987] id=openseek-3-87278c812 GT=[274, 94, 520, 6, 436] ✅ (1919ch, attempts=1, 12.0s)
2026-05-01 14:53:07,674 [INFO] HTTP Request: POST http://localhost:2026/v1/chat/completions "HTTP/1.1 200 OK"
2026-05-01 14:53:07,675 [INFO] [3179/3987] id=openseek-3-ceed3a084 GT=[16, 49, 268, 89] ✅ (2055ch, attempts=1, 12.0s)
2026-05-01 14:53:18,887 [INFO] HTTP Request: POST http://localhost:2026/v1/chat/completions "HTTP/1.1 200 OK"
2026-05-01 14:53:18,888 [INFO] [3180/3987] id=openseek-3-a35605491 GT=[286, 592, 40, 202, 61] ✅ (1815ch, attempts=1, 11.2s)
2026-05-01 14:53:20,286 [INFO] HTTP Request: POST http://localhost:2026/v1/chat/completions "HTTP/1.1 200 OK"
2026-05-01 14:53:20,287 [INFO] [3181/3987] id=openseek-3-6ab5b0c38 GT=[580, 50, 148, 42, 448, 232, 71, 77, 220 ✅ (3705ch, attempts=1, 23.7s)
2026-05-01 14:53:23,745 [INFO] HTTP Request: POST http://localhost:2026/v1/chat/completions "HTTP/1.1 200 OK"
2026-05-01 14:53:23,746 [INFO] [3182/3987] id=openseek-3-1292d5512 GT=[14, 66, 502, 28, 71, 63, 48, 580] ✅ (3459ch, attempts=1, 21.3s)
2026-05-01 14:53:27,339 [INFO] HTTP Request: POST http://localhost:2026/v1/chat/completions "HTTP/1.1 200 OK"
2026-05-01 14:53:27,340 [INFO] [3183/3987] id=openseek-3-0c71ea34e GT=[232, 9] ✅ (1683ch, attempts=1, 8.5s)
2026-05-01 14:53:35,320 [INFO] HTTP Request: POST http://localhost:2026/v1/chat/completions "HTTP/1.1 200 OK"
2026-05-01 14:53:35,321 [INFO] [3184/3987] id=openseek-3-1a4b63144 GT=[32, 484, 220, 490] ✅ (2481ch, attempts=1, 15.0s)
2026-05-01 14:53:35,929 [INFO] HTTP Request: POST http://localhost:2026/v1/chat/completions "HTTP/1.1 200 OK"
2026-05-01 14:53:35,930 [INFO] [3185/3987] id=openseek-3-cff133fa8 GT=[55, 154, 51, 45, 9] ✅ (1482ch, attempts=1, 8.6s)
2026-05-01 14:53:43,081 [INFO] HTTP Request: POST http://localhost:2026/v1/chat/completions "HTTP/1.1 200 OK"
2026-05-01 14:53:43,082 [INFO] [3186/3987] id=openseek-3-cd564dfc0 GT=[3, 64, 86, 358, 96, 316, 442, 43, 82] ✅ (3116ch, attempts=1, 19.3s)
2026-05-01 14:53:47,699 [INFO] HTTP Request: POST http://localhost:2026/v1/chat/completions "HTTP/1.1 200 OK"
2026-05-01 14:53:47,700 [INFO] [3187/3987] id=openseek-3-88927de94 GT=[30, 37, 51, 9, 34, 82] ✅ (2067ch, attempts=1, 12.4s)
2026-05-01 14:53:58,065 [INFO] HTTP Request: POST http://localhost:2026/v1/chat/completions "HTTP/1.1 200 OK"
2026-05-01 14:53:58,066 [INFO] [3188/3987] id=openseek-3-64fe0a59b GT=[502, 580, 130, 76, 6, 41, 93, 322] ✅ (3519ch, attempts=1, 22.1s)
2026-05-01 14:53:59,883 [INFO] HTTP Request: POST http://localhost:2026/v1/chat/completions "HTTP/1.1 200 OK"
2026-05-01 14:53:59,885 [INFO] [3189/3987] id=openseek-3-e078fb654 GT=[51, 562, 9, 3, 19] ✅ (2067ch, attempts=1, 12.2s)
2026-05-01 14:53:59,956 [INFO] HTTP Request: POST http://localhost:2026/v1/chat/completions "HTTP/1.1 200 OK"
2026-05-01 14:53:59,957 [INFO] [3190/3987] id=openseek-3-39d68870a GT=[484, 268, 53, 100, 154, 61, 28] ✅ (2786ch, attempts=1, 16.9s)
2026-05-01 14:54:08,363 [INFO] HTTP Request: POST http://localhost:2026/v1/chat/completions "HTTP/1.1 200 OK"
2026-05-01 14:54:08,364 [INFO] [3191/3987] id=openseek-3-29a14c9b0 GT=[220, 11, 96] ✅ (1886ch, attempts=1, 10.3s)
2026-05-01 14:54:10,104 [INFO] HTTP Request: POST http://localhost:2026/v1/chat/completions "HTTP/1.1 200 OK"
2026-05-01 14:54:10,105 [INFO] [3192/3987] id=openseek-3-c77e78eda GT=[340, 53, 130, 16, 112] ✅ (1623ch, attempts=1, 10.1s)
2026-05-01 14:54:12,144 [INFO] HTTP Request: POST http://localhost:2026/v1/chat/completions "HTTP/1.1 200 OK"
2026-05-01 14:54:12,145 [INFO] [3193/3987] id=openseek-3-bc6c9ea34 GT=[94, 472, 59, 244, 118, 232, 29] ✅ (1834ch, attempts=1, 12.3s)
2026-05-01 14:54:18,793 [INFO] HTTP Request: POST http://localhost:2026/v1/chat/completions "HTTP/1.1 200 OK"
2026-05-01 14:54:18,794 [INFO] [3194/3987] id=openseek-3-b8a66eebd GT=[454, 574] ✅ (1578ch, attempts=1, 8.7s)
2026-05-01 14:54:21,452 [INFO] HTTP Request: POST http://localhost:2026/v1/chat/completions "HTTP/1.1 200 OK"
2026-05-01 14:54:21,453 [INFO] [3195/3987] id=openseek-3-446883465 GT=[10, 49, 142, 94, 73, 63, 89] ✅ (2084ch, attempts=1, 13.1s)
2026-05-01 14:54:31,540 [INFO] HTTP Request: POST http://localhost:2026/v1/chat/completions "HTTP/1.1 200 OK"
2026-05-01 14:54:31,541 [INFO] [3196/3987] id=openseek-3-c5a9f4bdf GT=[568, 124, 18, 59, 304, 538, 12, 56, 90] ✅ (2905ch, attempts=1, 19.4s)
2026-05-01 14:54:32,989 [INFO] HTTP Request: POST http://localhost:2026/v1/chat/completions "HTTP/1.1 200 OK"
2026-05-01 14:54:32,990 [INFO] [3197/3987] id=openseek-3-d48033157 GT=[5, 472, 95, 118] ✅ (2607ch, attempts=1, 14.2s)
2026-05-01 14:54:42,348 [INFO] HTTP Request: POST http://localhost:2026/v1/chat/completions "HTTP/1.1 200 OK"
2026-05-01 14:54:42,349 [INFO] [3198/3987] id=openseek-3-c6c74a4f9 GT=[23, 32, 60, 520] ✅ (1662ch, attempts=1, 9.4s)
2026-05-01 14:54:43,288 [INFO] HTTP Request: POST http://localhost:2026/v1/chat/completions "HTTP/1.1 200 OK"
2026-05-01 14:54:43,290 [INFO] [3199/3987] id=openseek-3-3688ae68c GT=[496, 28, 136, 184, 346, 71, 4, 79, 99] ✅ (3506ch, attempts=1, 21.8s)
2026-05-01 14:54:46,068 [INFO] HTTP Request: POST http://localhost:2026/v1/chat/completions "HTTP/1.1 200 OK"
2026-05-01 14:54:46,069 [INFO] [3200/3987] id=openseek-3-12fa61a9a GT=[1, 31, 112, 13, 64, 178, 34, 97] ✅ (2317ch, attempts=1, 14.5s)
2026-05-01 14:54:46,238 [INFO]   💾 已保存 (成功=3200 验证通过=3200 降级=0) | 4.6s/条均值 | ETA=61min
2026-05-01 14:54:54,106 [INFO] HTTP Request: POST http://localhost:2026/v1/chat/completions "HTTP/1.1 200 OK"
2026-05-01 14:54:54,107 [INFO] [3201/3987] id=openseek-3-5c4c7028f GT=[4, 43, 238, 75] ✅ (1890ch, attempts=1, 10.8s)
2026-05-01 14:55:01,363 [INFO] HTTP Request: POST http://localhost:2026/v1/chat/completions "HTTP/1.1 200 OK"
2026-05-01 14:55:01,364 [INFO] [3202/3987] id=openseek-3-364c5f716 GT=[538, 96, 340, 460, 430, 16, 24] ✅ (2432ch, attempts=1, 15.3s)
2026-05-01 14:55:04,041 [INFO] HTTP Request: POST http://localhost:2026/v1/chat/completions "HTTP/1.1 200 OK"
2026-05-01 14:55:04,042 [INFO] [3203/3987] id=openseek-3-e94132c93 GT=[130, 484, 424, 46, 244, 148, 10, 79, 56 ✅ (3140ch, attempts=1, 21.7s)
2026-05-01 14:55:07,926 [INFO] HTTP Request: POST http://localhost:2026/v1/chat/completions "HTTP/1.1 200 OK"
2026-05-01 14:55:07,927 [INFO] [3204/3987] id=openseek-3-5b2ea2c6b GT=[53, 472, 118, 74, 36, 61] ✅ (2261ch, attempts=1, 13.8s)
2026-05-01 14:55:16,647 [INFO] HTTP Request: POST http://localhost:2026/v1/chat/completions "HTTP/1.1 200 OK"
2026-05-01 14:55:16,649 [INFO] [3205/3987] id=openseek-3-c164217f8 GT=[208, 56, 63, 502] ✅ (2160ch, attempts=1, 12.6s)
2026-05-01 14:55:16,721 [INFO] HTTP Request: POST http://localhost:2026/v1/chat/completions "HTTP/1.1 200 OK"
2026-05-01 14:55:16,722 [INFO] [3206/3987] id=openseek-3-6a423f776 GT=[78, 67, 25, 568, 388, 196, 304] ✅ (2358ch, attempts=1, 15.4s)
2026-05-01 14:55:23,865 [INFO] HTTP Request: POST http://localhost:2026/v1/chat/completions "HTTP/1.1 200 OK"
2026-05-01 14:55:23,866 [INFO] [3207/3987] id=openseek-3-c5ffe1a7e GT=[4, 154] ✅ (1459ch, attempts=1, 7.1s)
2026-05-01 14:55:28,706 [INFO] HTTP Request: POST http://localhost:2026/v1/chat/completions "HTTP/1.1 200 OK"
2026-05-01 14:55:28,707 [INFO] [3208/3987] id=openseek-3-88befaea5 GT=[72, 19, 28, 53, 454, 412, 68, 57] ✅ (3204ch, attempts=1, 20.8s)
2026-05-01 14:55:35,078 [INFO] HTTP Request: POST http://localhost:2026/v1/chat/completions "HTTP/1.1 200 OK"
2026-05-01 14:55:35,079 [INFO] [3209/3987] id=openseek-3-ea3ea8502 GT=[5, 256, 316, 184, 190, 97, 69, 70] ✅ (2820ch, attempts=1, 18.4s)
2026-05-01 14:55:36,161 [INFO] HTTP Request: POST http://localhost:2026/v1/chat/completions "HTTP/1.1 200 OK"
2026-05-01 14:55:36,162 [INFO] [3210/3987] id=openseek-3-bf07a87db GT=[62, 232, 334, 84, 17, 88] ✅ (1863ch, attempts=1, 12.3s)
2026-05-01 14:55:46,361 [INFO] HTTP Request: POST http://localhost:2026/v1/chat/completions "HTTP/1.1 200 OK"
2026-05-01 14:55:46,362 [INFO] [3211/3987] id=openseek-3-7baada2e7 GT=[72, 17, 220, 70, 28, 520, 22] ✅ (2947ch, attempts=1, 17.7s)
2026-05-01 14:55:47,039 [INFO] HTTP Request: POST http://localhost:2026/v1/chat/completions "HTTP/1.1 200 OK"
2026-05-01 14:55:47,041 [INFO] [3212/3987] id=openseek-3-a5e001a6b GT=[454, 226, 70, 76, 19] ✅ (1919ch, attempts=1, 12.0s)
2026-05-01 14:55:48,538 [INFO] HTTP Request: POST http://localhost:2026/v1/chat/completions "HTTP/1.1 200 OK"
2026-05-01 14:55:48,539 [INFO] [3213/3987] id=openseek-3-ce51814ec GT=[322, 26, 526, 64, 55, 358] ✅ (1978ch, attempts=1, 12.4s)
2026-05-01 14:55:56,913 [INFO] HTTP Request: POST http://localhost:2026/v1/chat/completions "HTTP/1.1 200 OK"
2026-05-01 14:55:56,914 [INFO] [3214/3987] id=openseek-3-b26616d8c GT=[1, 53, 256] ✅ (1693ch, attempts=1, 8.4s)
2026-05-01 14:55:59,861 [INFO] HTTP Request: POST http://localhost:2026/v1/chat/completions "HTTP/1.1 200 OK"
2026-05-01 14:55:59,862 [INFO] [3215/3987] id=openseek-3-cc58620da GT=[35, 532, 586, 71, 12, 172] ✅ (2341ch, attempts=1, 13.5s)
2026-05-01 14:56:05,765 [INFO] HTTP Request: POST http://localhost:2026/v1/chat/completions "HTTP/1.1 200 OK"
2026-05-01 14:56:05,767 [INFO] [3216/3987] id=openseek-3-097e44ad2 GT=[32, 472, 59, 88, 42, 406, 556, 100] ✅ (2948ch, attempts=1, 18.7s)
2026-05-01 14:56:08,735 [INFO] HTTP Request: POST http://localhost:2026/v1/chat/completions "HTTP/1.1 200 OK"
2026-05-01 14:56:08,736 [INFO] [3217/3987] id=openseek-3-9d12624ad GT=[60, 262] ✅ (1890ch, attempts=1, 8.9s)
2026-05-01 14:56:14,493 [INFO] HTTP Request: POST http://localhost:2026/v1/chat/completions "HTTP/1.1 200 OK"
2026-05-01 14:56:14,494 [INFO] [3218/3987] id=openseek-3-228b78452 GT=[520, 3, 478, 65, 88, 94, 68, 298, 7] ✅ (2864ch, attempts=1, 17.6s)
2026-05-01 14:56:24,216 [INFO] HTTP Request: POST http://localhost:2026/v1/chat/completions "HTTP/1.1 200 OK"
2026-05-01 14:56:24,217 [INFO] [3219/3987] id=openseek-3-3e5a3bfd7 GT=[25, 598, 4, 10, 238, 130, 88, 10, 328] ✅ (2880ch, attempts=1, 18.5s)
2026-05-01 14:56:26,646 [INFO] HTTP Request: POST http://localhost:2026/v1/chat/completions "HTTP/1.1 200 OK"
2026-05-01 14:56:26,647 [INFO] [3220/3987] id=openseek-3-21c16a35f GT=[71, 418, 64, 40, 214, 136, 454, 2, 79] ✅ (2624ch, attempts=1, 17.9s)
2026-05-01 14:56:31,943 [INFO] HTTP Request: POST http://localhost:2026/v1/chat/completions "HTTP/1.1 200 OK"
2026-05-01 14:56:31,944 [INFO] [3221/3987] id=openseek-3-d815ae895 GT=[25, 424, 5, 346, 68, 238, 154] ✅ (2753ch, attempts=1, 17.4s)
2026-05-01 14:56:34,390 [INFO] HTTP Request: POST http://localhost:2026/v1/chat/completions "HTTP/1.1 200 OK"
2026-05-01 14:56:34,392 [INFO] [3222/3987] id=openseek-3-36192d302 GT=[394, 58, 238, 250, 70] ✅ (1606ch, attempts=1, 10.2s)
2026-05-01 14:56:38,111 [INFO] HTTP Request: POST http://localhost:2026/v1/chat/completions "HTTP/1.1 200 OK"
2026-05-01 14:56:38,304 [INFO] [3223/3987] id=openseek-3-3cb79ee26 GT=[72, 574, 68, 400] ✅ (1995ch, attempts=1, 11.7s)
2026-05-01 14:56:42,549 [INFO] HTTP Request: POST http://localhost:2026/v1/chat/completions "HTTP/1.1 200 OK"
2026-05-01 14:56:42,551 [INFO] [3224/3987] id=openseek-3-3526a7699 GT=[400, 88, 44] ✅ (1592ch, attempts=1, 8.2s)
2026-05-01 14:56:46,426 [INFO] HTTP Request: POST http://localhost:2026/v1/chat/completions "HTTP/1.1 200 OK"
2026-05-01 14:56:46,427 [INFO] [3225/3987] id=openseek-3-6d2db726e GT=[39, 24, 22, 93] ✅ (1464ch, attempts=1, 8.1s)
2026-05-01 14:56:49,228 [INFO] HTTP Request: POST http://localhost:2026/v1/chat/completions "HTTP/1.1 200 OK"
2026-05-01 14:56:49,229 [INFO] [3226/3987] id=openseek-3-9639cd857 GT=[232, 99, 25, 70, 532, 508, 46] ✅ (2771ch, attempts=1, 17.3s)
2026-05-01 14:56:58,954 [INFO] HTTP Request: POST http://localhost:2026/v1/chat/completions "HTTP/1.1 200 OK"
2026-05-01 14:56:58,956 [INFO] [3227/3987] id=openseek-3-5b8ca141b GT=[62, 10, 238, 226, 22, 57, 202, 16, 448] ✅ (2492ch, attempts=1, 16.4s)
2026-05-01 14:57:04,974 [INFO] HTTP Request: POST http://localhost:2026/v1/chat/completions "HTTP/1.1 200 OK"
2026-05-01 14:57:04,975 [INFO] [3228/3987] id=openseek-3-59ba13316 GT=[99, 97, 460, 86, 69, 70, 11, 46, 382] ✅ (2785ch, attempts=1, 18.5s)
2026-05-01 14:57:06,086 [INFO] HTTP Request: POST http://localhost:2026/v1/chat/completions "HTTP/1.1 200 OK"
2026-05-01 14:57:06,087 [INFO] [3229/3987] id=openseek-3-f5bebb9b6 GT=[21, 472, 7, 54, 220, 68, 69] ✅ (2744ch, attempts=1, 16.9s)
2026-05-01 14:57:12,682 [INFO] HTTP Request: POST http://localhost:2026/v1/chat/completions "HTTP/1.1 200 OK"
2026-05-01 14:57:12,683 [INFO] [3230/3987] id=openseek-3-45900c3e3 GT=[430, 280, 30, 26] ✅ (2674ch, attempts=1, 13.7s)
2026-05-01 14:57:13,127 [INFO] HTTP Request: POST http://localhost:2026/v1/chat/completions "HTTP/1.1 200 OK"
2026-05-01 14:57:13,128 [INFO] [3231/3987] id=openseek-3-d14f85d9e GT=[42, 81, 14, 66] ✅ (1287ch, attempts=1, 7.0s)
2026-05-01 14:57:21,070 [INFO] HTTP Request: POST http://localhost:2026/v1/chat/completions "HTTP/1.1 200 OK"
2026-05-01 14:57:21,071 [INFO] [3232/3987] id=openseek-3-bd362972d GT=[298, 304, 41, 38, 99, 106] ✅ (2665ch, attempts=1, 16.1s)
2026-05-01 14:57:22,138 [INFO] HTTP Request: POST http://localhost:2026/v1/chat/completions "HTTP/1.1 200 OK"
2026-05-01 14:57:22,140 [INFO] [3233/3987] id=openseek-3-c4aef06c1 GT=[94, 160] ✅ (1914ch, attempts=1, 9.5s)
2026-05-01 14:57:31,045 [INFO] HTTP Request: POST http://localhost:2026/v1/chat/completions "HTTP/1.1 200 OK"
2026-05-01 14:57:31,046 [INFO] [3234/3987] id=openseek-3-20c1aafbc GT=[3, 286, 100, 310, 74] ✅ (1524ch, attempts=1, 10.0s)
2026-05-01 14:57:35,148 [INFO] HTTP Request: POST http://localhost:2026/v1/chat/completions "HTTP/1.1 200 OK"
2026-05-01 14:57:35,149 [INFO] [3235/3987] id=openseek-3-dcb840c5b GT=[322, 78, 448, 340, 40, 184, 62, 550] ✅ (3389ch, attempts=1, 22.0s)
2026-05-01 14:57:41,166 [INFO] HTTP Request: POST http://localhost:2026/v1/chat/completions "HTTP/1.1 200 OK"
2026-05-01 14:57:41,167 [INFO] [3236/3987] id=openseek-3-1866e02e5 GT=[64, 472, 38, 66, 502, 586, 430, 59, 400 ✅ (2778ch, attempts=1, 19.0s)
2026-05-01 14:57:46,108 [INFO] HTTP Request: POST http://localhost:2026/v1/chat/completions "HTTP/1.1 200 OK"
2026-05-01 14:57:46,109 [INFO] [3237/3987] id=openseek-3-66e103576 GT=[2, 490, 97, 59, 96] ✅ (1844ch, attempts=1, 11.0s)
2026-05-01 14:57:52,009 [INFO] HTTP Request: POST http://localhost:2026/v1/chat/completions "HTTP/1.1 200 OK"
2026-05-01 14:57:52,010 [INFO] [3238/3987] id=openseek-3-35384f84d GT=[74, 130, 43, 73, 520, 22, 286, 298] ✅ (3399ch, attempts=1, 21.0s)
2026-05-01 14:57:52,513 [INFO] HTTP Request: POST http://localhost:2026/v1/chat/completions "HTTP/1.1 200 OK"
2026-05-01 14:57:52,514 [INFO] [3239/3987] id=openseek-3-12f46f122 GT=[69, 526, 430] ✅ (2095ch, attempts=1, 11.3s)
2026-05-01 14:57:54,142 [INFO] HTTP Request: POST http://localhost:2026/v1/chat/completions "HTTP/1.1 200 OK"
2026-05-01 14:57:54,143 [INFO] [3240/3987] id=openseek-3-927bb1e7a GT=[83, 83] ✅ (1807ch, attempts=1, 8.0s)
2026-05-01 14:58:01,799 [INFO] HTTP Request: POST http://localhost:2026/v1/chat/completions "HTTP/1.1 200 OK"
2026-05-01 14:58:01,800 [INFO] [3241/3987] id=openseek-3-e7092da9d GT=[394, 11, 28] ✅ (1979ch, attempts=1, 9.8s)
2026-05-01 14:58:11,562 [INFO] HTTP Request: POST http://localhost:2026/v1/chat/completions "HTTP/1.1 200 OK"
2026-05-01 14:58:11,564 [INFO] [3242/3987] id=openseek-3-3ae9b9fd8 GT=[91, 21, 112, 340, 352, 61, 97, 8, 34] ✅ (2864ch, attempts=1, 19.0s)
2026-05-01 14:58:12,307 [INFO] HTTP Request: POST http://localhost:2026/v1/chat/completions "HTTP/1.1 200 OK"
2026-05-01 14:58:12,309 [INFO] [3243/3987] id=openseek-3-00840a504 GT=[89, 478, 73, 45, 244, 28, 244, 190] ✅ (2841ch, attempts=1, 18.2s)
2026-05-01 14:58:19,367 [INFO] HTTP Request: POST http://localhost:2026/v1/chat/completions "HTTP/1.1 200 OK"
2026-05-01 14:58:19,368 [INFO] [3244/3987] id=openseek-3-c22eca539 GT=[136, 29, 48, 256, 15, 6, 298, 17] ✅ (2762ch, attempts=1, 17.6s)
2026-05-01 14:58:25,628 [INFO] HTTP Request: POST http://localhost:2026/v1/chat/completions "HTTP/1.1 200 OK"
2026-05-01 14:58:25,630 [INFO] [3245/3987] id=openseek-3-27f7b043e GT=[592, 190, 40, 41, 87, 16, 232] ✅ (2218ch, attempts=1, 14.1s)
2026-05-01 14:58:28,411 [INFO] HTTP Request: POST http://localhost:2026/v1/chat/completions "HTTP/1.1 200 OK"
2026-05-01 14:58:28,412 [INFO] [3246/3987] id=openseek-3-bd96d818c GT=[62, 98, 130, 35, 340, 46, 43] ✅ (2646ch, attempts=1, 16.1s)
2026-05-01 14:58:29,454 [INFO] HTTP Request: POST http://localhost:2026/v1/chat/completions "HTTP/1.1 200 OK"
2026-05-01 14:58:29,455 [INFO] [3247/3987] id=openseek-3-01556d178 GT=[304, 43, 7, 69] ✅ (1824ch, attempts=1, 10.1s)
2026-05-01 14:58:36,159 [INFO] HTTP Request: POST http://localhost:2026/v1/chat/completions "HTTP/1.1 200 OK"
2026-05-01 14:58:36,160 [INFO] [3248/3987] id=openseek-3-7a2b4f359 GT=[27, 328, 93, 85] ✅ (1837ch, attempts=1, 10.5s)
2026-05-01 14:58:37,765 [INFO] HTTP Request: POST http://localhost:2026/v1/chat/completions "HTTP/1.1 200 OK"
2026-05-01 14:58:37,766 [INFO] [3249/3987] id=openseek-3-aafa08fae GT=[31, 44] ✅ (2143ch, attempts=1, 9.4s)
2026-05-01 14:58:38,318 [INFO] HTTP Request: POST http://localhost:2026/v1/chat/completions "HTTP/1.1 200 OK"
2026-05-01 14:58:38,319 [INFO] [3250/3987] id=openseek-3-7d06005e5 GT=[45, 66, 346] ✅ (1806ch, attempts=1, 8.9s)
2026-05-01 14:58:38,490 [INFO]   💾 已保存 (成功=3250 验证通过=3250 降级=0) | 4.6s/条均值 | ETA=57min
2026-05-01 14:58:49,644 [INFO] HTTP Request: POST http://localhost:2026/v1/chat/completions "HTTP/1.1 200 OK"
2026-05-01 14:58:49,645 [INFO] [3251/3987] id=openseek-3-c0c95ab26 GT=[12, 69, 238, 274, 24] ✅ (1850ch, attempts=1, 11.3s)
2026-05-01 14:58:55,280 [INFO] HTTP Request: POST http://localhost:2026/v1/chat/completions "HTTP/1.1 200 OK"
2026-05-01 14:58:55,281 [INFO] [3252/3987] id=openseek-3-feefd2f34 GT=[94, 574, 232, 68, 67, 448, 508, 65] ✅ (2752ch, attempts=1, 17.5s)
2026-05-01 14:58:56,019 [INFO] HTTP Request: POST http://localhost:2026/v1/chat/completions "HTTP/1.1 200 OK"
2026-05-01 14:58:56,021 [INFO] [3253/3987] id=openseek-3-1287511ce GT=[23, 31, 57, 38, 30, 53, 262, 502] ✅ (3167ch, attempts=1, 19.9s)
2026-05-01 14:59:00,597 [INFO] HTTP Request: POST http://localhost:2026/v1/chat/completions "HTTP/1.1 200 OK"
2026-05-01 14:59:00,598 [INFO] [3254/3987] id=openseek-3-b61be3362 GT=[3, 33, 52] ✅ (2381ch, attempts=1, 11.0s)
2026-05-01 14:59:05,005 [INFO] HTTP Request: POST http://localhost:2026/v1/chat/completions "HTTP/1.1 200 OK"
2026-05-01 14:59:05,006 [INFO] [3255/3987] id=openseek-3-63a0fa39e GT=[130, 52, 130, 250] ✅ (1655ch, attempts=1, 9.7s)
2026-05-01 14:59:13,611 [INFO] HTTP Request: POST http://localhost:2026/v1/chat/completions "HTTP/1.1 200 OK"
2026-05-01 14:59:13,613 [INFO] [3256/3987] id=openseek-3-2e552aaed GT=[73, 118, 74, 80, 60, 28, 400, 76] ✅ (2765ch, attempts=1, 17.6s)
2026-05-01 14:59:18,257 [INFO] HTTP Request: POST http://localhost:2026/v1/chat/completions "HTTP/1.1 200 OK"
2026-05-01 14:59:18,258 [INFO] [3257/3987] id=openseek-3-46d55f047 GT=[484, 298, 526, 18, 46, 41, 16] ✅ (1993ch, attempts=1, 13.3s)
2026-05-01 14:59:20,974 [INFO] HTTP Request: POST http://localhost:2026/v1/chat/completions "HTTP/1.1 200 OK"
2026-05-01 14:59:20,976 [INFO] [3258/3987] id=openseek-3-52eaae0ae GT=[84, 13, 54, 86, 57, 10, 292] ✅ (3285ch, attempts=1, 20.4s)
2026-05-01 14:59:27,158 [INFO] HTTP Request: POST http://localhost:2026/v1/chat/completions "HTTP/1.1 200 OK"
2026-05-01 14:59:27,159 [INFO] [3259/3987] id=openseek-3-a8efd79e9 GT=[98, 31, 85, 93, 124] ✅ (2370ch, attempts=1, 13.5s)
2026-05-01 14:59:31,303 [INFO] HTTP Request: POST http://localhost:2026/v1/chat/completions "HTTP/1.1 200 OK"
2026-05-01 14:59:31,304 [INFO] [3260/3987] id=openseek-3-271994441 GT=[52, 11, 598] ✅ (2573ch, attempts=1, 13.0s)
2026-05-01 14:59:34,948 [INFO] HTTP Request: POST http://localhost:2026/v1/chat/completions "HTTP/1.1 200 OK"
2026-05-01 14:59:34,949 [INFO] [3261/3987] id=openseek-3-8235c30f5 GT=[76, 550, 370, 81, 5, 10] ✅ (2181ch, attempts=1, 14.0s)
2026-05-01 14:59:40,018 [INFO] HTTP Request: POST http://localhost:2026/v1/chat/completions "HTTP/1.1 200 OK"
2026-05-01 14:59:40,020 [INFO] [3262/3987] id=openseek-3-226412b1e GT=[184, 99, 82, 86, 310] ✅ (2138ch, attempts=1, 12.9s)
2026-05-01 14:59:40,162 [INFO] HTTP Request: POST http://localhost:2026/v1/chat/completions "HTTP/1.1 200 OK"
2026-05-01 14:59:40,163 [INFO] [3263/3987] id=openseek-3-8716c0714 GT=[36, 18, 6] ✅ (1823ch, attempts=1, 8.9s)
2026-05-01 14:59:44,833 [INFO] HTTP Request: POST http://localhost:2026/v1/chat/completions "HTTP/1.1 200 OK"
2026-05-01 14:59:44,834 [INFO] [3264/3987] id=openseek-3-574974956 GT=[448, 352] ✅ (1991ch, attempts=1, 9.9s)
2026-05-01 14:59:47,711 [INFO] HTTP Request: POST http://localhost:2026/v1/chat/completions "HTTP/1.1 200 OK"
2026-05-01 14:59:47,712 [INFO] [3265/3987] id=openseek-3-7d0d300b6 GT=[376, 460] ✅ (1396ch, attempts=1, 7.5s)
2026-05-01 14:59:58,299 [INFO] HTTP Request: POST http://localhost:2026/v1/chat/completions "HTTP/1.1 200 OK"
2026-05-01 14:59:58,300 [INFO] [3266/3987] id=openseek-3-0a5d8da70 GT=[85, 51] ✅ (2369ch, attempts=1, 10.6s)
2026-05-01 15:00:00,899 [INFO] HTTP Request: POST http://localhost:2026/v1/chat/completions "HTTP/1.1 200 OK"
2026-05-01 15:00:00,900 [INFO] [3267/3987] id=openseek-3-e4c92f1bb GT=[436, 436, 346, 406, 100, 538, 28, 30] ✅ (3174ch, attempts=1, 20.9s)
2026-05-01 15:00:04,201 [INFO] HTTP Request: POST http://localhost:2026/v1/chat/completions "HTTP/1.1 200 OK"
2026-05-01 15:00:04,202 [INFO] [3268/3987] id=openseek-3-e4fa66fe6 GT=[92, 95, 256, 11, 17, 79, 526, 61, 586] ✅ (2987ch, attempts=1, 19.4s)
2026-05-01 15:00:12,050 [INFO] HTTP Request: POST http://localhost:2026/v1/chat/completions "HTTP/1.1 200 OK"
2026-05-01 15:00:12,051 [INFO] [3269/3987] id=openseek-3-3734901fd GT=[23, 7, 370, 42, 13] ✅ (1862ch, attempts=1, 11.2s)
2026-05-01 15:00:14,437 [INFO] HTTP Request: POST http://localhost:2026/v1/chat/completions "HTTP/1.1 200 OK"
2026-05-01 15:00:14,438 [INFO] [3270/3987] id=openseek-3-ac78f7505 GT=[574, 310, 15, 484, 49, 292, 16, 33] ✅ (2656ch, attempts=1, 16.1s)
2026-05-01 15:00:25,050 [INFO] HTTP Request: POST http://localhost:2026/v1/chat/completions "HTTP/1.1 200 OK"
2026-05-01 15:00:25,051 [INFO] [3271/3987] id=openseek-3-c5bf49679 GT=[73, 118, 96, 58, 598, 18, 298, 22, 13] ✅ (3393ch, attempts=1, 20.8s)
2026-05-01 15:00:27,485 [INFO] HTTP Request: POST http://localhost:2026/v1/chat/completions "HTTP/1.1 200 OK"
2026-05-01 15:00:27,487 [INFO] [3272/3987] id=openseek-3-0dcc09f75 GT=[100, 316, 21, 358, 226, 532] ✅ (2382ch, attempts=1, 15.4s)
2026-05-01 15:00:32,658 [INFO] HTTP Request: POST http://localhost:2026/v1/chat/completions "HTTP/1.1 200 OK"
2026-05-01 15:00:32,659 [INFO] [3273/3987] id=openseek-3-e5267a328 GT=[31, 580, 328, 4, 202, 502, 496] ✅ (2882ch, attempts=1, 18.2s)
2026-05-01 15:00:33,095 [INFO] HTTP Request: POST http://localhost:2026/v1/chat/completions "HTTP/1.1 200 OK"
2026-05-01 15:00:33,097 [INFO] [3274/3987] id=openseek-3-17c19c3bf GT=[13, 208, 55, 148] ✅ (1343ch, attempts=1, 8.0s)
2026-05-01 15:00:38,779 [INFO] HTTP Request: POST http://localhost:2026/v1/chat/completions "HTTP/1.1 200 OK"
2026-05-01 15:00:38,780 [INFO] [3275/3987] id=openseek-3-409942486 GT=[76, 45, 33, 364] ✅ (1859ch, attempts=1, 11.3s)
2026-05-01 15:00:47,044 [INFO] HTTP Request: POST http://localhost:2026/v1/chat/completions "HTTP/1.1 200 OK"
2026-05-01 15:00:47,045 [INFO] [3276/3987] id=openseek-3-d95b44b60 GT=[298, 220, 67, 478] ✅ (2361ch, attempts=1, 13.9s)
2026-05-01 15:00:48,525 [INFO] HTTP Request: POST http://localhost:2026/v1/chat/completions "HTTP/1.1 200 OK"
2026-05-01 15:00:48,526 [INFO] [3277/3987] id=openseek-3-1620db4d5 GT=[59, 39, 232, 12, 160, 96, 75, 38] ✅ (2563ch, attempts=1, 15.9s)
2026-05-01 15:00:51,074 [INFO] HTTP Request: POST http://localhost:2026/v1/chat/completions "HTTP/1.1 200 OK"
2026-05-01 15:00:51,075 [INFO] [3278/3987] id=openseek-3-c8e6f796a GT=[41, 67, 98, 78, 21, 57, 388] ✅ (1926ch, attempts=1, 12.3s)
2026-05-01 15:00:55,586 [INFO] HTTP Request: POST http://localhost:2026/v1/chat/completions "HTTP/1.1 200 OK"
2026-05-01 15:00:55,587 [INFO] [3279/3987] id=openseek-3-2c2ec365c GT=[13, 52, 16] ✅ (1363ch, attempts=1, 7.1s)
2026-05-01 15:00:56,961 [INFO] HTTP Request: POST http://localhost:2026/v1/chat/completions "HTTP/1.1 200 OK"
2026-05-01 15:00:56,962 [INFO] [3280/3987] id=openseek-3-0fddfdf95 GT=[256, 70] ✅ (1839ch, attempts=1, 9.9s)
2026-05-01 15:01:08,705 [INFO] HTTP Request: POST http://localhost:2026/v1/chat/completions "HTTP/1.1 200 OK"
2026-05-01 15:01:08,706 [INFO] [3281/3987] id=openseek-3-adbe9c7c5 GT=[34, 166, 238] ✅ (2446ch, attempts=1, 13.1s)
2026-05-01 15:01:10,346 [INFO] HTTP Request: POST http://localhost:2026/v1/chat/completions "HTTP/1.1 200 OK"
2026-05-01 15:01:10,347 [INFO] [3282/3987] id=openseek-3-7a87f53e0 GT=[69, 346, 18, 292, 316, 16, 430, 370] ✅ (3127ch, attempts=1, 19.3s)
2026-05-01 15:01:15,018 [INFO] HTTP Request: POST http://localhost:2026/v1/chat/completions "HTTP/1.1 200 OK"
2026-05-01 15:01:15,019 [INFO] [3283/3987] id=openseek-3-7a565a577 GT=[46, 394, 95, 130, 90, 99, 400] ✅ (2858ch, attempts=1, 18.1s)
2026-05-01 15:01:18,352 [INFO] HTTP Request: POST http://localhost:2026/v1/chat/completions "HTTP/1.1 200 OK"
2026-05-01 15:01:18,353 [INFO] [3284/3987] id=openseek-3-1169f7252 GT=[286, 41, 316] ✅ (1784ch, attempts=1, 9.6s)
2026-05-01 15:01:23,521 [INFO] HTTP Request: POST http://localhost:2026/v1/chat/completions "HTTP/1.1 200 OK"
2026-05-01 15:01:23,522 [INFO] [3285/3987] id=openseek-3-225ff9298 GT=[23, 142] ✅ (1787ch, attempts=1, 8.5s)
2026-05-01 15:01:29,745 [INFO] HTTP Request: POST http://localhost:2026/v1/chat/completions "HTTP/1.1 200 OK"
2026-05-01 15:01:29,746 [INFO] [3286/3987] id=openseek-3-261e86992 GT=[340, 14, 256, 4, 78, 35, 592] ✅ (1711ch, attempts=1, 11.4s)
2026-05-01 15:01:29,764 [INFO] HTTP Request: POST http://localhost:2026/v1/chat/completions "HTTP/1.1 200 OK"
2026-05-01 15:01:29,765 [INFO] [3287/3987] id=openseek-3-3a0e6fa97 GT=[538, 22, 85, 154, 46, 98, 97, 412, 11] ✅ (2941ch, attempts=1, 19.4s)
2026-05-01 15:01:40,974 [INFO] HTTP Request: POST http://localhost:2026/v1/chat/completions "HTTP/1.1 200 OK"
2026-05-01 15:01:40,975 [INFO] [3288/3987] id=openseek-3-d66060edf GT=[322, 54, 592, 6] ✅ (1805ch, attempts=1, 11.2s)
2026-05-01 15:01:44,875 [INFO] HTTP Request: POST http://localhost:2026/v1/chat/completions "HTTP/1.1 200 OK"
2026-05-01 15:01:44,876 [INFO] [3289/3987] id=openseek-3-591e7677e GT=[70, 48, 46, 370, 274, 55] ✅ (2472ch, attempts=1, 15.1s)
2026-05-01 15:01:46,374 [INFO] HTTP Request: POST http://localhost:2026/v1/chat/completions "HTTP/1.1 200 OK"
2026-05-01 15:01:46,375 [INFO] [3290/3987] id=openseek-3-33ff184f2 GT=[460, 38, 91, 556, 51, 78, 65, 94, 220] ✅ (3594ch, attempts=1, 22.9s)
2026-05-01 15:01:57,904 [INFO] HTTP Request: POST http://localhost:2026/v1/chat/completions "HTTP/1.1 200 OK"
2026-05-01 15:01:57,905 [INFO] [3291/3987] id=openseek-3-8507c4fdd GT=[36, 142, 9, 208] ✅ (2102ch, attempts=1, 11.5s)
2026-05-01 15:02:01,602 [INFO] HTTP Request: POST http://localhost:2026/v1/chat/completions "HTTP/1.1 200 OK"
2026-05-01 15:02:01,603 [INFO] [3292/3987] id=openseek-3-76b97fe83 GT=[45, 4, 448, 256, 430, 2, 70, 43] ✅ (2761ch, attempts=1, 16.7s)
2026-05-01 15:02:02,259 [INFO] HTTP Request: POST http://localhost:2026/v1/chat/completions "HTTP/1.1 200 OK"
2026-05-01 15:02:02,260 [INFO] [3293/3987] id=openseek-3-887213bb3 GT=[36, 61, 28, 178, 160, 292, 346, 2, 93] ✅ (3330ch, attempts=1, 21.3s)
2026-05-01 15:02:09,731 [INFO] HTTP Request: POST http://localhost:2026/v1/chat/completions "HTTP/1.1 200 OK"
2026-05-01 15:02:09,732 [INFO] [3294/3987] id=openseek-3-c24d71c27 GT=[81, 148] ✅ (1711ch, attempts=1, 8.1s)
2026-05-01 15:02:10,401 [INFO] HTTP Request: POST http://localhost:2026/v1/chat/completions "HTTP/1.1 200 OK"
2026-05-01 15:02:10,402 [INFO] [3295/3987] id=openseek-3-dd5849281 GT=[74, 556, 106, 232] ✅ (2226ch, attempts=1, 12.5s)
2026-05-01 15:02:16,962 [INFO] HTTP Request: POST http://localhost:2026/v1/chat/completions "HTTP/1.1 200 OK"
2026-05-01 15:02:16,963 [INFO] [3296/3987] id=openseek-3-bdd9b8db8 GT=[6, 5, 220] ✅ (1329ch, attempts=1, 7.2s)
2026-05-01 15:02:25,362 [INFO] HTTP Request: POST http://localhost:2026/v1/chat/completions "HTTP/1.1 200 OK"
2026-05-01 15:02:25,363 [INFO] [3297/3987] id=openseek-3-ead7eaba0 GT=[226, 3, 66, 514, 418, 238, 36, 262] ✅ (3736ch, attempts=1, 23.1s)
2026-05-01 15:02:32,045 [INFO] HTTP Request: POST http://localhost:2026/v1/chat/completions "HTTP/1.1 200 OK"
2026-05-01 15:02:32,046 [INFO] [3298/3987] id=openseek-3-41a9b3fda GT=[412, 10, 574, 40, 88, 62, 76, 79, 76] ✅ (3571ch, attempts=1, 21.6s)
2026-05-01 15:02:36,504 [INFO] HTTP Request: POST http://localhost:2026/v1/chat/completions "HTTP/1.1 200 OK"
2026-05-01 15:02:36,505 [INFO] [3299/3987] id=openseek-3-16bae439a GT=[39, 98, 220, 47] ✅ (1906ch, attempts=1, 11.1s)
2026-05-01 15:02:38,020 [INFO] HTTP Request: POST http://localhost:2026/v1/chat/completions "HTTP/1.1 200 OK"
2026-05-01 15:02:38,021 [INFO] [3300/3987] id=openseek-3-30f949e61 GT=[1, 580, 11, 532, 154, 39, 400] ✅ (3459ch, attempts=1, 21.1s)
2026-05-01 15:02:38,228 [INFO]   💾 已保存 (成功=3300 验证通过=3300 降级=0) | 4.6s/条均值 | ETA=53min
2026-05-01 15:02:44,007 [INFO] HTTP Request: POST http://localhost:2026/v1/chat/completions "HTTP/1.1 200 OK"
2026-05-01 15:02:44,009 [INFO] [3301/3987] id=openseek-3-270c97754 GT=[106, 86, 592, 66, 62] ✅ (1975ch, attempts=1, 12.0s)
2026-05-01 15:02:48,689 [INFO] HTTP Request: POST http://localhost:2026/v1/chat/completions "HTTP/1.1 200 OK"
2026-05-01 15:02:48,690 [INFO] [3302/3987] id=openseek-3-d5f547cb5 GT=[196, 90, 502, 9, 63] ✅ (1934ch, attempts=1, 12.2s)
2026-05-01 15:02:55,447 [INFO] HTTP Request: POST http://localhost:2026/v1/chat/completions "HTTP/1.1 200 OK"
2026-05-01 15:02:55,448 [INFO] [3303/3987] id=openseek-3-c47e26d1a GT=[95, 58, 370, 10, 592, 85, 538] ✅ (2780ch, attempts=1, 17.4s)
2026-05-01 15:02:57,442 [INFO] HTTP Request: POST http://localhost:2026/v1/chat/completions "HTTP/1.1 200 OK"
2026-05-01 15:02:57,444 [INFO] [3304/3987] id=openseek-3-d794913b2 GT=[310, 62, 436, 56, 376] ✅ (2171ch, attempts=1, 13.4s)
2026-05-01 15:02:58,689 [INFO] HTTP Request: POST http://localhost:2026/v1/chat/completions "HTTP/1.1 200 OK"
2026-05-01 15:02:58,690 [INFO] [3305/3987] id=openseek-3-f3a955ca4 GT=[49, 35] ✅ (2261ch, attempts=1, 10.0s)
2026-05-01 15:03:07,784 [INFO] HTTP Request: POST http://localhost:2026/v1/chat/completions "HTTP/1.1 200 OK"
2026-05-01 15:03:07,786 [INFO] [3306/3987] id=openseek-3-237656744 GT=[46, 82, 274, 304] ✅ (2164ch, attempts=1, 12.3s)
2026-05-01 15:03:09,728 [INFO] HTTP Request: POST http://localhost:2026/v1/chat/completions "HTTP/1.1 200 OK"
2026-05-01 15:03:09,729 [INFO] [3307/3987] id=openseek-3-6b62ad216 GT=[29, 16, 232, 556, 436, 17] ✅ (1669ch, attempts=1, 11.0s)
2026-05-01 15:03:20,577 [INFO] HTTP Request: POST http://localhost:2026/v1/chat/completions "HTTP/1.1 200 OK"
2026-05-01 15:03:20,579 [INFO] [3308/3987] id=openseek-3-93fddefd0 GT=[316, 1, 370, 430, 21, 430, 448, 352, 44 ✅ (3563ch, attempts=1, 23.1s)
2026-05-01 15:03:26,637 [INFO] HTTP Request: POST http://localhost:2026/v1/chat/completions "HTTP/1.1 200 OK"
2026-05-01 15:03:26,639 [INFO] [3309/3987] id=openseek-3-c1ff07223 GT=[33, 346, 20, 538, 388, 490, 310, 568] ✅ (2874ch, attempts=1, 18.9s)
2026-05-01 15:03:28,911 [INFO] HTTP Request: POST http://localhost:2026/v1/chat/completions "HTTP/1.1 200 OK"
2026-05-01 15:03:28,913 [INFO] [3310/3987] id=openseek-3-e5620356e GT=[370, 580] ✅ (1637ch, attempts=1, 8.3s)
2026-05-01 15:03:29,964 [INFO] HTTP Request: POST http://localhost:2026/v1/chat/completions "HTTP/1.1 200 OK"
2026-05-01 15:03:29,965 [INFO] [3311/3987] id=openseek-3-35f1a0fb2 GT=[172, 430, 84, 31, 124, 574, 442] ✅ (3047ch, attempts=1, 20.2s)
2026-05-01 15:03:40,085 [INFO] HTTP Request: POST http://localhost:2026/v1/chat/completions "HTTP/1.1 200 OK"
2026-05-01 15:03:40,086 [INFO] [3312/3987] id=openseek-3-179ea5858 GT=[244, 472, 89, 430, 25] ✅ (1874ch, attempts=1, 11.2s)
2026-05-01 15:03:41,104 [INFO] HTTP Request: POST http://localhost:2026/v1/chat/completions "HTTP/1.1 200 OK"
2026-05-01 15:03:41,105 [INFO] [3313/3987] id=openseek-3-767425210 GT=[598, 142, 94, 60] ✅ (1866ch, attempts=1, 11.1s)
2026-05-01 15:03:47,181 [INFO] HTTP Request: POST http://localhost:2026/v1/chat/completions "HTTP/1.1 200 OK"
2026-05-01 15:03:47,182 [INFO] [3314/3987] id=openseek-3-f72c6488f GT=[26, 256, 37, 574, 90, 59, 72, 118, 91] ✅ (3197ch, attempts=1, 20.5s)
2026-05-01 15:03:50,737 [INFO] HTTP Request: POST http://localhost:2026/v1/chat/completions "HTTP/1.1 200 OK"
2026-05-01 15:03:50,738 [INFO] [3315/3987] id=openseek-3-c13653844 GT=[28, 280] ✅ (2010ch, attempts=1, 9.6s)
2026-05-01 15:03:58,038 [INFO] HTTP Request: POST http://localhost:2026/v1/chat/completions "HTTP/1.1 200 OK"
2026-05-01 15:03:58,040 [INFO] [3316/3987] id=openseek-3-5377f260d GT=[64, 382, 75, 15, 61, 292, 24, 16, 154] ✅ (2865ch, attempts=1, 18.0s)
2026-05-01 15:04:06,141 [INFO] HTTP Request: POST http://localhost:2026/v1/chat/completions "HTTP/1.1 200 OK"
2026-05-01 15:04:06,143 [INFO] [3317/3987] id=openseek-3-85fe54542 GT=[77, 39, 25, 95, 490, 70, 496, 232, 17] ✅ (2800ch, attempts=1, 19.0s)
2026-05-01 15:04:09,602 [INFO] HTTP Request: POST http://localhost:2026/v1/chat/completions "HTTP/1.1 200 OK"
2026-05-01 15:04:09,603 [INFO] [3318/3987] id=openseek-3-72d83b73f GT=[7, 112, 30, 322, 32, 55, 346, 4, 97] ✅ (2928ch, attempts=1, 18.9s)
2026-05-01 15:04:13,566 [INFO] HTTP Request: POST http://localhost:2026/v1/chat/completions "HTTP/1.1 200 OK"
2026-05-01 15:04:13,567 [INFO] [3319/3987] id=openseek-3-2bdc22942 GT=[7, 532] ✅ (1532ch, attempts=1, 7.4s)
2026-05-01 15:04:16,333 [INFO] HTTP Request: POST http://localhost:2026/v1/chat/completions "HTTP/1.1 200 OK"
2026-05-01 15:04:16,334 [INFO] [3320/3987] id=openseek-3-0f9eb0143 GT=[310, 45, 280, 130, 10, 586, 64, 27, 96] ✅ (2835ch, attempts=1, 18.3s)
2026-05-01 15:04:17,878 [INFO] HTTP Request: POST http://localhost:2026/v1/chat/completions "HTTP/1.1 200 OK"
2026-05-01 15:04:17,880 [INFO] [3321/3987] id=openseek-3-da3bb6815 GT=[4, 44] ✅ (1850ch, attempts=1, 8.3s)
2026-05-01 15:04:23,962 [INFO] HTTP Request: POST http://localhost:2026/v1/chat/completions "HTTP/1.1 200 OK"
2026-05-01 15:04:23,964 [INFO] [3322/3987] id=openseek-3-f407e462e GT=[112, 99] ✅ (1485ch, attempts=1, 7.6s)
2026-05-01 15:04:29,096 [INFO] HTTP Request: POST http://localhost:2026/v1/chat/completions "HTTP/1.1 200 OK"
2026-05-01 15:04:29,098 [INFO] [3323/3987] id=openseek-3-4878b0379 GT=[520, 52, 74, 76, 190, 89, 41, 36] ✅ (2649ch, attempts=1, 15.5s)
2026-05-01 15:04:32,359 [INFO] HTTP Request: POST http://localhost:2026/v1/chat/completions "HTTP/1.1 200 OK"
2026-05-01 15:04:32,360 [INFO] [3324/3987] id=openseek-3-ce890497c GT=[34, 50, 346] ✅ (1498ch, attempts=1, 8.4s)
2026-05-01 15:04:36,422 [INFO] HTTP Request: POST http://localhost:2026/v1/chat/completions "HTTP/1.1 200 OK"
2026-05-01 15:04:36,424 [INFO] [3325/3987] id=openseek-3-dc10615f7 GT=[37, 94, 30, 370, 538, 436, 406, 460] ✅ (2909ch, attempts=1, 18.5s)
2026-05-01 15:04:41,365 [INFO] HTTP Request: POST http://localhost:2026/v1/chat/completions "HTTP/1.1 200 OK"
2026-05-01 15:04:41,367 [INFO] [3326/3987] id=openseek-3-521a5db22 GT=[70, 70, 34] ✅ (1825ch, attempts=1, 9.0s)
2026-05-01 15:04:44,390 [INFO] HTTP Request: POST http://localhost:2026/v1/chat/completions "HTTP/1.1 200 OK"
2026-05-01 15:04:44,392 [INFO] [3327/3987] id=openseek-3-d07dbaf32 GT=[82, 71, 388, 172, 538, 9, 24] ✅ (2390ch, attempts=1, 15.3s)
2026-05-01 15:04:49,633 [INFO] HTTP Request: POST http://localhost:2026/v1/chat/completions "HTTP/1.1 200 OK"
2026-05-01 15:04:49,634 [INFO] [3328/3987] id=openseek-3-9f7aa08ec GT=[394, 550] ✅ (1634ch, attempts=1, 8.3s)
2026-05-01 15:04:53,651 [INFO] HTTP Request: POST http://localhost:2026/v1/chat/completions "HTTP/1.1 200 OK"
2026-05-01 15:04:53,652 [INFO] [3329/3987] id=openseek-3-138ba776e GT=[63, 424] ✅ (1847ch, attempts=1, 9.3s)
2026-05-01 15:04:59,089 [INFO] HTTP Request: POST http://localhost:2026/v1/chat/completions "HTTP/1.1 200 OK"
2026-05-01 15:04:59,091 [INFO] [3330/3987] id=openseek-3-d655b683f GT=[52, 82, 472, 67, 44, 418, 4, 4, 574] ✅ (3454ch, attempts=1, 22.7s)
2026-05-01 15:05:04,056 [INFO] HTTP Request: POST http://localhost:2026/v1/chat/completions "HTTP/1.1 200 OK"
2026-05-01 15:05:04,057 [INFO] [3331/3987] id=openseek-3-7caa1c9e4 GT=[142, 430, 55, 44, 22, 406, 55] ✅ (2127ch, attempts=1, 14.4s)
2026-05-01 15:05:05,174 [INFO] HTTP Request: POST http://localhost:2026/v1/chat/completions "HTTP/1.1 200 OK"
2026-05-01 15:05:05,176 [INFO] [3332/3987] id=openseek-3-ddad087cb GT=[49, 256, 286] ✅ (2150ch, attempts=1, 11.5s)
2026-05-01 15:05:14,821 [INFO] HTTP Request: POST http://localhost:2026/v1/chat/completions "HTTP/1.1 200 OK"
2026-05-01 15:05:14,822 [INFO] [3333/3987] id=openseek-3-d87c06c3c GT=[430, 52, 59] ✅ (1884ch, attempts=1, 9.6s)
2026-05-01 15:05:17,735 [INFO] HTTP Request: POST http://localhost:2026/v1/chat/completions "HTTP/1.1 200 OK"
2026-05-01 15:05:17,736 [INFO] [3334/3987] id=openseek-3-b96f02934 GT=[23, 8, 196, 262, 580, 508, 484, 16] ✅ (2771ch, attempts=1, 18.6s)
2026-05-01 15:05:19,434 [INFO] HTTP Request: POST http://localhost:2026/v1/chat/completions "HTTP/1.1 200 OK"
2026-05-01 15:05:19,435 [INFO] [3335/3987] id=openseek-3-22c81c212 GT=[364, 79, 13, 14, 196, 77, 52] ✅ (2553ch, attempts=1, 15.4s)
2026-05-01 15:05:25,778 [INFO] HTTP Request: POST http://localhost:2026/v1/chat/completions "HTTP/1.1 200 OK"
2026-05-01 15:05:25,779 [INFO] [3336/3987] id=openseek-3-d7d5d662d GT=[568, 568, 466] ✅ (1443ch, attempts=1, 8.0s)
2026-05-01 15:05:27,186 [INFO] HTTP Request: POST http://localhost:2026/v1/chat/completions "HTTP/1.1 200 OK"
2026-05-01 15:05:27,188 [INFO] [3337/3987] id=openseek-3-3e4efa9c5 GT=[30, 56, 418, 79, 66, 67] ✅ (2043ch, attempts=1, 12.4s)
2026-05-01 15:05:31,828 [INFO] HTTP Request: POST http://localhost:2026/v1/chat/completions "HTTP/1.1 200 OK"
2026-05-01 15:05:31,829 [INFO] [3338/3987] id=openseek-3-b39135da3 GT=[574, 592, 7, 21] ✅ (2100ch, attempts=1, 12.4s)
2026-05-01 15:05:40,463 [INFO] HTTP Request: POST http://localhost:2026/v1/chat/completions "HTTP/1.1 200 OK"
2026-05-01 15:05:40,465 [INFO] [3339/3987] id=openseek-3-ceee4b9ae GT=[514, 340, 268, 78, 598, 550] ✅ (2000ch, attempts=1, 13.3s)
2026-05-01 15:05:46,091 [INFO] HTTP Request: POST http://localhost:2026/v1/chat/completions "HTTP/1.1 200 OK"
2026-05-01 15:05:46,092 [INFO] [3340/3987] id=openseek-3-bf6f98acf GT=[304, 53, 586, 8, 220] ✅ (2159ch, attempts=1, 14.3s)
2026-05-01 15:05:51,390 [INFO] HTTP Request: POST http://localhost:2026/v1/chat/completions "HTTP/1.1 200 OK"
2026-05-01 15:05:51,392 [INFO] [3341/3987] id=openseek-3-015f7bf3d GT=[65, 30, 99, 172, 496] ✅ (1733ch, attempts=1, 10.9s)
2026-05-01 15:05:56,353 [INFO] HTTP Request: POST http://localhost:2026/v1/chat/completions "HTTP/1.1 200 OK"
2026-05-01 15:05:56,355 [INFO] [3342/3987] id=openseek-3-65ff580e1 GT=[154, 166, 430, 124, 208, 142, 418] ✅ (4946ch, attempts=1, 30.6s)
2026-05-01 15:05:58,932 [INFO] HTTP Request: POST http://localhost:2026/v1/chat/completions "HTTP/1.1 200 OK"
2026-05-01 15:05:58,933 [INFO] [3343/3987] id=openseek-3-7aaacc5d8 GT=[4, 75] ✅ (1646ch, attempts=1, 7.5s)
2026-05-01 15:06:06,695 [INFO] HTTP Request: POST http://localhost:2026/v1/chat/completions "HTTP/1.1 200 OK"
2026-05-01 15:06:06,696 [INFO] [3344/3987] id=openseek-3-7730f378f GT=[70, 106, 19, 91, 95, 18, 21, 190, 73] ✅ (3208ch, attempts=1, 20.6s)
2026-05-01 15:06:11,135 [INFO] HTTP Request: POST http://localhost:2026/v1/chat/completions "HTTP/1.1 200 OK"
2026-05-01 15:06:11,136 [INFO] [3345/3987] id=openseek-3-3a4867609 GT=[52, 226, 33, 148] ✅ (2766ch, attempts=1, 14.8s)
2026-05-01 15:06:17,540 [INFO] HTTP Request: POST http://localhost:2026/v1/chat/completions "HTTP/1.1 200 OK"
2026-05-01 15:06:17,541 [INFO] [3346/3987] id=openseek-3-30fca4974 GT=[196, 25, 34, 238, 72] ✅ (1924ch, attempts=1, 10.8s)
2026-05-01 15:06:20,772 [INFO] HTTP Request: POST http://localhost:2026/v1/chat/completions "HTTP/1.1 200 OK"
2026-05-01 15:06:20,774 [INFO] [3347/3987] id=openseek-3-c3d98da1b GT=[148, 292, 46, 298, 5, 97, 22] ✅ (3952ch, attempts=1, 21.8s)
2026-05-01 15:06:21,761 [INFO] HTTP Request: POST http://localhost:2026/v1/chat/completions "HTTP/1.1 200 OK"
2026-05-01 15:06:21,763 [INFO] [3348/3987] id=openseek-3-f12d45a5f GT=[430, 454, 412] ✅ (1852ch, attempts=1, 10.6s)
2026-05-01 15:06:26,091 [INFO] HTTP Request: POST http://localhost:2026/v1/chat/completions "HTTP/1.1 200 OK"
2026-05-01 15:06:26,092 [INFO] [3349/3987] id=openseek-3-6b9fab096 GT=[7, 43, 25] ✅ (1790ch, attempts=1, 8.6s)
2026-05-01 15:06:29,265 [INFO] HTTP Request: POST http://localhost:2026/v1/chat/completions "HTTP/1.1 200 OK"
2026-05-01 15:06:29,266 [INFO] [3350/3987] id=openseek-3-2387b7029 GT=[78, 244] ✅ (1731ch, attempts=1, 8.5s)
2026-05-01 15:06:29,434 [INFO]   💾 已保存 (成功=3350 验证通过=3350 降级=0) | 4.6s/条均值 | ETA=49min
2026-05-01 15:06:37,018 [INFO] HTTP Request: POST http://localhost:2026/v1/chat/completions "HTTP/1.1 200 OK"
2026-05-01 15:06:37,019 [INFO] [3351/3987] id=openseek-3-10a051b06 GT=[598, 412] ✅ (1418ch, attempts=1, 7.8s)
2026-05-01 15:06:40,204 [INFO] HTTP Request: POST http://localhost:2026/v1/chat/completions "HTTP/1.1 200 OK"
2026-05-01 15:06:40,205 [INFO] [3352/3987] id=openseek-3-ef51b3f92 GT=[34, 106, 73, 64, 94, 15, 10] ✅ (2291ch, attempts=1, 14.1s)
2026-05-01 15:06:42,354 [INFO] HTTP Request: POST http://localhost:2026/v1/chat/completions "HTTP/1.1 200 OK"
2026-05-01 15:06:42,355 [INFO] [3353/3987] id=openseek-3-15d41a7f8 GT=[250, 31, 592, 598, 42, 106, 436, 334, 4 ✅ (3061ch, attempts=1, 20.6s)
2026-05-01 15:06:45,967 [INFO] HTTP Request: POST http://localhost:2026/v1/chat/completions "HTTP/1.1 200 OK"
2026-05-01 15:06:45,968 [INFO] [3354/3987] id=openseek-3-e999e1344 GT=[442, 74, 190, 1] ✅ (1546ch, attempts=1, 8.9s)
2026-05-01 15:06:50,621 [INFO] HTTP Request: POST http://localhost:2026/v1/chat/completions "HTTP/1.1 200 OK"
2026-05-01 15:06:50,622 [INFO] [3355/3987] id=openseek-3-c283a8714 GT=[77, 568, 328] ✅ (1946ch, attempts=1, 10.4s)
2026-05-01 15:06:57,424 [INFO] HTTP Request: POST http://localhost:2026/v1/chat/completions "HTTP/1.1 200 OK"
2026-05-01 15:06:57,425 [INFO] [3356/3987] id=openseek-3-62df8ed8c GT=[58, 51, 358, 71, 18] ✅ (1950ch, attempts=1, 11.5s)
2026-05-01 15:06:58,532 [INFO] HTTP Request: POST http://localhost:2026/v1/chat/completions "HTTP/1.1 200 OK"
2026-05-01 15:06:58,533 [INFO] [3357/3987] id=openseek-3-5d8c152dc GT=[112, 106, 46, 86, 26, 526] ✅ (2579ch, attempts=1, 16.2s)
2026-05-01 15:07:04,874 [INFO] HTTP Request: POST http://localhost:2026/v1/chat/completions "HTTP/1.1 200 OK"
2026-05-01 15:07:04,875 [INFO] [3358/3987] id=openseek-3-39f7e54a0 GT=[67, 526, 172, 184, 184] ✅ (2539ch, attempts=1, 14.3s)
2026-05-01 15:07:09,557 [INFO] HTTP Request: POST http://localhost:2026/v1/chat/completions "HTTP/1.1 200 OK"
2026-05-01 15:07:09,558 [INFO] [3359/3987] id=openseek-3-0e53ddda1 GT=[96, 214, 424, 82, 13] ✅ (1984ch, attempts=1, 12.1s)
2026-05-01 15:07:14,216 [INFO] HTTP Request: POST http://localhost:2026/v1/chat/completions "HTTP/1.1 200 OK"
2026-05-01 15:07:14,217 [INFO] [3360/3987] id=openseek-3-b97acb7db GT=[44, 36, 478, 13, 35, 196] ✅ (2473ch, attempts=1, 15.7s)
2026-05-01 15:07:18,149 [INFO] HTTP Request: POST http://localhost:2026/v1/chat/completions "HTTP/1.1 200 OK"
2026-05-01 15:07:18,150 [INFO] [3361/3987] id=openseek-3-f101fa992 GT=[3, 83, 49, 442, 22, 69, 238] ✅ (2073ch, attempts=1, 13.3s)
2026-05-01 15:07:18,898 [INFO] HTTP Request: POST http://localhost:2026/v1/chat/completions "HTTP/1.1 200 OK"
2026-05-01 15:07:18,899 [INFO] [3362/3987] id=openseek-3-9eb03c342 GT=[52, 39, 53] ✅ (1769ch, attempts=1, 9.3s)
2026-05-01 15:07:22,563 [INFO] HTTP Request: POST http://localhost:2026/v1/chat/completions "HTTP/1.1 200 OK"
2026-05-01 15:07:22,564 [INFO] [3363/3987] id=openseek-3-c9a6f01cc GT=[100, 60] ✅ (1833ch, attempts=1, 8.3s)
2026-05-01 15:07:34,732 [INFO] HTTP Request: POST http://localhost:2026/v1/chat/completions "HTTP/1.1 200 OK"
2026-05-01 15:07:34,733 [INFO] [3364/3987] id=openseek-3-716506f9b GT=[16, 286, 352, 40, 214] ✅ (1863ch, attempts=1, 12.2s)
2026-05-01 15:07:36,151 [INFO] HTTP Request: POST http://localhost:2026/v1/chat/completions "HTTP/1.1 200 OK"
2026-05-01 15:07:36,153 [INFO] [3365/3987] id=openseek-3-1c5ac5f62 GT=[430, 97, 70, 370, 496, 91, 92, 220, 5] ✅ (2933ch, attempts=1, 18.0s)
2026-05-01 15:07:37,480 [INFO] HTTP Request: POST http://localhost:2026/v1/chat/completions "HTTP/1.1 200 OK"
2026-05-01 15:07:37,481 [INFO] [3366/3987] id=openseek-3-9e3c17813 GT=[55, 256, 220, 61, 20, 598, 98, 508] ✅ (2964ch, attempts=1, 18.6s)
2026-05-01 15:07:48,407 [INFO] HTTP Request: POST http://localhost:2026/v1/chat/completions "HTTP/1.1 200 OK"
2026-05-01 15:07:48,408 [INFO] [3367/3987] id=openseek-3-ba754c5de GT=[76, 13, 568, 292, 29] ✅ (1854ch, attempts=1, 10.9s)
2026-05-01 15:07:55,463 [INFO] HTTP Request: POST http://localhost:2026/v1/chat/completions "HTTP/1.1 200 OK"
2026-05-01 15:07:55,464 [INFO] [3368/3987] id=openseek-3-7b178fe68 GT=[7, 178, 5, 94, 136, 268, 424, 460, 75] ✅ (3141ch, attempts=1, 20.7s)
2026-05-01 15:07:56,176 [INFO] HTTP Request: POST http://localhost:2026/v1/chat/completions "HTTP/1.1 200 OK"
2026-05-01 15:07:56,177 [INFO] [3369/3987] id=openseek-3-011f538fa GT=[50, 59, 454, 154, 3, 56, 232, 376, 64] ✅ (3043ch, attempts=1, 20.0s)
2026-05-01 15:07:58,677 [INFO] HTTP Request: POST http://localhost:2026/v1/chat/completions "HTTP/1.1 200 OK"
2026-05-01 15:07:58,678 [INFO] [3370/3987] id=openseek-3-522bf9e72 GT=[82, 376, 160] ✅ (1950ch, attempts=1, 10.3s)
2026-05-01 15:08:06,145 [INFO] HTTP Request: POST http://localhost:2026/v1/chat/completions "HTTP/1.1 200 OK"
2026-05-01 15:08:06,146 [INFO] [3371/3987] id=openseek-3-a4be10e55 GT=[93, 250, 33, 52, 28] ✅ (1746ch, attempts=1, 10.7s)
2026-05-01 15:08:06,638 [INFO] HTTP Request: POST http://localhost:2026/v1/chat/completions "HTTP/1.1 200 OK"
2026-05-01 15:08:06,639 [INFO] [3372/3987] id=openseek-3-382176619 GT=[68, 112, 23, 256, 460] ✅ (1701ch, attempts=1, 10.5s)
2026-05-01 15:08:10,193 [INFO] HTTP Request: POST http://localhost:2026/v1/chat/completions "HTTP/1.1 200 OK"
2026-05-01 15:08:10,195 [INFO] [3373/3987] id=openseek-3-156e38b04 GT=[94, 304] ✅ (2361ch, attempts=1, 11.5s)
2026-05-01 15:08:21,522 [INFO] HTTP Request: POST http://localhost:2026/v1/chat/completions "HTTP/1.1 200 OK"
2026-05-01 15:08:21,523 [INFO] [3374/3987] id=openseek-3-83d6f1341 GT=[5, 61, 67, 11, 292, 98] ✅ (2421ch, attempts=1, 14.9s)
2026-05-01 15:08:23,153 [INFO] HTTP Request: POST http://localhost:2026/v1/chat/completions "HTTP/1.1 200 OK"
2026-05-01 15:08:23,154 [INFO] [3375/3987] id=openseek-3-76018b484 GT=[442, 292, 184, 62, 31, 142, 30, 91] ✅ (2962ch, attempts=1, 17.0s)
2026-05-01 15:08:29,899 [INFO] HTTP Request: POST http://localhost:2026/v1/chat/completions "HTTP/1.1 200 OK"
2026-05-01 15:08:29,900 [INFO] [3376/3987] id=openseek-3-469bd8abb GT=[124, 25, 80, 358, 256, 220, 160, 592] ✅ (3186ch, attempts=1, 19.7s)
2026-05-01 15:08:36,754 [INFO] HTTP Request: POST http://localhost:2026/v1/chat/completions "HTTP/1.1 200 OK"
2026-05-01 15:08:36,755 [INFO] [3377/3987] id=openseek-3-5334243fe GT=[52, 2, 34, 580, 568, 532, 118] ✅ (2186ch, attempts=1, 15.2s)
2026-05-01 15:08:40,811 [INFO] HTTP Request: POST http://localhost:2026/v1/chat/completions "HTTP/1.1 200 OK"
2026-05-01 15:08:40,812 [INFO] [3378/3987] id=openseek-3-3cbb706a3 GT=[22, 562] ✅ (2056ch, attempts=1, 10.9s)
2026-05-01 15:08:41,678 [INFO] HTTP Request: POST http://localhost:2026/v1/chat/completions "HTTP/1.1 200 OK"
2026-05-01 15:08:41,679 [INFO] [3379/3987] id=openseek-3-35381e2db GT=[84, 7, 568, 394, 502, 502, 400, 97, 35] ✅ (2951ch, attempts=1, 18.5s)
2026-05-01 15:08:46,103 [INFO] HTTP Request: POST http://localhost:2026/v1/chat/completions "HTTP/1.1 200 OK"
2026-05-01 15:08:46,104 [INFO] [3380/3987] id=openseek-3-013658c8e GT=[280, 22] ✅ (1984ch, attempts=1, 9.3s)
2026-05-01 15:08:54,291 [INFO] HTTP Request: POST http://localhost:2026/v1/chat/completions "HTTP/1.1 200 OK"
2026-05-01 15:08:54,292 [INFO] [3381/3987] id=openseek-3-042d3ab48 GT=[34, 358, 82, 40, 586, 78] ✅ (1992ch, attempts=1, 12.6s)
2026-05-01 15:08:56,161 [INFO] HTTP Request: POST http://localhost:2026/v1/chat/completions "HTTP/1.1 200 OK"
2026-05-01 15:08:56,162 [INFO] [3382/3987] id=openseek-3-1f3230d23 GT=[86, 85, 68, 92, 94, 334] ✅ (1691ch, attempts=1, 10.1s)
2026-05-01 15:08:59,405 [INFO] HTTP Request: POST http://localhost:2026/v1/chat/completions "HTTP/1.1 200 OK"
2026-05-01 15:08:59,406 [INFO] [3383/3987] id=openseek-3-00d9363f9 GT=[382, 580, 454, 232, 75, 52, 32] ✅ (3062ch, attempts=1, 18.6s)
2026-05-01 15:09:06,876 [INFO] HTTP Request: POST http://localhost:2026/v1/chat/completions "HTTP/1.1 200 OK"
2026-05-01 15:09:06,877 [INFO] [3384/3987] id=openseek-3-5ed294636 GT=[448, 532, 520, 10, 87] ✅ (2122ch, attempts=1, 12.6s)
2026-05-01 15:09:11,784 [INFO] HTTP Request: POST http://localhost:2026/v1/chat/completions "HTTP/1.1 200 OK"
2026-05-01 15:09:11,785 [INFO] [3385/3987] id=openseek-3-d437de13f GT=[84, 160, 12, 2, 364, 9] ✅ (2015ch, attempts=1, 12.4s)
2026-05-01 15:09:13,321 [INFO] HTTP Request: POST http://localhost:2026/v1/chat/completions "HTTP/1.1 200 OK"
2026-05-01 15:09:13,322 [INFO] [3386/3987] id=openseek-3-6c6850248 GT=[286, 81, 12, 73, 92, 4, 364, 81, 400] ✅ (2697ch, attempts=1, 17.2s)
2026-05-01 15:09:21,830 [INFO] HTTP Request: POST http://localhost:2026/v1/chat/completions "HTTP/1.1 200 OK"
2026-05-01 15:09:21,831 [INFO] [3387/3987] id=openseek-3-08bbcc61f GT=[70, 1, 94, 460, 86, 148, 8] ✅ (2229ch, attempts=1, 15.0s)
2026-05-01 15:09:30,094 [INFO] HTTP Request: POST http://localhost:2026/v1/chat/completions "HTTP/1.1 200 OK"
2026-05-01 15:09:30,095 [INFO] [3388/3987] id=openseek-3-43fb31a00 GT=[40, 40, 460, 29, 62, 57, 29, 27, 538] ✅ (2955ch, attempts=1, 18.3s)
2026-05-01 15:09:32,477 [INFO] HTTP Request: POST http://localhost:2026/v1/chat/completions "HTTP/1.1 200 OK"
2026-05-01 15:09:32,478 [INFO] [3389/3987] id=openseek-3-90fe05214 GT=[6, 460, 256, 4, 37, 58] ✅ (1666ch, attempts=1, 10.6s)
2026-05-01 15:09:34,189 [INFO] HTTP Request: POST http://localhost:2026/v1/chat/completions "HTTP/1.1 200 OK"
2026-05-01 15:09:34,190 [INFO] [3390/3987] id=openseek-3-a157661e5 GT=[202, 412, 28, 388, 100, 586, 69, 310, 3 ✅ (3048ch, attempts=1, 20.9s)
2026-05-01 15:09:42,190 [INFO] HTTP Request: POST http://localhost:2026/v1/chat/completions "HTTP/1.1 200 OK"
2026-05-01 15:09:42,191 [INFO] [3391/3987] id=openseek-3-e9a1f7a79 GT=[26, 11] ✅ (1700ch, attempts=1, 8.0s)
2026-05-01 15:09:44,031 [INFO] HTTP Request: POST http://localhost:2026/v1/chat/completions "HTTP/1.1 200 OK"
2026-05-01 15:09:44,032 [INFO] [3392/3987] id=openseek-3-756382b6a GT=[32, 5, 118, 48, 190, 98, 50] ✅ (2203ch, attempts=1, 13.9s)
2026-05-01 15:09:45,052 [INFO] HTTP Request: POST http://localhost:2026/v1/chat/completions "HTTP/1.1 200 OK"
2026-05-01 15:09:45,054 [INFO] [3393/3987] id=openseek-3-f8e33922d GT=[388, 340, 442, 592, 33] ✅ (2068ch, attempts=1, 12.6s)
2026-05-01 15:09:53,962 [INFO] HTTP Request: POST http://localhost:2026/v1/chat/completions "HTTP/1.1 200 OK"
2026-05-01 15:09:53,963 [INFO] [3394/3987] id=openseek-3-2d5aad4af GT=[556, 100] ✅ (1794ch, attempts=1, 8.9s)
2026-05-01 15:09:54,952 [INFO] HTTP Request: POST http://localhost:2026/v1/chat/completions "HTTP/1.1 200 OK"
2026-05-01 15:09:54,953 [INFO] [3395/3987] id=openseek-3-f369bf316 GT=[69, 376, 244, 574] ✅ (2224ch, attempts=1, 12.8s)
2026-05-01 15:09:57,138 [INFO] HTTP Request: POST http://localhost:2026/v1/chat/completions "HTTP/1.1 200 OK"
2026-05-01 15:09:57,139 [INFO] [3396/3987] id=openseek-3-9c3692cee GT=[214, 82, 118] ✅ (2428ch, attempts=1, 13.1s)
2026-05-01 15:10:07,761 [INFO] HTTP Request: POST http://localhost:2026/v1/chat/completions "HTTP/1.1 200 OK"
2026-05-01 15:10:07,763 [INFO] [3397/3987] id=openseek-3-c9c15f930 GT=[394, 208, 100, 532, 30, 30] ✅ (2283ch, attempts=1, 13.8s)
2026-05-01 15:10:12,060 [INFO] HTTP Request: POST http://localhost:2026/v1/chat/completions "HTTP/1.1 200 OK"
2026-05-01 15:10:12,061 [INFO] [3398/3987] id=openseek-3-83d324d1a GT=[95, 424, 12, 72, 15, 51, 58] ✅ (2670ch, attempts=1, 17.1s)
2026-05-01 15:10:15,617 [INFO] HTTP Request: POST http://localhost:2026/v1/chat/completions "HTTP/1.1 200 OK"
2026-05-01 15:10:15,618 [INFO] [3399/3987] id=openseek-3-5da4405ea GT=[100, 268, 346, 70, 34, 20, 94, 256, 36] ✅ (2956ch, attempts=1, 18.5s)
2026-05-01 15:10:22,502 [INFO] HTTP Request: POST http://localhost:2026/v1/chat/completions "HTTP/1.1 200 OK"
2026-05-01 15:10:22,504 [INFO] [3400/3987] id=openseek-3-cd9f5ea4f GT=[466, 58, 6, 87, 55, 532] ✅ (2590ch, attempts=1, 14.7s)
2026-05-01 15:10:22,818 [INFO]   💾 已保存 (成功=3400 验证通过=3400 降级=0) | 4.6s/条均值 | ETA=45min
2026-05-01 15:10:27,591 [INFO] HTTP Request: POST http://localhost:2026/v1/chat/completions "HTTP/1.1 200 OK"
2026-05-01 15:10:27,593 [INFO] [3401/3987] id=openseek-3-8a2832bec GT=[70, 100, 82, 160, 28, 208, 91, 232] ✅ (2561ch, attempts=1, 15.5s)
2026-05-01 15:10:35,708 [INFO] HTTP Request: POST http://localhost:2026/v1/chat/completions "HTTP/1.1 200 OK"
2026-05-01 15:10:35,710 [INFO] [3402/3987] id=openseek-3-b4593690a GT=[370, 29, 97] ✅ (2648ch, attempts=1, 13.2s)
2026-05-01 15:10:36,169 [INFO] HTTP Request: POST http://localhost:2026/v1/chat/completions "HTTP/1.1 200 OK"
2026-05-01 15:10:36,171 [INFO] [3403/3987] id=openseek-3-599ac55e7 GT=[100, 40, 61, 24, 556, 532, 394, 90] ✅ (3193ch, attempts=1, 20.6s)
2026-05-01 15:10:38,309 [INFO] HTTP Request: POST http://localhost:2026/v1/chat/completions "HTTP/1.1 200 OK"
2026-05-01 15:10:38,310 [INFO] [3404/3987] id=openseek-3-6ab89fec3 GT=[274, 388, 268] ✅ (1724ch, attempts=1, 10.7s)
2026-05-01 15:10:45,506 [INFO] HTTP Request: POST http://localhost:2026/v1/chat/completions "HTTP/1.1 200 OK"
2026-05-01 15:10:45,508 [INFO] [3405/3987] id=openseek-3-727d5d5a5 GT=[298, 81, 94, 70] ✅ (1673ch, attempts=1, 9.8s)
2026-05-01 15:10:47,163 [INFO] HTTP Request: POST http://localhost:2026/v1/chat/completions "HTTP/1.1 200 OK"
2026-05-01 15:10:47,164 [INFO] [3406/3987] id=openseek-3-200be4897 GT=[83, 9, 85] ✅ (1777ch, attempts=1, 8.9s)
2026-05-01 15:10:49,308 [INFO] HTTP Request: POST http://localhost:2026/v1/chat/completions "HTTP/1.1 200 OK"
2026-05-01 15:10:49,309 [INFO] [3407/3987] id=openseek-3-904e211bd GT=[80, 37, 490, 14, 142] ✅ (2204ch, attempts=1, 13.1s)
2026-05-01 15:10:55,461 [INFO] HTTP Request: POST http://localhost:2026/v1/chat/completions "HTTP/1.1 200 OK"
2026-05-01 15:10:55,463 [INFO] [3408/3987] id=openseek-3-ad104c994 GT=[328, 85, 40, 29] ✅ (1816ch, attempts=1, 10.0s)
2026-05-01 15:11:01,447 [INFO] HTTP Request: POST http://localhost:2026/v1/chat/completions "HTTP/1.1 200 OK"
2026-05-01 15:11:01,449 [INFO] [3409/3987] id=openseek-3-a18ecae52 GT=[346, 78, 33, 550, 17] ✅ (2024ch, attempts=1, 12.1s)
2026-05-01 15:11:03,755 [INFO] HTTP Request: POST http://localhost:2026/v1/chat/completions "HTTP/1.1 200 OK"
2026-05-01 15:11:03,757 [INFO] [3410/3987] id=openseek-3-73e984d60 GT=[556, 466] ✅ (1505ch, attempts=1, 8.3s)
2026-05-01 15:11:11,022 [INFO] HTTP Request: POST http://localhost:2026/v1/chat/completions "HTTP/1.1 200 OK"
2026-05-01 15:11:11,023 [INFO] [3411/3987] id=openseek-3-67f7638e3 GT=[544, 232, 83, 91, 73, 118, 346, 484, 50 ✅ (3462ch, attempts=1, 23.9s)
2026-05-01 15:11:12,489 [INFO] HTTP Request: POST http://localhost:2026/v1/chat/completions "HTTP/1.1 200 OK"
2026-05-01 15:11:12,491 [INFO] [3412/3987] id=openseek-3-68890512f GT=[226, 118] ✅ (1742ch, attempts=1, 8.7s)
2026-05-01 15:11:15,204 [INFO] HTTP Request: POST http://localhost:2026/v1/chat/completions "HTTP/1.1 200 OK"
2026-05-01 15:11:15,205 [INFO] [3413/3987] id=openseek-3-948bdc75f GT=[100, 94, 550, 70] ✅ (2459ch, attempts=1, 13.8s)
2026-05-01 15:11:26,089 [INFO] HTTP Request: POST http://localhost:2026/v1/chat/completions "HTTP/1.1 200 OK"
2026-05-01 15:11:26,091 [INFO] [3414/3987] id=openseek-3-dba976fc6 GT=[154, 544, 556, 65, 508, 298] ✅ (2143ch, attempts=1, 13.6s)
2026-05-01 15:11:29,648 [INFO] HTTP Request: POST http://localhost:2026/v1/chat/completions "HTTP/1.1 200 OK"
2026-05-01 15:11:29,649 [INFO] [3415/3987] id=openseek-3-7001051fe GT=[12, 58, 79, 2, 85, 466, 83, 376] ✅ (3133ch, attempts=1, 18.6s)
2026-05-01 15:11:33,801 [INFO] HTTP Request: POST http://localhost:2026/v1/chat/completions "HTTP/1.1 200 OK"
2026-05-01 15:11:33,802 [INFO] [3416/3987] id=openseek-3-d66abf373 GT=[99, 51, 382, 166, 63, 52, 20] ✅ (3034ch, attempts=1, 18.6s)
2026-05-01 15:11:42,715 [INFO] HTTP Request: POST http://localhost:2026/v1/chat/completions "HTTP/1.1 200 OK"
2026-05-01 15:11:42,716 [INFO] [3417/3987] id=openseek-3-ce0d892aa GT=[94, 418, 424, 9, 48, 334, 63] ✅ (2617ch, attempts=1, 16.6s)
2026-05-01 15:11:42,930 [INFO] HTTP Request: POST http://localhost:2026/v1/chat/completions "HTTP/1.1 200 OK"
2026-05-01 15:11:42,931 [INFO] [3418/3987] id=openseek-3-687e1a59a GT=[442, 25] ✅ (1895ch, attempts=1, 9.1s)
2026-05-01 15:11:51,676 [INFO] HTTP Request: POST http://localhost:2026/v1/chat/completions "HTTP/1.1 200 OK"
2026-05-01 15:11:51,677 [INFO] [3419/3987] id=openseek-3-4425e51c3 GT=[574, 67, 208, 94, 370, 76, 46, 238, 514 ✅ (3538ch, attempts=1, 22.0s)
2026-05-01 15:11:57,190 [INFO] HTTP Request: POST http://localhost:2026/v1/chat/completions "HTTP/1.1 200 OK"
2026-05-01 15:11:57,192 [INFO] [3420/3987] id=openseek-3-9e921a2c0 GT=[88, 35, 54, 442] ✅ (2765ch, attempts=1, 14.5s)
2026-05-01 15:11:59,520 [INFO] HTTP Request: POST http://localhost:2026/v1/chat/completions "HTTP/1.1 200 OK"
2026-05-01 15:11:59,521 [INFO] [3421/3987] id=openseek-3-e0dbe4022 GT=[82, 184, 592, 2, 86, 34, 292] ✅ (2598ch, attempts=1, 16.6s)
2026-05-01 15:12:02,435 [INFO] HTTP Request: POST http://localhost:2026/v1/chat/completions "HTTP/1.1 200 OK"
2026-05-01 15:12:02,436 [INFO] [3422/3987] id=openseek-3-46dc85314 GT=[514, 45] ✅ (2134ch, attempts=1, 10.8s)
2026-05-01 15:12:04,267 [INFO] HTTP Request: POST http://localhost:2026/v1/chat/completions "HTTP/1.1 200 OK"
2026-05-01 15:12:04,268 [INFO] [3423/3987] id=openseek-3-d3764cb2b GT=[28, 80] ✅ (1595ch, attempts=1, 7.1s)
2026-05-01 15:12:08,354 [INFO] HTTP Request: POST http://localhost:2026/v1/chat/completions "HTTP/1.1 200 OK"
2026-05-01 15:12:08,356 [INFO] [3424/3987] id=openseek-3-3aa3bd5cd GT=[98, 208, 226] ✅ (1737ch, attempts=1, 8.8s)
2026-05-01 15:12:16,910 [INFO] HTTP Request: POST http://localhost:2026/v1/chat/completions "HTTP/1.1 200 OK"
2026-05-01 15:12:16,911 [INFO] [3425/3987] id=openseek-3-3680df697 GT=[238, 86, 448, 292] ✅ (2497ch, attempts=1, 14.5s)
2026-05-01 15:12:21,779 [INFO] HTTP Request: POST http://localhost:2026/v1/chat/completions "HTTP/1.1 200 OK"
2026-05-01 15:12:21,780 [INFO] [3426/3987] id=openseek-3-0dbdd99f3 GT=[40, 16, 34, 322, 8, 262, 75, 52, 97] ✅ (2822ch, attempts=1, 17.5s)
2026-05-01 15:12:24,119 [INFO] HTTP Request: POST http://localhost:2026/v1/chat/completions "HTTP/1.1 200 OK"
2026-05-01 15:12:24,121 [INFO] [3427/3987] id=openseek-3-55c09ebe7 GT=[7, 496, 280, 520] ✅ (3007ch, attempts=1, 15.8s)
2026-05-01 15:12:25,171 [INFO] HTTP Request: POST http://localhost:2026/v1/chat/completions "HTTP/1.1 200 OK"
2026-05-01 15:12:25,172 [INFO] [3428/3987] id=openseek-3-4fe8cc6e5 GT=[25, 45] ✅ (1852ch, attempts=1, 8.3s)
2026-05-01 15:12:29,179 [INFO] HTTP Request: POST http://localhost:2026/v1/chat/completions "HTTP/1.1 200 OK"
2026-05-01 15:12:29,180 [INFO] [3429/3987] id=openseek-3-83aac2cb4 GT=[66, 58] ✅ (1640ch, attempts=1, 7.4s)
2026-05-01 15:12:35,480 [INFO] HTTP Request: POST http://localhost:2026/v1/chat/completions "HTTP/1.1 200 OK"
2026-05-01 15:12:35,481 [INFO] [3430/3987] id=openseek-3-3cac0d7d4 GT=[89, 376, 84, 37] ✅ (1878ch, attempts=1, 10.3s)
2026-05-01 15:12:37,760 [INFO] HTTP Request: POST http://localhost:2026/v1/chat/completions "HTTP/1.1 200 OK"
2026-05-01 15:12:37,761 [INFO] [3431/3987] id=openseek-3-f0e24a9ec GT=[41, 80] ✅ (1835ch, attempts=1, 8.6s)
2026-05-01 15:12:41,280 [INFO] HTTP Request: POST http://localhost:2026/v1/chat/completions "HTTP/1.1 200 OK"
2026-05-01 15:12:41,281 [INFO] [3432/3987] id=openseek-3-b805aaeee GT=[262, 496, 52, 226, 244, 598, 100] ✅ (2689ch, attempts=1, 17.2s)
2026-05-01 15:12:46,329 [INFO] HTTP Request: POST http://localhost:2026/v1/chat/completions "HTTP/1.1 200 OK"
2026-05-01 15:12:46,331 [INFO] [3433/3987] id=openseek-3-6dfa436b7 GT=[40, 90, 9] ✅ (1688ch, attempts=1, 8.6s)
2026-05-01 15:12:47,739 [INFO] HTTP Request: POST http://localhost:2026/v1/chat/completions "HTTP/1.1 200 OK"
2026-05-01 15:12:47,740 [INFO] [3434/3987] id=openseek-3-7f1192e95 GT=[208, 38, 45, 562, 54] ✅ (2063ch, attempts=1, 12.3s)
2026-05-01 15:12:55,728 [INFO] HTTP Request: POST http://localhost:2026/v1/chat/completions "HTTP/1.1 200 OK"
2026-05-01 15:12:55,729 [INFO] [3435/3987] id=openseek-3-6fc18ac5c GT=[592, 292, 142, 2, 388, 16, 100] ✅ (2249ch, attempts=1, 14.4s)
2026-05-01 15:12:56,531 [INFO] HTTP Request: POST http://localhost:2026/v1/chat/completions "HTTP/1.1 200 OK"
2026-05-01 15:12:56,533 [INFO] [3436/3987] id=openseek-3-ae85099eb GT=[91, 28, 82] ✅ (1981ch, attempts=1, 10.2s)
2026-05-01 15:13:04,575 [INFO] HTTP Request: POST http://localhost:2026/v1/chat/completions "HTTP/1.1 200 OK"
2026-05-01 15:13:04,577 [INFO] [3437/3987] id=openseek-3-46ef9a477 GT=[550, 67, 16, 4, 310, 6, 40] ✅ (2871ch, attempts=1, 16.8s)
2026-05-01 15:13:12,347 [INFO] HTTP Request: POST http://localhost:2026/v1/chat/completions "HTTP/1.1 200 OK"
2026-05-01 15:13:12,348 [INFO] [3438/3987] id=openseek-3-3e291edc1 GT=[97, 11, 340, 17, 22, 526, 544] ✅ (2554ch, attempts=1, 15.8s)
2026-05-01 15:13:12,437 [INFO] HTTP Request: POST http://localhost:2026/v1/chat/completions "HTTP/1.1 200 OK"
2026-05-01 15:13:12,439 [INFO] [3439/3987] id=openseek-3-577df0b66 GT=[304, 58, 11, 10, 61, 160, 69, 75] ✅ (2677ch, attempts=1, 16.7s)
2026-05-01 15:13:14,042 [INFO] HTTP Request: POST http://localhost:2026/v1/chat/completions "HTTP/1.1 200 OK"
2026-05-01 15:13:14,043 [INFO] [3440/3987] id=openseek-3-fef6d02ea GT=[340, 3, 4] ✅ (1857ch, attempts=1, 9.5s)
2026-05-01 15:13:25,628 [INFO] HTTP Request: POST http://localhost:2026/v1/chat/completions "HTTP/1.1 200 OK"
2026-05-01 15:13:25,630 [INFO] [3441/3987] id=openseek-3-c1cf8a8f3 GT=[73, 53, 22, 472, 382] ✅ (1881ch, attempts=1, 11.6s)
2026-05-01 15:13:26,405 [INFO] HTTP Request: POST http://localhost:2026/v1/chat/completions "HTTP/1.1 200 OK"
2026-05-01 15:13:26,407 [INFO] [3442/3987] id=openseek-3-736940eb2 GT=[592, 466, 400] ✅ (2582ch, attempts=1, 14.0s)
2026-05-01 15:13:27,898 [INFO] HTTP Request: POST http://localhost:2026/v1/chat/completions "HTTP/1.1 200 OK"
2026-05-01 15:13:27,900 [INFO] [3443/3987] id=openseek-3-9f3b634de GT=[382, 16, 5, 208, 10, 26, 7, 574, 2] ✅ (2541ch, attempts=1, 15.6s)
2026-05-01 15:13:35,529 [INFO] HTTP Request: POST http://localhost:2026/v1/chat/completions "HTTP/1.1 200 OK"
2026-05-01 15:13:35,530 [INFO] [3444/3987] id=openseek-3-d71face88 GT=[43, 562, 3, 322, 166] ✅ (1661ch, attempts=1, 9.9s)
2026-05-01 15:13:39,653 [INFO] HTTP Request: POST http://localhost:2026/v1/chat/completions "HTTP/1.1 200 OK"
2026-05-01 15:13:39,654 [INFO] [3445/3987] id=openseek-3-98ebc55db GT=[6, 184, 31, 95, 18] ✅ (2439ch, attempts=1, 13.2s)
2026-05-01 15:13:46,038 [INFO] HTTP Request: POST http://localhost:2026/v1/chat/completions "HTTP/1.1 200 OK"
2026-05-01 15:13:46,040 [INFO] [3446/3987] id=openseek-3-0e68d8e5d GT=[17, 73, 436, 142, 32, 28, 64] ✅ (2916ch, attempts=1, 18.1s)
2026-05-01 15:13:46,649 [INFO] HTTP Request: POST http://localhost:2026/v1/chat/completions "HTTP/1.1 200 OK"
2026-05-01 15:13:46,651 [INFO] [3447/3987] id=openseek-3-e083a762e GT=[580, 346, 496] ✅ (2037ch, attempts=1, 11.1s)
2026-05-01 15:13:51,119 [INFO] HTTP Request: POST http://localhost:2026/v1/chat/completions "HTTP/1.1 200 OK"
2026-05-01 15:13:51,120 [INFO] [3448/3987] id=openseek-3-561c2f2f7 GT=[72, 42, 13] ✅ (2355ch, attempts=1, 11.5s)
2026-05-01 15:13:55,331 [INFO] HTTP Request: POST http://localhost:2026/v1/chat/completions "HTTP/1.1 200 OK"
2026-05-01 15:13:55,333 [INFO] [3449/3987] id=openseek-3-a9a65490b GT=[50, 15, 382] ✅ (1663ch, attempts=1, 9.3s)
2026-05-01 15:14:06,248 [INFO] HTTP Request: POST http://localhost:2026/v1/chat/completions "HTTP/1.1 200 OK"
2026-05-01 15:14:06,249 [INFO] [3450/3987] id=openseek-3-11d59a6a4 GT=[81, 202, 6, 364, 364, 496, 68, 502] ✅ (2944ch, attempts=1, 19.6s)
2026-05-01 15:14:06,539 [INFO]   💾 已保存 (成功=3450 验证通过=3450 降级=0) | 4.6s/条均值 | ETA=42min
2026-05-01 15:14:07,885 [INFO] HTTP Request: POST http://localhost:2026/v1/chat/completions "HTTP/1.1 200 OK"
2026-05-01 15:14:07,886 [INFO] [3451/3987] id=openseek-3-469581032 GT=[508, 80, 42, 64, 166, 25] ✅ (1956ch, attempts=1, 12.6s)
2026-05-01 15:14:10,378 [INFO] HTTP Request: POST http://localhost:2026/v1/chat/completions "HTTP/1.1 200 OK"
2026-05-01 15:14:10,379 [INFO] [3452/3987] id=openseek-3-6275be2a5 GT=[12, 424, 22, 75, 484, 310, 23, 124] ✅ (2975ch, attempts=1, 19.3s)
2026-05-01 15:14:19,673 [INFO] HTTP Request: POST http://localhost:2026/v1/chat/completions "HTTP/1.1 200 OK"
2026-05-01 15:14:19,674 [INFO] [3453/3987] id=openseek-3-0acfd15de GT=[232, 250, 44, 88, 45] ✅ (1917ch, attempts=1, 11.8s)
2026-05-01 15:14:19,969 [INFO] HTTP Request: POST http://localhost:2026/v1/chat/completions "HTTP/1.1 200 OK"
2026-05-01 15:14:19,970 [INFO] [3454/3987] id=openseek-3-9f5cc5a55 GT=[148, 15, 478, 208, 42, 298] ✅ (2129ch, attempts=1, 13.7s)
2026-05-01 15:14:22,263 [INFO] HTTP Request: POST http://localhost:2026/v1/chat/completions "HTTP/1.1 200 OK"
2026-05-01 15:14:22,264 [INFO] [3455/3987] id=openseek-3-a456ce3d2 GT=[14, 2, 556, 85, 574, 76] ✅ (1943ch, attempts=1, 11.9s)
2026-05-01 15:14:30,790 [INFO] HTTP Request: POST http://localhost:2026/v1/chat/completions "HTTP/1.1 200 OK"
2026-05-01 15:14:30,791 [INFO] [3456/3987] id=openseek-3-9937a375b GT=[93, 388, 69] ✅ (2058ch, attempts=1, 10.8s)
2026-05-01 15:14:36,359 [INFO] HTTP Request: POST http://localhost:2026/v1/chat/completions "HTTP/1.1 200 OK"
2026-05-01 15:14:36,360 [INFO] [3457/3987] id=openseek-3-632a789ca GT=[406, 280, 81, 30, 85, 274] ✅ (2317ch, attempts=1, 14.1s)
2026-05-01 15:14:40,635 [INFO] HTTP Request: POST http://localhost:2026/v1/chat/completions "HTTP/1.1 200 OK"
2026-05-01 15:14:40,636 [INFO] [3458/3987] id=openseek-3-90e22007a GT=[13, 406, 86, 74, 304, 184] ✅ (4053ch, attempts=1, 21.0s)
2026-05-01 15:14:46,340 [INFO] HTTP Request: POST http://localhost:2026/v1/chat/completions "HTTP/1.1 200 OK"
2026-05-01 15:14:46,342 [INFO] [3459/3987] id=openseek-3-c4d16d7d0 GT=[67, 472, 538, 598, 244] ✅ (2479ch, attempts=1, 15.5s)
2026-05-01 15:14:58,521 [INFO] HTTP Request: POST http://localhost:2026/v1/chat/completions "HTTP/1.1 200 OK"
2026-05-01 15:14:58,522 [INFO] [3460/3987] id=openseek-3-13753365c GT=[238, 15, 29, 514, 82] ✅ (1949ch, attempts=1, 12.2s)
2026-05-01 15:14:59,596 [INFO] HTTP Request: POST http://localhost:2026/v1/chat/completions "HTTP/1.1 200 OK"
2026-05-01 15:14:59,597 [INFO] [3461/3987] id=openseek-3-7e636c6a0 GT=[6, 232, 34, 502, 94, 208, 232, 88, 56] ✅ (3658ch, attempts=1, 23.2s)
2026-05-01 15:15:03,406 [INFO] HTTP Request: POST http://localhost:2026/v1/chat/completions "HTTP/1.1 200 OK"
2026-05-01 15:15:03,407 [INFO] [3462/3987] id=openseek-3-2e6ff568b GT=[280, 7, 442, 48, 21, 85, 66, 48, 124] ✅ (3734ch, attempts=1, 22.8s)
2026-05-01 15:15:08,184 [INFO] HTTP Request: POST http://localhost:2026/v1/chat/completions "HTTP/1.1 200 OK"
2026-05-01 15:15:08,185 [INFO] [3463/3987] id=openseek-3-fac39873f GT=[56, 33, 96] ✅ (1836ch, attempts=1, 9.7s)
2026-05-01 15:15:20,926 [INFO] HTTP Request: POST http://localhost:2026/v1/chat/completions "HTTP/1.1 200 OK"
2026-05-01 15:15:20,927 [INFO] [3464/3987] id=openseek-3-a7b440817 GT=[130, 76, 38, 16, 91, 30, 76, 130, 58] ✅ (3531ch, attempts=1, 21.3s)
2026-05-01 15:15:21,525 [INFO] HTTP Request: POST http://localhost:2026/v1/chat/completions "HTTP/1.1 200 OK"
2026-05-01 15:15:21,526 [INFO] [3465/3987] id=openseek-3-81ec9589c GT=[52, 214, 328, 202, 10, 22] ✅ (2032ch, attempts=1, 13.3s)
2026-05-01 15:15:22,397 [INFO] HTTP Request: POST http://localhost:2026/v1/chat/completions "HTTP/1.1 200 OK"
2026-05-01 15:15:22,398 [INFO] [3466/3987] id=openseek-3-9f2af0cea GT=[48, 232, 100, 76, 94, 16, 47, 352] ✅ (2896ch, attempts=1, 19.0s)
2026-05-01 15:15:31,824 [INFO] HTTP Request: POST http://localhost:2026/v1/chat/completions "HTTP/1.1 200 OK"
2026-05-01 15:15:31,825 [INFO] [3467/3987] id=openseek-3-aabaed9ba GT=[10, 574, 25, 59, 65] ✅ (1874ch, attempts=1, 10.9s)
2026-05-01 15:15:32,513 [INFO] HTTP Request: POST http://localhost:2026/v1/chat/completions "HTTP/1.1 200 OK"
2026-05-01 15:15:32,514 [INFO] [3468/3987] id=openseek-3-a6a651474 GT=[292, 3, 52, 60, 41] ✅ (1828ch, attempts=1, 11.0s)
2026-05-01 15:15:33,458 [INFO] HTTP Request: POST http://localhost:2026/v1/chat/completions "HTTP/1.1 200 OK"
2026-05-01 15:15:33,459 [INFO] [3469/3987] id=openseek-3-2659a0e19 GT=[90, 514] ✅ (2160ch, attempts=1, 11.1s)
2026-05-01 15:15:39,874 [INFO] HTTP Request: POST http://localhost:2026/v1/chat/completions "HTTP/1.1 200 OK"
2026-05-01 15:15:39,875 [INFO] [3470/3987] id=openseek-3-73e477e2a GT=[406, 85, 28] ✅ (1386ch, attempts=1, 7.4s)
2026-05-01 15:15:49,485 [INFO] HTTP Request: POST http://localhost:2026/v1/chat/completions "HTTP/1.1 200 OK"
2026-05-01 15:15:49,486 [INFO] [3471/3987] id=openseek-3-adf590f70 GT=[49, 80, 15, 334, 98, 502, 87, 63] ✅ (2472ch, attempts=1, 16.0s)
2026-05-01 15:15:51,053 [INFO] HTTP Request: POST http://localhost:2026/v1/chat/completions "HTTP/1.1 200 OK"
2026-05-01 15:15:51,054 [INFO] [3472/3987] id=openseek-3-0b21a4564 GT=[57, 73, 370] ✅ (2162ch, attempts=1, 11.2s)
2026-05-01 15:15:52,119 [INFO] HTTP Request: POST http://localhost:2026/v1/chat/completions "HTTP/1.1 200 OK"
2026-05-01 15:15:52,120 [INFO] [3473/3987] id=openseek-3-5e40a0ba7 GT=[14, 232, 99, 75, 68, 388, 20, 334] ✅ (3112ch, attempts=1, 20.3s)
2026-05-01 15:16:02,058 [INFO] HTTP Request: POST http://localhost:2026/v1/chat/completions "HTTP/1.1 200 OK"
2026-05-01 15:16:02,059 [INFO] [3474/3987] id=openseek-3-1d1972010 GT=[598, 226, 68, 43] ✅ (1971ch, attempts=1, 11.0s)
2026-05-01 15:16:03,196 [INFO] HTTP Request: POST http://localhost:2026/v1/chat/completions "HTTP/1.1 200 OK"
2026-05-01 15:16:03,197 [INFO] [3475/3987] id=openseek-3-87455fe55 GT=[13, 90, 20, 48, 220, 67] ✅ (2168ch, attempts=1, 13.7s)
2026-05-01 15:16:05,499 [INFO] HTTP Request: POST http://localhost:2026/v1/chat/completions "HTTP/1.1 200 OK"
2026-05-01 15:16:05,500 [INFO] [3476/3987] id=openseek-3-dc2236eb3 GT=[61, 16, 97, 442, 48, 502] ✅ (2222ch, attempts=1, 13.4s)
2026-05-01 15:16:14,613 [INFO] HTTP Request: POST http://localhost:2026/v1/chat/completions "HTTP/1.1 200 OK"
2026-05-01 15:16:14,614 [INFO] [3477/3987] id=openseek-3-2feae4ed3 GT=[118, 454, 256] ✅ (2084ch, attempts=1, 11.4s)
2026-05-01 15:16:16,654 [INFO] HTTP Request: POST http://localhost:2026/v1/chat/completions "HTTP/1.1 200 OK"
2026-05-01 15:16:16,655 [INFO] [3478/3987] id=openseek-3-2b2d73954 GT=[37, 400, 364, 94, 34, 160, 31] ✅ (2132ch, attempts=1, 14.6s)
2026-05-01 15:16:24,796 [INFO] HTTP Request: POST http://localhost:2026/v1/chat/completions "HTTP/1.1 200 OK"
2026-05-01 15:16:24,797 [INFO] [3479/3987] id=openseek-3-1226d39f3 GT=[562, 73, 544, 400, 502, 94, 592, 490] ✅ (2924ch, attempts=1, 19.3s)
2026-05-01 15:16:25,222 [INFO] HTTP Request: POST http://localhost:2026/v1/chat/completions "HTTP/1.1 200 OK"
2026-05-01 15:16:25,223 [INFO] [3480/3987] id=openseek-3-efb10b7ab GT=[40, 26, 2] ✅ (1693ch, attempts=1, 8.6s)
2026-05-01 15:16:27,896 [INFO] HTTP Request: POST http://localhost:2026/v1/chat/completions "HTTP/1.1 200 OK"
2026-05-01 15:16:27,897 [INFO] [3481/3987] id=openseek-3-1ba952900 GT=[460, 68, 322, 370] ✅ (2234ch, attempts=1, 13.3s)
2026-05-01 15:16:40,918 [INFO] HTTP Request: POST http://localhost:2026/v1/chat/completions "HTTP/1.1 200 OK"
2026-05-01 15:16:40,920 [INFO] [3482/3987] id=openseek-3-909a66fc1 GT=[95, 39, 88, 460, 57, 172] ✅ (2477ch, attempts=1, 15.7s)
2026-05-01 15:16:46,714 [INFO] HTTP Request: POST http://localhost:2026/v1/chat/completions "HTTP/1.1 200 OK"
2026-05-01 15:16:46,716 [INFO] [3483/3987] id=openseek-3-72fdd4cec GT=[256, 304, 86, 3, 40, 56, 244, 25, 202] ✅ (3580ch, attempts=1, 21.9s)
2026-05-01 15:16:47,724 [INFO] HTTP Request: POST http://localhost:2026/v1/chat/completions "HTTP/1.1 200 OK"
2026-05-01 15:16:47,725 [INFO] [3484/3987] id=openseek-3-1b0f342ea GT=[70, 148, 298, 4, 28, 310, 25, 30, 15] ✅ (3127ch, attempts=1, 19.8s)
2026-05-01 15:16:55,882 [INFO] HTTP Request: POST http://localhost:2026/v1/chat/completions "HTTP/1.1 200 OK"
2026-05-01 15:16:55,883 [INFO] [3485/3987] id=openseek-3-6707b9f28 GT=[148, 53, 71] ✅ (1825ch, attempts=1, 9.2s)
2026-05-01 15:16:58,093 [INFO] HTTP Request: POST http://localhost:2026/v1/chat/completions "HTTP/1.1 200 OK"
2026-05-01 15:16:58,095 [INFO] [3486/3987] id=openseek-3-1e1f3c71b GT=[64, 88, 60, 100, 538, 89, 69, 130] ✅ (2692ch, attempts=1, 17.2s)
2026-05-01 15:17:07,500 [INFO] HTTP Request: POST http://localhost:2026/v1/chat/completions "HTTP/1.1 200 OK"
2026-05-01 15:17:07,501 [INFO] [3487/3987] id=openseek-3-f60492693 GT=[166, 47, 124, 316] ✅ (2047ch, attempts=1, 11.6s)
2026-05-01 15:17:08,904 [INFO] HTTP Request: POST http://localhost:2026/v1/chat/completions "HTTP/1.1 200 OK"
2026-05-01 15:17:08,905 [INFO] [3488/3987] id=openseek-3-49969edbb GT=[568, 106, 322] ✅ (1832ch, attempts=1, 10.8s)
2026-05-01 15:17:11,651 [INFO] HTTP Request: POST http://localhost:2026/v1/chat/completions "HTTP/1.1 200 OK"
2026-05-01 15:17:11,653 [INFO] [3489/3987] id=openseek-3-06d86d488 GT=[88, 54, 262, 352, 67, 12, 38, 63, 256] ✅ (3790ch, attempts=1, 23.9s)
2026-05-01 15:17:18,832 [INFO] HTTP Request: POST http://localhost:2026/v1/chat/completions "HTTP/1.1 200 OK"
2026-05-01 15:17:18,833 [INFO] [3490/3987] id=openseek-3-b17b2b82c GT=[26, 472, 286] ✅ (1913ch, attempts=1, 9.9s)
2026-05-01 15:17:25,343 [INFO] HTTP Request: POST http://localhost:2026/v1/chat/completions "HTTP/1.1 200 OK"
2026-05-01 15:17:25,345 [INFO] [3491/3987] id=openseek-3-b23c5ae71 GT=[370, 388, 58, 92, 520, 424, 31, 94] ✅ (2586ch, attempts=1, 17.8s)
2026-05-01 15:17:27,029 [INFO] HTTP Request: POST http://localhost:2026/v1/chat/completions "HTTP/1.1 200 OK"
2026-05-01 15:17:27,030 [INFO] [3492/3987] id=openseek-3-f23334f81 GT=[15, 40, 28, 196, 75, 63, 66] ✅ (2552ch, attempts=1, 15.4s)
2026-05-01 15:17:28,254 [INFO] HTTP Request: POST http://localhost:2026/v1/chat/completions "HTTP/1.1 200 OK"
2026-05-01 15:17:28,255 [INFO] [3493/3987] id=openseek-3-4406e1ae3 GT=[418, 37, 382] ✅ (1695ch, attempts=1, 9.4s)
2026-05-01 15:17:33,251 [INFO] HTTP Request: POST http://localhost:2026/v1/chat/completions "HTTP/1.1 200 OK"
2026-05-01 15:17:33,253 [INFO] [3494/3987] id=openseek-3-744a5fc99 GT=[256, 82, 8] ✅ (1488ch, attempts=1, 7.9s)
2026-05-01 15:17:42,678 [INFO] HTTP Request: POST http://localhost:2026/v1/chat/completions "HTTP/1.1 200 OK"
2026-05-01 15:17:42,680 [INFO] [3495/3987] id=openseek-3-b6d981a74 GT=[61, 77, 400] ✅ (1898ch, attempts=1, 9.4s)
2026-05-01 15:17:42,945 [INFO] HTTP Request: POST http://localhost:2026/v1/chat/completions "HTTP/1.1 200 OK"
2026-05-01 15:17:42,947 [INFO] [3496/3987] id=openseek-3-46f4d7832 GT=[124, 64, 48, 90, 160, 2, 41] ✅ (2252ch, attempts=1, 14.7s)
2026-05-01 15:17:44,330 [INFO] HTTP Request: POST http://localhost:2026/v1/chat/completions "HTTP/1.1 200 OK"
2026-05-01 15:17:44,331 [INFO] [3497/3987] id=openseek-3-d189db987 GT=[55, 85, 442, 592, 79, 40] ✅ (2744ch, attempts=1, 17.3s)
2026-05-01 15:17:54,130 [INFO] HTTP Request: POST http://localhost:2026/v1/chat/completions "HTTP/1.1 200 OK"
2026-05-01 15:17:54,132 [INFO] [3498/3987] id=openseek-3-f5c2b12ca GT=[57, 10, 32, 60, 53, 30, 178] ✅ (1784ch, attempts=1, 11.5s)
2026-05-01 15:17:56,983 [INFO] HTTP Request: POST http://localhost:2026/v1/chat/completions "HTTP/1.1 200 OK"
2026-05-01 15:17:56,984 [INFO] [3499/3987] id=openseek-3-bcdfaf81a GT=[32, 532, 35, 268, 96] ✅ (2032ch, attempts=1, 12.7s)
2026-05-01 15:18:02,546 [INFO] HTTP Request: POST http://localhost:2026/v1/chat/completions "HTTP/1.1 200 OK"
2026-05-01 15:18:02,548 [INFO] [3500/3987] id=openseek-3-46d24d962 GT=[7, 56, 256, 76, 69, 520, 568, 412] ✅ (2991ch, attempts=1, 19.6s)
2026-05-01 15:18:02,865 [INFO]   💾 已保存 (成功=3500 验证通过=3500 降级=0) | 4.6s/条均值 | ETA=38min
2026-05-01 15:18:05,840 [INFO] HTTP Request: POST http://localhost:2026/v1/chat/completions "HTTP/1.1 200 OK"
2026-05-01 15:18:05,842 [INFO] [3501/3987] id=openseek-3-df8a4534a GT=[61, 43, 48, 574, 8, 90] ✅ (1936ch, attempts=1, 11.7s)
2026-05-01 15:18:12,636 [INFO] HTTP Request: POST http://localhost:2026/v1/chat/completions "HTTP/1.1 200 OK"
2026-05-01 15:18:12,637 [INFO] [3502/3987] id=openseek-3-8e9a0d180 GT=[87, 514, 32, 298, 436] ✅ (1567ch, attempts=1, 10.1s)
2026-05-01 15:18:15,951 [INFO] HTTP Request: POST http://localhost:2026/v1/chat/completions "HTTP/1.1 200 OK"
2026-05-01 15:18:15,952 [INFO] [3503/3987] id=openseek-3-100a960cf GT=[220, 5, 382, 82, 118, 46, 346, 328, 36] ✅ (2871ch, attempts=1, 19.0s)
2026-05-01 15:18:18,169 [INFO] HTTP Request: POST http://localhost:2026/v1/chat/completions "HTTP/1.1 200 OK"
2026-05-01 15:18:18,170 [INFO] [3504/3987] id=openseek-3-7502be397 GT=[88, 1, 16, 62, 484] ✅ (2048ch, attempts=1, 12.3s)
2026-05-01 15:18:22,099 [INFO] HTTP Request: POST http://localhost:2026/v1/chat/completions "HTTP/1.1 200 OK"
2026-05-01 15:18:22,100 [INFO] [3505/3987] id=openseek-3-f6ddd49e1 GT=[118, 184, 45] ✅ (1755ch, attempts=1, 9.5s)
2026-05-01 15:18:27,061 [INFO] HTTP Request: POST http://localhost:2026/v1/chat/completions "HTTP/1.1 200 OK"
2026-05-01 15:18:27,062 [INFO] [3506/3987] id=openseek-3-001d827d0 GT=[502, 63, 148, 472] ✅ (1919ch, attempts=1, 11.1s)
2026-05-01 15:18:30,078 [INFO] HTTP Request: POST http://localhost:2026/v1/chat/completions "HTTP/1.1 200 OK"
2026-05-01 15:18:30,080 [INFO] [3507/3987] id=openseek-3-453791854 GT=[442, 94, 490, 5, 520] ✅ (1857ch, attempts=1, 11.9s)
2026-05-01 15:18:35,430 [INFO] HTTP Request: POST http://localhost:2026/v1/chat/completions "HTTP/1.1 200 OK"
2026-05-01 15:18:35,431 [INFO] [3508/3987] id=openseek-3-92fef0f12 GT=[92, 388, 232, 262, 118] ✅ (2098ch, attempts=1, 13.3s)
2026-05-01 15:18:37,636 [INFO] HTTP Request: POST http://localhost:2026/v1/chat/completions "HTTP/1.1 200 OK"
2026-05-01 15:18:37,638 [INFO] [3509/3987] id=openseek-3-87e9fa33d GT=[112, 586] ✅ (1456ch, attempts=1, 7.6s)
2026-05-01 15:18:45,292 [INFO] HTTP Request: POST http://localhost:2026/v1/chat/completions "HTTP/1.1 200 OK"
2026-05-01 15:18:45,293 [INFO] [3510/3987] id=openseek-3-e42731032 GT=[166, 460, 526, 49, 160, 18, 55, 91] ✅ (2835ch, attempts=1, 18.2s)
2026-05-01 15:18:49,437 [INFO] HTTP Request: POST http://localhost:2026/v1/chat/completions "HTTP/1.1 200 OK"
2026-05-01 15:18:49,438 [INFO] [3511/3987] id=openseek-3-f63436d0d GT=[1, 69, 15, 484, 28, 514] ✅ (2378ch, attempts=1, 14.0s)
2026-05-01 15:18:51,855 [INFO] HTTP Request: POST http://localhost:2026/v1/chat/completions "HTTP/1.1 200 OK"
2026-05-01 15:18:51,857 [INFO] [3512/3987] id=openseek-3-7593c3357 GT=[43, 82, 14, 76, 48, 244] ✅ (2468ch, attempts=1, 14.2s)
2026-05-01 15:18:54,557 [INFO] HTTP Request: POST http://localhost:2026/v1/chat/completions "HTTP/1.1 200 OK"
2026-05-01 15:18:54,558 [INFO] [3513/3987] id=openseek-3-a4b114054 GT=[30, 80, 11, 40, 25] ✅ (1697ch, attempts=1, 9.3s)
2026-05-01 15:19:06,481 [INFO] HTTP Request: POST http://localhost:2026/v1/chat/completions "HTTP/1.1 200 OK"
2026-05-01 15:19:06,483 [INFO] [3514/3987] id=openseek-3-4f861048e GT=[490, 244, 484, 57, 574, 66, 130] ✅ (2337ch, attempts=1, 14.6s)
2026-05-01 15:19:07,593 [INFO] HTTP Request: POST http://localhost:2026/v1/chat/completions "HTTP/1.1 200 OK"
2026-05-01 15:19:07,594 [INFO] [3515/3987] id=openseek-3-a4d76de37 GT=[81, 72, 65, 12, 56, 24, 352, 352] ✅ (2926ch, attempts=1, 18.2s)
2026-05-01 15:19:13,106 [INFO] HTTP Request: POST http://localhost:2026/v1/chat/completions "HTTP/1.1 200 OK"
2026-05-01 15:19:13,107 [INFO] [3516/3987] id=openseek-3-9f7c5ca62 GT=[46, 364, 208, 82, 64, 76, 41] ✅ (2964ch, attempts=1, 18.5s)
2026-05-01 15:19:21,912 [INFO] HTTP Request: POST http://localhost:2026/v1/chat/completions "HTTP/1.1 200 OK"
2026-05-01 15:19:21,913 [INFO] [3517/3987] id=openseek-3-8f3da389f GT=[85, 88, 79, 20, 412, 88] ✅ (2469ch, attempts=1, 15.4s)
2026-05-01 15:19:24,406 [INFO] HTTP Request: POST http://localhost:2026/v1/chat/completions "HTTP/1.1 200 OK"
2026-05-01 15:19:24,407 [INFO] [3518/3987] id=openseek-3-8d49124a9 GT=[38, 100, 32, 280, 33, 106, 28] ✅ (2729ch, attempts=1, 16.8s)
2026-05-01 15:19:30,977 [INFO] HTTP Request: POST http://localhost:2026/v1/chat/completions "HTTP/1.1 200 OK"
2026-05-01 15:19:30,978 [INFO] [3519/3987] id=openseek-3-1d5b903ed GT=[442, 286, 202, 232, 484, 322] ✅ (2618ch, attempts=1, 17.9s)
2026-05-01 15:19:34,835 [INFO] HTTP Request: POST http://localhost:2026/v1/chat/completions "HTTP/1.1 200 OK"
2026-05-01 15:19:34,836 [INFO] [3520/3987] id=openseek-3-fb036092f GT=[118, 580, 262, 42] ✅ (1810ch, attempts=1, 10.4s)
2026-05-01 15:19:37,255 [INFO] HTTP Request: POST http://localhost:2026/v1/chat/completions "HTTP/1.1 200 OK"
2026-05-01 15:19:37,257 [INFO] [3521/3987] id=openseek-3-6d1089229 GT=[83, 16, 29, 92, 52, 562] ✅ (2450ch, attempts=1, 15.3s)
2026-05-01 15:19:46,003 [INFO] HTTP Request: POST http://localhost:2026/v1/chat/completions "HTTP/1.1 200 OK"
2026-05-01 15:19:46,004 [INFO] [3522/3987] id=openseek-3-9726edc57 GT=[214, 310, 81, 33, 27, 364, 18, 65] ✅ (2406ch, attempts=1, 15.0s)
2026-05-01 15:19:46,878 [INFO] HTTP Request: POST http://localhost:2026/v1/chat/completions "HTTP/1.1 200 OK"
2026-05-01 15:19:46,879 [INFO] [3523/3987] id=openseek-3-bbc0f048c GT=[580, 85, 16, 160] ✅ (2080ch, attempts=1, 12.0s)
2026-05-01 15:19:52,828 [INFO] HTTP Request: POST http://localhost:2026/v1/chat/completions "HTTP/1.1 200 OK"
2026-05-01 15:19:52,829 [INFO] [3524/3987] id=openseek-3-c581f46d8 GT=[7, 36] ✅ (1570ch, attempts=1, 6.8s)
2026-05-01 15:19:59,077 [INFO] HTTP Request: POST http://localhost:2026/v1/chat/completions "HTTP/1.1 200 OK"
2026-05-01 15:19:59,079 [INFO] [3525/3987] id=openseek-3-58257266c GT=[508, 11, 97, 86, 214, 316, 418] ✅ (3454ch, attempts=1, 21.8s)
2026-05-01 15:20:04,618 [INFO] HTTP Request: POST http://localhost:2026/v1/chat/completions "HTTP/1.1 200 OK"
2026-05-01 15:20:04,619 [INFO] [3526/3987] id=openseek-3-07b9056f3 GT=[262, 39, 346, 304] ✅ (2016ch, attempts=1, 11.8s)
2026-05-01 15:20:07,863 [INFO] HTTP Request: POST http://localhost:2026/v1/chat/completions "HTTP/1.1 200 OK"
2026-05-01 15:20:07,864 [INFO] [3527/3987] id=openseek-3-fccbcf2f1 GT=[83, 118, 43, 45, 7, 52, 30, 3] ✅ (3715ch, attempts=1, 21.0s)
2026-05-01 15:20:08,673 [INFO] HTTP Request: POST http://localhost:2026/v1/chat/completions "HTTP/1.1 200 OK"
2026-05-01 15:20:08,675 [INFO] [3528/3987] id=openseek-3-80c1ca9a7 GT=[72, 28, 91, 58] ✅ (1686ch, attempts=1, 9.6s)
2026-05-01 15:20:16,563 [INFO] HTTP Request: POST http://localhost:2026/v1/chat/completions "HTTP/1.1 200 OK"
2026-05-01 15:20:16,564 [INFO] [3529/3987] id=openseek-3-50d83bb6b GT=[73, 334, 358] ✅ (2116ch, attempts=1, 11.9s)
2026-05-01 15:20:19,139 [INFO] HTTP Request: POST http://localhost:2026/v1/chat/completions "HTTP/1.1 200 OK"
2026-05-01 15:20:19,140 [INFO] [3530/3987] id=openseek-3-23765f06a GT=[580, 418, 26] ✅ (2022ch, attempts=1, 11.3s)
2026-05-01 15:20:19,502 [INFO] HTTP Request: POST http://localhost:2026/v1/chat/completions "HTTP/1.1 200 OK"
2026-05-01 15:20:19,504 [INFO] [3531/3987] id=openseek-3-da22f0916 GT=[580, 69, 460, 514, 18] ✅ (1789ch, attempts=1, 10.8s)
2026-05-01 15:20:32,752 [INFO] HTTP Request: POST http://localhost:2026/v1/chat/completions "HTTP/1.1 200 OK"
2026-05-01 15:20:32,753 [INFO] [3532/3987] id=openseek-3-4d5779fb2 GT=[52, 160, 76, 70, 160] ✅ (2761ch, attempts=1, 16.2s)
2026-05-01 15:20:33,432 [INFO] HTTP Request: POST http://localhost:2026/v1/chat/completions "HTTP/1.1 200 OK"
2026-05-01 15:20:33,433 [INFO] [3533/3987] id=openseek-3-e77274558 GT=[36, 97, 13, 5, 48, 598, 7] ✅ (2419ch, attempts=1, 14.3s)
2026-05-01 15:20:33,988 [INFO] HTTP Request: POST http://localhost:2026/v1/chat/completions "HTTP/1.1 200 OK"
2026-05-01 15:20:33,989 [INFO] [3534/3987] id=openseek-3-47a3dc3de GT=[52, 4, 55, 41, 394, 87, 89] ✅ (2399ch, attempts=1, 14.5s)
2026-05-01 15:20:47,129 [INFO] HTTP Request: POST http://localhost:2026/v1/chat/completions "HTTP/1.1 200 OK"
2026-05-01 15:20:47,130 [INFO] [3535/3987] id=openseek-3-3c3907342 GT=[76, 23, 112, 7] ✅ (2573ch, attempts=1, 13.7s)
2026-05-01 15:20:49,346 [INFO] HTTP Request: POST http://localhost:2026/v1/chat/completions "HTTP/1.1 200 OK"
2026-05-01 15:20:49,347 [INFO] [3536/3987] id=openseek-3-c6f32b60d GT=[262, 98, 112, 81, 49, 262, 53, 23] ✅ (2788ch, attempts=1, 16.6s)
2026-05-01 15:20:53,420 [INFO] HTTP Request: POST http://localhost:2026/v1/chat/completions "HTTP/1.1 200 OK"
2026-05-01 15:20:53,421 [INFO] [3537/3987] id=openseek-3-cc9490c48 GT=[57, 40, 65, 94, 520, 63, 274, 40, 10] ✅ (2814ch, attempts=1, 19.4s)
2026-05-01 15:20:55,817 [INFO] HTTP Request: POST http://localhost:2026/v1/chat/completions "HTTP/1.1 200 OK"
2026-05-01 15:20:55,818 [INFO] [3538/3987] id=openseek-3-3d1956501 GT=[17, 87, 208] ✅ (1674ch, attempts=1, 8.7s)
2026-05-01 15:20:59,351 [INFO] HTTP Request: POST http://localhost:2026/v1/chat/completions "HTTP/1.1 200 OK"
2026-05-01 15:20:59,352 [INFO] [3539/3987] id=openseek-3-d0248f502 GT=[388, 7] ✅ (2062ch, attempts=1, 10.0s)
2026-05-01 15:21:03,470 [INFO] HTTP Request: POST http://localhost:2026/v1/chat/completions "HTTP/1.1 200 OK"
2026-05-01 15:21:03,471 [INFO] [3540/3987] id=openseek-3-019ac3ca3 GT=[94, 448, 292, 16] ✅ (1668ch, attempts=1, 10.0s)
2026-05-01 15:21:08,996 [INFO] HTTP Request: POST http://localhost:2026/v1/chat/completions "HTTP/1.1 200 OK"
2026-05-01 15:21:08,997 [INFO] [3541/3987] id=openseek-3-abb4c62d0 GT=[84, 58, 376, 382] ✅ (2202ch, attempts=1, 13.2s)
2026-05-01 15:21:11,290 [INFO] HTTP Request: POST http://localhost:2026/v1/chat/completions "HTTP/1.1 200 OK"
2026-05-01 15:21:11,292 [INFO] [3542/3987] id=openseek-3-a9f265e06 GT=[37, 298, 11, 166, 94, 9, 42] ✅ (1837ch, attempts=1, 11.9s)
2026-05-01 15:21:18,860 [INFO] HTTP Request: POST http://localhost:2026/v1/chat/completions "HTTP/1.1 200 OK"
2026-05-01 15:21:18,861 [INFO] [3543/3987] id=openseek-3-0f2c2cb81 GT=[586, 400] ✅ (1926ch, attempts=1, 9.9s)
2026-05-01 15:21:20,344 [INFO] HTTP Request: POST http://localhost:2026/v1/chat/completions "HTTP/1.1 200 OK"
2026-05-01 15:21:20,346 [INFO] [3544/3987] id=openseek-3-7718b1320 GT=[87, 88, 94, 78, 54, 448] ✅ (2704ch, attempts=1, 16.9s)
2026-05-01 15:21:22,715 [INFO] HTTP Request: POST http://localhost:2026/v1/chat/completions "HTTP/1.1 200 OK"
2026-05-01 15:21:22,717 [INFO] [3545/3987] id=openseek-3-7b14bc0e2 GT=[58, 166, 43, 9] ✅ (2091ch, attempts=1, 11.4s)
2026-05-01 15:21:32,246 [INFO] HTTP Request: POST http://localhost:2026/v1/chat/completions "HTTP/1.1 200 OK"
2026-05-01 15:21:32,247 [INFO] [3546/3987] id=openseek-3-21eb1945b GT=[29, 4, 16, 26, 268] ✅ (2023ch, attempts=1, 11.9s)
2026-05-01 15:21:32,490 [INFO] HTTP Request: POST http://localhost:2026/v1/chat/completions "HTTP/1.1 200 OK"
2026-05-01 15:21:32,492 [INFO] [3547/3987] id=openseek-3-dcc28f1a9 GT=[83, 87, 88] ✅ (1710ch, attempts=1, 9.8s)
2026-05-01 15:21:33,472 [INFO] HTTP Request: POST http://localhost:2026/v1/chat/completions "HTTP/1.1 200 OK"
2026-05-01 15:21:33,473 [INFO] [3548/3987] id=openseek-3-e1dcba04c GT=[87, 28, 598, 370, 82, 46, 520] ✅ (2257ch, attempts=1, 14.6s)
2026-05-01 15:21:41,163 [INFO] HTTP Request: POST http://localhost:2026/v1/chat/completions "HTTP/1.1 200 OK"
2026-05-01 15:21:41,164 [INFO] [3549/3987] id=openseek-3-611dfd24d GT=[364, 50, 130] ✅ (1381ch, attempts=1, 7.7s)
2026-05-01 15:21:43,563 [INFO] HTTP Request: POST http://localhost:2026/v1/chat/completions "HTTP/1.1 200 OK"
2026-05-01 15:21:43,565 [INFO] [3550/3987] id=openseek-3-6a03d1510 GT=[190, 54, 184, 88] ✅ (1970ch, attempts=1, 11.3s)
2026-05-01 15:21:43,894 [INFO]   💾 已保存 (成功=3550 验证通过=3550 降级=0) | 4.6s/条均值 | ETA=34min
2026-05-01 15:21:46,815 [INFO] HTTP Request: POST http://localhost:2026/v1/chat/completions "HTTP/1.1 200 OK"
2026-05-01 15:21:46,816 [INFO] [3551/3987] id=openseek-3-dccab827d GT=[78, 406, 88, 490, 514, 43, 45] ✅ (2381ch, attempts=1, 14.3s)
2026-05-01 15:21:57,476 [INFO] HTTP Request: POST http://localhost:2026/v1/chat/completions "HTTP/1.1 200 OK"
2026-05-01 15:21:57,478 [INFO] [3552/3987] id=openseek-3-c0d921a50 GT=[418, 304, 85] ✅ (1959ch, attempts=1, 10.7s)
2026-05-01 15:21:59,303 [INFO] HTTP Request: POST http://localhost:2026/v1/chat/completions "HTTP/1.1 200 OK"
2026-05-01 15:21:59,304 [INFO] [3553/3987] id=openseek-3-436c1e1fb GT=[442, 93, 28, 36, 14, 28, 93, 57] ✅ (2679ch, attempts=1, 15.7s)
2026-05-01 15:22:04,775 [INFO] HTTP Request: POST http://localhost:2026/v1/chat/completions "HTTP/1.1 200 OK"
2026-05-01 15:22:04,777 [INFO] [3554/3987] id=openseek-3-d41600e0b GT=[406, 16, 340, 94, 83, 100, 74, 83, 184] ✅ (3880ch, attempts=1, 23.6s)
2026-05-01 15:22:16,003 [INFO] HTTP Request: POST http://localhost:2026/v1/chat/completions "HTTP/1.1 200 OK"
2026-05-01 15:22:16,004 [INFO] [3555/3987] id=openseek-3-e9c5e43e3 GT=[83, 49, 214, 460] ✅ (1898ch, attempts=1, 11.2s)
2026-05-01 15:22:16,269 [INFO] HTTP Request: POST http://localhost:2026/v1/chat/completions "HTTP/1.1 200 OK"
2026-05-01 15:22:16,270 [INFO] [3556/3987] id=openseek-3-d900ed2a7 GT=[592, 244, 64, 448, 250, 496, 62, 37] ✅ (2891ch, attempts=1, 18.8s)
2026-05-01 15:22:16,475 [INFO] HTTP Request: POST http://localhost:2026/v1/chat/completions "HTTP/1.1 200 OK"
2026-05-01 15:22:16,476 [INFO] [3557/3987] id=openseek-3-29243c1b4 GT=[92, 85, 52, 544, 94, 78, 71] ✅ (2786ch, attempts=1, 17.2s)
2026-05-01 15:22:22,754 [INFO] HTTP Request: POST http://localhost:2026/v1/chat/completions "HTTP/1.1 200 OK"
2026-05-01 15:22:22,755 [INFO] [3558/3987] id=openseek-3-4c3e2debf GT=[23, 86] ✅ (1374ch, attempts=1, 6.3s)
2026-05-01 15:22:31,756 [INFO] HTTP Request: POST http://localhost:2026/v1/chat/completions "HTTP/1.1 200 OK"
2026-05-01 15:22:31,757 [INFO] [3559/3987] id=openseek-3-6030abbd7 GT=[40, 124, 16, 41, 460, 388] ✅ (2473ch, attempts=1, 15.8s)
2026-05-01 15:22:34,785 [INFO] HTTP Request: POST http://localhost:2026/v1/chat/completions "HTTP/1.1 200 OK"
2026-05-01 15:22:34,786 [INFO] [3560/3987] id=openseek-3-c4b8dc52d GT=[11, 598, 98, 220, 38, 574, 1, 38, 6] ✅ (2820ch, attempts=1, 18.5s)
2026-05-01 15:22:35,672 [INFO] HTTP Request: POST http://localhost:2026/v1/chat/completions "HTTP/1.1 200 OK"
2026-05-01 15:22:35,673 [INFO] [3561/3987] id=openseek-3-34dd0678a GT=[46, 54, 568, 340] ✅ (2215ch, attempts=1, 12.9s)
2026-05-01 15:22:42,499 [INFO] HTTP Request: POST http://localhost:2026/v1/chat/completions "HTTP/1.1 200 OK"
2026-05-01 15:22:42,500 [INFO] [3562/3987] id=openseek-3-7e547b283 GT=[65, 42, 5] ✅ (2169ch, attempts=1, 10.7s)
2026-05-01 15:22:45,731 [INFO] HTTP Request: POST http://localhost:2026/v1/chat/completions "HTTP/1.1 200 OK"
2026-05-01 15:22:45,733 [INFO] [3563/3987] id=openseek-3-05fd93c46 GT=[172, 328] ✅ (2157ch, attempts=1, 10.9s)
2026-05-01 15:22:51,889 [INFO] HTTP Request: POST http://localhost:2026/v1/chat/completions "HTTP/1.1 200 OK"
2026-05-01 15:22:51,890 [INFO] [3564/3987] id=openseek-3-91d972ced GT=[9, 88, 130, 86] ✅ (1732ch, attempts=1, 9.4s)
2026-05-01 15:22:55,237 [INFO] HTTP Request: POST http://localhost:2026/v1/chat/completions "HTTP/1.1 200 OK"
2026-05-01 15:22:55,238 [INFO] [3565/3987] id=openseek-3-946ad7018 GT=[46, 62, 34, 448, 32, 40, 286, 59, 18] ✅ (3062ch, attempts=1, 19.6s)
2026-05-01 15:23:06,105 [INFO] HTTP Request: POST http://localhost:2026/v1/chat/completions "HTTP/1.1 200 OK"
2026-05-01 15:23:06,107 [INFO] [3566/3987] id=openseek-3-8d0e011c7 GT=[88, 88, 62, 15, 40, 16, 76, 190, 30] ✅ (3209ch, attempts=1, 20.4s)
2026-05-01 15:23:11,515 [INFO] HTTP Request: POST http://localhost:2026/v1/chat/completions "HTTP/1.1 200 OK"
2026-05-01 15:23:11,516 [INFO] [3567/3987] id=openseek-3-25ce2af1d GT=[94, 65, 28, 74, 26, 71, 77, 15] ✅ (2606ch, attempts=1, 16.3s)
2026-05-01 15:23:15,062 [INFO] HTTP Request: POST http://localhost:2026/v1/chat/completions "HTTP/1.1 200 OK"
2026-05-01 15:23:15,064 [INFO] [3568/3987] id=openseek-3-466c609f3 GT=[19, 220, 334, 232, 232, 436, 514, 460,  ✅ (3500ch, attempts=1, 23.2s)
2026-05-01 15:23:19,941 [INFO] HTTP Request: POST http://localhost:2026/v1/chat/completions "HTTP/1.1 200 OK"
2026-05-01 15:23:19,942 [INFO] [3569/3987] id=openseek-3-3e01e6dd3 GT=[34, 100, 61] ✅ (1625ch, attempts=1, 8.4s)
2026-05-01 15:23:27,277 [INFO] HTTP Request: POST http://localhost:2026/v1/chat/completions "HTTP/1.1 200 OK"
2026-05-01 15:23:27,279 [INFO] [3570/3987] id=openseek-3-612374d93 GT=[106, 63, 88, 85, 15, 74, 532, 57, 328] ✅ (3443ch, attempts=1, 21.2s)
2026-05-01 15:23:30,002 [INFO] HTTP Request: POST http://localhost:2026/v1/chat/completions "HTTP/1.1 200 OK"
2026-05-01 15:23:30,003 [INFO] [3571/3987] id=openseek-3-19fbf84af GT=[77, 76, 99, 322, 84] ✅ (1537ch, attempts=1, 10.1s)
2026-05-01 15:23:36,871 [INFO] HTTP Request: POST http://localhost:2026/v1/chat/completions "HTTP/1.1 200 OK"
2026-05-01 15:23:36,873 [INFO] [3572/3987] id=openseek-3-a5010cff4 GT=[154, 586, 196, 202, 424, 31, 92, 3, 154 ✅ (3306ch, attempts=1, 21.8s)
2026-05-01 15:23:41,164 [INFO] HTTP Request: POST http://localhost:2026/v1/chat/completions "HTTP/1.1 200 OK"
2026-05-01 15:23:41,165 [INFO] [3573/3987] id=openseek-3-17bda3e2b GT=[7, 26, 58, 95, 58, 99, 250] ✅ (1675ch, attempts=1, 11.2s)
2026-05-01 15:23:46,343 [INFO] HTTP Request: POST http://localhost:2026/v1/chat/completions "HTTP/1.1 200 OK"
2026-05-01 15:23:46,344 [INFO] [3574/3987] id=openseek-3-a6cd87f27 GT=[580, 10, 304, 298, 484] ✅ (3383ch, attempts=1, 19.1s)
2026-05-01 15:23:52,554 [INFO] HTTP Request: POST http://localhost:2026/v1/chat/completions "HTTP/1.1 200 OK"
2026-05-01 15:23:52,555 [INFO] [3575/3987] id=openseek-3-b4819d549 GT=[45, 46, 124, 67, 490] ✅ (1810ch, attempts=1, 11.4s)
2026-05-01 15:23:53,021 [INFO] HTTP Request: POST http://localhost:2026/v1/chat/completions "HTTP/1.1 200 OK"
2026-05-01 15:23:53,022 [INFO] [3576/3987] id=openseek-3-3bd923341 GT=[160, 28, 89, 184, 244] ✅ (2601ch, attempts=1, 16.1s)
2026-05-01 15:23:55,226 [INFO] HTTP Request: POST http://localhost:2026/v1/chat/completions "HTTP/1.1 200 OK"
2026-05-01 15:23:55,228 [INFO] [3577/3987] id=openseek-3-38c6c4457 GT=[172, 418] ✅ (1721ch, attempts=1, 8.9s)
2026-05-01 15:24:00,595 [INFO] HTTP Request: POST http://localhost:2026/v1/chat/completions "HTTP/1.1 200 OK"
2026-05-01 15:24:00,596 [INFO] [3578/3987] id=openseek-3-db0f2472b GT=[286, 10] ✅ (1737ch, attempts=1, 8.0s)
2026-05-01 15:24:03,721 [INFO] HTTP Request: POST http://localhost:2026/v1/chat/completions "HTTP/1.1 200 OK"
2026-05-01 15:24:03,722 [INFO] [3579/3987] id=openseek-3-b4bbd3a5f GT=[412, 85, 508] ✅ (1631ch, attempts=1, 8.5s)
2026-05-01 15:24:07,849 [INFO] HTTP Request: POST http://localhost:2026/v1/chat/completions "HTTP/1.1 200 OK"
2026-05-01 15:24:07,850 [INFO] [3580/3987] id=openseek-3-930e55552 GT=[562, 91, 21, 68, 238, 46] ✅ (2474ch, attempts=1, 14.8s)
2026-05-01 15:24:10,016 [INFO] HTTP Request: POST http://localhost:2026/v1/chat/completions "HTTP/1.1 200 OK"
2026-05-01 15:24:10,017 [INFO] [3581/3987] id=openseek-3-6060871a6 GT=[232, 15, 56] ✅ (1913ch, attempts=1, 9.4s)
2026-05-01 15:24:22,801 [INFO] HTTP Request: POST http://localhost:2026/v1/chat/completions "HTTP/1.1 200 OK"
2026-05-01 15:24:22,802 [INFO] [3582/3987] id=openseek-3-59f4ad468 GT=[298, 90, 10, 250, 4, 208, 448, 90] ✅ (2946ch, attempts=1, 19.1s)
2026-05-01 15:24:23,002 [INFO] HTTP Request: POST http://localhost:2026/v1/chat/completions "HTTP/1.1 200 OK"
2026-05-01 15:24:23,003 [INFO] [3583/3987] id=openseek-3-566a6df07 GT=[72, 62, 17, 3, 48, 48] ✅ (2192ch, attempts=1, 13.0s)
2026-05-01 15:24:29,169 [INFO] HTTP Request: POST http://localhost:2026/v1/chat/completions "HTTP/1.1 200 OK"
2026-05-01 15:24:29,171 [INFO] [3584/3987] id=openseek-3-defde7b96 GT=[78, 406, 382, 71, 25, 568, 334, 598, 55 ✅ (3202ch, attempts=1, 21.3s)
2026-05-01 15:24:33,348 [INFO] HTTP Request: POST http://localhost:2026/v1/chat/completions "HTTP/1.1 200 OK"
2026-05-01 15:24:33,349 [INFO] [3585/3987] id=openseek-3-967561cb9 GT=[22, 256, 532] ✅ (1923ch, attempts=1, 10.5s)
2026-05-01 15:24:36,628 [INFO] HTTP Request: POST http://localhost:2026/v1/chat/completions "HTTP/1.1 200 OK"
2026-05-01 15:24:36,630 [INFO] [3586/3987] id=openseek-3-c56ae9d40 GT=[70, 52] ✅ (1551ch, attempts=1, 7.5s)
2026-05-01 15:24:42,260 [INFO] HTTP Request: POST http://localhost:2026/v1/chat/completions "HTTP/1.1 200 OK"
2026-05-01 15:24:42,261 [INFO] [3587/3987] id=openseek-3-cebdbd3ba GT=[42, 38] ✅ (2023ch, attempts=1, 8.9s)
2026-05-01 15:24:46,440 [INFO] HTTP Request: POST http://localhost:2026/v1/chat/completions "HTTP/1.1 200 OK"
2026-05-01 15:24:46,441 [INFO] [3588/3987] id=openseek-3-a38440234 GT=[328, 568, 48, 56, 86, 562, 41, 8, 142] ✅ (3550ch, attempts=1, 23.4s)
2026-05-01 15:24:54,711 [INFO] HTTP Request: POST http://localhost:2026/v1/chat/completions "HTTP/1.1 200 OK"
2026-05-01 15:24:54,713 [INFO] [3589/3987] id=openseek-3-3e7426077 GT=[37, 40, 43, 256, 406, 436, 70] ✅ (2972ch, attempts=1, 18.1s)
2026-05-01 15:24:56,756 [INFO] HTTP Request: POST http://localhost:2026/v1/chat/completions "HTTP/1.1 200 OK"
2026-05-01 15:24:56,757 [INFO] [3590/3987] id=openseek-3-207bf3f99 GT=[45, 430, 92, 322, 58, 520, 40] ✅ (2219ch, attempts=1, 14.5s)
2026-05-01 15:25:00,279 [INFO] HTTP Request: POST http://localhost:2026/v1/chat/completions "HTTP/1.1 200 OK"
2026-05-01 15:25:00,280 [INFO] [3591/3987] id=openseek-3-f7a5329c1 GT=[58, 93, 41, 556, 544] ✅ (2203ch, attempts=1, 13.8s)
2026-05-01 15:25:03,356 [INFO] HTTP Request: POST http://localhost:2026/v1/chat/completions "HTTP/1.1 200 OK"
2026-05-01 15:25:03,357 [INFO] [3592/3987] id=openseek-3-689f5709c GT=[5, 65] ✅ (1797ch, attempts=1, 8.6s)
2026-05-01 15:25:04,397 [INFO] HTTP Request: POST http://localhost:2026/v1/chat/completions "HTTP/1.1 200 OK"
2026-05-01 15:25:04,398 [INFO] [3593/3987] id=openseek-3-72d6d90b9 GT=[358, 556] ✅ (1432ch, attempts=1, 7.6s)
2026-05-01 15:25:08,569 [INFO] HTTP Request: POST http://localhost:2026/v1/chat/completions "HTTP/1.1 200 OK"
2026-05-01 15:25:08,570 [INFO] [3594/3987] id=openseek-3-ac3685655 GT=[68, 90] ✅ (1831ch, attempts=1, 8.3s)
2026-05-01 15:25:11,252 [INFO] HTTP Request: POST http://localhost:2026/v1/chat/completions "HTTP/1.1 200 OK"
2026-05-01 15:25:11,253 [INFO] [3595/3987] id=openseek-3-4ca0d3b52 GT=[292, 49, 64] ✅ (1315ch, attempts=1, 6.9s)
2026-05-01 15:25:11,678 [INFO] HTTP Request: POST http://localhost:2026/v1/chat/completions "HTTP/1.1 200 OK"
2026-05-01 15:25:11,679 [INFO] [3596/3987] id=openseek-3-33cc7e748 GT=[75, 91] ✅ (1760ch, attempts=1, 8.3s)
2026-05-01 15:25:21,307 [INFO] HTTP Request: POST http://localhost:2026/v1/chat/completions "HTTP/1.1 200 OK"
2026-05-01 15:25:21,308 [INFO] [3597/3987] id=openseek-3-de6ce0eca GT=[34, 76, 136, 75, 92] ✅ (2163ch, attempts=1, 12.7s)
2026-05-01 15:25:30,047 [INFO] HTTP Request: POST http://localhost:2026/v1/chat/completions "HTTP/1.1 200 OK"
2026-05-01 15:25:30,048 [INFO] [3598/3987] id=openseek-3-7991201ca GT=[31, 47, 42, 292, 81, 4, 69, 50, 130] ✅ (2911ch, attempts=1, 18.4s)
2026-05-01 15:25:32,985 [INFO] HTTP Request: POST http://localhost:2026/v1/chat/completions "HTTP/1.1 200 OK"
2026-05-01 15:25:32,987 [INFO] [3599/3987] id=openseek-3-77cfa18b1 GT=[11, 67, 268, 340, 25, 298, 448, 232, 94 ✅ (3129ch, attempts=1, 21.7s)
2026-05-01 15:25:42,148 [INFO] HTTP Request: POST http://localhost:2026/v1/chat/completions "HTTP/1.1 200 OK"
2026-05-01 15:25:42,149 [INFO] [3600/3987] id=openseek-3-f31833a94 GT=[124, 88, 124, 21, 184, 388, 556, 31, 25 ✅ (3191ch, attempts=1, 20.8s)
2026-05-01 15:25:42,468 [INFO]   💾 已保存 (成功=3600 验证通过=3600 降级=0) | 4.6s/条均值 | ETA=30min
2026-05-01 15:25:44,469 [INFO] HTTP Request: POST http://localhost:2026/v1/chat/completions "HTTP/1.1 200 OK"
2026-05-01 15:25:44,471 [INFO] [3601/3987] id=openseek-3-f2d11ac11 GT=[292, 73, 172, 382, 208, 598] ✅ (2267ch, attempts=1, 14.4s)
2026-05-01 15:25:46,810 [INFO] HTTP Request: POST http://localhost:2026/v1/chat/completions "HTTP/1.1 200 OK"
2026-05-01 15:25:46,811 [INFO] [3602/3987] id=openseek-3-36cd576b5 GT=[10, 472, 196, 142, 232, 478, 43] ✅ (1940ch, attempts=1, 13.8s)
2026-05-01 15:25:53,189 [INFO] HTTP Request: POST http://localhost:2026/v1/chat/completions "HTTP/1.1 200 OK"
2026-05-01 15:25:53,190 [INFO] [3603/3987] id=openseek-3-ff65723e7 GT=[85, 49] ✅ (1346ch, attempts=1, 6.4s)
2026-05-01 15:25:54,098 [INFO] HTTP Request: POST http://localhost:2026/v1/chat/completions "HTTP/1.1 200 OK"
2026-05-01 15:25:54,099 [INFO] [3604/3987] id=openseek-3-c4b7328f9 GT=[71, 34, 580, 66] ✅ (1676ch, attempts=1, 9.6s)
2026-05-01 15:25:57,058 [INFO] HTTP Request: POST http://localhost:2026/v1/chat/completions "HTTP/1.1 200 OK"
2026-05-01 15:25:57,059 [INFO] [3605/3987] id=openseek-3-6a72edff4 GT=[364, 20, 454, 41, 586, 26] ✅ (2397ch, attempts=1, 14.9s)
2026-05-01 15:26:02,973 [INFO] HTTP Request: POST http://localhost:2026/v1/chat/completions "HTTP/1.1 200 OK"
2026-05-01 15:26:02,974 [INFO] [3606/3987] id=openseek-3-01ae27af0 GT=[436, 12, 292, 10, 26] ✅ (1525ch, attempts=1, 8.9s)
2026-05-01 15:26:03,090 [INFO] HTTP Request: POST http://localhost:2026/v1/chat/completions "HTTP/1.1 200 OK"
2026-05-01 15:26:03,091 [INFO] [3607/3987] id=openseek-3-e0c6058eb GT=[400, 160, 580] ✅ (1704ch, attempts=1, 9.9s)
2026-05-01 15:26:14,970 [INFO] HTTP Request: POST http://localhost:2026/v1/chat/completions "HTTP/1.1 200 OK"
2026-05-01 15:26:14,972 [INFO] [3608/3987] id=openseek-3-42924fca8 GT=[388, 340, 388, 436, 72, 37, 73, 67] ✅ (2921ch, attempts=1, 17.9s)
2026-05-01 15:26:16,679 [INFO] HTTP Request: POST http://localhost:2026/v1/chat/completions "HTTP/1.1 200 OK"
2026-05-01 15:26:16,680 [INFO] [3609/3987] id=openseek-3-54e685be9 GT=[64, 41, 51, 24, 298, 86, 406] ✅ (2275ch, attempts=1, 13.7s)
2026-05-01 15:26:24,493 [INFO] HTTP Request: POST http://localhost:2026/v1/chat/completions "HTTP/1.1 200 OK"
2026-05-01 15:26:24,495 [INFO] [3610/3987] id=openseek-3-0a5379086 GT=[298, 166, 448, 322, 274, 352, 436, 190, ✅ (3101ch, attempts=1, 21.4s)
2026-05-01 15:26:25,085 [INFO] HTTP Request: POST http://localhost:2026/v1/chat/completions "HTTP/1.1 200 OK"
2026-05-01 15:26:25,086 [INFO] [3611/3987] id=openseek-3-30434a27d GT=[292, 166] ✅ (1648ch, attempts=1, 8.4s)
2026-05-01 15:26:27,318 [INFO] HTTP Request: POST http://localhost:2026/v1/chat/completions "HTTP/1.1 200 OK"
2026-05-01 15:26:27,319 [INFO] [3612/3987] id=openseek-3-f513b19ec GT=[346, 64, 220, 70] ✅ (2289ch, attempts=1, 12.3s)
2026-05-01 15:26:37,508 [INFO] HTTP Request: POST http://localhost:2026/v1/chat/completions "HTTP/1.1 200 OK"
2026-05-01 15:26:37,509 [INFO] [3613/3987] id=openseek-3-67733aefa GT=[508, 52, 10, 67, 154, 556] ✅ (2015ch, attempts=1, 12.4s)
2026-05-01 15:26:43,013 [INFO] HTTP Request: POST http://localhost:2026/v1/chat/completions "HTTP/1.1 200 OK"
2026-05-01 15:26:43,015 [INFO] [3614/3987] id=openseek-3-5b3633a0f GT=[33, 556, 56, 304, 598, 190, 310, 45] ✅ (2854ch, attempts=1, 18.5s)
2026-05-01 15:26:46,983 [INFO] HTTP Request: POST http://localhost:2026/v1/chat/completions "HTTP/1.1 200 OK"
2026-05-01 15:26:46,984 [INFO] [3615/3987] id=openseek-3-def3ad10e GT=[32, 280, 84, 340, 98, 72, 454, 112, 82] ✅ (2977ch, attempts=1, 19.7s)
2026-05-01 15:26:53,102 [INFO] HTTP Request: POST http://localhost:2026/v1/chat/completions "HTTP/1.1 200 OK"
2026-05-01 15:26:53,103 [INFO] [3616/3987] id=openseek-3-e54ea9232 GT=[592, 424, 40, 88, 45, 92] ✅ (2505ch, attempts=1, 15.6s)
2026-05-01 15:26:55,624 [INFO] HTTP Request: POST http://localhost:2026/v1/chat/completions "HTTP/1.1 200 OK"
2026-05-01 15:26:55,625 [INFO] [3617/3987] id=openseek-3-1aa74d63a GT=[26, 19, 382, 412] ✅ (2043ch, attempts=1, 12.6s)
2026-05-01 15:27:02,906 [INFO] HTTP Request: POST http://localhost:2026/v1/chat/completions "HTTP/1.1 200 OK"
2026-05-01 15:27:02,907 [INFO] [3618/3987] id=openseek-3-373ed1aaa GT=[184, 62, 256, 16, 418, 97, 38] ✅ (2454ch, attempts=1, 15.9s)
2026-05-01 15:27:03,374 [INFO] HTTP Request: POST http://localhost:2026/v1/chat/completions "HTTP/1.1 200 OK"
2026-05-01 15:27:03,376 [INFO] [3619/3987] id=openseek-3-1fb8d3710 GT=[46, 54] ✅ (1531ch, attempts=1, 7.8s)
2026-05-01 15:27:13,260 [INFO] HTTP Request: POST http://localhost:2026/v1/chat/completions "HTTP/1.1 200 OK"
2026-05-01 15:27:13,261 [INFO] [3620/3987] id=openseek-3-9b2f67610 GT=[69, 17, 4] ✅ (2229ch, attempts=1, 9.9s)
2026-05-01 15:27:14,996 [INFO] HTTP Request: POST http://localhost:2026/v1/chat/completions "HTTP/1.1 200 OK"
2026-05-01 15:27:14,998 [INFO] [3621/3987] id=openseek-3-6d7c9debf GT=[27, 56, 550, 148, 42, 67, 28, 17, 316] ✅ (3315ch, attempts=1, 21.9s)
2026-05-01 15:27:23,491 [INFO] HTTP Request: POST http://localhost:2026/v1/chat/completions "HTTP/1.1 200 OK"
2026-05-01 15:27:23,492 [INFO] [3622/3987] id=openseek-3-c6b2c289d GT=[71, 40, 10, 286, 27, 28, 43, 1] ✅ (1523ch, attempts=1, 10.2s)
2026-05-01 15:27:23,995 [INFO] HTTP Request: POST http://localhost:2026/v1/chat/completions "HTTP/1.1 200 OK"
2026-05-01 15:27:23,996 [INFO] [3623/3987] id=openseek-3-347ef0b53 GT=[586, 19, 280, 60, 95, 424, 220, 5, 490] ✅ (3269ch, attempts=1, 21.1s)
2026-05-01 15:27:28,734 [INFO] HTTP Request: POST http://localhost:2026/v1/chat/completions "HTTP/1.1 200 OK"
2026-05-01 15:27:28,735 [INFO] [3624/3987] id=openseek-3-2291f7446 GT=[68, 538, 580, 598] ✅ (2113ch, attempts=1, 13.7s)
2026-05-01 15:27:31,316 [INFO] HTTP Request: POST http://localhost:2026/v1/chat/completions "HTTP/1.1 200 OK"
2026-05-01 15:27:31,317 [INFO] [3625/3987] id=openseek-3-848520c95 GT=[11, 58] ✅ (1676ch, attempts=1, 7.8s)
2026-05-01 15:27:38,639 [INFO] HTTP Request: POST http://localhost:2026/v1/chat/completions "HTTP/1.1 200 OK"
2026-05-01 15:27:38,640 [INFO] [3626/3987] id=openseek-3-c2f6a55dd GT=[298, 160, 90, 69] ✅ (1688ch, attempts=1, 9.9s)
2026-05-01 15:27:42,206 [INFO] HTTP Request: POST http://localhost:2026/v1/chat/completions "HTTP/1.1 200 OK"
2026-05-01 15:27:42,207 [INFO] [3627/3987] id=openseek-3-efb3047a1 GT=[11, 52, 184, 56, 8, 37, 412, 376] ✅ (2865ch, attempts=1, 18.2s)
2026-05-01 15:27:43,508 [INFO] HTTP Request: POST http://localhost:2026/v1/chat/completions "HTTP/1.1 200 OK"
2026-05-01 15:27:43,509 [INFO] [3628/3987] id=openseek-3-08447cb63 GT=[35, 66, 190, 544, 49] ✅ (1933ch, attempts=1, 12.2s)
2026-05-01 15:27:49,899 [INFO] HTTP Request: POST http://localhost:2026/v1/chat/completions "HTTP/1.1 200 OK"
2026-05-01 15:27:49,900 [INFO] [3629/3987] id=openseek-3-b5bae6170 GT=[34, 50, 52, 84, 11] ✅ (1865ch, attempts=1, 11.3s)
2026-05-01 15:27:50,203 [INFO] HTTP Request: POST http://localhost:2026/v1/chat/completions "HTTP/1.1 200 OK"
2026-05-01 15:27:50,204 [INFO] [3630/3987] id=openseek-3-9dfd56168 GT=[59, 358] ✅ (1586ch, attempts=1, 8.0s)
2026-05-01 15:27:51,122 [INFO] HTTP Request: POST http://localhost:2026/v1/chat/completions "HTTP/1.1 200 OK"
2026-05-01 15:27:51,123 [INFO] [3631/3987] id=openseek-3-d386a6427 GT=[172, 88] ✅ (1529ch, attempts=1, 7.6s)
2026-05-01 15:28:00,652 [INFO] HTTP Request: POST http://localhost:2026/v1/chat/completions "HTTP/1.1 200 OK"
2026-05-01 15:28:00,653 [INFO] [3632/3987] id=openseek-3-c3a35e4b8 GT=[430, 592, 90, 466] ✅ (1707ch, attempts=1, 10.4s)
2026-05-01 15:28:06,403 [INFO] HTTP Request: POST http://localhost:2026/v1/chat/completions "HTTP/1.1 200 OK"
2026-05-01 15:28:06,404 [INFO] [3633/3987] id=openseek-3-9ae6471fc GT=[38, 38, 37, 70, 412, 28] ✅ (2771ch, attempts=1, 15.3s)
2026-05-01 15:28:12,243 [INFO] HTTP Request: POST http://localhost:2026/v1/chat/completions "HTTP/1.1 200 OK"
2026-05-01 15:28:12,244 [INFO] [3634/3987] id=openseek-3-b11debf4e GT=[72, 544, 316, 454, 244, 49, 226, 83] ✅ (3332ch, attempts=1, 22.3s)
2026-05-01 15:28:14,769 [INFO] HTTP Request: POST http://localhost:2026/v1/chat/completions "HTTP/1.1 200 OK"
2026-05-01 15:28:14,770 [INFO] [3635/3987] id=openseek-3-f7c850c34 GT=[8, 352, 98, 262] ✅ (2632ch, attempts=1, 14.1s)
2026-05-01 15:28:16,819 [INFO] HTTP Request: POST http://localhost:2026/v1/chat/completions "HTTP/1.1 200 OK"
2026-05-01 15:28:16,821 [INFO] [3636/3987] id=openseek-3-30f9d508f GT=[71, 442, 76, 20] ✅ (1795ch, attempts=1, 10.4s)
2026-05-01 15:28:24,130 [INFO] HTTP Request: POST http://localhost:2026/v1/chat/completions "HTTP/1.1 200 OK"
2026-05-01 15:28:24,132 [INFO] [3637/3987] id=openseek-3-0c1d201b9 GT=[20, 87, 106] ✅ (1926ch, attempts=1, 9.4s)
2026-05-01 15:28:25,423 [INFO] HTTP Request: POST http://localhost:2026/v1/chat/completions "HTTP/1.1 200 OK"
2026-05-01 15:28:25,424 [INFO] [3638/3987] id=openseek-3-e5d21fc4a GT=[65, 21, 68, 34, 55, 75] ✅ (2147ch, attempts=1, 13.2s)
2026-05-01 15:28:28,274 [INFO] HTTP Request: POST http://localhost:2026/v1/chat/completions "HTTP/1.1 200 OK"
2026-05-01 15:28:28,275 [INFO] [3639/3987] id=openseek-3-def5e97ed GT=[59, 4, 586, 322, 82] ✅ (1770ch, attempts=1, 11.5s)
2026-05-01 15:28:34,987 [INFO] HTTP Request: POST http://localhost:2026/v1/chat/completions "HTTP/1.1 200 OK"
2026-05-01 15:28:34,989 [INFO] [3640/3987] id=openseek-3-88889d21b GT=[430, 50, 81, 4, 2] ✅ (1850ch, attempts=1, 10.9s)
2026-05-01 15:28:42,928 [INFO] HTTP Request: POST http://localhost:2026/v1/chat/completions "HTTP/1.1 200 OK"
2026-05-01 15:28:42,929 [INFO] [3641/3987] id=openseek-3-fce892eb3 GT=[67, 16, 124, 490, 5, 35, 16, 40] ✅ (2759ch, attempts=1, 17.5s)
2026-05-01 15:28:45,916 [INFO] HTTP Request: POST http://localhost:2026/v1/chat/completions "HTTP/1.1 200 OK"
2026-05-01 15:28:45,917 [INFO] [3642/3987] id=openseek-3-294745f9f GT=[172, 71, 214, 32, 18, 94] ✅ (2987ch, attempts=1, 17.6s)
2026-05-01 15:28:52,562 [INFO] HTTP Request: POST http://localhost:2026/v1/chat/completions "HTTP/1.1 200 OK"
2026-05-01 15:28:52,564 [INFO] [3643/3987] id=openseek-3-4dee05772 GT=[41, 598, 58, 406, 400, 36, 70] ✅ (2774ch, attempts=1, 17.6s)
2026-05-01 15:28:52,813 [INFO] HTTP Request: POST http://localhost:2026/v1/chat/completions "HTTP/1.1 200 OK"
2026-05-01 15:28:52,814 [INFO] [3644/3987] id=openseek-3-ef7a32d41 GT=[77, 18, 208] ✅ (1972ch, attempts=1, 9.9s)
2026-05-01 15:28:58,650 [INFO] HTTP Request: POST http://localhost:2026/v1/chat/completions "HTTP/1.1 200 OK"
2026-05-01 15:28:58,651 [INFO] [3645/3987] id=openseek-3-e03e3ec75 GT=[106, 322, 3, 334] ✅ (2121ch, attempts=1, 12.7s)
2026-05-01 15:29:09,631 [INFO] HTTP Request: POST http://localhost:2026/v1/chat/completions "HTTP/1.1 200 OK"
2026-05-01 15:29:09,633 [INFO] [3646/3987] id=openseek-3-3ebdb1290 GT=[520, 196, 130, 99, 490] ✅ (3111ch, attempts=1, 17.1s)
2026-05-01 15:29:12,790 [INFO] HTTP Request: POST http://localhost:2026/v1/chat/completions "HTTP/1.1 200 OK"
2026-05-01 15:29:12,791 [INFO] [3647/3987] id=openseek-3-c6a459081 GT=[52, 82, 418, 15, 52, 16] ✅ (2488ch, attempts=1, 14.1s)
2026-05-01 15:29:13,161 [INFO] HTTP Request: POST http://localhost:2026/v1/chat/completions "HTTP/1.1 200 OK"
2026-05-01 15:29:13,163 [INFO] [3648/3987] id=openseek-3-263d851bd GT=[262, 16, 178, 40, 64, 40, 45, 26] ✅ (3379ch, attempts=1, 20.3s)
2026-05-01 15:29:20,793 [INFO] HTTP Request: POST http://localhost:2026/v1/chat/completions "HTTP/1.1 200 OK"
2026-05-01 15:29:20,794 [INFO] [3649/3987] id=openseek-3-fdeb07d8c GT=[316, 358, 94, 61, 15] ✅ (1753ch, attempts=1, 11.2s)
2026-05-01 15:29:23,469 [INFO] HTTP Request: POST http://localhost:2026/v1/chat/completions "HTTP/1.1 200 OK"
2026-05-01 15:29:23,470 [INFO] [3650/3987] id=openseek-3-3bcc88113 GT=[98, 574, 89] ✅ (1850ch, attempts=1, 10.3s)
2026-05-01 15:29:23,786 [INFO]   💾 已保存 (成功=3650 验证通过=3650 降级=0) | 4.6s/条均值 | ETA=26min
2026-05-01 15:29:28,947 [INFO] HTTP Request: POST http://localhost:2026/v1/chat/completions "HTTP/1.1 200 OK"
2026-05-01 15:29:28,948 [INFO] [3651/3987] id=openseek-3-d934868a4 GT=[60, 78] ✅ (1759ch, attempts=1, 8.2s)
2026-05-01 15:29:32,917 [INFO] HTTP Request: POST http://localhost:2026/v1/chat/completions "HTTP/1.1 200 OK"
2026-05-01 15:29:32,918 [INFO] [3652/3987] id=openseek-3-f8491f0f1 GT=[83, 77, 580, 84, 346, 136, 82, 490] ✅ (3143ch, attempts=1, 20.1s)
2026-05-01 15:29:40,090 [INFO] HTTP Request: POST http://localhost:2026/v1/chat/completions "HTTP/1.1 200 OK"
2026-05-01 15:29:40,091 [INFO] [3653/3987] id=openseek-3-d13f9786c GT=[73, 86, 57, 286] ✅ (2092ch, attempts=1, 11.1s)
2026-05-01 15:29:41,145 [INFO] HTTP Request: POST http://localhost:2026/v1/chat/completions "HTTP/1.1 200 OK"
2026-05-01 15:29:41,146 [INFO] [3654/3987] id=openseek-3-22e864aea GT=[23, 328, 24, 220, 1, 18, 118, 172] ✅ (2737ch, attempts=1, 17.7s)
2026-05-01 15:29:46,117 [INFO] HTTP Request: POST http://localhost:2026/v1/chat/completions "HTTP/1.1 200 OK"
2026-05-01 15:29:46,118 [INFO] [3655/3987] id=openseek-3-0ccea5a53 GT=[7, 55, 154, 514, 94, 370] ✅ (2041ch, attempts=1, 13.2s)
2026-05-01 15:29:53,659 [INFO] HTTP Request: POST http://localhost:2026/v1/chat/completions "HTTP/1.1 200 OK"
2026-05-01 15:29:53,661 [INFO] [3656/3987] id=openseek-3-d50ac1380 GT=[50, 592, 76, 52, 17] ✅ (2106ch, attempts=1, 12.5s)
2026-05-01 15:29:58,847 [INFO] HTTP Request: POST http://localhost:2026/v1/chat/completions "HTTP/1.1 200 OK"
2026-05-01 15:29:58,848 [INFO] [3657/3987] id=openseek-3-304cd7083 GT=[61, 40, 4, 23, 172] ✅ (2278ch, attempts=1, 12.7s)
2026-05-01 15:30:03,009 [INFO] HTTP Request: POST http://localhost:2026/v1/chat/completions "HTTP/1.1 200 OK"
2026-05-01 15:30:03,010 [INFO] [3658/3987] id=openseek-3-cd776d0ef GT=[65, 172, 496, 388, 196, 256, 556, 48, 1 ✅ (3357ch, attempts=1, 22.9s)
2026-05-01 15:30:09,416 [INFO] HTTP Request: POST http://localhost:2026/v1/chat/completions "HTTP/1.1 200 OK"
2026-05-01 15:30:09,417 [INFO] [3659/3987] id=openseek-3-53e2d8834 GT=[424, 30, 310, 50, 238, 81, 62] ✅ (2758ch, attempts=1, 15.8s)
2026-05-01 15:30:18,105 [INFO] HTTP Request: POST http://localhost:2026/v1/chat/completions "HTTP/1.1 200 OK"
2026-05-01 15:30:18,106 [INFO] [3660/3987] id=openseek-3-57ce860db GT=[352, 160, 16, 100, 27, 30, 520] ✅ (2473ch, attempts=1, 15.1s)
2026-05-01 15:30:20,554 [INFO] HTTP Request: POST http://localhost:2026/v1/chat/completions "HTTP/1.1 200 OK"
2026-05-01 15:30:20,555 [INFO] [3661/3987] id=openseek-3-5b1a5f50f GT=[4, 95, 14, 106, 82, 5, 88, 13, 54] ✅ (2292ch, attempts=1, 21.7s)
2026-05-01 15:30:21,760 [INFO] HTTP Request: POST http://localhost:2026/v1/chat/completions "HTTP/1.1 200 OK"
2026-05-01 15:30:21,761 [INFO] [3662/3987] id=openseek-3-d05ec1a92 GT=[592, 292, 394, 70] ✅ (2014ch, attempts=1, 12.3s)
2026-05-01 15:30:32,178 [INFO] HTTP Request: POST http://localhost:2026/v1/chat/completions "HTTP/1.1 200 OK"
2026-05-01 15:30:32,179 [INFO] [3663/3987] id=openseek-3-8e76673be GT=[154, 100, 526] ✅ (1974ch, attempts=1, 10.4s)
2026-05-01 15:30:33,579 [INFO] HTTP Request: POST http://localhost:2026/v1/chat/completions "HTTP/1.1 200 OK"
2026-05-01 15:30:33,580 [INFO] [3664/3987] id=openseek-3-36f04df43 GT=[68, 394, 63, 71, 328] ✅ (2079ch, attempts=1, 13.0s)
2026-05-01 15:30:39,019 [INFO] HTTP Request: POST http://localhost:2026/v1/chat/completions "HTTP/1.1 200 OK"
2026-05-01 15:30:39,020 [INFO] [3665/3987] id=openseek-3-cc2e57b77 GT=[55, 61, 40, 36, 75, 80, 68, 38, 77] ✅ (3308ch, attempts=1, 20.9s)
2026-05-01 15:30:39,464 [INFO] HTTP Request: POST http://localhost:2026/v1/chat/completions "HTTP/1.1 200 OK"
2026-05-01 15:30:39,465 [INFO] [3666/3987] id=openseek-3-135136f87 GT=[10, 51] ✅ (1424ch, attempts=1, 7.3s)
2026-05-01 15:30:58,093 [INFO] HTTP Request: POST http://localhost:2026/v1/chat/completions "HTTP/1.1 200 OK"
2026-05-01 15:30:58,094 [INFO] [3667/3987] id=openseek-3-6cd5bbf6d GT=[496, 232, 262, 95, 89, 190, 526] ✅ (3001ch, attempts=1, 18.6s)
2026-05-01 15:31:01,106 [INFO] HTTP Request: POST http://localhost:2026/v1/chat/completions "HTTP/1.1 200 OK"
2026-05-01 15:31:01,107 [INFO] [3668/3987] id=openseek-3-7feab7edc GT=[238, 90, 298, 10, 40, 25, 50, 358] ✅ (3697ch, attempts=1, 22.1s)
2026-05-01 15:31:04,401 [INFO] HTTP Request: POST http://localhost:2026/v1/chat/completions "HTTP/1.1 200 OK"
2026-05-01 15:31:04,402 [INFO] [3669/3987] id=openseek-3-995b80f54 GT=[76, 39, 550, 4, 76, 490, 54, 71] ✅ (6508ch, attempts=1, 30.8s)
2026-05-01 15:31:11,778 [INFO] HTTP Request: POST http://localhost:2026/v1/chat/completions "HTTP/1.1 200 OK"
2026-05-01 15:31:11,779 [INFO] [3670/3987] id=openseek-3-15fe0bad5 GT=[47, 574, 65, 88, 412, 19, 42] ✅ (1992ch, attempts=1, 13.7s)
2026-05-01 15:31:17,573 [INFO] HTTP Request: POST http://localhost:2026/v1/chat/completions "HTTP/1.1 200 OK"
2026-05-01 15:31:17,574 [INFO] [3671/3987] id=openseek-3-d51ce1dd5 GT=[80, 538, 88, 172, 96, 34, 178, 28] ✅ (2618ch, attempts=1, 16.5s)
2026-05-01 15:31:19,982 [INFO] HTTP Request: POST http://localhost:2026/v1/chat/completions "HTTP/1.1 200 OK"
2026-05-01 15:31:19,983 [INFO] [3672/3987] id=openseek-3-201ea2811 GT=[80, 232, 10, 87, 99, 334, 376] ✅ (2536ch, attempts=1, 15.6s)
2026-05-01 15:31:27,131 [INFO] HTTP Request: POST http://localhost:2026/v1/chat/completions "HTTP/1.1 200 OK"
2026-05-01 15:31:27,132 [INFO] [3673/3987] id=openseek-3-0865a3d8b GT=[19, 202, 256] ✅ (1856ch, attempts=1, 9.6s)
2026-05-01 15:31:30,193 [INFO] HTTP Request: POST http://localhost:2026/v1/chat/completions "HTTP/1.1 200 OK"
2026-05-01 15:31:30,194 [INFO] [3674/3987] id=openseek-3-3edb0d625 GT=[16, 22, 27] ✅ (2149ch, attempts=1, 10.2s)
2026-05-01 15:31:31,329 [INFO] HTTP Request: POST http://localhost:2026/v1/chat/completions "HTTP/1.1 200 OK"
2026-05-01 15:31:31,330 [INFO] [3675/3987] id=openseek-3-2069d0cdb GT=[49, 388, 172, 80, 41, 202] ✅ (3493ch, attempts=1, 19.6s)
2026-05-01 15:31:39,160 [INFO] HTTP Request: POST http://localhost:2026/v1/chat/completions "HTTP/1.1 200 OK"
2026-05-01 15:31:39,161 [INFO] [3676/3987] id=openseek-3-95068f468 GT=[286, 94] ✅ (1869ch, attempts=1, 9.0s)
2026-05-01 15:31:45,816 [INFO] HTTP Request: POST http://localhost:2026/v1/chat/completions "HTTP/1.1 200 OK"
2026-05-01 15:31:45,817 [INFO] [3677/3987] id=openseek-3-7de95bd1d GT=[448, 4, 262, 78, 112, 3, 78, 43, 68] ✅ (3058ch, attempts=1, 18.7s)
2026-05-01 15:31:48,681 [INFO] HTTP Request: POST http://localhost:2026/v1/chat/completions "HTTP/1.1 200 OK"
2026-05-01 15:31:48,682 [INFO] [3678/3987] id=openseek-3-06e132dd5 GT=[28, 310, 88, 93, 232, 76, 32, 26] ✅ (2927ch, attempts=1, 17.4s)
2026-05-01 15:31:50,491 [INFO] HTTP Request: POST http://localhost:2026/v1/chat/completions "HTTP/1.1 200 OK"
2026-05-01 15:31:50,492 [INFO] [3679/3987] id=openseek-3-37da55dca GT=[208, 38, 250, 568] ✅ (1903ch, attempts=1, 11.3s)
2026-05-01 15:31:55,905 [INFO] HTTP Request: POST http://localhost:2026/v1/chat/completions "HTTP/1.1 200 OK"
2026-05-01 15:31:55,906 [INFO] [3680/3987] id=openseek-3-77c6c2433 GT=[262, 262, 76] ✅ (1323ch, attempts=1, 7.2s)
2026-05-01 15:32:03,008 [INFO] HTTP Request: POST http://localhost:2026/v1/chat/completions "HTTP/1.1 200 OK"
2026-05-01 15:32:03,010 [INFO] [3681/3987] id=openseek-3-f01ee1368 GT=[592, 280, 70, 93, 50, 97] ✅ (2129ch, attempts=1, 12.5s)
2026-05-01 15:32:04,693 [INFO] HTTP Request: POST http://localhost:2026/v1/chat/completions "HTTP/1.1 200 OK"
2026-05-01 15:32:04,694 [INFO] [3682/3987] id=openseek-3-10f2a5054 GT=[40, 292, 28, 562, 79, 172, 436] ✅ (3038ch, attempts=1, 18.9s)
2026-05-01 15:32:14,747 [INFO] HTTP Request: POST http://localhost:2026/v1/chat/completions "HTTP/1.1 200 OK"
2026-05-01 15:32:14,749 [INFO] [3683/3987] id=openseek-3-5744a1e3c GT=[316, 460, 55, 89, 466, 36, 202] ✅ (2973ch, attempts=1, 18.8s)
2026-05-01 15:32:16,800 [INFO] HTTP Request: POST http://localhost:2026/v1/chat/completions "HTTP/1.1 200 OK"
2026-05-01 15:32:16,801 [INFO] [3684/3987] id=openseek-3-4217df562 GT=[22, 14, 38, 29, 42, 112] ✅ (2047ch, attempts=1, 12.1s)
2026-05-01 15:32:24,088 [INFO] HTTP Request: POST http://localhost:2026/v1/chat/completions "HTTP/1.1 200 OK"
2026-05-01 15:32:24,089 [INFO] [3685/3987] id=openseek-3-84cdc61d9 GT=[538, 472, 250, 59, 100, 22, 226, 46, 92 ✅ (3350ch, attempts=1, 21.1s)
2026-05-01 15:32:24,531 [INFO] HTTP Request: POST http://localhost:2026/v1/chat/completions "HTTP/1.1 200 OK"
2026-05-01 15:32:24,533 [INFO] [3686/3987] id=openseek-3-546c5cef5 GT=[58, 43, 6, 35, 15, 48] ✅ (1599ch, attempts=1, 9.8s)
2026-05-01 15:32:27,399 [INFO] HTTP Request: POST http://localhost:2026/v1/chat/completions "HTTP/1.1 200 OK"
2026-05-01 15:32:27,400 [INFO] [3687/3987] id=openseek-3-0e74d07f4 GT=[352, 250, 65, 382, 60] ✅ (1660ch, attempts=1, 10.6s)
2026-05-01 15:32:35,289 [INFO] HTTP Request: POST http://localhost:2026/v1/chat/completions "HTTP/1.1 200 OK"
2026-05-01 15:32:35,290 [INFO] [3688/3987] id=openseek-3-b7015812e GT=[73, 96, 220, 27, 55] ✅ (1905ch, attempts=1, 11.2s)
2026-05-01 15:32:35,834 [INFO] HTTP Request: POST http://localhost:2026/v1/chat/completions "HTTP/1.1 200 OK"
2026-05-01 15:32:35,836 [INFO] [3689/3987] id=openseek-3-f42d5609a GT=[154, 97, 148, 574, 352] ✅ (1742ch, attempts=1, 11.3s)
2026-05-01 15:32:37,676 [INFO] HTTP Request: POST http://localhost:2026/v1/chat/completions "HTTP/1.1 200 OK"
2026-05-01 15:32:37,677 [INFO] [3690/3987] id=openseek-3-b648847b6 GT=[96, 97, 82] ✅ (2050ch, attempts=1, 10.3s)
2026-05-01 15:32:43,794 [INFO] HTTP Request: POST http://localhost:2026/v1/chat/completions "HTTP/1.1 200 OK"
2026-05-01 15:32:43,795 [INFO] [3691/3987] id=openseek-3-f8833e74b GT=[472, 154, 19] ✅ (1475ch, attempts=1, 8.5s)
2026-05-01 15:32:47,055 [INFO] HTTP Request: POST http://localhost:2026/v1/chat/completions "HTTP/1.1 200 OK"
2026-05-01 15:32:47,056 [INFO] [3692/3987] id=openseek-3-1e3e39f42 GT=[94, 19] ✅ (2085ch, attempts=1, 9.4s)
2026-05-01 15:32:54,493 [INFO] HTTP Request: POST http://localhost:2026/v1/chat/completions "HTTP/1.1 200 OK"
2026-05-01 15:32:54,494 [INFO] [3693/3987] id=openseek-3-200e43c16 GT=[274, 208, 10, 28, 57, 32, 80, 26] ✅ (3117ch, attempts=1, 18.7s)
2026-05-01 15:33:03,213 [INFO] HTTP Request: POST http://localhost:2026/v1/chat/completions "HTTP/1.1 200 OK"
2026-05-01 15:33:03,215 [INFO] [3694/3987] id=openseek-3-e24dd384d GT=[76, 79, 73, 532, 64, 96, 274, 53] ✅ (3217ch, attempts=1, 19.4s)
2026-05-01 15:33:03,550 [INFO] HTTP Request: POST http://localhost:2026/v1/chat/completions "HTTP/1.1 200 OK"
2026-05-01 15:33:03,551 [INFO] [3695/3987] id=openseek-3-d3d5d66f5 GT=[56, 40, 598, 22, 35, 58, 136, 184] ✅ (2658ch, attempts=1, 16.5s)
2026-05-01 15:33:05,645 [INFO] HTTP Request: POST http://localhost:2026/v1/chat/completions "HTTP/1.1 200 OK"
2026-05-01 15:33:05,646 [INFO] [3696/3987] id=openseek-3-7ea794609 GT=[136, 15, 22, 154] ✅ (1993ch, attempts=1, 11.2s)
2026-05-01 15:33:15,563 [INFO] HTTP Request: POST http://localhost:2026/v1/chat/completions "HTTP/1.1 200 OK"
2026-05-01 15:33:15,564 [INFO] [3697/3987] id=openseek-3-f5fa3576a GT=[60, 244, 64] ✅ (2330ch, attempts=1, 12.0s)
2026-05-01 15:33:20,505 [INFO] HTTP Request: POST http://localhost:2026/v1/chat/completions "HTTP/1.1 200 OK"
2026-05-01 15:33:20,506 [INFO] [3698/3987] id=openseek-3-ac804c1a7 GT=[22, 55, 28, 12, 148, 80, 586, 562] ✅ (2775ch, attempts=1, 17.3s)
2026-05-01 15:33:23,702 [INFO] HTTP Request: POST http://localhost:2026/v1/chat/completions "HTTP/1.1 200 OK"
2026-05-01 15:33:23,703 [INFO] [3699/3987] id=openseek-3-ca7dac7ad GT=[21, 334, 16, 24, 9, 106, 16] ✅ (3073ch, attempts=1, 18.1s)
2026-05-01 15:33:28,144 [INFO] HTTP Request: POST http://localhost:2026/v1/chat/completions "HTTP/1.1 200 OK"
2026-05-01 15:33:28,145 [INFO] [3700/3987] id=openseek-3-2686dc18f GT=[24, 82] ✅ (1643ch, attempts=1, 7.6s)
2026-05-01 15:33:28,465 [INFO]   💾 已保存 (成功=3700 验证通过=3700 降级=0) | 4.6s/条均值 | ETA=22min
2026-05-01 15:33:34,146 [INFO] HTTP Request: POST http://localhost:2026/v1/chat/completions "HTTP/1.1 200 OK"
2026-05-01 15:33:34,147 [INFO] [3701/3987] id=openseek-3-f4db66579 GT=[160, 262, 556, 46, 508, 412, 7, 88] ✅ (2792ch, attempts=1, 18.6s)
2026-05-01 15:33:39,166 [INFO] HTTP Request: POST http://localhost:2026/v1/chat/completions "HTTP/1.1 200 OK"
2026-05-01 15:33:39,167 [INFO] [3702/3987] id=openseek-3-96500bc81 GT=[5, 208, 71, 484, 568] ✅ (2574ch, attempts=1, 15.5s)
2026-05-01 15:33:39,822 [INFO] HTTP Request: POST http://localhost:2026/v1/chat/completions "HTTP/1.1 200 OK"
2026-05-01 15:33:39,823 [INFO] [3703/3987] id=openseek-3-929efd7ec GT=[196, 6, 5, 550] ✅ (1962ch, attempts=1, 11.7s)
2026-05-01 15:33:43,204 [INFO] HTTP Request: POST http://localhost:2026/v1/chat/completions "HTTP/1.1 200 OK"
2026-05-01 15:33:43,205 [INFO] [3704/3987] id=openseek-3-d2043b583 GT=[286, 24, 10, 23] ✅ (1797ch, attempts=1, 9.1s)
2026-05-01 15:33:47,437 [INFO] HTTP Request: POST http://localhost:2026/v1/chat/completions "HTTP/1.1 200 OK"
2026-05-01 15:33:47,438 [INFO] [3705/3987] id=openseek-3-f64aa852f GT=[292, 124] ✅ (1581ch, attempts=1, 8.3s)
2026-05-01 15:33:48,593 [INFO] HTTP Request: POST http://localhost:2026/v1/chat/completions "HTTP/1.1 200 OK"
2026-05-01 15:33:48,594 [INFO] [3706/3987] id=openseek-3-c2ef22454 GT=[15, 424] ✅ (1845ch, attempts=1, 8.8s)
2026-05-01 15:33:59,373 [INFO] HTTP Request: POST http://localhost:2026/v1/chat/completions "HTTP/1.1 200 OK"
2026-05-01 15:33:59,374 [INFO] [3707/3987] id=openseek-3-376aa387a GT=[370, 436, 94, 77, 11, 244, 50] ✅ (2738ch, attempts=1, 16.2s)
2026-05-01 15:34:00,325 [INFO] HTTP Request: POST http://localhost:2026/v1/chat/completions "HTTP/1.1 200 OK"
2026-05-01 15:34:00,326 [INFO] [3708/3987] id=openseek-3-68ae28775 GT=[256, 50, 160, 502, 184, 418, 412] ✅ (1979ch, attempts=1, 12.9s)
2026-05-01 15:34:05,700 [INFO] HTTP Request: POST http://localhost:2026/v1/chat/completions "HTTP/1.1 200 OK"
2026-05-01 15:34:05,702 [INFO] [3709/3987] id=openseek-3-1f46547cd GT=[208, 190, 97, 83, 40, 30, 292, 298] ✅ (2775ch, attempts=1, 17.1s)
2026-05-01 15:34:14,411 [INFO] HTTP Request: POST http://localhost:2026/v1/chat/completions "HTTP/1.1 200 OK"
2026-05-01 15:34:14,412 [INFO] [3710/3987] id=openseek-3-078b8f475 GT=[46, 532, 75, 47, 91, 60] ✅ (2479ch, attempts=1, 15.0s)
2026-05-01 15:34:16,747 [INFO] HTTP Request: POST http://localhost:2026/v1/chat/completions "HTTP/1.1 200 OK"
2026-05-01 15:34:16,748 [INFO] [3711/3987] id=openseek-3-c58792134 GT=[220, 2, 514] ✅ (2019ch, attempts=1, 11.0s)
2026-05-01 15:34:18,247 [INFO] HTTP Request: POST http://localhost:2026/v1/chat/completions "HTTP/1.1 200 OK"
2026-05-01 15:34:18,248 [INFO] [3712/3987] id=openseek-3-3e55a9a65 GT=[208, 39, 466, 70, 35, 45, 58] ✅ (3014ch, attempts=1, 17.9s)
2026-05-01 15:34:26,541 [INFO] HTTP Request: POST http://localhost:2026/v1/chat/completions "HTTP/1.1 200 OK"
2026-05-01 15:34:26,543 [INFO] [3713/3987] id=openseek-3-bd54c2378 GT=[268, 25, 172] ✅ (2309ch, attempts=1, 12.1s)
2026-05-01 15:34:28,435 [INFO] HTTP Request: POST http://localhost:2026/v1/chat/completions "HTTP/1.1 200 OK"
2026-05-01 15:34:28,436 [INFO] [3714/3987] id=openseek-3-3d0e5b528 GT=[25, 550, 60, 100] ✅ (2007ch, attempts=1, 11.7s)
2026-05-01 15:34:30,294 [INFO] HTTP Request: POST http://localhost:2026/v1/chat/completions "HTTP/1.1 200 OK"
2026-05-01 15:34:30,295 [INFO] [3715/3987] id=openseek-3-4d31e7e96 GT=[442, 20, 382, 328, 35] ✅ (2097ch, attempts=1, 12.0s)
2026-05-01 15:34:41,105 [INFO] HTTP Request: POST http://localhost:2026/v1/chat/completions "HTTP/1.1 200 OK"
2026-05-01 15:34:41,106 [INFO] [3716/3987] id=openseek-3-54ccf21c3 GT=[48, 526, 178, 184, 190, 112] ✅ (1899ch, attempts=1, 12.7s)
2026-05-01 15:34:45,879 [INFO] HTTP Request: POST http://localhost:2026/v1/chat/completions "HTTP/1.1 200 OK"
2026-05-01 15:34:45,880 [INFO] [3717/3987] id=openseek-3-4f93ffb26 GT=[88, 19, 95, 46, 10, 430, 64, 85] ✅ (3257ch, attempts=1, 19.3s)
2026-05-01 15:34:51,714 [INFO] HTTP Request: POST http://localhost:2026/v1/chat/completions "HTTP/1.1 200 OK"
2026-05-01 15:34:51,716 [INFO] [3718/3987] id=openseek-3-035e380b5 GT=[226, 562, 256, 18, 1, 202, 17, 346, 67] ✅ (3408ch, attempts=1, 21.4s)
2026-05-01 15:34:58,251 [INFO] HTTP Request: POST http://localhost:2026/v1/chat/completions "HTTP/1.1 200 OK"
2026-05-01 15:34:58,252 [INFO] [3719/3987] id=openseek-3-2fd3271dc GT=[424, 364, 17, 262, 78, 184, 580] ✅ (2695ch, attempts=1, 17.1s)
2026-05-01 15:35:03,907 [INFO] HTTP Request: POST http://localhost:2026/v1/chat/completions "HTTP/1.1 200 OK"
2026-05-01 15:35:03,908 [INFO] [3720/3987] id=openseek-3-ba52eb3a6 GT=[358, 58, 56, 430, 40] ✅ (2236ch, attempts=1, 12.2s)
2026-05-01 15:35:04,366 [INFO] HTTP Request: POST http://localhost:2026/v1/chat/completions "HTTP/1.1 200 OK"
2026-05-01 15:35:04,368 [INFO] [3721/3987] id=openseek-3-c803f618f GT=[526, 38, 92, 34, 568, 268, 58, 16] ✅ (2853ch, attempts=1, 18.5s)
2026-05-01 15:35:10,115 [INFO] HTTP Request: POST http://localhost:2026/v1/chat/completions "HTTP/1.1 200 OK"
2026-05-01 15:35:10,116 [INFO] [3722/3987] id=openseek-3-5799ead0f GT=[20, 574, 29, 12] ✅ (2170ch, attempts=1, 11.9s)
2026-05-01 15:35:13,191 [INFO] HTTP Request: POST http://localhost:2026/v1/chat/completions "HTTP/1.1 200 OK"
2026-05-01 15:35:13,192 [INFO] [3723/3987] id=openseek-3-c70b9a79f GT=[18, 76] ✅ (1912ch, attempts=1, 8.8s)
2026-05-01 15:35:22,468 [INFO] HTTP Request: POST http://localhost:2026/v1/chat/completions "HTTP/1.1 200 OK"
2026-05-01 15:35:22,469 [INFO] [3724/3987] id=openseek-3-ceb4307fe GT=[82, 28] ✅ (2027ch, attempts=1, 9.3s)
2026-05-01 15:35:25,779 [INFO] HTTP Request: POST http://localhost:2026/v1/chat/completions "HTTP/1.1 200 OK"
2026-05-01 15:35:25,780 [INFO] [3725/3987] id=openseek-3-844e54e97 GT=[490, 67, 202, 52, 16] ✅ (2763ch, attempts=1, 15.7s)
2026-05-01 15:35:27,529 [INFO] HTTP Request: POST http://localhost:2026/v1/chat/completions "HTTP/1.1 200 OK"
2026-05-01 15:35:27,745 [INFO] [3726/3987] id=openseek-3-7e7fb43e5 GT=[544, 562, 92, 388, 68, 490, 67, 23] ✅ (3506ch, attempts=1, 23.8s)
2026-05-01 15:35:33,693 [INFO] HTTP Request: POST http://localhost:2026/v1/chat/completions "HTTP/1.1 200 OK"
2026-05-01 15:35:33,694 [INFO] [3727/3987] id=openseek-3-6bef2a412 GT=[96, 4, 44] ✅ (1594ch, attempts=1, 7.9s)
2026-05-01 15:35:48,946 [INFO] HTTP Request: POST http://localhost:2026/v1/chat/completions "HTTP/1.1 200 OK"
2026-05-01 15:35:48,947 [INFO] [3728/3987] id=openseek-3-7f0a0103f GT=[106, 62, 20, 63, 94, 81, 472, 208] ✅ (4608ch, attempts=1, 26.5s)
2026-05-01 15:35:52,164 [INFO] HTTP Request: POST http://localhost:2026/v1/chat/completions "HTTP/1.1 200 OK"
2026-05-01 15:35:52,165 [INFO] [3729/3987] id=openseek-3-f084450c0 GT=[54, 160, 430, 34, 81, 13, 45, 32, 14] ✅ (3550ch, attempts=1, 24.4s)
2026-05-01 15:35:52,514 [INFO] HTTP Request: POST http://localhost:2026/v1/chat/completions "HTTP/1.1 200 OK"
2026-05-01 15:35:52,516 [INFO] [3730/3987] id=openseek-3-41401ee19 GT=[26, 30, 304, 496, 10, 38, 316, 86] ✅ (2769ch, attempts=1, 18.8s)
2026-05-01 15:36:00,334 [INFO] HTTP Request: POST http://localhost:2026/v1/chat/completions "HTTP/1.1 200 OK"
2026-05-01 15:36:00,336 [INFO] [3731/3987] id=openseek-3-a4f66d7d0 GT=[31, 382] ✅ (2298ch, attempts=1, 11.4s)
2026-05-01 15:36:03,906 [INFO] HTTP Request: POST http://localhost:2026/v1/chat/completions "HTTP/1.1 200 OK"
2026-05-01 15:36:03,907 [INFO] [3732/3987] id=openseek-3-845262ce6 GT=[508, 28, 436, 87] ✅ (2002ch, attempts=1, 11.4s)
2026-05-01 15:36:13,421 [INFO] HTTP Request: POST http://localhost:2026/v1/chat/completions "HTTP/1.1 200 OK"
2026-05-01 15:36:13,422 [INFO] [3733/3987] id=openseek-3-e16d05cbd GT=[178, 54, 93, 29] ✅ (1721ch, attempts=1, 9.5s)
2026-05-01 15:36:13,569 [INFO] HTTP Request: POST http://localhost:2026/v1/chat/completions "HTTP/1.1 200 OK"
2026-05-01 15:36:13,570 [INFO] [3734/3987] id=openseek-3-764131f51 GT=[69, 406, 81, 44, 598, 376, 59, 33] ✅ (3359ch, attempts=1, 21.4s)
2026-05-01 15:36:17,539 [INFO] HTTP Request: POST http://localhost:2026/v1/chat/completions "HTTP/1.1 200 OK"
2026-05-01 15:36:17,541 [INFO] [3735/3987] id=openseek-3-64b000415 GT=[25, 29, 472, 66, 36, 3, 51, 53, 81] ✅ (2717ch, attempts=1, 17.2s)
2026-05-01 15:36:25,276 [INFO] HTTP Request: POST http://localhost:2026/v1/chat/completions "HTTP/1.1 200 OK"
2026-05-01 15:36:25,277 [INFO] [3736/3987] id=openseek-3-1cc2726d7 GT=[22, 460, 232, 65, 16, 74] ✅ (1913ch, attempts=1, 11.9s)
2026-05-01 15:36:26,448 [INFO] HTTP Request: POST http://localhost:2026/v1/chat/completions "HTTP/1.1 200 OK"
2026-05-01 15:36:26,450 [INFO] [3737/3987] id=openseek-3-5971c903c GT=[502, 82, 34, 52, 280, 33, 19] ✅ (1959ch, attempts=1, 12.9s)
2026-05-01 15:36:32,934 [INFO] HTTP Request: POST http://localhost:2026/v1/chat/completions "HTTP/1.1 200 OK"
2026-05-01 15:36:32,935 [INFO] [3738/3987] id=openseek-3-33e53a70e GT=[46, 38] ✅ (1581ch, attempts=1, 7.7s)
2026-05-01 15:36:37,303 [INFO] HTTP Request: POST http://localhost:2026/v1/chat/completions "HTTP/1.1 200 OK"
2026-05-01 15:36:37,305 [INFO] [3739/3987] id=openseek-3-09cba4658 GT=[178, 88, 436, 82, 89, 94, 22, 10, 496] ✅ (3206ch, attempts=1, 19.8s)
2026-05-01 15:36:42,303 [INFO] HTTP Request: POST http://localhost:2026/v1/chat/completions "HTTP/1.1 200 OK"
2026-05-01 15:36:42,304 [INFO] [3740/3987] id=openseek-3-30291e5fe GT=[184, 74, 61, 82, 466, 15, 40, 35] ✅ (2600ch, attempts=1, 15.9s)
2026-05-01 15:36:45,965 [INFO] HTTP Request: POST http://localhost:2026/v1/chat/completions "HTTP/1.1 200 OK"
2026-05-01 15:36:45,966 [INFO] [3741/3987] id=openseek-3-e5d3d88ca GT=[76, 172, 160, 54, 1] ✅ (2314ch, attempts=1, 13.0s)
2026-05-01 15:36:47,845 [INFO] HTTP Request: POST http://localhost:2026/v1/chat/completions "HTTP/1.1 200 OK"
2026-05-01 15:36:47,847 [INFO] [3742/3987] id=openseek-3-6c6cb378b GT=[77, 35, 66, 562, 466] ✅ (1687ch, attempts=1, 10.5s)
2026-05-01 15:36:52,504 [INFO] HTTP Request: POST http://localhost:2026/v1/chat/completions "HTTP/1.1 200 OK"
2026-05-01 15:36:52,505 [INFO] [3743/3987] id=openseek-3-c427fcd2e GT=[76, 136, 24, 346, 130, 292] ✅ (1559ch, attempts=1, 10.2s)
2026-05-01 15:36:57,100 [INFO] HTTP Request: POST http://localhost:2026/v1/chat/completions "HTTP/1.1 200 OK"
2026-05-01 15:36:57,101 [INFO] [3744/3987] id=openseek-3-1abccf333 GT=[418, 214, 75, 16, 54] ✅ (1794ch, attempts=1, 11.1s)
2026-05-01 15:36:58,648 [INFO] HTTP Request: POST http://localhost:2026/v1/chat/completions "HTTP/1.1 200 OK"
2026-05-01 15:36:58,649 [INFO] [3745/3987] id=openseek-3-a759a2c36 GT=[292, 94, 568, 68] ✅ (1861ch, attempts=1, 10.8s)
2026-05-01 15:37:02,930 [INFO] HTTP Request: POST http://localhost:2026/v1/chat/completions "HTTP/1.1 200 OK"
2026-05-01 15:37:02,931 [INFO] [3746/3987] id=openseek-3-233d59e1a GT=[364, 26] ✅ (2230ch, attempts=1, 10.4s)
2026-05-01 15:37:09,539 [INFO] HTTP Request: POST http://localhost:2026/v1/chat/completions "HTTP/1.1 200 OK"
2026-05-01 15:37:09,540 [INFO] [3747/3987] id=openseek-3-430d67017 GT=[514, 328, 14] ✅ (2025ch, attempts=1, 10.9s)
2026-05-01 15:37:10,098 [INFO] HTTP Request: POST http://localhost:2026/v1/chat/completions "HTTP/1.1 200 OK"
2026-05-01 15:37:10,099 [INFO] [3748/3987] id=openseek-3-5a0691b76 GT=[382, 340, 520] ✅ (2164ch, attempts=1, 13.0s)
2026-05-01 15:37:12,955 [INFO] HTTP Request: POST http://localhost:2026/v1/chat/completions "HTTP/1.1 200 OK"
2026-05-01 15:37:12,956 [INFO] [3749/3987] id=openseek-3-69156c361 GT=[514, 94, 4, 358] ✅ (1859ch, attempts=1, 10.0s)
2026-05-01 15:37:22,441 [INFO] HTTP Request: POST http://localhost:2026/v1/chat/completions "HTTP/1.1 200 OK"
2026-05-01 15:37:22,442 [INFO] [3750/3987] id=openseek-3-c5ca1b8ed GT=[32, 77] ✅ (1835ch, attempts=1, 9.5s)
2026-05-01 15:37:22,760 [INFO]   💾 已保存 (成功=3750 验证通过=3750 降级=0) | 4.6s/条均值 | ETA=18min
2026-05-01 15:37:23,355 [INFO] HTTP Request: POST http://localhost:2026/v1/chat/completions "HTTP/1.1 200 OK"
2026-05-01 15:37:23,356 [INFO] [3751/3987] id=openseek-3-183d37309 GT=[514, 136, 352, 400, 68] ✅ (2126ch, attempts=1, 13.3s)
2026-05-01 15:37:24,815 [INFO] HTTP Request: POST http://localhost:2026/v1/chat/completions "HTTP/1.1 200 OK"
2026-05-01 15:37:24,816 [INFO] [3752/3987] id=openseek-3-3fb095c35 GT=[412, 76, 55, 232, 358, 94] ✅ (2431ch, attempts=1, 15.3s)
2026-05-01 15:37:32,964 [INFO] HTTP Request: POST http://localhost:2026/v1/chat/completions "HTTP/1.1 200 OK"
2026-05-01 15:37:32,966 [INFO] [3753/3987] id=openseek-3-22afc931e GT=[454, 47, 16] ✅ (1790ch, attempts=1, 9.6s)
2026-05-01 15:37:42,277 [INFO] HTTP Request: POST http://localhost:2026/v1/chat/completions "HTTP/1.1 200 OK"
2026-05-01 15:37:42,279 [INFO] [3754/3987] id=openseek-3-2c928392f GT=[26, 310, 63, 19, 358, 54, 60, 592, 61] ✅ (2936ch, attempts=1, 19.8s)
2026-05-01 15:37:47,945 [INFO] HTTP Request: POST http://localhost:2026/v1/chat/completions "HTTP/1.1 200 OK"
2026-05-01 15:37:47,946 [INFO] [3755/3987] id=openseek-3-fec05a57f GT=[58, 358, 424, 370, 160, 1, 44, 95, 10] ✅ (3601ch, attempts=1, 23.1s)
2026-05-01 15:37:48,324 [INFO] HTTP Request: POST http://localhost:2026/v1/chat/completions "HTTP/1.1 200 OK"
2026-05-01 15:37:48,325 [INFO] [3756/3987] id=openseek-3-0b176f5a3 GT=[268, 436, 74, 45, 4, 79] ✅ (2467ch, attempts=1, 15.4s)
2026-05-01 15:38:01,012 [INFO] HTTP Request: POST http://localhost:2026/v1/chat/completions "HTTP/1.1 200 OK"
2026-05-01 15:38:01,013 [INFO] [3757/3987] id=openseek-3-e93d32987 GT=[85, 82, 4, 54, 52, 72] ✅ (2083ch, attempts=1, 12.7s)
2026-05-01 15:38:01,854 [INFO] HTTP Request: POST http://localhost:2026/v1/chat/completions "HTTP/1.1 200 OK"
2026-05-01 15:38:01,855 [INFO] [3758/3987] id=openseek-3-6b8404516 GT=[118, 340, 17, 28, 160, 454, 81] ✅ (2136ch, attempts=1, 13.9s)
2026-05-01 15:38:05,430 [INFO] HTTP Request: POST http://localhost:2026/v1/chat/completions "HTTP/1.1 200 OK"
2026-05-01 15:38:05,431 [INFO] [3759/3987] id=openseek-3-556afb3e7 GT=[196, 304, 262, 562, 31, 2, 44, 262] ✅ (3518ch, attempts=1, 23.2s)
2026-05-01 15:38:10,781 [INFO] HTTP Request: POST http://localhost:2026/v1/chat/completions "HTTP/1.1 200 OK"
2026-05-01 15:38:10,782 [INFO] [3760/3987] id=openseek-3-74a59553f GT=[75, 23, 298] ✅ (1859ch, attempts=1, 9.8s)
2026-05-01 15:38:19,562 [INFO] HTTP Request: POST http://localhost:2026/v1/chat/completions "HTTP/1.1 200 OK"
2026-05-01 15:38:19,563 [INFO] [3761/3987] id=openseek-3-076a761a8 GT=[274, 19, 136, 70, 520, 520, 46] ✅ (2815ch, attempts=1, 17.7s)
2026-05-01 15:38:19,651 [INFO] HTTP Request: POST http://localhost:2026/v1/chat/completions "HTTP/1.1 200 OK"
2026-05-01 15:38:19,653 [INFO] [3762/3987] id=openseek-3-ff4fe5db5 GT=[29, 4, 508, 538, 67, 10, 90] ✅ (2346ch, attempts=1, 14.2s)
2026-05-01 15:38:23,761 [INFO] HTTP Request: POST http://localhost:2026/v1/chat/completions "HTTP/1.1 200 OK"
2026-05-01 15:38:23,763 [INFO] [3763/3987] id=openseek-3-1badf9039 GT=[286, 22, 18, 460, 19] ✅ (2274ch, attempts=1, 13.0s)
2026-05-01 15:38:31,164 [INFO] HTTP Request: POST http://localhost:2026/v1/chat/completions "HTTP/1.1 200 OK"
2026-05-01 15:38:31,165 [INFO] [3764/3987] id=openseek-3-b9d86fa8d GT=[304, 322, 49, 184, 43] ✅ (1844ch, attempts=1, 11.6s)
2026-05-01 15:38:35,085 [INFO] HTTP Request: POST http://localhost:2026/v1/chat/completions "HTTP/1.1 200 OK"
2026-05-01 15:38:35,087 [INFO] [3765/3987] id=openseek-3-e069e16a7 GT=[44, 69, 370, 29, 58, 10, 250] ✅ (2424ch, attempts=1, 15.4s)
2026-05-01 15:38:35,408 [INFO] HTTP Request: POST http://localhost:2026/v1/chat/completions "HTTP/1.1 200 OK"
2026-05-01 15:38:35,409 [INFO] [3766/3987] id=openseek-3-70016ea18 GT=[250, 574, 54, 6] ✅ (1866ch, attempts=1, 11.6s)
2026-05-01 15:38:43,544 [INFO] HTTP Request: POST http://localhost:2026/v1/chat/completions "HTTP/1.1 200 OK"
2026-05-01 15:38:43,546 [INFO] [3767/3987] id=openseek-3-5a9343da5 GT=[316, 214, 574] ✅ (2243ch, attempts=1, 12.4s)
2026-05-01 15:38:52,382 [INFO] HTTP Request: POST http://localhost:2026/v1/chat/completions "HTTP/1.1 200 OK"
2026-05-01 15:38:52,383 [INFO] [3768/3987] id=openseek-3-abae40cc9 GT=[86, 352, 430, 364, 64, 142, 436, 202] ✅ (2550ch, attempts=1, 17.3s)
2026-05-01 15:38:55,809 [INFO] HTTP Request: POST http://localhost:2026/v1/chat/completions "HTTP/1.1 200 OK"
2026-05-01 15:38:55,810 [INFO] [3769/3987] id=openseek-3-4b3049551 GT=[23, 89, 220, 68, 490, 394, 196, 232, 56 ✅ (3140ch, attempts=1, 20.4s)
2026-05-01 15:38:59,406 [INFO] HTTP Request: POST http://localhost:2026/v1/chat/completions "HTTP/1.1 200 OK"
2026-05-01 15:38:59,407 [INFO] [3770/3987] id=openseek-3-731e190c9 GT=[79, 490, 526, 99, 370, 364] ✅ (2501ch, attempts=1, 15.9s)
2026-05-01 15:39:07,914 [INFO] HTTP Request: POST http://localhost:2026/v1/chat/completions "HTTP/1.1 200 OK"
2026-05-01 15:39:07,915 [INFO] [3771/3987] id=openseek-3-ad4e7092d GT=[84, 478, 76, 112, 106] ✅ (2466ch, attempts=1, 15.5s)
2026-05-01 15:39:15,541 [INFO] HTTP Request: POST http://localhost:2026/v1/chat/completions "HTTP/1.1 200 OK"
2026-05-01 15:39:15,543 [INFO] [3772/3987] id=openseek-3-2764987ff GT=[142, 274, 68, 448] ✅ (2901ch, attempts=1, 16.1s)
2026-05-01 15:39:16,910 [INFO] HTTP Request: POST http://localhost:2026/v1/chat/completions "HTTP/1.1 200 OK"
2026-05-01 15:39:16,911 [INFO] [3773/3987] id=openseek-3-d52f4e962 GT=[154, 72, 472, 16, 202, 87, 112] ✅ (3357ch, attempts=1, 21.1s)
2026-05-01 15:39:19,268 [INFO] HTTP Request: POST http://localhost:2026/v1/chat/completions "HTTP/1.1 200 OK"
2026-05-01 15:39:19,269 [INFO] [3774/3987] id=openseek-3-0ccaedacf GT=[178, 466, 12, 298] ✅ (1850ch, attempts=1, 11.4s)
2026-05-01 15:39:26,379 [INFO] HTTP Request: POST http://localhost:2026/v1/chat/completions "HTTP/1.1 200 OK"
2026-05-01 15:39:26,380 [INFO] [3775/3987] id=openseek-3-5bb03904a GT=[19, 10, 532] ✅ (1893ch, attempts=1, 9.5s)
2026-05-01 15:39:30,528 [INFO] HTTP Request: POST http://localhost:2026/v1/chat/completions "HTTP/1.1 200 OK"
2026-05-01 15:39:30,529 [INFO] [3776/3987] id=openseek-3-9d67a2ab9 GT=[358, 12, 268, 2, 2, 83, 166] ✅ (2484ch, attempts=1, 15.0s)
2026-05-01 15:39:33,713 [INFO] HTTP Request: POST http://localhost:2026/v1/chat/completions "HTTP/1.1 200 OK"
2026-05-01 15:39:33,715 [INFO] [3777/3987] id=openseek-3-2096243a5 GT=[232, 202, 46, 74, 208, 154] ✅ (2232ch, attempts=1, 14.4s)
2026-05-01 15:39:36,387 [INFO] HTTP Request: POST http://localhost:2026/v1/chat/completions "HTTP/1.1 200 OK"
2026-05-01 15:39:36,388 [INFO] [3778/3987] id=openseek-3-a88e1b53a GT=[89, 256, 47] ✅ (1934ch, attempts=1, 10.0s)
2026-05-01 15:39:46,250 [INFO] HTTP Request: POST http://localhost:2026/v1/chat/completions "HTTP/1.1 200 OK"
2026-05-01 15:39:46,252 [INFO] [3779/3987] id=openseek-3-d8dfbaa5b GT=[28, 100, 47, 64, 42, 508, 84] ✅ (2664ch, attempts=1, 15.7s)
2026-05-01 15:39:47,346 [INFO] HTTP Request: POST http://localhost:2026/v1/chat/completions "HTTP/1.1 200 OK"
2026-05-01 15:39:47,347 [INFO] [3780/3987] id=openseek-3-2d24d92cf GT=[12, 79, 12, 64, 406, 42, 27, 1] ✅ (2180ch, attempts=1, 13.6s)
2026-05-01 15:39:55,295 [INFO] HTTP Request: POST http://localhost:2026/v1/chat/completions "HTTP/1.1 200 OK"
2026-05-01 15:39:55,297 [INFO] [3781/3987] id=openseek-3-0e995ce19 GT=[388, 58, 95, 41, 80, 4, 82, 32] ✅ (3236ch, attempts=1, 18.9s)
2026-05-01 15:39:58,796 [INFO] HTTP Request: POST http://localhost:2026/v1/chat/completions "HTTP/1.1 200 OK"
2026-05-01 15:39:58,797 [INFO] [3782/3987] id=openseek-3-97f633ff8 GT=[232, 226, 94, 352] ✅ (2177ch, attempts=1, 12.5s)
2026-05-01 15:39:59,640 [INFO] HTTP Request: POST http://localhost:2026/v1/chat/completions "HTTP/1.1 200 OK"
2026-05-01 15:39:59,641 [INFO] [3783/3987] id=openseek-3-95e06e436 GT=[34, 51, 394, 29] ✅ (2161ch, attempts=1, 12.3s)
2026-05-01 15:40:07,224 [INFO] HTTP Request: POST http://localhost:2026/v1/chat/completions "HTTP/1.1 200 OK"
2026-05-01 15:40:07,225 [INFO] [3784/3987] id=openseek-3-486d16874 GT=[82, 17] ✅ (1802ch, attempts=1, 8.4s)
2026-05-01 15:40:11,033 [INFO] HTTP Request: POST http://localhost:2026/v1/chat/completions "HTTP/1.1 200 OK"
2026-05-01 15:40:11,035 [INFO] [3785/3987] id=openseek-3-9f98890c3 GT=[208, 15, 72, 34, 166, 94] ✅ (2724ch, attempts=1, 15.7s)
2026-05-01 15:40:11,995 [INFO] HTTP Request: POST http://localhost:2026/v1/chat/completions "HTTP/1.1 200 OK"
2026-05-01 15:40:11,996 [INFO] [3786/3987] id=openseek-3-fc85ce2e6 GT=[478, 68, 35, 37, 424] ✅ (2171ch, attempts=1, 12.4s)
2026-05-01 15:40:15,738 [INFO] HTTP Request: POST http://localhost:2026/v1/chat/completions "HTTP/1.1 200 OK"
2026-05-01 15:40:15,739 [INFO] [3787/3987] id=openseek-3-e68a473e2 GT=[31, 17, 226] ✅ (1731ch, attempts=1, 8.5s)
2026-05-01 15:40:23,362 [INFO] HTTP Request: POST http://localhost:2026/v1/chat/completions "HTTP/1.1 200 OK"
2026-05-01 15:40:23,363 [INFO] [3788/3987] id=openseek-3-a6f8231e6 GT=[46, 65] ✅ (1628ch, attempts=1, 7.6s)
2026-05-01 15:40:24,119 [INFO] HTTP Request: POST http://localhost:2026/v1/chat/completions "HTTP/1.1 200 OK"
2026-05-01 15:40:24,121 [INFO] [3789/3987] id=openseek-3-bdd58eed2 GT=[14, 532, 82, 250, 65] ✅ (2038ch, attempts=1, 13.1s)
2026-05-01 15:40:24,138 [INFO] HTTP Request: POST http://localhost:2026/v1/chat/completions "HTTP/1.1 200 OK"
2026-05-01 15:40:24,140 [INFO] [3790/3987] id=openseek-3-35cb36b48 GT=[32, 292, 56, 89, 73, 322] ✅ (2036ch, attempts=1, 12.1s)
2026-05-01 15:40:32,282 [INFO] HTTP Request: POST http://localhost:2026/v1/chat/completions "HTTP/1.1 200 OK"
2026-05-01 15:40:32,283 [INFO] [3791/3987] id=openseek-3-94a5891b3 GT=[82, 466] ✅ (1771ch, attempts=1, 8.1s)
2026-05-01 15:40:35,948 [INFO] HTTP Request: POST http://localhost:2026/v1/chat/completions "HTTP/1.1 200 OK"
2026-05-01 15:40:35,949 [INFO] [3792/3987] id=openseek-3-987c9da58 GT=[69, 70, 72, 40, 514, 47] ✅ (2060ch, attempts=1, 12.6s)
2026-05-01 15:40:44,361 [INFO] HTTP Request: POST http://localhost:2026/v1/chat/completions "HTTP/1.1 200 OK"
2026-05-01 15:40:44,362 [INFO] [3793/3987] id=openseek-3-757721f87 GT=[40, 8, 466, 598, 28, 466, 68, 71] ✅ (3269ch, attempts=1, 20.2s)
2026-05-01 15:40:48,069 [INFO] HTTP Request: POST http://localhost:2026/v1/chat/completions "HTTP/1.1 200 OK"
2026-05-01 15:40:48,179 [INFO] [3794/3987] id=openseek-3-09c277445 GT=[16, 520, 43, 20, 80, 532, 95] ✅ (2492ch, attempts=1, 15.9s)
2026-05-01 15:40:55,625 [INFO] HTTP Request: POST http://localhost:2026/v1/chat/completions "HTTP/1.1 200 OK"
2026-05-01 15:40:55,627 [INFO] [3795/3987] id=openseek-3-9a34a646f GT=[280, 89, 61, 592, 400, 68, 57, 17, 460] ✅ (2905ch, attempts=1, 19.7s)
2026-05-01 15:40:59,308 [INFO] HTTP Request: POST http://localhost:2026/v1/chat/completions "HTTP/1.1 200 OK"
2026-05-01 15:40:59,310 [INFO] [3796/3987] id=openseek-3-027d61bd4 GT=[238, 358, 508, 69, 232] ✅ (2437ch, attempts=1, 14.9s)
2026-05-01 15:41:03,911 [INFO] HTTP Request: POST http://localhost:2026/v1/chat/completions "HTTP/1.1 200 OK"
2026-05-01 15:41:03,912 [INFO] [3797/3987] id=openseek-3-9b582d8f0 GT=[86, 394] ✅ (1709ch, attempts=1, 8.3s)
2026-05-01 15:41:03,928 [INFO] HTTP Request: POST http://localhost:2026/v1/chat/completions "HTTP/1.1 200 OK"
2026-05-01 15:41:03,930 [INFO] [3798/3987] id=openseek-3-63913b951 GT=[190, 35, 100, 64, 21, 18, 89, 436] ✅ (2535ch, attempts=1, 15.8s)
2026-05-01 15:41:14,550 [INFO] HTTP Request: POST http://localhost:2026/v1/chat/completions "HTTP/1.1 200 OK"
2026-05-01 15:41:14,551 [INFO] [3799/3987] id=openseek-3-89967dcdc GT=[370, 84, 93, 50, 68, 76] ✅ (2651ch, attempts=1, 15.2s)
2026-05-01 15:41:15,630 [INFO] HTTP Request: POST http://localhost:2026/v1/chat/completions "HTTP/1.1 200 OK"
2026-05-01 15:41:15,631 [INFO] [3800/3987] id=openseek-3-dad8433b3 GT=[2, 48, 37, 484, 448, 18, 136] ✅ (1840ch, attempts=1, 11.7s)
2026-05-01 15:41:15,950 [INFO]   💾 已保存 (成功=3800 验证通过=3800 降级=0) | 4.6s/条均值 | ETA=14min
2026-05-01 15:41:20,010 [INFO] HTTP Request: POST http://localhost:2026/v1/chat/completions "HTTP/1.1 200 OK"
2026-05-01 15:41:20,012 [INFO] [3801/3987] id=openseek-3-d6e40093e GT=[66, 400, 37, 436, 34, 58, 66, 328] ✅ (2471ch, attempts=1, 16.1s)
2026-05-01 15:41:28,006 [INFO] HTTP Request: POST http://localhost:2026/v1/chat/completions "HTTP/1.1 200 OK"
2026-05-01 15:41:28,008 [INFO] [3802/3987] id=openseek-3-41355cc6a GT=[95, 328, 232, 34] ✅ (2103ch, attempts=1, 12.4s)
2026-05-01 15:41:29,242 [INFO] HTTP Request: POST http://localhost:2026/v1/chat/completions "HTTP/1.1 200 OK"
2026-05-01 15:41:29,244 [INFO] [3803/3987] id=openseek-3-4110f4f96 GT=[81, 66, 334, 6, 232, 316] ✅ (2287ch, attempts=1, 14.7s)
2026-05-01 15:41:36,968 [INFO] HTTP Request: POST http://localhost:2026/v1/chat/completions "HTTP/1.1 200 OK"
2026-05-01 15:41:36,970 [INFO] [3804/3987] id=openseek-3-e55f96a2f GT=[72, 50, 48] ✅ (1798ch, attempts=1, 9.0s)
2026-05-01 15:41:39,081 [INFO] HTTP Request: POST http://localhost:2026/v1/chat/completions "HTTP/1.1 200 OK"
2026-05-01 15:41:39,083 [INFO] [3805/3987] id=openseek-3-5932e0989 GT=[43, 40, 304, 93, 49, 292, 592, 73, 466] ✅ (2887ch, attempts=1, 19.1s)
2026-05-01 15:41:47,105 [INFO] HTTP Request: POST http://localhost:2026/v1/chat/completions "HTTP/1.1 200 OK"
2026-05-01 15:41:47,107 [INFO] [3806/3987] id=openseek-3-365590d7b GT=[124, 18, 74, 322, 190, 208, 316] ✅ (2857ch, attempts=1, 17.9s)
2026-05-01 15:41:48,099 [INFO] HTTP Request: POST http://localhost:2026/v1/chat/completions "HTTP/1.1 200 OK"
2026-05-01 15:41:48,101 [INFO] [3807/3987] id=openseek-3-1aa817d3a GT=[76, 232] ✅ (1767ch, attempts=1, 9.0s)
2026-05-01 15:41:58,455 [INFO] HTTP Request: POST http://localhost:2026/v1/chat/completions "HTTP/1.1 200 OK"
2026-05-01 15:41:58,457 [INFO] [3808/3987] id=openseek-3-1b9dc69fa GT=[418, 9, 87, 21, 71, 166, 358, 316, 79] ✅ (3311ch, attempts=1, 21.5s)
2026-05-01 15:41:59,167 [INFO] HTTP Request: POST http://localhost:2026/v1/chat/completions "HTTP/1.1 200 OK"
2026-05-01 15:41:59,168 [INFO] [3809/3987] id=openseek-3-8c9748473 GT=[100, 130, 96, 196, 39] ✅ (1806ch, attempts=1, 11.1s)
2026-05-01 15:42:02,432 [INFO] HTTP Request: POST http://localhost:2026/v1/chat/completions "HTTP/1.1 200 OK"
2026-05-01 15:42:02,433 [INFO] [3810/3987] id=openseek-3-cd97595cc GT=[70, 430, 34, 73, 80, 274, 76] ✅ (2467ch, attempts=1, 15.3s)
2026-05-01 15:42:10,878 [INFO] HTTP Request: POST http://localhost:2026/v1/chat/completions "HTTP/1.1 200 OK"
2026-05-01 15:42:10,879 [INFO] [3811/3987] id=openseek-3-8b614e6e9 GT=[196, 34, 53, 26, 74, 58] ✅ (2000ch, attempts=1, 12.4s)
2026-05-01 15:42:12,203 [INFO] HTTP Request: POST http://localhost:2026/v1/chat/completions "HTTP/1.1 200 OK"
2026-05-01 15:42:12,204 [INFO] [3812/3987] id=openseek-3-ef9821e26 GT=[346, 83, 27, 430, 376] ✅ (2283ch, attempts=1, 13.0s)
2026-05-01 15:42:21,240 [INFO] HTTP Request: POST http://localhost:2026/v1/chat/completions "HTTP/1.1 200 OK"
2026-05-01 15:42:21,242 [INFO] [3813/3987] id=openseek-3-217feee51 GT=[574, 37, 112, 63, 268] ✅ (1730ch, attempts=1, 10.4s)
2026-05-01 15:42:21,432 [INFO] HTTP Request: POST http://localhost:2026/v1/chat/completions "HTTP/1.1 200 OK"
2026-05-01 15:42:21,433 [INFO] [3814/3987] id=openseek-3-edfbe3b76 GT=[64, 370, 82, 86, 48, 460, 514] ✅ (3065ch, attempts=1, 19.0s)
2026-05-01 15:42:25,728 [INFO] HTTP Request: POST http://localhost:2026/v1/chat/completions "HTTP/1.1 200 OK"
2026-05-01 15:42:25,729 [INFO] [3815/3987] id=openseek-3-668a81832 GT=[598, 42, 550, 17, 59, 586] ✅ (2185ch, attempts=1, 13.5s)
2026-05-01 15:42:30,332 [INFO] HTTP Request: POST http://localhost:2026/v1/chat/completions "HTTP/1.1 200 OK"
2026-05-01 15:42:30,333 [INFO] [3816/3987] id=openseek-3-597bdbe50 GT=[82, 22, 208, 42] ✅ (1606ch, attempts=1, 8.9s)
2026-05-01 15:42:40,304 [INFO] HTTP Request: POST http://localhost:2026/v1/chat/completions "HTTP/1.1 200 OK"
2026-05-01 15:42:40,306 [INFO] [3817/3987] id=openseek-3-0faa7ad81 GT=[25, 93, 262, 454, 51, 298, 292, 55] ✅ (2950ch, attempts=1, 19.1s)
2026-05-01 15:42:41,247 [INFO] HTTP Request: POST http://localhost:2026/v1/chat/completions "HTTP/1.1 200 OK"
2026-05-01 15:42:41,248 [INFO] [3818/3987] id=openseek-3-b6d00c7d3 GT=[166, 18, 232, 502, 100, 77] ✅ (2328ch, attempts=1, 15.5s)
2026-05-01 15:42:41,592 [INFO] HTTP Request: POST http://localhost:2026/v1/chat/completions "HTTP/1.1 200 OK"
2026-05-01 15:42:41,593 [INFO] [3819/3987] id=openseek-3-5e0519f98 GT=[100, 520] ✅ (2163ch, attempts=1, 11.3s)
2026-05-01 15:42:49,650 [INFO] HTTP Request: POST http://localhost:2026/v1/chat/completions "HTTP/1.1 200 OK"
2026-05-01 15:42:49,652 [INFO] [3820/3987] id=openseek-3-66d15e9ee GT=[598, 4, 118] ✅ (1733ch, attempts=1, 9.3s)
2026-05-01 15:42:50,885 [INFO] HTTP Request: POST http://localhost:2026/v1/chat/completions "HTTP/1.1 200 OK"
2026-05-01 15:42:50,886 [INFO] [3821/3987] id=openseek-3-f73f4d54f GT=[84, 14, 244] ✅ (1850ch, attempts=1, 9.3s)
2026-05-01 15:42:52,129 [INFO] HTTP Request: POST http://localhost:2026/v1/chat/completions "HTTP/1.1 200 OK"
2026-05-01 15:42:52,131 [INFO] [3822/3987] id=openseek-3-28899162e GT=[70, 42, 286, 532] ✅ (1907ch, attempts=1, 10.9s)
2026-05-01 15:43:03,938 [INFO] HTTP Request: POST http://localhost:2026/v1/chat/completions "HTTP/1.1 200 OK"
2026-05-01 15:43:03,939 [INFO] [3823/3987] id=openseek-3-99bb3a3a1 GT=[196, 52, 472, 244, 84] ✅ (2309ch, attempts=1, 14.3s)
2026-05-01 15:43:05,408 [INFO] HTTP Request: POST http://localhost:2026/v1/chat/completions "HTTP/1.1 200 OK"
2026-05-01 15:43:05,409 [INFO] [3824/3987] id=openseek-3-037fd91bf GT=[5, 382, 370, 89] ✅ (2478ch, attempts=1, 13.3s)
2026-05-01 15:43:05,804 [INFO] HTTP Request: POST http://localhost:2026/v1/chat/completions "HTTP/1.1 200 OK"
2026-05-01 15:43:05,805 [INFO] [3825/3987] id=openseek-3-037de0d91 GT=[82, 43, 550, 490, 172, 26] ✅ (2345ch, attempts=1, 14.9s)
2026-05-01 15:43:11,488 [INFO] HTTP Request: POST http://localhost:2026/v1/chat/completions "HTTP/1.1 200 OK"
2026-05-01 15:43:11,489 [INFO] [3826/3987] id=openseek-3-6940f50cc GT=[77, 84, 88] ✅ (1435ch, attempts=1, 7.6s)
2026-05-01 15:43:14,319 [INFO] HTTP Request: POST http://localhost:2026/v1/chat/completions "HTTP/1.1 200 OK"
2026-05-01 15:43:14,321 [INFO] [3827/3987] id=openseek-3-3976f8829 GT=[160, 58] ✅ (1884ch, attempts=1, 8.9s)
2026-05-01 15:43:18,865 [INFO] HTTP Request: POST http://localhost:2026/v1/chat/completions "HTTP/1.1 200 OK"
2026-05-01 15:43:18,866 [INFO] [3828/3987] id=openseek-3-db9e39f33 GT=[49, 68, 40, 10, 22, 84, 154] ✅ (2032ch, attempts=1, 13.1s)
2026-05-01 15:43:28,372 [INFO] HTTP Request: POST http://localhost:2026/v1/chat/completions "HTTP/1.1 200 OK"
2026-05-01 15:43:28,374 [INFO] [3829/3987] id=openseek-3-feda30749 GT=[6, 90, 51, 44, 15, 82, 37] ✅ (2442ch, attempts=1, 14.1s)
2026-05-01 15:43:30,842 [INFO] HTTP Request: POST http://localhost:2026/v1/chat/completions "HTTP/1.1 200 OK"
2026-05-01 15:43:30,843 [INFO] [3830/3987] id=openseek-3-0b512bf6e GT=[256, 532, 466, 298, 40, 73, 26, 30, 100 ✅ (2937ch, attempts=1, 19.4s)
2026-05-01 15:43:36,012 [INFO] HTTP Request: POST http://localhost:2026/v1/chat/completions "HTTP/1.1 200 OK"
2026-05-01 15:43:36,014 [INFO] [3831/3987] id=openseek-3-ba2bf125d GT=[202, 4, 100] ✅ (1370ch, attempts=1, 7.6s)
2026-05-01 15:43:36,694 [INFO] HTTP Request: POST http://localhost:2026/v1/chat/completions "HTTP/1.1 200 OK"
2026-05-01 15:43:36,695 [INFO] [3832/3987] id=openseek-3-9d5bfcba4 GT=[520, 66, 52, 400, 166, 99, 124] ✅ (2929ch, attempts=1, 17.8s)
2026-05-01 15:43:40,815 [INFO] HTTP Request: POST http://localhost:2026/v1/chat/completions "HTTP/1.1 200 OK"
2026-05-01 15:43:40,816 [INFO] [3833/3987] id=openseek-3-67920f8b9 GT=[586, 45, 50] ✅ (1822ch, attempts=1, 10.0s)
2026-05-01 15:43:44,545 [INFO] HTTP Request: POST http://localhost:2026/v1/chat/completions "HTTP/1.1 200 OK"
2026-05-01 15:43:44,547 [INFO] [3834/3987] id=openseek-3-cf1d28b7c GT=[78, 81] ✅ (1903ch, attempts=1, 8.5s)
2026-05-01 15:43:51,322 [INFO] HTTP Request: POST http://localhost:2026/v1/chat/completions "HTTP/1.1 200 OK"
2026-05-01 15:43:51,323 [INFO] [3835/3987] id=openseek-3-047ad6b04 GT=[33, 88, 268, 23] ✅ (1929ch, attempts=1, 10.5s)
2026-05-01 15:43:52,095 [INFO] HTTP Request: POST http://localhost:2026/v1/chat/completions "HTTP/1.1 200 OK"
2026-05-01 15:43:52,097 [INFO] [3836/3987] id=openseek-3-635c7efd8 GT=[592, 81, 25, 478, 39, 12, 262] ✅ (2484ch, attempts=1, 15.4s)
2026-05-01 15:43:57,536 [INFO] HTTP Request: POST http://localhost:2026/v1/chat/completions "HTTP/1.1 200 OK"
2026-05-01 15:43:57,537 [INFO] [3837/3987] id=openseek-3-94d678ad9 GT=[14, 7, 298, 90, 316] ✅ (2186ch, attempts=1, 13.0s)
2026-05-01 15:44:01,772 [INFO] HTTP Request: POST http://localhost:2026/v1/chat/completions "HTTP/1.1 200 OK"
2026-05-01 15:44:01,773 [INFO] [3838/3987] id=openseek-3-eb5b0fc05 GT=[53, 352, 442] ✅ (1814ch, attempts=1, 9.7s)
2026-05-01 15:44:08,961 [INFO] HTTP Request: POST http://localhost:2026/v1/chat/completions "HTTP/1.1 200 OK"
2026-05-01 15:44:08,962 [INFO] [3839/3987] id=openseek-3-e2c6f0da5 GT=[42, 86, 7, 90] ✅ (2145ch, attempts=1, 11.4s)
2026-05-01 15:44:11,164 [INFO] HTTP Request: POST http://localhost:2026/v1/chat/completions "HTTP/1.1 200 OK"
2026-05-01 15:44:11,165 [INFO] [3840/3987] id=openseek-3-cbf91f1bc GT=[34, 4, 190, 14] ✅ (1625ch, attempts=1, 9.4s)
2026-05-01 15:44:11,622 [INFO] HTTP Request: POST http://localhost:2026/v1/chat/completions "HTTP/1.1 200 OK"
2026-05-01 15:44:11,623 [INFO] [3841/3987] id=openseek-3-41f9fe616 GT=[268, 502, 424, 532, 550, 298, 63, 274] ✅ (2992ch, attempts=1, 20.3s)
2026-05-01 15:44:23,737 [INFO] HTTP Request: POST http://localhost:2026/v1/chat/completions "HTTP/1.1 200 OK"
2026-05-01 15:44:23,738 [INFO] [3842/3987] id=openseek-3-bdd26ce8f GT=[51, 172, 52] ✅ (2529ch, attempts=1, 12.1s)
2026-05-01 15:44:28,066 [INFO] HTTP Request: POST http://localhost:2026/v1/chat/completions "HTTP/1.1 200 OK"
2026-05-01 15:44:28,068 [INFO] [3843/3987] id=openseek-3-cd9422bd7 GT=[67, 47, 412, 67, 80, 96, 14, 190] ✅ (3310ch, attempts=1, 19.1s)
2026-05-01 15:44:30,107 [INFO] HTTP Request: POST http://localhost:2026/v1/chat/completions "HTTP/1.1 200 OK"
2026-05-01 15:44:30,108 [INFO] [3844/3987] id=openseek-3-fe80b9708 GT=[172, 178, 20, 544, 37, 166] ✅ (3036ch, attempts=1, 18.9s)
2026-05-01 15:44:35,726 [INFO] HTTP Request: POST http://localhost:2026/v1/chat/completions "HTTP/1.1 200 OK"
2026-05-01 15:44:35,728 [INFO] [3845/3987] id=openseek-3-31af2aed4 GT=[18, 208, 57, 478, 436, 39] ✅ (1828ch, attempts=1, 12.0s)
2026-05-01 15:44:38,236 [INFO] HTTP Request: POST http://localhost:2026/v1/chat/completions "HTTP/1.1 200 OK"
2026-05-01 15:44:38,237 [INFO] [3846/3987] id=openseek-3-8c7cca965 GT=[286, 514] ✅ (1529ch, attempts=1, 8.1s)
2026-05-01 15:44:43,413 [INFO] HTTP Request: POST http://localhost:2026/v1/chat/completions "HTTP/1.1 200 OK"
2026-05-01 15:44:43,414 [INFO] [3847/3987] id=openseek-3-de94e8706 GT=[81, 352, 98, 53, 34, 92, 13, 364] ✅ (2570ch, attempts=1, 15.3s)
2026-05-01 15:44:46,111 [INFO] HTTP Request: POST http://localhost:2026/v1/chat/completions "HTTP/1.1 200 OK"
2026-05-01 15:44:46,112 [INFO] [3848/3987] id=openseek-3-c4e8211cd GT=[18, 154] ✅ (1635ch, attempts=1, 7.9s)
2026-05-01 15:44:46,859 [INFO] HTTP Request: POST http://localhost:2026/v1/chat/completions "HTTP/1.1 200 OK"
2026-05-01 15:44:46,860 [INFO] [3849/3987] id=openseek-3-d46b2207c GT=[58, 136, 508] ✅ (2032ch, attempts=1, 11.1s)
2026-05-01 15:44:52,973 [INFO] HTTP Request: POST http://localhost:2026/v1/chat/completions "HTTP/1.1 200 OK"
2026-05-01 15:44:52,974 [INFO] [3850/3987] id=openseek-3-fc451a830 GT=[340, 70, 190] ✅ (1733ch, attempts=1, 9.6s)
2026-05-01 15:44:53,294 [INFO]   💾 已保存 (成功=3850 验证通过=3850 降级=0) | 4.6s/条均值 | ETA=11min
2026-05-01 15:44:57,631 [INFO] HTTP Request: POST http://localhost:2026/v1/chat/completions "HTTP/1.1 200 OK"
2026-05-01 15:44:57,633 [INFO] [3851/3987] id=openseek-3-863045348 GT=[3, 58, 112, 382] ✅ (2084ch, attempts=1, 11.5s)
2026-05-01 15:44:58,397 [INFO] HTTP Request: POST http://localhost:2026/v1/chat/completions "HTTP/1.1 200 OK"
2026-05-01 15:44:58,399 [INFO] [3852/3987] id=openseek-3-d1efd53a7 GT=[142, 46, 454, 22, 74] ✅ (1859ch, attempts=1, 11.5s)
2026-05-01 15:45:01,716 [INFO] HTTP Request: POST http://localhost:2026/v1/chat/completions "HTTP/1.1 200 OK"
2026-05-01 15:45:01,718 [INFO] [3853/3987] id=openseek-3-2f8955219 GT=[106, 71, 21] ✅ (1711ch, attempts=1, 8.7s)
2026-05-01 15:45:09,556 [INFO] HTTP Request: POST http://localhost:2026/v1/chat/completions "HTTP/1.1 200 OK"
2026-05-01 15:45:09,557 [INFO] [3854/3987] id=openseek-3-a87e5cb44 GT=[74, 56, 77, 520] ✅ (1937ch, attempts=1, 11.9s)
2026-05-01 15:45:14,518 [INFO] HTTP Request: POST http://localhost:2026/v1/chat/completions "HTTP/1.1 200 OK"
2026-05-01 15:45:14,519 [INFO] [3855/3987] id=openseek-3-ac4184f85 GT=[148, 29, 76, 18, 544] ✅ (2148ch, attempts=1, 12.8s)
2026-05-01 15:45:16,276 [INFO] HTTP Request: POST http://localhost:2026/v1/chat/completions "HTTP/1.1 200 OK"
2026-05-01 15:45:16,278 [INFO] [3856/3987] id=openseek-3-449a17e39 GT=[80, 532, 232, 19, 262, 26, 68] ✅ (2968ch, attempts=1, 17.9s)
2026-05-01 15:45:24,631 [INFO] HTTP Request: POST http://localhost:2026/v1/chat/completions "HTTP/1.1 200 OK"
2026-05-01 15:45:24,632 [INFO] [3857/3987] id=openseek-3-ac555813e GT=[418, 538] ✅ (1621ch, attempts=1, 8.4s)
2026-05-01 15:45:28,462 [INFO] HTTP Request: POST http://localhost:2026/v1/chat/completions "HTTP/1.1 200 OK"
2026-05-01 15:45:28,463 [INFO] [3858/3987] id=openseek-3-851594a4d GT=[87, 328, 38, 75, 364, 424, 55, 136] ✅ (2946ch, attempts=1, 18.9s)
2026-05-01 15:45:33,572 [INFO] HTTP Request: POST http://localhost:2026/v1/chat/completions "HTTP/1.1 200 OK"
2026-05-01 15:45:33,573 [INFO] [3859/3987] id=openseek-3-7195c738b GT=[352, 59, 208, 334, 48, 172, 544] ✅ (3075ch, attempts=1, 19.1s)
2026-05-01 15:45:37,129 [INFO] HTTP Request: POST http://localhost:2026/v1/chat/completions "HTTP/1.1 200 OK"
2026-05-01 15:45:37,131 [INFO] [3860/3987] id=openseek-3-3224662b5 GT=[100, 394] ✅ (1750ch, attempts=1, 8.7s)
2026-05-01 15:45:37,305 [INFO] HTTP Request: POST http://localhost:2026/v1/chat/completions "HTTP/1.1 200 OK"
2026-05-01 15:45:37,306 [INFO] [3861/3987] id=openseek-3-7f9ed264f GT=[10, 24, 286, 18, 274] ✅ (2119ch, attempts=1, 12.7s)
2026-05-01 15:45:48,331 [INFO] HTTP Request: POST http://localhost:2026/v1/chat/completions "HTTP/1.1 200 OK"
2026-05-01 15:45:48,333 [INFO] [3862/3987] id=openseek-3-9f49fb543 GT=[91, 580, 57, 502, 99] ✅ (1803ch, attempts=1, 11.2s)
2026-05-01 15:45:53,523 [INFO] HTTP Request: POST http://localhost:2026/v1/chat/completions "HTTP/1.1 200 OK"
2026-05-01 15:45:53,525 [INFO] [3863/3987] id=openseek-3-d11070b86 GT=[370, 250, 292, 53, 28, 574, 21, 99] ✅ (2532ch, attempts=1, 16.2s)
2026-05-01 15:46:01,246 [INFO] HTTP Request: POST http://localhost:2026/v1/chat/completions "HTTP/1.1 200 OK"
2026-05-01 15:46:01,248 [INFO] [3864/3987] id=openseek-3-784a03c10 GT=[53, 520, 232, 136, 63, 178, 67, 520, 30 ✅ (4492ch, attempts=1, 27.7s)
2026-05-01 15:46:05,100 [INFO] HTTP Request: POST http://localhost:2026/v1/chat/completions "HTTP/1.1 200 OK"
2026-05-01 15:46:05,101 [INFO] [3865/3987] id=openseek-3-f720becc8 GT=[58, 26, 60, 82, 418] ✅ (1854ch, attempts=1, 11.6s)
2026-05-01 15:46:05,519 [INFO] HTTP Request: POST http://localhost:2026/v1/chat/completions "HTTP/1.1 200 OK"
2026-05-01 15:46:05,520 [INFO] [3866/3987] id=openseek-3-1af2da309 GT=[95, 184, 304, 70, 57, 66] ✅ (2588ch, attempts=1, 17.2s)
2026-05-01 15:46:12,327 [INFO] HTTP Request: POST http://localhost:2026/v1/chat/completions "HTTP/1.1 200 OK"
2026-05-01 15:46:12,329 [INFO] [3867/3987] id=openseek-3-218a596c8 GT=[280, 56] ✅ (1402ch, attempts=1, 7.2s)
2026-05-01 15:46:16,010 [INFO] HTTP Request: POST http://localhost:2026/v1/chat/completions "HTTP/1.1 200 OK"
2026-05-01 15:46:16,011 [INFO] [3868/3987] id=openseek-3-d19e18960 GT=[48, 85, 76, 154, 24] ✅ (1829ch, attempts=1, 10.5s)
2026-05-01 15:46:25,107 [INFO] HTTP Request: POST http://localhost:2026/v1/chat/completions "HTTP/1.1 200 OK"
2026-05-01 15:46:25,108 [INFO] [3869/3987] id=openseek-3-f1d340ed9 GT=[88, 580, 32] ✅ (2257ch, attempts=1, 12.8s)
2026-05-01 15:46:25,437 [INFO] HTTP Request: POST http://localhost:2026/v1/chat/completions "HTTP/1.1 200 OK"
2026-05-01 15:46:25,439 [INFO] [3870/3987] id=openseek-3-f29245aa9 GT=[46, 586, 586, 43, 430, 580, 75, 72, 64] ✅ (3678ch, attempts=1, 24.2s)
2026-05-01 15:46:28,762 [INFO] HTTP Request: POST http://localhost:2026/v1/chat/completions "HTTP/1.1 200 OK"
2026-05-01 15:46:28,763 [INFO] [3871/3987] id=openseek-3-334ca3bf9 GT=[538, 73, 70, 490, 18] ✅ (2185ch, attempts=1, 12.8s)
2026-05-01 15:46:35,919 [INFO] HTTP Request: POST http://localhost:2026/v1/chat/completions "HTTP/1.1 200 OK"
2026-05-01 15:46:35,921 [INFO] [3872/3987] id=openseek-3-1dbdf490a GT=[280, 27] ✅ (2049ch, attempts=1, 10.5s)
2026-05-01 15:46:37,031 [INFO] HTTP Request: POST http://localhost:2026/v1/chat/completions "HTTP/1.1 200 OK"
2026-05-01 15:46:37,032 [INFO] [3873/3987] id=openseek-3-adaa03a9b GT=[46, 43] ✅ (1902ch, attempts=1, 8.3s)
2026-05-01 15:46:44,678 [INFO] HTTP Request: POST http://localhost:2026/v1/chat/completions "HTTP/1.1 200 OK"
2026-05-01 15:46:44,680 [INFO] [3874/3987] id=openseek-3-ebc226839 GT=[6, 27, 538] ✅ (1723ch, attempts=1, 8.8s)
2026-05-01 15:46:45,212 [INFO] HTTP Request: POST http://localhost:2026/v1/chat/completions "HTTP/1.1 200 OK"
2026-05-01 15:46:45,213 [INFO] [3875/3987] id=openseek-3-207936beb GT=[208, 550] ✅ (1619ch, attempts=1, 8.2s)
2026-05-01 15:46:45,477 [INFO] HTTP Request: POST http://localhost:2026/v1/chat/completions "HTTP/1.1 200 OK"
2026-05-01 15:46:45,479 [INFO] [3876/3987] id=openseek-3-fd15799c9 GT=[91, 562, 508, 34, 65, 28, 496] ✅ (3292ch, attempts=1, 20.4s)
2026-05-01 15:46:54,713 [INFO] HTTP Request: POST http://localhost:2026/v1/chat/completions "HTTP/1.1 200 OK"
2026-05-01 15:46:54,714 [INFO] [3877/3987] id=openseek-3-4eb34afdd GT=[56, 45, 1] ✅ (1871ch, attempts=1, 9.2s)
2026-05-01 15:46:55,994 [INFO] HTTP Request: POST http://localhost:2026/v1/chat/completions "HTTP/1.1 200 OK"
2026-05-01 15:46:55,995 [INFO] [3878/3987] id=openseek-3-ffbab14a5 GT=[496, 58, 340, 21, 232, 154] ✅ (1818ch, attempts=1, 11.3s)
2026-05-01 15:46:58,289 [INFO] HTTP Request: POST http://localhost:2026/v1/chat/completions "HTTP/1.1 200 OK"
2026-05-01 15:46:58,290 [INFO] [3879/3987] id=openseek-3-0fd3e6f3f GT=[100, 418, 322, 39, 74] ✅ (2046ch, attempts=1, 13.1s)
2026-05-01 15:47:08,473 [INFO] HTTP Request: POST http://localhost:2026/v1/chat/completions "HTTP/1.1 200 OK"
2026-05-01 15:47:08,474 [INFO] [3880/3987] id=openseek-3-82483d677 GT=[364, 358, 580] ✅ (2096ch, attempts=1, 12.5s)
2026-05-01 15:47:10,474 [INFO] HTTP Request: POST http://localhost:2026/v1/chat/completions "HTTP/1.1 200 OK"
2026-05-01 15:47:10,475 [INFO] [3881/3987] id=openseek-3-7dc0780e4 GT=[77, 172, 89, 64, 202, 73, 17] ✅ (2628ch, attempts=1, 15.8s)
2026-05-01 15:47:10,733 [INFO] HTTP Request: POST http://localhost:2026/v1/chat/completions "HTTP/1.1 200 OK"
2026-05-01 15:47:10,734 [INFO] [3882/3987] id=openseek-3-2033156a7 GT=[70, 41, 12, 91, 89] ✅ (2170ch, attempts=1, 12.4s)
2026-05-01 15:47:20,212 [INFO] HTTP Request: POST http://localhost:2026/v1/chat/completions "HTTP/1.1 200 OK"
2026-05-01 15:47:20,214 [INFO] [3883/3987] id=openseek-3-96ef2f4f4 GT=[37, 22] ✅ (2162ch, attempts=1, 9.5s)
2026-05-01 15:47:20,760 [INFO] HTTP Request: POST http://localhost:2026/v1/chat/completions "HTTP/1.1 200 OK"
2026-05-01 15:47:20,762 [INFO] [3884/3987] id=openseek-3-e9cc4794f GT=[304, 8] ✅ (2207ch, attempts=1, 10.3s)
2026-05-01 15:47:21,503 [INFO] HTTP Request: POST http://localhost:2026/v1/chat/completions "HTTP/1.1 200 OK"
2026-05-01 15:47:21,504 [INFO] [3885/3987] id=openseek-3-fbe7eff99 GT=[520, 88, 58, 34, 532] ✅ (2004ch, attempts=1, 13.0s)
2026-05-01 15:47:30,713 [INFO] HTTP Request: POST http://localhost:2026/v1/chat/completions "HTTP/1.1 200 OK"
2026-05-01 15:47:30,714 [INFO] [3886/3987] id=openseek-3-0f8e1341a GT=[22, 35, 86, 46] ✅ (1674ch, attempts=1, 9.2s)
2026-05-01 15:47:35,450 [INFO] HTTP Request: POST http://localhost:2026/v1/chat/completions "HTTP/1.1 200 OK"
2026-05-01 15:47:35,452 [INFO] [3887/3987] id=openseek-3-62d142341 GT=[292, 268, 5, 460, 92, 406] ✅ (2383ch, attempts=1, 14.7s)
2026-05-01 15:47:39,355 [INFO] HTTP Request: POST http://localhost:2026/v1/chat/completions "HTTP/1.1 200 OK"
2026-05-01 15:47:39,356 [INFO] [3888/3987] id=openseek-3-c6c4d8f94 GT=[34, 11, 208, 62, 19, 148, 394, 28, 100] ✅ (3104ch, attempts=1, 19.1s)
2026-05-01 15:47:52,820 [INFO] HTTP Request: POST http://localhost:2026/v1/chat/completions "HTTP/1.1 200 OK"
2026-05-01 15:47:52,821 [INFO] [3889/3987] id=openseek-3-fd035d9db GT=[406, 24, 24, 32, 44, 412, 304, 66] ✅ (3596ch, attempts=1, 22.1s)
2026-05-01 15:47:54,165 [INFO] HTTP Request: POST http://localhost:2026/v1/chat/completions "HTTP/1.1 200 OK"
2026-05-01 15:47:54,166 [INFO] [3890/3987] id=openseek-3-8472fbe02 GT=[262, 13, 78, 310, 226, 496, 33, 23, 88] ✅ (2961ch, attempts=1, 18.7s)
2026-05-01 15:47:57,634 [INFO] HTTP Request: POST http://localhost:2026/v1/chat/completions "HTTP/1.1 200 OK"
2026-05-01 15:47:57,636 [INFO] [3891/3987] id=openseek-3-9bbba58e7 GT=[22, 86, 136, 64, 26, 1, 88, 68] ✅ (3031ch, attempts=1, 18.3s)
2026-05-01 15:48:04,345 [INFO] HTTP Request: POST http://localhost:2026/v1/chat/completions "HTTP/1.1 200 OK"
2026-05-01 15:48:04,346 [INFO] [3892/3987] id=openseek-3-f62f5f78a GT=[99, 28, 62] ✅ (2097ch, attempts=1, 10.2s)
2026-05-01 15:48:06,988 [INFO] HTTP Request: POST http://localhost:2026/v1/chat/completions "HTTP/1.1 200 OK"
2026-05-01 15:48:06,989 [INFO] [3893/3987] id=openseek-3-d37207b98 GT=[484, 28, 57] ✅ (1708ch, attempts=1, 9.4s)
2026-05-01 15:48:14,425 [INFO] HTTP Request: POST http://localhost:2026/v1/chat/completions "HTTP/1.1 200 OK"
2026-05-01 15:48:14,426 [INFO] [3894/3987] id=openseek-3-7c4b6990b GT=[36, 4, 136, 75, 34, 59, 76, 32, 490] ✅ (3539ch, attempts=1, 21.6s)
2026-05-01 15:48:23,202 [INFO] HTTP Request: POST http://localhost:2026/v1/chat/completions "HTTP/1.1 200 OK"
2026-05-01 15:48:23,204 [INFO] [3895/3987] id=openseek-3-f5cde33d6 GT=[322, 95, 586, 490, 64, 100, 76] ✅ (3103ch, attempts=1, 18.9s)
2026-05-01 15:48:26,235 [INFO] HTTP Request: POST http://localhost:2026/v1/chat/completions "HTTP/1.1 200 OK"
2026-05-01 15:48:26,236 [INFO] [3896/3987] id=openseek-3-4fbac0dbb GT=[64, 346, 2, 65, 424, 388, 406] ✅ (3017ch, attempts=1, 19.2s)
2026-05-01 15:48:33,364 [INFO] HTTP Request: POST http://localhost:2026/v1/chat/completions "HTTP/1.1 200 OK"
2026-05-01 15:48:33,365 [INFO] [3897/3987] id=openseek-3-bf21269dc GT=[98, 46, 196, 286, 58, 82, 52, 304, 42] ✅ (2810ch, attempts=1, 18.9s)
2026-05-01 15:48:37,369 [INFO] HTTP Request: POST http://localhost:2026/v1/chat/completions "HTTP/1.1 200 OK"
2026-05-01 15:48:37,370 [INFO] [3898/3987] id=openseek-3-ff7d2aa25 GT=[96, 94, 322, 268, 73, 28] ✅ (2097ch, attempts=1, 14.2s)
2026-05-01 15:48:37,828 [INFO] HTTP Request: POST http://localhost:2026/v1/chat/completions "HTTP/1.1 200 OK"
2026-05-01 15:48:37,829 [INFO] [3899/3987] id=openseek-3-63f1acaf1 GT=[29, 3, 89, 442] ✅ (2039ch, attempts=1, 11.6s)
2026-05-01 15:48:42,610 [INFO] HTTP Request: POST http://localhost:2026/v1/chat/completions "HTTP/1.1 200 OK"
2026-05-01 15:48:42,612 [INFO] [3900/3987] id=openseek-3-8ad18a726 GT=[256, 16] ✅ (1935ch, attempts=1, 9.2s)
2026-05-01 15:48:42,974 [INFO]   💾 已保存 (成功=3900 验证通过=3900 降级=0) | 4.6s/条均值 | ETA=7min
2026-05-01 15:48:46,191 [INFO] HTTP Request: POST http://localhost:2026/v1/chat/completions "HTTP/1.1 200 OK"
2026-05-01 15:48:46,192 [INFO] [3901/3987] id=openseek-3-b76e4bb33 GT=[46, 57, 40] ✅ (1516ch, attempts=1, 8.4s)
2026-05-01 15:48:49,976 [INFO] HTTP Request: POST http://localhost:2026/v1/chat/completions "HTTP/1.1 200 OK"
2026-05-01 15:48:49,978 [INFO] [3902/3987] id=openseek-3-e277a3aa4 GT=[37, 83] ✅ (1582ch, attempts=1, 7.4s)
2026-05-01 15:48:59,568 [INFO] HTTP Request: POST http://localhost:2026/v1/chat/completions "HTTP/1.1 200 OK"
2026-05-01 15:48:59,569 [INFO] [3903/3987] id=openseek-3-dfee0c9f4 GT=[322, 304, 23, 442, 40, 358, 59, 12, 292 ✅ (3389ch, attempts=1, 22.2s)
2026-05-01 15:48:59,987 [INFO] HTTP Request: POST http://localhost:2026/v1/chat/completions "HTTP/1.1 200 OK"
2026-05-01 15:48:59,989 [INFO] [3904/3987] id=openseek-3-6ec6c0650 GT=[58, 412] ✅ (1888ch, attempts=1, 10.0s)
2026-05-01 15:49:07,175 [INFO] HTTP Request: POST http://localhost:2026/v1/chat/completions "HTTP/1.1 200 OK"
2026-05-01 15:49:07,177 [INFO] [3905/3987] id=openseek-3-c4592ae8c GT=[256, 304, 184, 220, 478, 82, 112] ✅ (3011ch, attempts=1, 21.0s)
2026-05-01 15:49:07,787 [INFO] HTTP Request: POST http://localhost:2026/v1/chat/completions "HTTP/1.1 200 OK"
2026-05-01 15:49:07,789 [INFO] [3906/3987] id=openseek-3-36f07a3f6 GT=[286, 322] ✅ (1488ch, attempts=1, 7.8s)
2026-05-01 15:49:09,910 [INFO] HTTP Request: POST http://localhost:2026/v1/chat/completions "HTTP/1.1 200 OK"
2026-05-01 15:49:09,912 [INFO] [3907/3987] id=openseek-3-923ddf3e9 GT=[86, 328, 136, 388] ✅ (1741ch, attempts=1, 10.3s)
2026-05-01 15:49:21,043 [INFO] HTTP Request: POST http://localhost:2026/v1/chat/completions "HTTP/1.1 200 OK"
2026-05-01 15:49:21,045 [INFO] [3908/3987] id=openseek-3-b00e19955 GT=[16, 56, 448, 71, 97, 34] ✅ (2241ch, attempts=1, 13.3s)
2026-05-01 15:49:25,185 [INFO] HTTP Request: POST http://localhost:2026/v1/chat/completions "HTTP/1.1 200 OK"
2026-05-01 15:49:25,185 [INFO] [3909/3987] id=openseek-3-b731eb255 GT=[526, 544, 226, 86, 55, 568] ✅ (2389ch, attempts=1, 15.3s)
2026-05-01 15:49:26,159 [INFO] HTTP Request: POST http://localhost:2026/v1/chat/completions "HTTP/1.1 200 OK"
2026-05-01 15:49:26,160 [INFO] [3910/3987] id=openseek-3-1933779e4 GT=[460, 74, 100, 51, 48, 370, 340, 202] ✅ (2989ch, attempts=1, 19.0s)
2026-05-01 15:49:36,832 [INFO] HTTP Request: POST http://localhost:2026/v1/chat/completions "HTTP/1.1 200 OK"
2026-05-01 15:49:36,833 [INFO] [3911/3987] id=openseek-3-b2c13d3fb GT=[71, 34, 39, 49] ✅ (2283ch, attempts=1, 11.6s)
2026-05-01 15:49:39,058 [INFO] HTTP Request: POST http://localhost:2026/v1/chat/completions "HTTP/1.1 200 OK"
2026-05-01 15:49:39,059 [INFO] [3912/3987] id=openseek-3-8ec1ba95d GT=[364, 73, 63, 57, 13, 58] ✅ (2196ch, attempts=1, 12.9s)
2026-05-01 15:49:43,261 [INFO] HTTP Request: POST http://localhost:2026/v1/chat/completions "HTTP/1.1 200 OK"
2026-05-01 15:49:43,262 [INFO] [3913/3987] id=openseek-3-dc99bc2fc GT=[220, 304, 538, 20, 424, 298, 23, 52] ✅ (3188ch, attempts=1, 22.2s)
2026-05-01 15:49:52,598 [INFO] HTTP Request: POST http://localhost:2026/v1/chat/completions "HTTP/1.1 200 OK"
2026-05-01 15:49:52,599 [INFO] [3914/3987] id=openseek-3-c5d64fd78 GT=[304, 33, 574] ✅ (2579ch, attempts=1, 13.5s)
2026-05-01 15:49:58,367 [INFO] HTTP Request: POST http://localhost:2026/v1/chat/completions "HTTP/1.1 200 OK"
2026-05-01 15:49:58,368 [INFO] [3915/3987] id=openseek-3-0edb5c39d GT=[184, 550, 66, 78, 4, 91, 49, 12, 28] ✅ (3487ch, attempts=1, 21.5s)
2026-05-01 15:50:03,139 [INFO] HTTP Request: POST http://localhost:2026/v1/chat/completions "HTTP/1.1 200 OK"
2026-05-01 15:50:03,140 [INFO] [3916/3987] id=openseek-3-fbfd7d153 GT=[15, 190, 69, 592, 238] ✅ (1580ch, attempts=1, 10.5s)
2026-05-01 15:50:04,616 [INFO] HTTP Request: POST http://localhost:2026/v1/chat/completions "HTTP/1.1 200 OK"
2026-05-01 15:50:04,618 [INFO] [3917/3987] id=openseek-3-758192587 GT=[2, 95, 3, 154, 50, 118, 484, 95, 478] ✅ (3079ch, attempts=1, 21.4s)
2026-05-01 15:50:10,326 [INFO] HTTP Request: POST http://localhost:2026/v1/chat/completions "HTTP/1.1 200 OK"
2026-05-01 15:50:10,327 [INFO] [3918/3987] id=openseek-3-92cbda5d9 GT=[26, 406, 16, 61] ✅ (2157ch, attempts=1, 12.0s)
2026-05-01 15:50:12,913 [INFO] HTTP Request: POST http://localhost:2026/v1/chat/completions "HTTP/1.1 200 OK"
2026-05-01 15:50:12,914 [INFO] [3919/3987] id=openseek-3-1b7fcb976 GT=[586, 472] ✅ (1735ch, attempts=1, 9.8s)
2026-05-01 15:50:23,741 [INFO] HTTP Request: POST http://localhost:2026/v1/chat/completions "HTTP/1.1 200 OK"
2026-05-01 15:50:23,742 [INFO] [3920/3987] id=openseek-3-ebd91427e GT=[70, 10, 42, 46, 33, 358, 184, 88, 21] ✅ (2812ch, attempts=1, 19.1s)
2026-05-01 15:50:26,370 [INFO] HTTP Request: POST http://localhost:2026/v1/chat/completions "HTTP/1.1 200 OK"
2026-05-01 15:50:26,371 [INFO] [3921/3987] id=openseek-3-ab5e177ac GT=[51, 532, 63, 376, 394, 74, 496] ✅ (2581ch, attempts=1, 16.0s)
2026-05-01 15:50:34,394 [INFO] HTTP Request: POST http://localhost:2026/v1/chat/completions "HTTP/1.1 200 OK"
2026-05-01 15:50:34,395 [INFO] [3922/3987] id=openseek-3-9bb0c43f4 GT=[21, 322, 424, 370, 8, 75, 64] ✅ (3607ch, attempts=1, 21.5s)
2026-05-01 15:50:35,647 [INFO] HTTP Request: POST http://localhost:2026/v1/chat/completions "HTTP/1.1 200 OK"
2026-05-01 15:50:35,649 [INFO] [3923/3987] id=openseek-3-7e3645674 GT=[502, 142, 78, 12] ✅ (2182ch, attempts=1, 11.9s)
2026-05-01 15:50:38,702 [INFO] HTTP Request: POST http://localhost:2026/v1/chat/completions "HTTP/1.1 200 OK"
2026-05-01 15:50:38,703 [INFO] [3924/3987] id=openseek-3-560100078 GT=[50, 4, 580, 29, 1, 51, 21] ✅ (1949ch, attempts=1, 12.3s)
2026-05-01 15:50:43,467 [INFO] HTTP Request: POST http://localhost:2026/v1/chat/completions "HTTP/1.1 200 OK"
2026-05-01 15:50:43,469 [INFO] [3925/3987] id=openseek-3-d3e59077a GT=[592, 178] ✅ (1536ch, attempts=1, 7.8s)
2026-05-01 15:50:52,440 [INFO] HTTP Request: POST http://localhost:2026/v1/chat/completions "HTTP/1.1 200 OK"
2026-05-01 15:50:52,442 [INFO] [3926/3987] id=openseek-3-c47ad5284 GT=[178, 592, 20, 574, 30] ✅ (2178ch, attempts=1, 13.7s)
2026-05-01 15:50:59,305 [INFO] HTTP Request: POST http://localhost:2026/v1/chat/completions "HTTP/1.1 200 OK"
2026-05-01 15:50:59,306 [INFO] [3927/3987] id=openseek-3-9d7a1da52 GT=[412, 43, 21, 4, 38, 364, 544] ✅ (2605ch, attempts=1, 15.8s)
2026-05-01 15:51:01,335 [INFO] HTTP Request: POST http://localhost:2026/v1/chat/completions "HTTP/1.1 200 OK"
2026-05-01 15:51:01,336 [INFO] [3928/3987] id=openseek-3-4f271cbbc GT=[244, 12, 58, 22, 430, 490, 112, 58] ✅ (4847ch, attempts=1, 26.9s)
2026-05-01 15:51:11,574 [INFO] HTTP Request: POST http://localhost:2026/v1/chat/completions "HTTP/1.1 200 OK"
2026-05-01 15:51:11,575 [INFO] [3929/3987] id=openseek-3-da8d1c6e7 GT=[130, 592, 26, 3, 406, 63, 490, 34] ✅ (2961ch, attempts=1, 19.1s)
2026-05-01 15:51:12,304 [INFO] HTTP Request: POST http://localhost:2026/v1/chat/completions "HTTP/1.1 200 OK"
2026-05-01 15:51:12,306 [INFO] [3930/3987] id=openseek-3-05ed488ef GT=[28, 60, 172] ✅ (2495ch, attempts=1, 13.0s)
2026-05-01 15:51:15,621 [INFO] HTTP Request: POST http://localhost:2026/v1/chat/completions "HTTP/1.1 200 OK"
2026-05-01 15:51:15,622 [INFO] [3931/3987] id=openseek-3-eb48d0732 GT=[454, 442, 208, 29, 71] ✅ (2278ch, attempts=1, 14.3s)
2026-05-01 15:51:22,001 [INFO] HTTP Request: POST http://localhost:2026/v1/chat/completions "HTTP/1.1 200 OK"
2026-05-01 15:51:22,002 [INFO] [3932/3987] id=openseek-3-21e455104 GT=[100, 17, 268] ✅ (1964ch, attempts=1, 10.4s)
2026-05-01 15:51:25,602 [INFO] HTTP Request: POST http://localhost:2026/v1/chat/completions "HTTP/1.1 200 OK"
2026-05-01 15:51:25,603 [INFO] [3933/3987] id=openseek-3-4ee40754e GT=[83, 136, 190, 538, 472, 550] ✅ (2018ch, attempts=1, 13.3s)
2026-05-01 15:51:35,825 [INFO] HTTP Request: POST http://localhost:2026/v1/chat/completions "HTTP/1.1 200 OK"
2026-05-01 15:51:35,826 [INFO] [3934/3987] id=openseek-3-4677b2c3f GT=[51, 232, 322, 44, 4, 172] ✅ (2201ch, attempts=1, 13.8s)
2026-05-01 15:51:36,347 [INFO] HTTP Request: POST http://localhost:2026/v1/chat/completions "HTTP/1.1 200 OK"
2026-05-01 15:51:36,349 [INFO] [3935/3987] id=openseek-3-82f0dafcb GT=[544, 22, 250, 91, 130, 568, 550] ✅ (3164ch, attempts=1, 20.7s)
2026-05-01 15:51:38,169 [INFO] HTTP Request: POST http://localhost:2026/v1/chat/completions "HTTP/1.1 200 OK"
2026-05-01 15:51:38,171 [INFO] [3936/3987] id=openseek-3-a37deac32 GT=[412, 28, 34, 124, 16, 46] ✅ (1979ch, attempts=1, 12.6s)
2026-05-01 15:51:43,975 [INFO] HTTP Request: POST http://localhost:2026/v1/chat/completions "HTTP/1.1 200 OK"
2026-05-01 15:51:43,976 [INFO] [3937/3987] id=openseek-3-012c4096f GT=[39, 274] ✅ (1730ch, attempts=1, 8.2s)
2026-05-01 15:51:46,419 [INFO] HTTP Request: POST http://localhost:2026/v1/chat/completions "HTTP/1.1 200 OK"
2026-05-01 15:51:46,421 [INFO] [3938/3987] id=openseek-3-3b4bbfd14 GT=[51, 14] ✅ (1839ch, attempts=1, 8.2s)
2026-05-01 15:51:50,324 [INFO] HTTP Request: POST http://localhost:2026/v1/chat/completions "HTTP/1.1 200 OK"
2026-05-01 15:51:50,325 [INFO] [3939/3987] id=openseek-3-009f18c60 GT=[19, 118, 22, 196, 76, 118] ✅ (2107ch, attempts=1, 14.0s)
2026-05-01 15:51:59,734 [INFO] HTTP Request: POST http://localhost:2026/v1/chat/completions "HTTP/1.1 200 OK"
2026-05-01 15:51:59,735 [INFO] [3940/3987] id=openseek-3-b13be6cbd GT=[274, 17, 51, 24, 81, 526] ✅ (2659ch, attempts=1, 15.8s)
2026-05-01 15:52:00,691 [INFO] HTTP Request: POST http://localhost:2026/v1/chat/completions "HTTP/1.1 200 OK"
2026-05-01 15:52:00,692 [INFO] [3941/3987] id=openseek-3-ea2ea9f38 GT=[4, 11, 142, 47] ✅ (1972ch, attempts=1, 10.4s)
2026-05-01 15:52:02,656 [INFO] HTTP Request: POST http://localhost:2026/v1/chat/completions "HTTP/1.1 200 OK"
2026-05-01 15:52:02,657 [INFO] [3942/3987] id=openseek-3-046cd695d GT=[346, 94, 418, 136, 370, 586, 41] ✅ (2553ch, attempts=1, 16.2s)
2026-05-01 15:52:07,950 [INFO] HTTP Request: POST http://localhost:2026/v1/chat/completions "HTTP/1.1 200 OK"
2026-05-01 15:52:07,951 [INFO] [3943/3987] id=openseek-3-6e642b603 GT=[21, 57] ✅ (1762ch, attempts=1, 8.2s)
2026-05-01 15:52:08,238 [INFO] HTTP Request: POST http://localhost:2026/v1/chat/completions "HTTP/1.1 200 OK"
2026-05-01 15:52:08,239 [INFO] [3944/3987] id=openseek-3-e5f97b1dc GT=[76, 93, 10] ✅ (1421ch, attempts=1, 7.5s)
2026-05-01 15:52:10,093 [INFO] HTTP Request: POST http://localhost:2026/v1/chat/completions "HTTP/1.1 200 OK"
2026-05-01 15:52:10,094 [INFO] [3945/3987] id=openseek-3-ae0284d32 GT=[92, 97] ✅ (1485ch, attempts=1, 7.4s)
2026-05-01 15:52:18,055 [INFO] HTTP Request: POST http://localhost:2026/v1/chat/completions "HTTP/1.1 200 OK"
2026-05-01 15:52:18,056 [INFO] [3946/3987] id=openseek-3-b6bb4f951 GT=[226, 406] ✅ (2065ch, attempts=1, 9.8s)
2026-05-01 15:52:19,180 [INFO] HTTP Request: POST http://localhost:2026/v1/chat/completions "HTTP/1.1 200 OK"
2026-05-01 15:52:19,181 [INFO] [3947/3987] id=openseek-3-a7a9b3614 GT=[56, 562] ✅ (1855ch, attempts=1, 9.1s)
2026-05-01 15:52:25,945 [INFO] HTTP Request: POST http://localhost:2026/v1/chat/completions "HTTP/1.1 200 OK"
2026-05-01 15:52:25,947 [INFO] [3948/3987] id=openseek-3-f82432e9f GT=[148, 51, 4, 5, 340, 508, 370] ✅ (2897ch, attempts=1, 18.0s)
2026-05-01 15:52:29,531 [INFO] HTTP Request: POST http://localhost:2026/v1/chat/completions "HTTP/1.1 200 OK"
2026-05-01 15:52:29,533 [INFO] [3949/3987] id=openseek-3-4abd7a5db GT=[436, 64, 19, 60, 87] ✅ (1931ch, attempts=1, 11.5s)
2026-05-01 15:52:30,444 [INFO] HTTP Request: POST http://localhost:2026/v1/chat/completions "HTTP/1.1 200 OK"
2026-05-01 15:52:30,445 [INFO] [3950/3987] id=openseek-3-ef89142c4 GT=[74, 250, 292, 12] ✅ (1793ch, attempts=1, 11.3s)
2026-05-01 15:52:30,772 [INFO]   💾 已保存 (成功=3950 验证通过=3950 降级=0) | 4.6s/条均值 | ETA=3min
2026-05-01 15:52:37,460 [INFO] HTTP Request: POST http://localhost:2026/v1/chat/completions "HTTP/1.1 200 OK"
2026-05-01 15:52:37,461 [INFO] [3951/3987] id=openseek-3-fdc472850 GT=[196, 64, 30] ✅ (1474ch, attempts=1, 7.9s)
2026-05-01 15:52:38,563 [INFO] HTTP Request: POST http://localhost:2026/v1/chat/completions "HTTP/1.1 200 OK"
2026-05-01 15:52:38,564 [INFO] [3952/3987] id=openseek-3-a25933478 GT=[97, 244, 31, 77, 26, 33, 262] ✅ (1886ch, attempts=1, 12.6s)
2026-05-01 15:52:47,351 [INFO] HTTP Request: POST http://localhost:2026/v1/chat/completions "HTTP/1.1 200 OK"
2026-05-01 15:52:47,352 [INFO] [3953/3987] id=openseek-3-a77c8cad2 GT=[17, 43, 7] ✅ (2075ch, attempts=1, 9.9s)
2026-05-01 15:52:48,808 [INFO] HTTP Request: POST http://localhost:2026/v1/chat/completions "HTTP/1.1 200 OK"
2026-05-01 15:52:48,810 [INFO] [3954/3987] id=openseek-3-bf535f629 GT=[106, 75, 31, 6] ✅ (1961ch, attempts=1, 10.2s)
2026-05-01 15:52:49,666 [INFO] HTTP Request: POST http://localhost:2026/v1/chat/completions "HTTP/1.1 200 OK"
2026-05-01 15:52:49,667 [INFO] [3955/3987] id=openseek-3-a9ec5ee26 GT=[66, 82, 24, 430, 550, 28, 550, 65, 20] ✅ (2921ch, attempts=1, 19.2s)
2026-05-01 15:52:59,053 [INFO] HTTP Request: POST http://localhost:2026/v1/chat/completions "HTTP/1.1 200 OK"
2026-05-01 15:52:59,054 [INFO] [3956/3987] id=openseek-3-431a03d30 GT=[71, 40, 63, 54, 86, 27] ✅ (1963ch, attempts=1, 11.7s)
2026-05-01 15:53:03,327 [INFO] HTTP Request: POST http://localhost:2026/v1/chat/completions "HTTP/1.1 200 OK"
2026-05-01 15:53:03,328 [INFO] [3957/3987] id=openseek-3-30dd91a8e GT=[97, 60, 292, 28, 256] ✅ (2209ch, attempts=1, 13.7s)
2026-05-01 15:53:06,831 [INFO] HTTP Request: POST http://localhost:2026/v1/chat/completions "HTTP/1.1 200 OK"
2026-05-01 15:53:06,832 [INFO] [3958/3987] id=openseek-3-e6b99c679 GT=[532, 57] ✅ (1510ch, attempts=1, 7.8s)
2026-05-01 15:53:11,925 [INFO] HTTP Request: POST http://localhost:2026/v1/chat/completions "HTTP/1.1 200 OK"
2026-05-01 15:53:11,927 [INFO] [3959/3987] id=openseek-3-bdd455d25 GT=[220, 34, 69, 25, 55, 86, 13, 29, 52] ✅ (3909ch, attempts=1, 23.1s)
2026-05-01 15:53:19,669 [INFO] HTTP Request: POST http://localhost:2026/v1/chat/completions "HTTP/1.1 200 OK"
2026-05-01 15:53:19,670 [INFO] [3960/3987] id=openseek-3-465be47f8 GT=[38, 84] ✅ (1688ch, attempts=1, 7.7s)
2026-05-01 15:53:19,992 [INFO] HTTP Request: POST http://localhost:2026/v1/chat/completions "HTTP/1.1 200 OK"
2026-05-01 15:53:19,993 [INFO] [3961/3987] id=openseek-3-46eadd4f8 GT=[196, 10, 22, 238, 262, 20] ✅ (2110ch, attempts=1, 13.2s)
2026-05-01 15:53:23,658 [INFO] HTTP Request: POST http://localhost:2026/v1/chat/completions "HTTP/1.1 200 OK"
2026-05-01 15:53:23,659 [INFO] [3962/3987] id=openseek-3-b9bfa0c65 GT=[16, 65, 148, 59, 358, 14, 9, 490] ✅ (3161ch, attempts=1, 20.3s)
2026-05-01 15:53:26,502 [INFO] HTTP Request: POST http://localhost:2026/v1/chat/completions "HTTP/1.1 200 OK"
2026-05-01 15:53:26,503 [INFO] [3963/3987] id=openseek-3-5d28f46fa GT=[34, 10] ✅ (1505ch, attempts=1, 6.8s)
2026-05-01 15:53:29,760 [INFO] HTTP Request: POST http://localhost:2026/v1/chat/completions "HTTP/1.1 200 OK"
2026-05-01 15:53:29,762 [INFO] [3964/3987] id=openseek-3-32a577a57 GT=[31, 538, 352, 46] ✅ (1683ch, attempts=1, 9.8s)
2026-05-01 15:53:37,789 [INFO] HTTP Request: POST http://localhost:2026/v1/chat/completions "HTTP/1.1 200 OK"
2026-05-01 15:53:37,790 [INFO] [3965/3987] id=openseek-3-f6b031c5b GT=[508, 292, 27] ✅ (1524ch, attempts=1, 8.0s)
2026-05-01 15:53:37,937 [INFO] HTTP Request: POST http://localhost:2026/v1/chat/completions "HTTP/1.1 200 OK"
2026-05-01 15:53:37,938 [INFO] [3966/3987] id=openseek-3-e9748771b GT=[66, 73, 22, 19] ✅ (2158ch, attempts=1, 11.4s)
2026-05-01 15:53:40,802 [INFO] HTTP Request: POST http://localhost:2026/v1/chat/completions "HTTP/1.1 200 OK"
2026-05-01 15:53:40,803 [INFO] [3967/3987] id=openseek-3-8e67a25de GT=[56, 53, 84, 50, 208, 16, 226, 418] ✅ (2696ch, attempts=1, 17.1s)
2026-05-01 15:53:48,460 [INFO] HTTP Request: POST http://localhost:2026/v1/chat/completions "HTTP/1.1 200 OK"
2026-05-01 15:53:48,461 [INFO] [3968/3987] id=openseek-3-3ffb6ad87 GT=[3, 41, 16, 20] ✅ (1489ch, attempts=1, 7.7s)
2026-05-01 15:53:52,713 [INFO] HTTP Request: POST http://localhost:2026/v1/chat/completions "HTTP/1.1 200 OK"
2026-05-01 15:53:52,714 [INFO] [3969/3987] id=openseek-3-354899f05 GT=[580, 40, 208, 32, 74, 54, 70] ✅ (2438ch, attempts=1, 14.8s)
2026-05-01 15:53:56,772 [INFO] HTTP Request: POST http://localhost:2026/v1/chat/completions "HTTP/1.1 200 OK"
2026-05-01 15:53:56,774 [INFO] [3970/3987] id=openseek-3-ada36796a GT=[244, 52, 382, 41, 58, 34, 45, 12, 93] ✅ (2954ch, attempts=1, 19.0s)
2026-05-01 15:53:59,898 [INFO] HTTP Request: POST http://localhost:2026/v1/chat/completions "HTTP/1.1 200 OK"
2026-05-01 15:53:59,900 [INFO] [3971/3987] id=openseek-3-6b081386a GT=[26, 59, 72, 44, 520] ✅ (1945ch, attempts=1, 11.4s)
2026-05-01 15:54:04,902 [INFO] HTTP Request: POST http://localhost:2026/v1/chat/completions "HTTP/1.1 200 OK"
2026-05-01 15:54:04,904 [INFO] [3972/3987] id=openseek-3-277a6f498 GT=[220, 59, 34, 220, 442] ✅ (2121ch, attempts=1, 12.2s)
2026-05-01 15:54:09,850 [INFO] HTTP Request: POST http://localhost:2026/v1/chat/completions "HTTP/1.1 200 OK"
2026-05-01 15:54:09,852 [INFO] [3973/3987] id=openseek-3-8790810d3 GT=[400, 35, 106, 98, 72, 166] ✅ (2224ch, attempts=1, 13.1s)
2026-05-01 15:54:14,833 [INFO] HTTP Request: POST http://localhost:2026/v1/chat/completions "HTTP/1.1 200 OK"
2026-05-01 15:54:14,835 [INFO] [3974/3987] id=openseek-3-3fad58124 GT=[66, 18, 292, 78, 532] ✅ (2513ch, attempts=1, 14.9s)
2026-05-01 15:54:21,939 [INFO] HTTP Request: POST http://localhost:2026/v1/chat/completions "HTTP/1.1 200 OK"
2026-05-01 15:54:21,940 [INFO] [3975/3987] id=openseek-3-56c14835d GT=[4, 16, 292, 14, 20, 85, 76, 76, 274] ✅ (2751ch, attempts=1, 17.0s)
2026-05-01 15:54:27,866 [INFO] HTTP Request: POST http://localhost:2026/v1/chat/completions "HTTP/1.1 200 OK"
2026-05-01 15:54:27,972 [INFO] [3976/3987] id=openseek-3-3d7517e63 GT=[33, 53, 298, 526, 41, 364, 418, 27] ✅ (2817ch, attempts=1, 18.1s)
2026-05-01 15:54:31,035 [INFO] HTTP Request: POST http://localhost:2026/v1/chat/completions "HTTP/1.1 200 OK"
2026-05-01 15:54:31,037 [INFO] [3977/3987] id=openseek-3-e3ba189e7 GT=[17, 292, 75, 42, 148, 80, 31, 92, 298] ✅ (2432ch, attempts=1, 16.2s)
2026-05-01 15:54:31,121 [INFO] HTTP Request: POST http://localhost:2026/v1/chat/completions "HTTP/1.1 200 OK"
2026-05-01 15:54:31,122 [INFO] [3978/3987] id=openseek-3-31d7b349c GT=[62, 87, 550] ✅ (1686ch, attempts=1, 9.2s)
2026-05-01 15:54:43,094 [INFO] HTTP Request: POST http://localhost:2026/v1/chat/completions "HTTP/1.1 200 OK"
2026-05-01 15:54:43,095 [INFO] [3979/3987] id=openseek-3-9cada83a2 GT=[45, 130, 92, 9, 106, 364] ✅ (2519ch, attempts=1, 15.1s)
2026-05-01 15:54:45,328 [INFO] HTTP Request: POST http://localhost:2026/v1/chat/completions "HTTP/1.1 200 OK"
2026-05-01 15:54:45,330 [INFO] [3980/3987] id=openseek-3-d26547955 GT=[412, 94, 532, 598, 17, 4] ✅ (2335ch, attempts=1, 14.3s)
2026-05-01 15:54:50,362 [INFO] HTTP Request: POST http://localhost:2026/v1/chat/completions "HTTP/1.1 200 OK"
2026-05-01 15:54:50,364 [INFO] [3981/3987] id=openseek-3-5ab685e26 GT=[15, 484, 22, 80, 538, 388, 24, 436] ✅ (3013ch, attempts=1, 19.2s)
2026-05-01 15:54:59,985 [INFO] HTTP Request: POST http://localhost:2026/v1/chat/completions "HTTP/1.1 200 OK"
2026-05-01 15:54:59,986 [INFO] [3982/3987] id=openseek-3-8bd998074 GT=[56, 184, 15, 92, 394, 568, 92] ✅ (2671ch, attempts=1, 16.9s)
2026-05-01 15:55:00,866 [INFO] HTTP Request: POST http://localhost:2026/v1/chat/completions "HTTP/1.1 200 OK"
2026-05-01 15:55:00,867 [INFO] [3983/3987] id=openseek-3-c1b3bf3b5 GT=[51, 382] ✅ (2149ch, attempts=1, 10.5s)
2026-05-01 15:55:03,632 [INFO] HTTP Request: POST http://localhost:2026/v1/chat/completions "HTTP/1.1 200 OK"
2026-05-01 15:55:03,633 [INFO] [3984/3987] id=openseek-3-83236e7dc GT=[502, 190, 91, 46, 51, 388, 262, 70, 94] ✅ (2776ch, attempts=1, 18.3s)
2026-05-01 15:55:12,439 [INFO] HTTP Request: POST http://localhost:2026/v1/chat/completions "HTTP/1.1 200 OK"
2026-05-01 15:55:12,440 [INFO] [3985/3987] id=openseek-3-e4bb41d1a GT=[136, 36] ✅ (1819ch, attempts=1, 8.8s)
2026-05-01 15:55:16,158 [INFO] HTTP Request: POST http://localhost:2026/v1/chat/completions "HTTP/1.1 200 OK"
2026-05-01 15:55:16,159 [INFO] [3986/3987] id=openseek-3-ded3850b1 GT=[40, 550, 118, 76] ✅ (2759ch, attempts=1, 16.2s)
2026-05-01 15:55:24,439 [INFO] HTTP Request: POST http://localhost:2026/v1/chat/completions "HTTP/1.1 200 OK"
2026-05-01 15:55:24,440 [INFO] [3987/3987] id=openseek-3-8b941ba57 GT=[91, 328, 502, 52, 90, 80, 86] ✅ (3264ch, attempts=1, 23.6s)
2026-05-01 15:55:24,763 [INFO] ============================================================
2026-05-01 15:55:24,763 [INFO] 完成! 18499s, 共处理 3987 条
2026-05-01 15:55:24,763 [INFO]   think 验证通过: 3987
2026-05-01 15:55:24,763 [INFO]   think 非空总数: 3987
2026-05-01 15:55:24,763 [INFO]   think 降级（空）: 0
2026-05-01 15:55:24,763 [INFO]   跳过: 10
2026-05-01 15:55:24,763 [INFO]   think 验证通过率: 100.0%
2026-05-01 15:55:24,763 [INFO]   输出: /home/blue/dev4T/flagOS/code/OpenSeek/openseek/competition/LongContext-ICL-Annotation/src/task3/v2/cot_data/openseek-3_collatz_conjecture_with_cot.json
