2026-05-01 22:54:38,350 [INFO] Log: /home/blue/dev4T/flagOS/code/OpenSeek/openseek/competition/LongContext-ICL-Annotation/src/task4/v2/src/../logs/generate_task4_cot.log
2026-05-01 22:54:38,350 [INFO] Data: /home/blue/dev4T/flagOS/code/OpenSeek/openseek/competition/LongContext-ICL-Annotation/data/openseek-4_conala_concat_strings.json
2026-05-01 22:54:38,350 [INFO] Output: /home/blue/dev4T/flagOS/code/OpenSeek/openseek/competition/LongContext-ICL-Annotation/src/task4/v2/cot_data/openseek-4_conala_concat_strings_with_cot.json
2026-05-01 22:54:38,353 [INFO] 加载 3993 条示例
2026-05-01 22:54:38,353 [INFO] 实际需处理 10 条，跳过 0 条，并发数=3
2026-05-01 22:54:46,084 [INFO] HTTP Request: POST http://localhost:2026/v1/chat/completions "HTTP/1.1 200 OK"
2026-05-01 22:54:46,088 [INFO] [1/10] id=openseek-4-3bb7b8962 GT=pthat.o ✅ (1937ch, 7.7s)
2026-05-01 22:54:47,952 [INFO] HTTP Request: POST http://localhost:2026/v1/chat/completions "HTTP/1.1 200 OK"
2026-05-01 22:54:47,954 [INFO] [2/10] id=openseek-4-1487803f8 GT=PDBinlAngels!oztakenEM ✅ (2269ch, 9.6s)
2026-05-01 22:54:50,321 [INFO] HTTP Request: POST http://localhost:2026/v1/chat/completions "HTTP/1.1 200 OK"
2026-05-01 22:54:50,323 [INFO] [3/10] id=openseek-4-cb042df46 GT=Bgitjxawhich,eObtheMj ✅ (2871ch, 12.0s)
2026-05-01 22:55:01,401 [INFO] HTTP Request: POST http://localhost:2026/v1/chat/completions "HTTP/1.1 200 OK"
2026-05-01 22:55:01,402 [INFO] [4/10] id=openseek-4-c18169bf8 GT=yoursJpipe,sPthemIVIndianZ ✅ (3137ch, 13.4s)
2026-05-01 22:55:02,939 [INFO] HTTP Request: POST http://localhost:2026/v1/chat/completions "HTTP/1.1 200 OK"
2026-05-01 22:55:02,941 [INFO] [5/10] id=openseek-4-276b52f0a GT=ofSgazingsGforGthea ✅ (3863ch, 16.9s)
2026-05-01 22:55:03,832 [INFO] HTTP Request: POST http://localhost:2026/v1/chat/completions "HTTP/1.1 200 OK"
2026-05-01 22:55:03,834 [INFO] [6/10] id=openseek-4-fcbbdbbbe GT=elevatedfelineYgVzturnsL ✅ (3454ch, 13.5s)
2026-05-01 22:55:07,889 [INFO] HTTP Request: POST http://localhost:2026/v1/chat/completions "HTTP/1.1 200 OK"
2026-05-01 22:55:07,890 [INFO] [7/10] id=openseek-4-4ba4e7f4c GT=OKqwthenD ✅ (1660ch, 6.5s)
2026-05-01 22:55:08,914 [INFO] HTTP Request: POST http://localhost:2026/v1/chat/completions "HTTP/1.1 200 OK"
2026-05-01 22:55:08,914 [INFO] [8/10] id=openseek-4-10ce18b60 GT=KwXU ✅ (1572ch, 6.0s)
2026-05-01 22:55:13,451 [INFO] HTTP Request: POST http://localhost:2026/v1/chat/completions "HTTP/1.1 200 OK"
2026-05-01 22:55:13,452 [INFO] [9/10] id=openseek-4-0e0849acc GT=Loose-Fish.owaugustGd ✅ (2423ch, 9.6s)
2026-05-01 22:55:13,499 [INFO] HTTP Request: POST http://localhost:2026/v1/chat/completions "HTTP/1.1 200 OK"
2026-05-01 22:55:13,500 [INFO] [10/10] id=openseek-4-15e3fa58c GT=toIGwaterVv ✅ (1295ch, 5.6s)
2026-05-01 22:55:13,513 [INFO] ============================================================
2026-05-01 22:55:13,513 [INFO] 完成! 35s, 共处理 10 条
2026-05-01 22:55:13,513 [INFO]   成功: 10
2026-05-01 22:55:13,513 [INFO]   失败(think 空): 0
2026-05-01 22:55:13,513 [INFO]   跳过: 0
2026-05-01 22:55:13,513 [INFO]   成功率: 100.0%
2026-05-01 22:55:13,513 [INFO]   输出: /home/blue/dev4T/flagOS/code/OpenSeek/openseek/competition/LongContext-ICL-Annotation/src/task4/v2/cot_data/openseek-4_conala_concat_strings_with_cot.json
2026-05-01 22:56:26,834 [INFO] Log: /home/blue/dev4T/flagOS/code/OpenSeek/openseek/competition/LongContext-ICL-Annotation/src/task4/v2/src/../logs/generate_task4_cot.log
2026-05-01 22:56:26,834 [INFO] Data: /home/blue/dev4T/flagOS/code/OpenSeek/openseek/competition/LongContext-ICL-Annotation/data/openseek-4_conala_concat_strings.json
2026-05-01 22:56:26,834 [INFO] Output: /home/blue/dev4T/flagOS/code/OpenSeek/openseek/competition/LongContext-ICL-Annotation/src/task4/v2/cot_data/openseek-4_conala_concat_strings_with_cot.json
2026-05-01 22:56:26,837 [INFO] 加载 3993 条示例
2026-05-01 22:56:26,837 [INFO] 实际需处理 3993 条，跳过 0 条，并发数=3
2026-05-01 22:56:34,592 [INFO] HTTP Request: POST http://localhost:2026/v1/chat/completions "HTTP/1.1 200 OK"
2026-05-01 22:56:34,597 [INFO] [1/3993] id=openseek-4-3bb7b8962 GT=pthat.o ✅ (1937ch, 7.8s)
2026-05-01 22:56:36,477 [INFO] HTTP Request: POST http://localhost:2026/v1/chat/completions "HTTP/1.1 200 OK"
2026-05-01 22:56:36,478 [INFO] [2/3993] id=openseek-4-1487803f8 GT=PDBinlAngels!oztakenEM ✅ (2269ch, 9.6s)
2026-05-01 22:56:38,846 [INFO] HTTP Request: POST http://localhost:2026/v1/chat/completions "HTTP/1.1 200 OK"
2026-05-01 22:56:38,848 [INFO] [3/3993] id=openseek-4-cb042df46 GT=Bgitjxawhich,eObtheMj ✅ (2871ch, 12.0s)
2026-05-01 22:56:49,942 [INFO] HTTP Request: POST http://localhost:2026/v1/chat/completions "HTTP/1.1 200 OK"
2026-05-01 22:56:49,944 [INFO] [4/3993] id=openseek-4-c18169bf8 GT=yoursJpipe,sPthemIVIndianZ ✅ (3137ch, 13.5s)
2026-05-01 22:56:51,505 [INFO] HTTP Request: POST http://localhost:2026/v1/chat/completions "HTTP/1.1 200 OK"
2026-05-01 22:56:51,507 [INFO] [5/3993] id=openseek-4-276b52f0a GT=ofSgazingsGforGthea ✅ (3863ch, 16.9s)
2026-05-01 22:56:52,412 [INFO] HTTP Request: POST http://localhost:2026/v1/chat/completions "HTTP/1.1 200 OK"
2026-05-01 22:56:52,413 [INFO] [6/3993] id=openseek-4-fcbbdbbbe GT=elevatedfelineYgVzturnsL ✅ (3454ch, 13.6s)
2026-05-01 22:56:56,519 [INFO] HTTP Request: POST http://localhost:2026/v1/chat/completions "HTTP/1.1 200 OK"
2026-05-01 22:56:56,521 [INFO] [7/3993] id=openseek-4-4ba4e7f4c GT=OKqwthenD ✅ (1660ch, 6.6s)
2026-05-01 22:56:57,549 [INFO] HTTP Request: POST http://localhost:2026/v1/chat/completions "HTTP/1.1 200 OK"
2026-05-01 22:56:57,551 [INFO] [8/3993] id=openseek-4-10ce18b60 GT=KwXU ✅ (1572ch, 6.0s)
2026-05-01 22:57:02,373 [INFO] HTTP Request: POST http://localhost:2026/v1/chat/completions "HTTP/1.1 200 OK"
2026-05-01 22:57:02,374 [INFO] [9/3993] id=openseek-4-d33926ce2 GT=KSe ✅ (943ch, 4.8s)
2026-05-01 22:57:03,143 [INFO] HTTP Request: POST http://localhost:2026/v1/chat/completions "HTTP/1.1 200 OK"
2026-05-01 22:57:03,143 [INFO] HTTP Request: POST http://localhost:2026/v1/chat/completions "HTTP/1.1 200 OK"
2026-05-01 22:57:03,146 [INFO] [10/3993] id=openseek-4-0e0849acc GT=Loose-Fish.owaugustGd ✅ (2858ch, 10.7s)
2026-05-01 22:57:03,146 [INFO] [11/3993] id=openseek-4-15e3fa58c GT=toIGwaterVv ✅ (1614ch, 6.6s)
2026-05-01 22:57:10,002 [INFO] HTTP Request: POST http://localhost:2026/v1/chat/completions "HTTP/1.1 200 OK"
2026-05-01 22:57:10,004 [INFO] [12/3993] id=openseek-4-fa0cb2515 GT=beingDlaf ✅ (2021ch, 7.6s)
2026-05-01 22:57:12,420 [INFO] HTTP Request: POST http://localhost:2026/v1/chat/completions "HTTP/1.1 200 OK"
2026-05-01 22:57:12,422 [INFO] [13/3993] id=openseek-4-7332719f9 GT=qhiskdAndPcloselyDinh ✅ (2202ch, 9.3s)
2026-05-01 22:57:15,029 [INFO] HTTP Request: POST http://localhost:2026/v1/chat/completions "HTTP/1.1 200 OK"
2026-05-01 22:57:15,031 [INFO] [14/3993] id=openseek-4-f41db6a25 GT=land-breeze,EaddedUMewetpaXtha ✅ (2967ch, 11.9s)
2026-05-01 22:57:21,501 [INFO] HTTP Request: POST http://localhost:2026/v1/chat/completions "HTTP/1.1 200 OK"
2026-05-01 22:57:21,502 [INFO] [15/3993] id=openseek-4-68334ce74 GT=sideCYpassed,m ✅ (1687ch, 6.5s)
2026-05-01 22:57:26,873 [INFO] HTTP Request: POST http://localhost:2026/v1/chat/completions "HTTP/1.1 200 OK"
2026-05-01 22:57:26,875 [INFO] [16/3993] id=openseek-4-71e011695 GT=conceitIzEkdruggingeIitsO ✅ (3389ch, 14.5s)
2026-05-01 22:57:29,193 [INFO] HTTP Request: POST http://localhost:2026/v1/chat/completions "HTTP/1.1 200 OK"
2026-05-01 22:57:29,195 [INFO] [17/3993] id=openseek-4-6c0683818 GT=inrway,xorJLN ✅ (1755ch, 7.7s)
2026-05-01 22:57:31,754 [INFO] HTTP Request: POST http://localhost:2026/v1/chat/completions "HTTP/1.1 200 OK"
2026-05-01 22:57:31,755 [WARNING]   [attempt 1 T=0.0] think validate 失败 (len=5031): 'Okay, let's see. I need to concatenate this list of strings into a single line w'
2026-05-01 22:57:32,705 [INFO] HTTP Request: POST http://localhost:2026/v1/chat/completions "HTTP/1.1 200 OK"
2026-05-01 22:57:32,706 [INFO] [18/3993] id=openseek-4-09cf1b66e GT=oldqofbtheyG ✅ (1541ch, 5.8s)
2026-05-01 22:57:45,303 [INFO] HTTP Request: POST http://localhost:2026/v1/chat/completions "HTTP/1.1 200 OK"
2026-05-01 22:57:45,305 [INFO] [19/3993] id=openseek-4-fb02b3996 GT=anWmuponystampedwfeelmstraight ✅ (3807ch, 16.1s)
2026-05-01 22:57:47,069 [INFO] HTTP Request: POST http://localhost:2026/v1/chat/completions "HTTP/1.1 200 OK"
2026-05-01 22:57:47,070 [INFO] [20/3993] id=openseek-4-1315efbf2 GT=whale;dbeingfwatersUsomeaandcm ✅ (3482ch, 14.4s)
2026-05-01 22:57:52,401 [INFO] HTTP Request: POST http://localhost:2026/v1/chat/completions "HTTP/1.1 200 OK"
2026-05-01 22:57:52,402 [WARNING]   [attempt 2 T=0.3] think validate 失败 (len=5027): 'Okay, let's see. I need to concatenate this list of strings into a single line w'
2026-05-01 22:57:56,635 [INFO] HTTP Request: POST http://localhost:2026/v1/chat/completions "HTTP/1.1 200 OK"
2026-05-01 22:57:56,637 [INFO] [21/3993] id=openseek-4-2ad439569 GT=Nship9srBanksdgbutoD ✅ (2590ch, 11.3s)
2026-05-01 22:57:58,494 [INFO] HTTP Request: POST http://localhost:2026/v1/chat/completions "HTTP/1.1 200 OK"
2026-05-01 22:57:58,496 [INFO] [22/3993] id=openseek-4-b0f0887fc GT=ocrotchArUicrossedqZB ✅ (2590ch, 11.4s)
2026-05-01 22:58:03,295 [INFO] HTTP Request: POST http://localhost:2026/v1/chat/completions "HTTP/1.1 200 OK"
2026-05-01 22:58:03,297 [INFO] [23/3993] id=openseek-4-9c2845783 GT=annualRofysurprisedfwhetherxMr ✅ (2840ch, 53.3s)
2026-05-01 22:58:05,042 [INFO] HTTP Request: POST http://localhost:2026/v1/chat/completions "HTTP/1.1 200 OK"
2026-05-01 22:58:05,044 [INFO] [24/3993] id=openseek-4-0a696b744 GT=ofjthebmanyAourga ✅ (2056ch, 8.4s)
2026-05-01 22:58:10,773 [INFO] HTTP Request: POST http://localhost:2026/v1/chat/completions "HTTP/1.1 200 OK"
2026-05-01 22:58:10,775 [INFO] [25/3993] id=openseek-4-32004a115 GT=realxtheyMrollingywouldVpYyetH ✅ (3109ch, 12.3s)
2026-05-01 22:58:14,466 [INFO] HTTP Request: POST http://localhost:2026/v1/chat/completions "HTTP/1.1 200 OK"
2026-05-01 22:58:14,467 [INFO] [26/3993] id=openseek-4-a287f3e9b GT=uHandOtoBRsoDa ✅ (2558ch, 11.2s)
2026-05-01 22:58:20,945 [INFO] HTTP Request: POST http://localhost:2026/v1/chat/completions "HTTP/1.1 200 OK"
2026-05-01 22:58:20,946 [INFO] [27/3993] id=openseek-4-6b2685146 GT=ShRweref ✅ (1684ch, 6.5s)
2026-05-01 22:58:23,484 [INFO] HTTP Request: POST http://localhost:2026/v1/chat/completions "HTTP/1.1 200 OK"
2026-05-01 22:58:23,486 [INFO] [28/3993] id=openseek-4-e565b0754 GT=workedCodefyWdownTofLkeptWthei ✅ (3188ch, 12.7s)
2026-05-01 22:58:26,693 [INFO] HTTP Request: POST http://localhost:2026/v1/chat/completions "HTTP/1.1 200 OK"
2026-05-01 22:58:26,700 [WARNING]   [attempt 1 T=0.0] think validate 失败 (len=5369): 'Okay, let's see. I need to concatenate this list of strings into a single line w'
2026-05-01 22:58:33,914 [INFO] HTTP Request: POST http://localhost:2026/v1/chat/completions "HTTP/1.1 200 OK"
2026-05-01 22:58:33,915 [INFO] [29/3993] id=openseek-4-f389a3175 GT=hfindvensigns,XofLiAlmostksa ✅ (3149ch, 13.0s)
2026-05-01 22:58:34,481 [INFO] HTTP Request: POST http://localhost:2026/v1/chat/completions "HTTP/1.1 200 OK"
2026-05-01 22:58:34,482 [INFO] [30/3993] id=openseek-4-8ce95c273 GT=myponeWtheMtheueHsleep.9uhisfa ✅ (2719ch, 11.0s)
2026-05-01 22:58:39,715 [INFO] HTTP Request: POST http://localhost:2026/v1/chat/completions "HTTP/1.1 200 OK"
2026-05-01 22:58:39,717 [INFO] [31/3993] id=openseek-4-2a6fca803 GT=thejhaveCBnsharpeningTpartOcon ✅ (3258ch, 34.7s)
2026-05-01 22:58:45,027 [INFO] HTTP Request: POST http://localhost:2026/v1/chat/completions "HTTP/1.1 200 OK"
2026-05-01 22:58:45,029 [INFO] [32/3993] id=openseek-4-b94940c4e GT=wandxTtrees,o ✅ (2687ch, 10.5s)
2026-05-01 22:58:46,894 [INFO] HTTP Request: POST http://localhost:2026/v1/chat/completions "HTTP/1.1 200 OK"
2026-05-01 22:58:46,896 [INFO] [33/3993] id=openseek-4-f48576a6f GT=likeiwasGhsjaws;xUthedmEp ✅ (3238ch, 13.0s)
2026-05-01 22:58:49,740 [INFO] HTTP Request: POST http://localhost:2026/v1/chat/completions "HTTP/1.1 200 OK"
2026-05-01 22:58:49,742 [INFO] [34/3993] id=openseek-4-70793afe8 GT=vin!dNCUwyards,AL ✅ (2191ch, 10.0s)
2026-05-01 22:58:53,687 [INFO] HTTP Request: POST http://localhost:2026/v1/chat/completions "HTTP/1.1 200 OK"
2026-05-01 22:58:53,688 [INFO] [35/3993] id=openseek-4-f5e0ca580 GT=hisfVkwoodenTW ✅ (2192ch, 8.7s)
2026-05-01 22:58:54,648 [INFO] HTTP Request: POST http://localhost:2026/v1/chat/completions "HTTP/1.1 200 OK"
2026-05-01 22:58:54,650 [INFO] [36/3993] id=openseek-4-1e2123468 GT=did.GofJa ✅ (1639ch, 7.8s)
2026-05-01 22:59:00,329 [INFO] HTTP Request: POST http://localhost:2026/v1/chat/completions "HTTP/1.1 200 OK"
2026-05-01 22:59:00,331 [INFO] [37/3993] id=openseek-4-8f6582c45 GT=upteachfmightLVmodernP ✅ (2709ch, 10.6s)
2026-05-01 22:59:03,449 [INFO] HTTP Request: POST http://localhost:2026/v1/chat/completions "HTTP/1.1 200 OK"
2026-05-01 22:59:03,450 [INFO] [38/3993] id=openseek-4-0dfe48820 GT=thatimindxxaMm ✅ (2582ch, 9.8s)
2026-05-01 22:59:05,843 [INFO] HTTP Request: POST http://localhost:2026/v1/chat/completions "HTTP/1.1 200 OK"
2026-05-01 22:59:05,845 [INFO] [39/3993] id=openseek-4-d60d90d25 GT=roundEasmnomthen ✅ (2624ch, 11.2s)
2026-05-01 22:59:08,575 [INFO] HTTP Request: POST http://localhost:2026/v1/chat/completions "HTTP/1.1 200 OK"
2026-05-01 22:59:08,577 [INFO] [40/3993] id=openseek-4-562ebf6a1 GT=bamboozinglyPisVpan ✅ (1915ch, 8.2s)
2026-05-01 22:59:08,830 [INFO] HTTP Request: POST http://localhost:2026/v1/chat/completions "HTTP/1.1 200 OK"
2026-05-01 22:59:08,832 [INFO] [41/3993] id=openseek-4-8183eba76 GT=mthatH ✅ (1398ch, 5.4s)
2026-05-01 22:59:13,667 [INFO] HTTP Request: POST http://localhost:2026/v1/chat/completions "HTTP/1.1 200 OK"
2026-05-01 22:59:13,668 [INFO] [42/3993] id=openseek-4-6c86b25c4 GT=toMgK ✅ (1285ch, 4.8s)
2026-05-01 22:59:16,211 [INFO] HTTP Request: POST http://localhost:2026/v1/chat/completions "HTTP/1.1 200 OK"
2026-05-01 22:59:16,213 [INFO] [43/3993] id=openseek-4-c10ddf52b GT=hwnominallywoB ✅ (1910ch, 7.6s)
2026-05-01 22:59:20,303 [INFO] HTTP Request: POST http://localhost:2026/v1/chat/completions "HTTP/1.1 200 OK"
2026-05-01 22:59:20,305 [INFO] [44/3993] id=openseek-4-caed21c20 GT=asktheJmgonly,aqmyjinchWuD ✅ (3458ch, 14.5s)
2026-05-01 22:59:26,312 [INFO] HTTP Request: POST http://localhost:2026/v1/chat/completions "HTTP/1.1 200 OK"
2026-05-01 22:59:26,314 [INFO] [45/3993] id=openseek-4-2fda0b9c0 GT=msakeDunspeakablyctherthosencV ✅ (3005ch, 12.6s)
2026-05-01 22:59:30,255 [INFO] HTTP Request: POST http://localhost:2026/v1/chat/completions "HTTP/1.1 200 OK"
2026-05-01 22:59:30,256 [INFO] [46/3993] id=openseek-4-38e999407 GT=Qt ✅ (915ch, 3.9s)
2026-05-01 22:59:31,829 [INFO] HTTP Request: POST http://localhost:2026/v1/chat/completions "HTTP/1.1 200 OK"
2026-05-01 22:59:31,830 [INFO] [47/3993] id=openseek-4-d827162f1 GT=HgoestNstheMkahappensGhthanD ✅ (3574ch, 15.6s)
2026-05-01 22:59:38,428 [INFO] HTTP Request: POST http://localhost:2026/v1/chat/completions "HTTP/1.1 200 OK"
2026-05-01 22:59:38,430 [INFO] [48/3993] id=openseek-4-85ec39ee3 GT=findQforcedd ✅ (1687ch, 6.6s)
2026-05-01 22:59:41,709 [INFO] HTTP Request: POST http://localhost:2026/v1/chat/completions "HTTP/1.1 200 OK"
2026-05-01 22:59:41,710 [INFO] [49/3993] id=openseek-4-8fed572cb GT=wereLfromM(noneIofRinfiniteH ✅ (2576ch, 11.5s)
2026-05-01 22:59:42,718 [INFO] HTTP Request: POST http://localhost:2026/v1/chat/completions "HTTP/1.1 200 OK"
2026-05-01 22:59:42,718 [WARNING]   [attempt 1 T=0.0] 答案校验失败 pred='...' expect='Y G j this A there h P g P'
2026-05-01 22:59:49,671 [INFO] HTTP Request: POST http://localhost:2026/v1/chat/completions "HTTP/1.1 200 OK"
2026-05-01 22:59:49,673 [INFO] [50/3993] id=openseek-4-1a9b260c8 GT=goPbehindSconducto ✅ (2667ch, 11.2s)
2026-05-01 22:59:53,662 [INFO] HTTP Request: POST http://localhost:2026/v1/chat/completions "HTTP/1.1 200 OK"
2026-05-01 22:59:53,663 [INFO] [51/3993] id=openseek-4-329fde9cc GT=thatkfnotBSNmustTlevelsBgn ✅ (2834ch, 12.0s)
2026-05-01 22:59:58,927 [INFO] HTTP Request: POST http://localhost:2026/v1/chat/completions "HTTP/1.1 200 OK"
2026-05-01 22:59:58,929 [INFO] [52/3993] id=openseek-4-0ae1f2c07 GT=YGjthisAtherehPgP ✅ (3381ch, 38.6s)
2026-05-01 23:00:02,170 [INFO] HTTP Request: POST http://localhost:2026/v1/chat/completions "HTTP/1.1 200 OK"
2026-05-01 23:00:02,172 [INFO] [53/3993] id=openseek-4-d4be053aa GT=xN ✅ (798ch, 3.2s)
2026-05-01 23:00:03,106 [INFO] HTTP Request: POST http://localhost:2026/v1/chat/completions "HTTP/1.1 200 OK"
2026-05-01 23:00:03,108 [INFO] [54/3993] id=openseek-4-9184a88c6 GT=whatEbody.HviewswWtpinionedrth ✅ (3111ch, 13.4s)
2026-05-01 23:00:07,758 [INFO] HTTP Request: POST http://localhost:2026/v1/chat/completions "HTTP/1.1 200 OK"
2026-05-01 23:00:07,759 [INFO] [55/3993] id=openseek-4-bfd4e8303 GT=LpandMGtheAengravings.ypindeed ✅ (2977ch, 14.1s)
2026-05-01 23:00:08,880 [INFO] HTTP Request: POST http://localhost:2026/v1/chat/completions "HTTP/1.1 200 OK"
2026-05-01 23:00:08,882 [INFO] [56/3993] id=openseek-4-af6597c37 GT=MremovedFtryH ✅ (1670ch, 6.7s)
2026-05-01 23:00:09,125 [INFO] HTTP Request: POST http://localhost:2026/v1/chat/completions "HTTP/1.1 200 OK"
2026-05-01 23:00:09,127 [INFO] [57/3993] id=openseek-4-93cf992d5 GT=bfuryQve ✅ (1466ch, 6.0s)
2026-05-01 23:00:18,907 [INFO] HTTP Request: POST http://localhost:2026/v1/chat/completions "HTTP/1.1 200 OK"
2026-05-01 23:00:18,909 [INFO] [58/3993] id=openseek-4-7a1c8a36d GT=toqafterngeneralLUtohbyX ✅ (2689ch, 11.1s)
2026-05-01 23:00:19,003 [INFO] HTTP Request: POST http://localhost:2026/v1/chat/completions "HTTP/1.1 200 OK"
2026-05-01 23:00:19,004 [INFO] [59/3993] id=openseek-4-855abbf4b GT=pgluedoandxkWfirstgi ✅ (2576ch, 10.1s)
2026-05-01 23:00:24,365 [INFO] HTTP Request: POST http://localhost:2026/v1/chat/completions "HTTP/1.1 200 OK"
2026-05-01 23:00:24,366 [INFO] [60/3993] id=openseek-4-a398a2c18 GT=thezandEusj ✅ (1395ch, 5.4s)
2026-05-01 23:00:30,712 [INFO] HTTP Request: POST http://localhost:2026/v1/chat/completions "HTTP/1.1 200 OK"
2026-05-01 23:00:30,714 [INFO] [61/3993] id=openseek-4-4e201471d GT=fBedfordvsecretMainvestsgMamj ✅ (2970ch, 11.8s)
2026-05-01 23:00:31,266 [INFO] HTTP Request: POST http://localhost:2026/v1/chat/completions "HTTP/1.1 200 OK"
2026-05-01 23:00:31,266 [INFO] HTTP Request: POST http://localhost:2026/v1/chat/completions "HTTP/1.1 200 OK"
2026-05-01 23:00:31,268 [WARNING]   [attempt 1 T=0.0] think validate 失败 (len=5294): 'Okay, let's see. I need to concatenate this list of strings into a single line w'
2026-05-01 23:00:31,270 [INFO] [62/3993] id=openseek-4-1395dd69b GT=threetj ✅ (1741ch, 6.9s)
2026-05-01 23:00:40,923 [INFO] HTTP Request: POST http://localhost:2026/v1/chat/completions "HTTP/1.1 200 OK"
2026-05-01 23:00:40,925 [INFO] [63/3993] id=openseek-4-4a0f52a30 GT=AllpeyesksaunteringVbeKPd ✅ (2142ch, 10.2s)
2026-05-01 23:00:46,221 [INFO] HTTP Request: POST http://localhost:2026/v1/chat/completions "HTTP/1.1 200 OK"
2026-05-01 23:00:46,224 [INFO] [64/3993] id=openseek-4-087465af5 GT=inordinatekiewhether,qRuponRLw ✅ (3558ch, 15.0s)
2026-05-01 23:00:47,279 [INFO] HTTP Request: POST http://localhost:2026/v1/chat/completions "HTTP/1.1 200 OK"
2026-05-01 23:00:47,280 [INFO] [65/3993] id=openseek-4-2c1c9164c GT=KVthanYwhale9sMDIdeck.FJweapon ✅ (3419ch, 38.2s)
2026-05-01 23:00:53,031 [INFO] HTTP Request: POST http://localhost:2026/v1/chat/completions "HTTP/1.1 200 OK"
2026-05-01 23:00:53,033 [INFO] [66/3993] id=openseek-4-1446c1240 GT=theCprairie-likew ✅ (1799ch, 6.8s)
2026-05-01 23:00:56,567 [INFO] HTTP Request: POST http://localhost:2026/v1/chat/completions "HTTP/1.1 200 OK"
2026-05-01 23:00:56,568 [INFO] [67/3993] id=openseek-4-184f15c71 GT=atistoutest,Ehdeniedk ✅ (1695ch, 9.3s)
2026-05-01 23:01:01,313 [INFO] HTTP Request: POST http://localhost:2026/v1/chat/completions "HTTP/1.1 200 OK"
2026-05-01 23:01:01,315 [WARNING]   [attempt 1 T=0.0] think validate 失败 (len=4578): 'Okay, let's see. I need to concatenate this list of strings into a single line w'
2026-05-01 23:01:02,693 [INFO] HTTP Request: POST http://localhost:2026/v1/chat/completions "HTTP/1.1 200 OK"
2026-05-01 23:01:02,695 [INFO] [68/3993] id=openseek-4-0d0184c8e GT=DasFjSgwCl ✅ (2190ch, 9.7s)
2026-05-01 23:01:10,864 [INFO] HTTP Request: POST http://localhost:2026/v1/chat/completions "HTTP/1.1 200 OK"
2026-05-01 23:01:10,866 [INFO] [69/3993] id=openseek-4-83d0dd8ba GT=air.WsomeR ✅ (2046ch, 8.2s)
2026-05-01 23:01:12,844 [INFO] HTTP Request: POST http://localhost:2026/v1/chat/completions "HTTP/1.1 200 OK"
2026-05-01 23:01:12,846 [INFO] [70/3993] id=openseek-4-b68c1a967 GT=PAFlaskymutteredNatysXGbeeF ✅ (3692ch, 16.3s)
2026-05-01 23:01:18,953 [INFO] HTTP Request: POST http://localhost:2026/v1/chat/completions "HTTP/1.1 200 OK"
2026-05-01 23:01:18,954 [INFO] [71/3993] id=openseek-4-f4ae20490 GT=ajcruisingiuseJv ✅ (1976ch, 8.1s)
2026-05-01 23:01:19,326 [INFO] HTTP Request: POST http://localhost:2026/v1/chat/completions "HTTP/1.1 200 OK"
2026-05-01 23:01:19,328 [INFO] [72/3993] id=openseek-4-9a209d666 GT=fonvJthenwhen,fdinesstheHIF ✅ (3921ch, 38.4s)
2026-05-01 23:01:23,796 [INFO] HTTP Request: POST http://localhost:2026/v1/chat/completions "HTTP/1.1 200 OK"
2026-05-01 23:01:23,797 [INFO] [73/3993] id=openseek-4-6f51e9ebb GT=onesH ✅ (1127ch, 4.5s)
2026-05-01 23:01:25,393 [INFO] HTTP Request: POST http://localhost:2026/v1/chat/completions "HTTP/1.1 200 OK"
2026-05-01 23:01:25,394 [INFO] [74/3993] id=openseek-4-6678bc1cf GT=Hcdim,Xvesselr ✅ (1654ch, 6.4s)
2026-05-01 23:01:26,405 [INFO] HTTP Request: POST http://localhost:2026/v1/chat/completions "HTTP/1.1 200 OK"
2026-05-01 23:01:26,406 [INFO] [75/3993] id=openseek-4-c6f03dfcb GT=militaryGJknowAfrlblittleaD ✅ (3483ch, 13.6s)
2026-05-01 23:01:32,876 [INFO] HTTP Request: POST http://localhost:2026/v1/chat/completions "HTTP/1.1 200 OK"
2026-05-01 23:01:32,878 [INFO] [76/3993] id=openseek-4-375901ecd GT=tailMTuhunt;R ✅ (2000ch, 7.5s)
2026-05-01 23:01:37,905 [INFO] HTTP Request: POST http://localhost:2026/v1/chat/completions "HTTP/1.1 200 OK"
2026-05-01 23:01:37,908 [INFO] [77/3993] id=openseek-4-84cd860d2 GT=DeiMan,DZlspartRHUc ✅ (3303ch, 14.1s)
2026-05-01 23:01:38,254 [INFO] HTTP Request: POST http://localhost:2026/v1/chat/completions "HTTP/1.1 200 OK"
2026-05-01 23:01:38,256 [INFO] [78/3993] id=openseek-4-a174e8d0c GT=ABethinkrFthatIstep,lRw ✅ (2709ch, 11.8s)
2026-05-01 23:01:44,157 [INFO] HTTP Request: POST http://localhost:2026/v1/chat/completions "HTTP/1.1 200 OK"
2026-05-01 23:01:44,159 [INFO] [79/3993] id=openseek-4-295ae946c GT=WmIlapsedgsignhitpleastnsoberJ ✅ (2775ch, 11.3s)
2026-05-01 23:01:51,330 [INFO] HTTP Request: POST http://localhost:2026/v1/chat/completions "HTTP/1.1 200 OK"
2026-05-01 23:01:51,332 [INFO] [80/3993] id=openseek-4-bb919b465 GT=FOLIORfU ✅ (1417ch, 7.2s)
2026-05-01 23:01:53,218 [INFO] HTTP Request: POST http://localhost:2026/v1/chat/completions "HTTP/1.1 200 OK"
2026-05-01 23:01:53,220 [INFO] [81/3993] id=openseek-4-4b9bb9100 GT=alAHcasewbhere.CThougheplungin ✅ (3436ch, 15.3s)
2026-05-01 23:01:53,566 [INFO] HTTP Request: POST http://localhost:2026/v1/chat/completions "HTTP/1.1 200 OK"
2026-05-01 23:01:53,567 [INFO] [82/3993] id=openseek-4-0406510b7 GT=eythen,WUtakeqofferedyofficial ✅ (3794ch, 15.3s)
2026-05-01 23:02:01,043 [INFO] HTTP Request: POST http://localhost:2026/v1/chat/completions "HTTP/1.1 200 OK"
2026-05-01 23:02:01,045 [INFO] [83/3993] id=openseek-4-4328dad01 GT=GNofQTT ✅ (1860ch, 7.5s)
2026-05-01 23:02:03,366 [INFO] HTTP Request: POST http://localhost:2026/v1/chat/completions "HTTP/1.1 200 OK"
2026-05-01 23:02:03,368 [INFO] [84/3993] id=openseek-4-31546ca95 GT=AtlanticDdhismchoopsqaboven ✅ (3047ch, 12.0s)
2026-05-01 23:02:09,414 [INFO] HTTP Request: POST http://localhost:2026/v1/chat/completions "HTTP/1.1 200 OK"
2026-05-01 23:02:09,416 [INFO] [85/3993] id=openseek-4-efcc9b9da GT=saying,WnoUgSrCbdayEgu ✅ (3744ch, 16.2s)
2026-05-01 23:02:11,123 [INFO] HTTP Request: POST http://localhost:2026/v1/chat/completions "HTTP/1.1 200 OK"
2026-05-01 23:02:11,125 [INFO] [86/3993] id=openseek-4-d05519517 GT=gdmwhale,OF ✅ (1992ch, 7.8s)
2026-05-01 23:02:14,421 [INFO] HTTP Request: POST http://localhost:2026/v1/chat/completions "HTTP/1.1 200 OK"
2026-05-01 23:02:14,423 [INFO] [87/3993] id=openseek-4-ecf073e29 GT=abez ✅ (1228ch, 5.0s)
2026-05-01 23:02:16,349 [INFO] HTTP Request: POST http://localhost:2026/v1/chat/completions "HTTP/1.1 200 OK"
2026-05-01 23:02:16,351 [INFO] [88/3993] id=openseek-4-14c8d07de GT=likeDlDmiserablyeandlfact,Omea ✅ (3373ch, 15.3s)
2026-05-01 23:02:17,986 [INFO] HTTP Request: POST http://localhost:2026/v1/chat/completions "HTTP/1.1 200 OK"
2026-05-01 23:02:17,987 [INFO] [89/3993] id=openseek-4-c06034c83 GT=theGHaroldm ✅ (1780ch, 6.9s)
2026-05-01 23:02:18,765 [INFO] HTTP Request: POST http://localhost:2026/v1/chat/completions "HTTP/1.1 200 OK"
2026-05-01 23:02:18,767 [INFO] [90/3993] id=openseek-4-79f96c32d GT=Qx ✅ (1117ch, 4.3s)
2026-05-01 23:02:21,055 [INFO] HTTP Request: POST http://localhost:2026/v1/chat/completions "HTTP/1.1 200 OK"
2026-05-01 23:02:21,056 [INFO] [91/3993] id=openseek-4-ee732f0e1 GT=allTo ✅ (1164ch, 4.7s)
2026-05-01 23:02:27,825 [INFO] HTTP Request: POST http://localhost:2026/v1/chat/completions "HTTP/1.1 200 OK"
2026-05-01 23:02:27,827 [INFO] [92/3993] id=openseek-4-8c3244112 GT=OAonFhimri ✅ (2213ch, 9.1s)
2026-05-01 23:02:29,948 [INFO] HTTP Request: POST http://localhost:2026/v1/chat/completions "HTTP/1.1 200 OK"
2026-05-01 23:02:29,950 [INFO] [93/3993] id=openseek-4-347da2cf9 GT=timepRthatymeatlatxu ✅ (2956ch, 12.0s)
2026-05-01 23:02:35,373 [INFO] HTTP Request: POST http://localhost:2026/v1/chat/completions "HTTP/1.1 200 OK"
2026-05-01 23:02:35,375 [INFO] [94/3993] id=openseek-4-8e00dd03b GT=TjquponyBasheeFtheirvButbOCcon ✅ (3223ch, 14.3s)
2026-05-01 23:02:41,448 [INFO] HTTP Request: POST http://localhost:2026/v1/chat/completions "HTTP/1.1 200 OK"
2026-05-01 23:02:41,449 [INFO] [95/3993] id=openseek-4-2200a5241 GT=txThewthatNWasqAhab4investedm ✅ (3468ch, 13.6s)
2026-05-01 23:02:48,032 [INFO] HTTP Request: POST http://localhost:2026/v1/chat/completions "HTTP/1.1 200 OK"
2026-05-01 23:02:48,033 [INFO] [96/3993] id=openseek-4-0f814863d GT=aOTSbreaksdlt ✅ (1573ch, 6.6s)
2026-05-01 23:02:49,244 [INFO] HTTP Request: POST http://localhost:2026/v1/chat/completions "HTTP/1.1 200 OK"
2026-05-01 23:02:49,245 [WARNING]   [attempt 1 T=0.0] think validate 失败 (len=4198): 'Okay, let's see. I need to concatenate this list of strings into a single line w'
2026-05-01 23:02:50,250 [INFO] HTTP Request: POST http://localhost:2026/v1/chat/completions "HTTP/1.1 200 OK"
2026-05-01 23:02:50,252 [INFO] [97/3993] id=openseek-4-774531ab0 GT=talluinPlandlord9s.VupcTwLdy ✅ (3099ch, 14.9s)
2026-05-01 23:02:55,416 [INFO] HTTP Request: POST http://localhost:2026/v1/chat/completions "HTTP/1.1 200 OK"
2026-05-01 23:02:55,417 [INFO] [98/3993] id=openseek-4-118c4c74a GT=haspfarW ✅ (1841ch, 7.4s)
2026-05-01 23:02:57,438 [INFO] HTTP Request: POST http://localhost:2026/v1/chat/completions "HTTP/1.1 200 OK"
2026-05-01 23:02:57,439 [INFO] [99/3993] id=openseek-4-3bd2d48da GT=CyouCDw ✅ (1717ch, 7.2s)
2026-05-01 23:03:02,387 [INFO] HTTP Request: POST http://localhost:2026/v1/chat/completions "HTTP/1.1 200 OK"
2026-05-01 23:03:02,389 [INFO] [100/3993] id=openseek-4-7474aa5df GT=fppUagain4gunwaleCsleep.CwhenB ✅ (2994ch, 32.4s)
2026-05-01 23:03:02,403 [INFO]   💾 已保存 (成功=100 失败=0) | 4.0s/条均值 | ETA=257min
2026-05-01 23:03:07,245 [INFO] HTTP Request: POST http://localhost:2026/v1/chat/completions "HTTP/1.1 200 OK"
2026-05-01 23:03:07,247 [INFO] [101/3993] id=openseek-4-0921424e5 GT=ZGoftenFUbKHwithudN ✅ (2162ch, 9.8s)
2026-05-01 23:03:07,263 [INFO] HTTP Request: POST http://localhost:2026/v1/chat/completions "HTTP/1.1 200 OK"
2026-05-01 23:03:07,265 [INFO] [102/3993] id=openseek-4-fc1fc3e51 GT=xofZpurposeQQtDwereD ✅ (2639ch, 11.8s)
2026-05-01 23:03:14,804 [INFO] HTTP Request: POST http://localhost:2026/v1/chat/completions "HTTP/1.1 200 OK"
2026-05-01 23:03:14,805 [INFO] [103/3993] id=openseek-4-116cad637 GT=atHwickedEXLRkcorn-field,S ✅ (2812ch, 12.4s)
2026-05-01 23:03:16,374 [INFO] HTTP Request: POST http://localhost:2026/v1/chat/completions "HTTP/1.1 200 OK"
2026-05-01 23:03:16,376 [INFO] [104/3993] id=openseek-4-ce9574ee9 GT=boatsTjUoother,x ✅ (2397ch, 9.1s)
2026-05-01 23:03:25,367 [INFO] HTTP Request: POST http://localhost:2026/v1/chat/completions "HTTP/1.1 200 OK"
2026-05-01 23:03:25,368 [WARNING]   [attempt 1 T=0.0] think validate 失败 (len=4013): 'Okay, let's see. I need to concatenate this list of strings into a single line w'
2026-05-01 23:03:26,072 [INFO] HTTP Request: POST http://localhost:2026/v1/chat/completions "HTTP/1.1 200 OK"
2026-05-01 23:03:26,074 [INFO] [105/3993] id=openseek-4-74296f162 GT=broadNallymast-headst ✅ (2645ch, 11.3s)
2026-05-01 23:03:32,542 [INFO] HTTP Request: POST http://localhost:2026/v1/chat/completions "HTTP/1.1 200 OK"
2026-05-01 23:03:32,542 [WARNING]   [attempt 1 T=0.0] 答案校验失败 pred='B away, j greatest I j darkness c grieving, X a i' expect='B away, j greatest I j darkness c grieved, X a i'
2026-05-01 23:03:37,385 [INFO] HTTP Request: POST http://localhost:2026/v1/chat/completions "HTTP/1.1 200 OK"
2026-05-01 23:03:37,387 [INFO] [106/3993] id=openseek-4-2501cafa6 GT=enoughCBTWHtomU ✅ (2790ch, 11.3s)
2026-05-01 23:03:43,184 [INFO] HTTP Request: POST http://localhost:2026/v1/chat/completions "HTTP/1.1 200 OK"
2026-05-01 23:03:43,185 [INFO] [107/3993] id=openseek-4-2ab4c462b GT=thatxB ✅ (1409ch, 5.8s)
2026-05-01 23:03:46,250 [INFO] HTTP Request: POST http://localhost:2026/v1/chat/completions "HTTP/1.1 200 OK"
2026-05-01 23:03:46,252 [WARNING]   [attempt 2 T=0.3] think validate 失败 (len=4616): 'Okay, let's tackle this problem. So, I need to concatenate a list of strings int'
2026-05-01 23:03:49,954 [INFO] HTTP Request: POST http://localhost:2026/v1/chat/completions "HTTP/1.1 200 OK"
2026-05-01 23:03:49,955 [INFO] [108/3993] id=openseek-4-0711aa577 GT=WhaleOnothinguv ✅ (1727ch, 6.8s)
2026-05-01 23:03:51,119 [INFO] HTTP Request: POST http://localhost:2026/v1/chat/completions "HTTP/1.1 200 OK"
2026-05-01 23:03:51,120 [WARNING]   [attempt 2 T=0.3] think validate 失败 (len=4222): 'Okay, let's see. I need to concatenate this list of strings into a single line w'
2026-05-01 23:04:00,895 [INFO] HTTP Request: POST http://localhost:2026/v1/chat/completions "HTTP/1.1 200 OK"
2026-05-01 23:04:00,897 [INFO] [109/3993] id=openseek-4-293ff5016 GT=VlongWtheKylookI ✅ (2711ch, 10.9s)
2026-05-01 23:04:05,404 [INFO] HTTP Request: POST http://localhost:2026/v1/chat/completions "HTTP/1.1 200 OK"
2026-05-01 23:04:05,405 [WARNING]   [attempt 3 T=0.6] think validate 失败 (len=4175): 'Okay, let's see. I need to concatenate this list of strings into a single line w'
2026-05-01 23:04:05,406 [WARNING] [110/3993] id=openseek-4-4e6c02cf4 GT=thatUdthen,LwasZforecastleIWin ❌ (58.1s)
2026-05-01 23:04:06,428 [INFO] HTTP Request: POST http://localhost:2026/v1/chat/completions "HTTP/1.1 200 OK"
2026-05-01 23:04:06,430 [INFO] [111/3993] id=openseek-4-9b057e34c GT=Baway,jgreatestIjdarknesscgrie ✅ (3495ch, 50.1s)
2026-05-01 23:04:13,866 [INFO] HTTP Request: POST http://localhost:2026/v1/chat/completions "HTTP/1.1 200 OK"
2026-05-01 23:04:13,868 [INFO] [112/3993] id=openseek-4-080b09a3c GT=ccollapsed,BreturnsVQu ✅ (3260ch, 13.0s)
2026-05-01 23:04:16,387 [INFO] HTTP Request: POST http://localhost:2026/v1/chat/completions "HTTP/1.1 200 OK"
2026-05-01 23:04:16,389 [INFO] [113/3993] id=openseek-4-b3cf6fda5 GT=Yjpappetites.OtimeszSballroomG ✅ (2392ch, 10.0s)
2026-05-01 23:04:20,532 [INFO] HTTP Request: POST http://localhost:2026/v1/chat/completions "HTTP/1.1 200 OK"
2026-05-01 23:04:20,533 [INFO] [114/3993] id=openseek-4-f68e1dc8b GT=withkinHIandq ✅ (1688ch, 6.7s)
2026-05-01 23:04:21,890 [INFO] HTTP Request: POST http://localhost:2026/v1/chat/completions "HTTP/1.1 200 OK"
2026-05-01 23:04:21,893 [INFO] [115/3993] id=openseek-4-cf0bf5f12 GT=drippingrdPtheeecameIcopiedxGo ✅ (3978ch, 16.5s)
2026-05-01 23:04:27,068 [INFO] HTTP Request: POST http://localhost:2026/v1/chat/completions "HTTP/1.1 200 OK"
2026-05-01 23:04:27,070 [INFO] [116/3993] id=openseek-4-50f6d8cda GT=Raec ✅ (1301ch, 5.2s)
2026-05-01 23:04:27,502 [INFO] HTTP Request: POST http://localhost:2026/v1/chat/completions "HTTP/1.1 200 OK"
2026-05-01 23:04:27,504 [INFO] [117/3993] id=openseek-4-0d942afd6 GT=moreStheTbnowqtoo;HthingiM ✅ (2658ch, 11.1s)
2026-05-01 23:04:34,105 [INFO] HTTP Request: POST http://localhost:2026/v1/chat/completions "HTTP/1.1 200 OK"
2026-05-01 23:04:34,107 [INFO] [118/3993] id=openseek-4-cda12a2bb GT=roundJcredentialsscISWstrength ✅ (3110ch, 13.6s)
2026-05-01 23:04:39,396 [INFO] HTTP Request: POST http://localhost:2026/v1/chat/completions "HTTP/1.1 200 OK"
2026-05-01 23:04:39,398 [INFO] [119/3993] id=openseek-4-a0d4ab4e6 GT=ribs,acrow?CHI9llrnoffdesthewm ✅ (2646ch, 12.3s)
2026-05-01 23:04:42,202 [INFO] HTTP Request: POST http://localhost:2026/v1/chat/completions "HTTP/1.1 200 OK"
2026-05-01 23:04:42,204 [INFO] [120/3993] id=openseek-4-8e2aa5fab GT=burial;jIMlYiXmuButW ✅ (3306ch, 14.7s)
2026-05-01 23:04:47,400 [INFO] HTTP Request: POST http://localhost:2026/v1/chat/completions "HTTP/1.1 200 OK"
2026-05-01 23:04:47,402 [INFO] [121/3993] id=openseek-4-e97c42b05 GT=SHindeed,EntheTspeakWsoOJ ✅ (2870ch, 13.3s)
2026-05-01 23:04:50,410 [INFO] HTTP Request: POST http://localhost:2026/v1/chat/completions "HTTP/1.1 200 OK"
2026-05-01 23:04:50,412 [INFO] [122/3993] id=openseek-4-fa5cb0dc6 GT=GSbyVRossB ✅ (2188ch, 8.2s)
2026-05-01 23:04:50,895 [INFO] HTTP Request: POST http://localhost:2026/v1/chat/completions "HTTP/1.1 200 OK"
2026-05-01 23:04:50,897 [INFO] [123/3993] id=openseek-4-3527a70ee GT=Dandbbuoyshneck,Athef ✅ (2949ch, 11.5s)
2026-05-01 23:04:56,200 [INFO] HTTP Request: POST http://localhost:2026/v1/chat/completions "HTTP/1.1 200 OK"
2026-05-01 23:04:56,202 [INFO] [124/3993] id=openseek-4-e138e65dd GT=theITherthea ✅ (1473ch, 5.8s)
2026-05-01 23:04:57,527 [INFO] HTTP Request: POST http://localhost:2026/v1/chat/completions "HTTP/1.1 200 OK"
2026-05-01 23:04:57,528 [INFO] [125/3993] id=openseek-4-6bac5105c GT=bothVncriticalIIhisnQ ✅ (1651ch, 6.6s)
2026-05-01 23:05:02,770 [INFO] HTTP Request: POST http://localhost:2026/v1/chat/completions "HTTP/1.1 200 OK"
2026-05-01 23:05:02,772 [INFO] [126/3993] id=openseek-4-dde33f7d8 GT=connexionBthatlnoWjgtheMDkthei ✅ (3519ch, 15.4s)
2026-05-01 23:05:08,790 [INFO] HTTP Request: POST http://localhost:2026/v1/chat/completions "HTTP/1.1 200 OK"
2026-05-01 23:05:08,791 [INFO] [127/3993] id=openseek-4-b052533cf GT=myJqUnot,SXagainstMMdon9tK ✅ (1896ch, 12.6s)
2026-05-01 23:05:08,932 [INFO] HTTP Request: POST http://localhost:2026/v1/chat/completions "HTTP/1.1 200 OK"
2026-05-01 23:05:08,934 [INFO] [128/3993] id=openseek-4-74097a197 GT=Gworld9smZandnQM ✅ (2861ch, 11.4s)
2026-05-01 23:05:09,670 [INFO] HTTP Request: POST http://localhost:2026/v1/chat/completions "HTTP/1.1 200 OK"
2026-05-01 23:05:09,672 [INFO] [129/3993] id=openseek-4-5031fc830 GT=areCorderS ✅ (1825ch, 6.9s)
2026-05-01 23:05:17,920 [INFO] HTTP Request: POST http://localhost:2026/v1/chat/completions "HTTP/1.1 200 OK"
2026-05-01 23:05:17,922 [INFO] [130/3993] id=openseek-4-95f6304d1 GT=utherrack),a ✅ (1947ch, 9.1s)
2026-05-01 23:05:18,656 [INFO] HTTP Request: POST http://localhost:2026/v1/chat/completions "HTTP/1.1 200 OK"
2026-05-01 23:05:18,658 [INFO] [131/3993] id=openseek-4-7102752c9 GT=Breturning,qR ✅ (2398ch, 9.0s)
2026-05-01 23:05:21,544 [INFO] HTTP Request: POST http://localhost:2026/v1/chat/completions "HTTP/1.1 200 OK"
2026-05-01 23:05:21,546 [INFO] [132/3993] id=openseek-4-00bef4584 GT=tmysteryANGcreaturenvtheuds ✅ (3067ch, 12.6s)
2026-05-01 23:05:23,841 [INFO] HTTP Request: POST http://localhost:2026/v1/chat/completions "HTTP/1.1 200 OK"
2026-05-01 23:05:23,842 [INFO] [133/3993] id=openseek-4-ecb3a6b42 GT=areZandN ✅ (1539ch, 5.9s)
2026-05-01 23:05:27,356 [INFO] HTTP Request: POST http://localhost:2026/v1/chat/completions "HTTP/1.1 200 OK"
2026-05-01 23:05:27,357 [INFO] [134/3993] id=openseek-4-89b9846e1 GT=QUJalloPmandk ✅ (2140ch, 8.7s)
2026-05-01 23:05:31,502 [INFO] HTTP Request: POST http://localhost:2026/v1/chat/completions "HTTP/1.1 200 OK"
2026-05-01 23:05:31,503 [INFO] [135/3993] id=openseek-4-f896b0d48 GT=WvwhetsUJhisngvNL ✅ (2245ch, 10.0s)
2026-05-01 23:05:31,568 [INFO] HTTP Request: POST http://localhost:2026/v1/chat/completions "HTTP/1.1 200 OK"
2026-05-01 23:05:31,569 [INFO] [136/3993] id=openseek-4-1034bface GT=mforemastu ✅ (1059ch, 4.2s)
2026-05-01 23:05:37,509 [INFO] HTTP Request: POST http://localhost:2026/v1/chat/completions "HTTP/1.1 200 OK"
2026-05-01 23:05:37,511 [INFO] [137/3993] id=openseek-4-09844ccd1 GT=litsjtheS121.KuYaNu ✅ (2887ch, 13.7s)
2026-05-01 23:05:38,883 [INFO] HTTP Request: POST http://localhost:2026/v1/chat/completions "HTTP/1.1 200 OK"
2026-05-01 23:05:38,884 [INFO] [138/3993] id=openseek-4-25124e0d4 GT=qofiK ✅ (1867ch, 7.3s)
2026-05-01 23:05:40,422 [INFO] HTTP Request: POST http://localhost:2026/v1/chat/completions "HTTP/1.1 200 OK"
2026-05-01 23:05:40,423 [INFO] [139/3993] id=openseek-4-934015351 GT=YFsay,uasEz ✅ (2182ch, 8.9s)
2026-05-01 23:05:45,298 [INFO] HTTP Request: POST http://localhost:2026/v1/chat/completions "HTTP/1.1 200 OK"
2026-05-01 23:05:45,300 [INFO] [140/3993] id=openseek-4-85545327f GT=DWaN ✅ (1618ch, 6.4s)
2026-05-01 23:05:46,712 [INFO] HTTP Request: POST http://localhost:2026/v1/chat/completions "HTTP/1.1 200 OK"
2026-05-01 23:05:46,714 [INFO] [141/3993] id=openseek-4-455d008cd GT=head;oconeJhim,q ✅ (2214ch, 9.2s)
2026-05-01 23:05:47,886 [INFO] HTTP Request: POST http://localhost:2026/v1/chat/completions "HTTP/1.1 200 OK"
2026-05-01 23:05:47,887 [INFO] [142/3993] id=openseek-4-e9cea43c1 GT=invisible,FanQrideseN ✅ (1916ch, 7.5s)
2026-05-01 23:05:55,137 [INFO] HTTP Request: POST http://localhost:2026/v1/chat/completions "HTTP/1.1 200 OK"
2026-05-01 23:05:55,139 [INFO] [143/3993] id=openseek-4-9c0eba130 GT=nUitsDWjq ✅ (1805ch, 7.3s)
2026-05-01 23:05:58,887 [INFO] HTTP Request: POST http://localhost:2026/v1/chat/completions "HTTP/1.1 200 OK"
2026-05-01 23:05:58,889 [INFO] [144/3993] id=openseek-4-e479514a5 GT=beforeXrsyouTsaysGtheRp ✅ (2974ch, 12.2s)
2026-05-01 23:05:59,605 [INFO] HTTP Request: POST http://localhost:2026/v1/chat/completions "HTTP/1.1 200 OK"
2026-05-01 23:05:59,607 [INFO] [145/3993] id=openseek-4-124f1c688 GT=atrhistoricalAYinfatuatedbmsca ✅ (3926ch, 14.3s)
2026-05-01 23:06:05,469 [INFO] HTTP Request: POST http://localhost:2026/v1/chat/completions "HTTP/1.1 200 OK"
2026-05-01 23:06:05,471 [INFO] [146/3993] id=openseek-4-7f34fa651 GT=bGod.y ✅ (1206ch, 5.9s)
2026-05-01 23:06:06,726 [INFO] HTTP Request: POST http://localhost:2026/v1/chat/completions "HTTP/1.1 200 OK"
2026-05-01 23:06:06,728 [INFO] [147/3993] id=openseek-4-c1be04d22 GT=andWNorXWkU ✅ (1973ch, 7.8s)
2026-05-01 23:06:07,905 [INFO] HTTP Request: POST http://localhost:2026/v1/chat/completions "HTTP/1.1 200 OK"
2026-05-01 23:06:07,907 [INFO] [148/3993] id=openseek-4-d26140a9d GT=Rssport,GYK ✅ (3200ch, 12.8s)
2026-05-01 23:06:11,425 [INFO] HTTP Request: POST http://localhost:2026/v1/chat/completions "HTTP/1.1 200 OK"
2026-05-01 23:06:11,426 [INFO] [149/3993] id=openseek-4-da066f503 GT=vS ✅ (973ch, 3.5s)
2026-05-01 23:06:16,247 [INFO] HTTP Request: POST http://localhost:2026/v1/chat/completions "HTTP/1.1 200 OK"
2026-05-01 23:06:16,249 [INFO] [150/3993] id=openseek-4-5e7a202ad GT=saygifdnAhisxofEandylooseIqt ✅ (2472ch, 10.8s)
2026-05-01 23:06:19,470 [INFO] HTTP Request: POST http://localhost:2026/v1/chat/completions "HTTP/1.1 200 OK"
2026-05-01 23:06:19,472 [INFO] [151/3993] id=openseek-4-c07e8b787 GT=YFhisXrwit.xYOplainm ✅ (3061ch, 12.7s)
2026-05-01 23:06:22,261 [INFO] HTTP Request: POST http://localhost:2026/v1/chat/completions "HTTP/1.1 200 OK"
2026-05-01 23:06:22,263 [INFO] [152/3993] id=openseek-4-d5485b6e5 GT=NkwhichDQUoft ✅ (1525ch, 6.0s)
2026-05-01 23:06:24,012 [INFO] HTTP Request: POST http://localhost:2026/v1/chat/completions "HTTP/1.1 200 OK"
2026-05-01 23:06:24,013 [INFO] [153/3993] id=openseek-4-8182e1644 GT=cUucWhatZtheh ✅ (3130ch, 12.6s)
2026-05-01 23:06:31,198 [INFO] HTTP Request: POST http://localhost:2026/v1/chat/completions "HTTP/1.1 200 OK"
2026-05-01 23:06:31,200 [INFO] [154/3993] id=openseek-4-41d032512 GT=yBRbe,ZR ✅ (1918ch, 7.2s)
2026-05-01 23:06:34,012 [INFO] HTTP Request: POST http://localhost:2026/v1/chat/completions "HTTP/1.1 200 OK"
2026-05-01 23:06:34,013 [INFO] [155/3993] id=openseek-4-f92b9df8b GT=EreYThanks:ltriumphalritytofe ✅ (3193ch, 14.5s)
2026-05-01 23:06:38,185 [INFO] HTTP Request: POST http://localhost:2026/v1/chat/completions "HTTP/1.1 200 OK"
2026-05-01 23:06:38,187 [INFO] [156/3993] id=openseek-4-341458109 GT=mylxvigilancejstrippedULJbyHfa ✅ (3791ch, 15.9s)
2026-05-01 23:06:45,990 [INFO] HTTP Request: POST http://localhost:2026/v1/chat/completions "HTTP/1.1 200 OK"
2026-05-01 23:06:45,992 [INFO] [157/3993] id=openseek-4-24a2a00ea GT=sleepinguYjustoclockRshipsBKth ✅ (3609ch, 14.8s)
2026-05-01 23:06:47,108 [INFO] HTTP Request: POST http://localhost:2026/v1/chat/completions "HTTP/1.1 200 OK"
2026-05-01 23:06:47,109 [INFO] [158/3993] id=openseek-4-7a8028bc7 GT=criedyiHvesturezyz ✅ (3333ch, 13.1s)
2026-05-01 23:06:55,423 [INFO] HTTP Request: POST http://localhost:2026/v1/chat/completions "HTTP/1.1 200 OK"
2026-05-01 23:06:55,425 [INFO] [159/3993] id=openseek-4-bb29153bb GT=ofIthegbyVdofFAship,DSWithsc ✅ (3865ch, 17.2s)
2026-05-01 23:06:57,928 [INFO] HTTP Request: POST http://localhost:2026/v1/chat/completions "HTTP/1.1 200 OK"
2026-05-01 23:06:57,930 [INFO] [160/3993] id=openseek-4-d1d8c2d02 GT=BQfnamelesszFoldgrOy ✅ (2926ch, 11.9s)
2026-05-01 23:06:58,367 [INFO] HTTP Request: POST http://localhost:2026/v1/chat/completions "HTTP/1.1 200 OK"
2026-05-01 23:06:58,369 [INFO] [161/3993] id=openseek-4-33a210252 GT=sRMPmpain;fPtaperedw ✅ (2810ch, 11.3s)
2026-05-01 23:07:05,119 [INFO] HTTP Request: POST http://localhost:2026/v1/chat/completions "HTTP/1.1 200 OK"
2026-05-01 23:07:05,121 [INFO] [162/3993] id=openseek-4-2f23f59f5 GT=vboat,zofk ✅ (1874ch, 7.2s)
2026-05-01 23:07:07,127 [INFO] HTTP Request: POST http://localhost:2026/v1/chat/completions "HTTP/1.1 200 OK"
2026-05-01 23:07:07,128 [INFO] [163/3993] id=openseek-4-ff8f175da GT=allJUinjswapfships,iaP ✅ (2201ch, 8.8s)
2026-05-01 23:07:08,006 [INFO] HTTP Request: POST http://localhost:2026/v1/chat/completions "HTTP/1.1 200 OK"
2026-05-01 23:07:08,008 [INFO] [164/3993] id=openseek-4-377364813 GT=suchhEyofPuisXkl ✅ (3170ch, 12.6s)
2026-05-01 23:07:12,746 [INFO] HTTP Request: POST http://localhost:2026/v1/chat/completions "HTTP/1.1 200 OK"
2026-05-01 23:07:12,747 [INFO] [165/3993] id=openseek-4-d4a846ecf GT=avv ✅ (1239ch, 4.7s)
2026-05-01 23:07:17,215 [INFO] HTTP Request: POST http://localhost:2026/v1/chat/completions "HTTP/1.1 200 OK"
2026-05-01 23:07:17,216 [INFO] [166/3993] id=openseek-4-a27791e40 GT=odor,HRightHwhilexiOfromDlastl ✅ (2924ch, 12.1s)
2026-05-01 23:07:17,579 [INFO] HTTP Request: POST http://localhost:2026/v1/chat/completions "HTTP/1.1 200 OK"
2026-05-01 23:07:17,581 [INFO] [167/3993] id=openseek-4-b7af34a87 GT=FylofrYtoVtendlbutc ✅ (2420ch, 10.5s)
2026-05-01 23:07:20,501 [INFO] HTTP Request: POST http://localhost:2026/v1/chat/completions "HTTP/1.1 200 OK"
2026-05-01 23:07:20,503 [INFO] [168/3993] id=openseek-4-4fdaace38 GT=savedforecastle;dh ✅ (2029ch, 7.8s)
2026-05-01 23:07:24,099 [INFO] HTTP Request: POST http://localhost:2026/v1/chat/completions "HTTP/1.1 200 OK"
2026-05-01 23:07:24,100 [INFO] [169/3993] id=openseek-4-86ea9a088 GT=forgetPJstoutfothera ✅ (1730ch, 6.9s)
2026-05-01 23:07:24,592 [INFO] HTTP Request: POST http://localhost:2026/v1/chat/completions "HTTP/1.1 200 OK"
2026-05-01 23:07:24,594 [INFO] [170/3993] id=openseek-4-b0da52e38 GT=NPuyou?dJp ✅ (1782ch, 7.0s)
2026-05-01 23:07:31,334 [INFO] HTTP Request: POST http://localhost:2026/v1/chat/completions "HTTP/1.1 200 OK"
2026-05-01 23:07:31,335 [INFO] [171/3993] id=openseek-4-cf9bf02b7 GT=Tash.imeanX ✅ (1890ch, 7.2s)
2026-05-01 23:07:32,730 [INFO] HTTP Request: POST http://localhost:2026/v1/chat/completions "HTTP/1.1 200 OK"
2026-05-01 23:07:32,732 [INFO] [172/3993] id=openseek-4-a5a7d3cb4 GT=SLZGod,i ✅ (1934ch, 8.1s)
2026-05-01 23:07:33,304 [INFO] HTTP Request: POST http://localhost:2026/v1/chat/completions "HTTP/1.1 200 OK"
2026-05-01 23:07:33,305 [INFO] [173/3993] id=openseek-4-f49afd36a GT=axeffect,OkaxtheU ✅ (3041ch, 12.8s)
2026-05-01 23:07:36,451 [INFO] HTTP Request: POST http://localhost:2026/v1/chat/completions "HTTP/1.1 200 OK"
2026-05-01 23:07:36,452 [INFO] [174/3993] id=openseek-4-e4bc8a966 GT=Ac ✅ (976ch, 3.7s)
2026-05-01 23:07:40,513 [INFO] HTTP Request: POST http://localhost:2026/v1/chat/completions "HTTP/1.1 200 OK"
2026-05-01 23:07:40,515 [INFO] [175/3993] id=openseek-4-14ad7f2db GT=Ctv ✅ (944ch, 4.1s)
2026-05-01 23:07:47,493 [INFO] HTTP Request: POST http://localhost:2026/v1/chat/completions "HTTP/1.1 200 OK"
2026-05-01 23:07:47,494 [INFO] [176/3993] id=openseek-4-c8bc9cbca GT=brokenYheavenZDNobvious;mdforV ✅ (3733ch, 16.2s)
2026-05-01 23:07:47,953 [INFO] HTTP Request: POST http://localhost:2026/v1/chat/completions "HTTP/1.1 200 OK"
2026-05-01 23:07:47,955 [INFO] [177/3993] id=openseek-4-d635c0f48 GT=XIFtintimacytrhtIN ✅ (3514ch, 14.6s)
2026-05-01 23:07:50,620 [INFO] HTTP Request: POST http://localhost:2026/v1/chat/completions "HTTP/1.1 200 OK"
2026-05-01 23:07:50,621 [INFO] [178/3993] id=openseek-4-097686c7c GT=hforTSinkione-armedHbelongingb ✅ (2522ch, 10.1s)
2026-05-01 23:07:57,286 [INFO] HTTP Request: POST http://localhost:2026/v1/chat/completions "HTTP/1.1 200 OK"
2026-05-01 23:07:57,288 [INFO] [179/3993] id=openseek-4-0b7513be2 GT=ofzWhileP ✅ (2345ch, 9.3s)
2026-05-01 23:08:05,696 [INFO] HTTP Request: POST http://localhost:2026/v1/chat/completions "HTTP/1.1 200 OK"
2026-05-01 23:08:05,697 [INFO] [180/3993] id=openseek-4-ef622595d GT=QandOthatoeDhtinscrutablydsea, ✅ (3251ch, 15.1s)
2026-05-01 23:08:07,205 [INFO] HTTP Request: POST http://localhost:2026/v1/chat/completions "HTTP/1.1 200 OK"
2026-05-01 23:08:07,205 [WARNING]   [attempt 1 T=0.0] think validate 失败 (len=4657): 'Okay, let's see. I need to concatenate this list of strings into a single line w'
2026-05-01 23:08:08,232 [INFO] HTTP Request: POST http://localhost:2026/v1/chat/completions "HTTP/1.1 200 OK"
2026-05-01 23:08:08,234 [INFO] [181/3993] id=openseek-4-3f5b3d0f3 GT=ygKumouthsft ✅ (2731ch, 10.9s)
2026-05-01 23:08:12,661 [INFO] HTTP Request: POST http://localhost:2026/v1/chat/completions "HTTP/1.1 200 OK"
2026-05-01 23:08:12,662 [INFO] [182/3993] id=openseek-4-4ec70a7ac GT=vz ✅ (1129ch, 4.4s)
2026-05-01 23:08:19,024 [INFO] HTTP Request: POST http://localhost:2026/v1/chat/completions "HTTP/1.1 200 OK"
2026-05-01 23:08:19,026 [INFO] [183/3993] id=openseek-4-cb3ba8c62 GT=infHemthem4leagues.xWqj ✅ (2904ch, 31.5s)
2026-05-01 23:08:19,170 [INFO] HTTP Request: POST http://localhost:2026/v1/chat/completions "HTTP/1.1 200 OK"
2026-05-01 23:08:19,171 [INFO] [184/3993] id=openseek-4-3e5d783a6 GT=giganticqoqfoundYyatmosphereND ✅ (2923ch, 13.5s)
2026-05-01 23:08:22,373 [INFO] HTTP Request: POST http://localhost:2026/v1/chat/completions "HTTP/1.1 200 OK"
2026-05-01 23:08:22,374 [INFO] [185/3993] id=openseek-4-9465fd1f6 GT=wF ✅ (913ch, 3.3s)
2026-05-01 23:08:22,500 [INFO] HTTP Request: POST http://localhost:2026/v1/chat/completions "HTTP/1.1 200 OK"
2026-05-01 23:08:22,501 [INFO] [186/3993] id=openseek-4-239d0acbd GT=toderQBypbrawnjthisNvi ✅ (2344ch, 9.8s)
2026-05-01 23:08:22,905 [INFO] HTTP Request: POST http://localhost:2026/v1/chat/completions "HTTP/1.1 200 OK"
2026-05-01 23:08:22,906 [INFO] [187/3993] id=openseek-4-a23914825 GT=HT ✅ (917ch, 3.7s)
2026-05-01 23:08:28,878 [INFO] HTTP Request: POST http://localhost:2026/v1/chat/completions "HTTP/1.1 200 OK"
2026-05-01 23:08:28,879 [INFO] [188/3993] id=openseek-4-2b21ad6a5 GT=glrankOVd ✅ (1411ch, 6.5s)
2026-05-01 23:08:33,206 [INFO] HTTP Request: POST http://localhost:2026/v1/chat/completions "HTTP/1.1 200 OK"
2026-05-01 23:08:33,207 [INFO] [189/3993] id=openseek-4-c42a44b86 GT=TfdeadpXNthefHd ✅ (2602ch, 10.7s)
2026-05-01 23:08:36,649 [INFO] HTTP Request: POST http://localhost:2026/v1/chat/completions "HTTP/1.1 200 OK"
2026-05-01 23:08:36,650 [INFO] [190/3993] id=openseek-4-dcfa63241 GT=hX ✅ (657ch, 3.4s)
2026-05-01 23:08:37,312 [INFO] HTTP Request: POST http://localhost:2026/v1/chat/completions "HTTP/1.1 200 OK"
2026-05-01 23:08:37,313 [INFO] [191/3993] id=openseek-4-009a33576 GT=qtherein.xdon9tRPfroLfbeenqra ✅ (3300ch, 14.4s)
2026-05-01 23:08:40,042 [INFO] HTTP Request: POST http://localhost:2026/v1/chat/completions "HTTP/1.1 200 OK"
2026-05-01 23:08:40,043 [INFO] [192/3993] id=openseek-4-d79b7b1dc GT=lanterns,HtheHintentgCMJ ✅ (2624ch, 11.2s)
2026-05-01 23:08:41,468 [INFO] HTTP Request: POST http://localhost:2026/v1/chat/completions "HTTP/1.1 200 OK"
2026-05-01 23:08:41,469 [INFO] [193/3993] id=openseek-4-80c31259a GT=pnearestn ✅ (1127ch, 4.2s)
2026-05-01 23:08:46,335 [INFO] HTTP Request: POST http://localhost:2026/v1/chat/completions "HTTP/1.1 200 OK"
2026-05-01 23:08:46,337 [INFO] [194/3993] id=openseek-4-cab04657f GT=allvMr.Vtime,WwithxYp ✅ (2411ch, 9.7s)
2026-05-01 23:08:47,874 [INFO] HTTP Request: POST http://localhost:2026/v1/chat/completions "HTTP/1.1 200 OK"
2026-05-01 23:08:47,875 [INFO] [195/3993] id=openseek-4-a301af65b GT=thatcztfromw ✅ (1309ch, 6.4s)
2026-05-01 23:08:52,322 [INFO] HTTP Request: POST http://localhost:2026/v1/chat/completions "HTTP/1.1 200 OK"
2026-05-01 23:08:52,324 [INFO] [196/3993] id=openseek-4-9bd4d1ecf GT=forVboundingEE ✅ (1655ch, 6.0s)
2026-05-01 23:08:53,162 [INFO] HTTP Request: POST http://localhost:2026/v1/chat/completions "HTTP/1.1 200 OK"
2026-05-01 23:08:53,163 [INFO] [197/3993] id=openseek-4-c1f01013f GT=toFQsbyQAandEhim,Peasy4whybq ✅ (2913ch, 13.1s)
2026-05-01 23:08:57,494 [INFO] HTTP Request: POST http://localhost:2026/v1/chat/completions "HTTP/1.1 200 OK"
2026-05-01 23:08:57,495 [INFO] [198/3993] id=openseek-4-41dbc66f9 GT=withoutJw ✅ (1106ch, 4.3s)
2026-05-01 23:08:59,768 [INFO] HTTP Request: POST http://localhost:2026/v1/chat/completions "HTTP/1.1 200 OK"
2026-05-01 23:08:59,770 [INFO] [199/3993] id=openseek-4-1348af7e9 GT=kzjreciprocallyM ✅ (1826ch, 7.4s)
2026-05-01 23:09:00,311 [INFO] HTTP Request: POST http://localhost:2026/v1/chat/completions "HTTP/1.1 200 OK"
2026-05-01 23:09:00,313 [INFO] [200/3993] id=openseek-4-089f22357 GT=hisnmightiestZsudden,E ✅ (3285ch, 12.4s)
2026-05-01 23:09:00,351 [INFO]   💾 已保存 (成功=199 失败=1) | 3.8s/条均值 | ETA=238min
2026-05-01 23:09:03,471 [INFO] HTTP Request: POST http://localhost:2026/v1/chat/completions "HTTP/1.1 200 OK"
2026-05-01 23:09:03,472 [INFO] [201/3993] id=openseek-4-2d1b3b57a GT=fishersLVW ✅ (1495ch, 6.0s)
2026-05-01 23:09:11,151 [INFO] HTTP Request: POST http://localhost:2026/v1/chat/completions "HTTP/1.1 200 OK"
2026-05-01 23:09:11,153 [INFO] [202/3993] id=openseek-4-9d6f9f9dd GT=god.OUexpectantZXIdsayZ ✅ (2580ch, 10.8s)
2026-05-01 23:09:12,263 [INFO] HTTP Request: POST http://localhost:2026/v1/chat/completions "HTTP/1.1 200 OK"
2026-05-01 23:09:12,264 [INFO] [203/3993] id=openseek-4-1e4c29e6e GT=dzzothersorzwasx ✅ (2012ch, 8.8s)
2026-05-01 23:09:12,930 [INFO] HTTP Request: POST http://localhost:2026/v1/chat/completions "HTTP/1.1 200 OK"
2026-05-01 23:09:12,932 [INFO] [204/3993] id=openseek-4-5ba00061a GT=mtablets,LNareaVWfourF ✅ (3181ch, 13.2s)
2026-05-01 23:09:15,027 [INFO] HTTP Request: POST http://localhost:2026/v1/chat/completions "HTTP/1.1 200 OK"
2026-05-01 23:09:15,029 [INFO] [205/3993] id=openseek-4-7f8d6a93f GT=Uu ✅ (1038ch, 3.9s)
2026-05-01 23:09:18,106 [INFO] HTTP Request: POST http://localhost:2026/v1/chat/completions "HTTP/1.1 200 OK"
2026-05-01 23:09:18,108 [INFO] [206/3993] id=openseek-4-e63851a14 GT=kXgoingC ✅ (1151ch, 5.2s)
2026-05-01 23:09:27,958 [INFO] HTTP Request: POST http://localhost:2026/v1/chat/completions "HTTP/1.1 200 OK"
2026-05-01 23:09:27,959 [INFO] [207/3993] id=openseek-4-f909b73a7 GT=intiOncefseas,qifihoistingk ✅ (3899ch, 15.7s)
2026-05-01 23:09:30,087 [INFO] HTTP Request: POST http://localhost:2026/v1/chat/completions "HTTP/1.1 200 OK"
2026-05-01 23:09:30,089 [INFO] [208/3993] id=openseek-4-c9d478fcc GT=JNUitvfifteentandBitwremotests ✅ (3242ch, 15.1s)
2026-05-01 23:09:31,830 [INFO] HTTP Request: POST http://localhost:2026/v1/chat/completions "HTTP/1.1 200 OK"
2026-05-01 23:09:31,832 [INFO] [209/3993] id=openseek-4-271a9a5b1 GT=cSartain,twsecluded.IIxdrsound ✅ (3053ch, 13.7s)
2026-05-01 23:09:36,298 [INFO] HTTP Request: POST http://localhost:2026/v1/chat/completions "HTTP/1.1 200 OK"
2026-05-01 23:09:36,299 [INFO] [210/3993] id=openseek-4-3725bf01e GT=didSarePwouldn ✅ (1562ch, 6.2s)
2026-05-01 23:09:39,713 [INFO] HTTP Request: POST http://localhost:2026/v1/chat/completions "HTTP/1.1 200 OK"
2026-05-01 23:09:39,715 [INFO] [211/3993] id=openseek-4-4a6e9acbc GT=dodbreakJMN ✅ (1910ch, 7.9s)
2026-05-01 23:09:41,062 [INFO] HTTP Request: POST http://localhost:2026/v1/chat/completions "HTTP/1.1 200 OK"
2026-05-01 23:09:41,063 [INFO] [212/3993] id=openseek-4-2116a3f5b GT=vcalled4provesNandBcharacteram ✅ (3310ch, 13.1s)
2026-05-01 23:09:46,391 [INFO] HTTP Request: POST http://localhost:2026/v1/chat/completions "HTTP/1.1 200 OK"
2026-05-01 23:09:46,393 [INFO] [213/3993] id=openseek-4-8a15e3950 GT=moodyGX ✅ (2745ch, 10.1s)
2026-05-01 23:09:48,131 [INFO] HTTP Request: POST http://localhost:2026/v1/chat/completions "HTTP/1.1 200 OK"
2026-05-01 23:09:48,132 [INFO] [214/3993] id=openseek-4-5e9cdd08a GT=nmiQzl ✅ (1751ch, 7.1s)
2026-05-01 23:09:55,427 [INFO] HTTP Request: POST http://localhost:2026/v1/chat/completions "HTTP/1.1 200 OK"
2026-05-01 23:09:55,429 [INFO] [215/3993] id=openseek-4-6715c5b99 GT=littlelgetWCsymbolLwerethadUti ✅ (3800ch, 15.7s)
2026-05-01 23:09:57,588 [INFO] HTTP Request: POST http://localhost:2026/v1/chat/completions "HTTP/1.1 200 OK"
2026-05-01 23:09:57,590 [INFO] [216/3993] id=openseek-4-f9a4cc1f6 GT=aye,fAldrovandi;HvO ✅ (2746ch, 11.2s)
2026-05-01 23:10:01,923 [INFO] HTTP Request: POST http://localhost:2026/v1/chat/completions "HTTP/1.1 200 OK"
2026-05-01 23:10:01,925 [INFO] [217/3993] id=openseek-4-a2f126e35 GT=somehowDxWxA ✅ (1491ch, 6.5s)
2026-05-01 23:10:03,621 [INFO] HTTP Request: POST http://localhost:2026/v1/chat/completions "HTTP/1.1 200 OK"
2026-05-01 23:10:03,623 [INFO] [218/3993] id=openseek-4-068868717 GT=jofiduplicates,lvvoyageAtwhale ✅ (3627ch, 15.5s)
2026-05-01 23:10:06,230 [INFO] HTTP Request: POST http://localhost:2026/v1/chat/completions "HTTP/1.1 200 OK"
2026-05-01 23:10:06,231 [INFO] [219/3993] id=openseek-4-d2bdec643 GT=deV ✅ (1092ch, 4.3s)
2026-05-01 23:10:08,197 [INFO] HTTP Request: POST http://localhost:2026/v1/chat/completions "HTTP/1.1 200 OK"
2026-05-01 23:10:08,199 [INFO] [220/3993] id=openseek-4-1db034b55 GT=smallgtherztime.EbInthathsuchd ✅ (2613ch, 10.6s)
2026-05-01 23:10:11,753 [INFO] HTTP Request: POST http://localhost:2026/v1/chat/completions "HTTP/1.1 200 OK"
2026-05-01 23:10:11,754 [INFO] [221/3993] id=openseek-4-df9ca64b6 GT=Right.YorP ✅ (1422ch, 5.5s)
2026-05-01 23:10:11,849 [INFO] HTTP Request: POST http://localhost:2026/v1/chat/completions "HTTP/1.1 200 OK"
2026-05-01 23:10:11,851 [INFO] [222/3993] id=openseek-4-92f694e81 GT=mightyQZCanallerDfollowingJ ✅ (2145ch, 8.2s)
2026-05-01 23:10:18,304 [INFO] HTTP Request: POST http://localhost:2026/v1/chat/completions "HTTP/1.1 200 OK"
2026-05-01 23:10:18,305 [INFO] [223/3993] id=openseek-4-d637bce69 GT=throwOTmembrane,d ✅ (1725ch, 6.6s)
2026-05-01 23:10:23,592 [INFO] HTTP Request: POST http://localhost:2026/v1/chat/completions "HTTP/1.1 200 OK"
2026-05-01 23:10:23,594 [INFO] [224/3993] id=openseek-4-ca17b4a12 GT=spermPYbeforemSexpansionpItBth ✅ (2948ch, 11.7s)
2026-05-01 23:10:24,063 [INFO] HTTP Request: POST http://localhost:2026/v1/chat/completions "HTTP/1.1 200 OK"
2026-05-01 23:10:24,065 [INFO] [225/3993] id=openseek-4-39ae3226b GT=xMvwhich,WindofUW ✅ (3546ch, 15.9s)
2026-05-01 23:10:25,932 [INFO] HTTP Request: POST http://localhost:2026/v1/chat/completions "HTTP/1.1 200 OK"
2026-05-01 23:10:25,934 [INFO] [226/3993] id=openseek-4-6f7a16706 GT=MrhisgCawayKr ✅ (1831ch, 7.6s)
2026-05-01 23:10:30,522 [INFO] HTTP Request: POST http://localhost:2026/v1/chat/completions "HTTP/1.1 200 OK"
2026-05-01 23:10:30,524 [INFO] [227/3993] id=openseek-4-c6cd90d8e GT=FAIH ✅ (1193ch, 4.6s)
2026-05-01 23:10:35,221 [INFO] HTTP Request: POST http://localhost:2026/v1/chat/completions "HTTP/1.1 200 OK"
2026-05-01 23:10:35,222 [INFO] [228/3993] id=openseek-4-d7ce02c52 GT=tornadoes.yQisolationVcomprehe ✅ (2890ch, 11.6s)
2026-05-01 23:10:37,974 [INFO] HTTP Request: POST http://localhost:2026/v1/chat/completions "HTTP/1.1 200 OK"
2026-05-01 23:10:37,975 [INFO] [229/3993] id=openseek-4-66ace8142 GT=evenjSswhale,pTgOhiszitsh ✅ (3175ch, 13.9s)
2026-05-01 23:10:39,568 [INFO] HTTP Request: POST http://localhost:2026/v1/chat/completions "HTTP/1.1 200 OK"
2026-05-01 23:10:39,570 [INFO] [230/3993] id=openseek-4-dc832fae7 GT=fromdpisc ✅ (2381ch, 9.0s)
2026-05-01 23:10:46,047 [INFO] HTTP Request: POST http://localhost:2026/v1/chat/completions "HTTP/1.1 200 OK"
2026-05-01 23:10:46,048 [INFO] [231/3993] id=openseek-4-2fb0536df GT=neverOtCUOAsa ✅ (1351ch, 6.5s)
2026-05-01 23:10:54,959 [INFO] HTTP Request: POST http://localhost:2026/v1/chat/completions "HTTP/1.1 200 OK"
2026-05-01 23:10:54,961 [INFO] [232/3993] id=openseek-4-a49ee07fe GT=shefhim,dJDAwjFto-night;FyouEi ✅ (3571ch, 17.0s)
2026-05-01 23:10:55,768 [INFO] HTTP Request: POST http://localhost:2026/v1/chat/completions "HTTP/1.1 200 OK"
2026-05-01 23:10:55,769 [WARNING]   [attempt 1 T=0.0] think validate 失败 (len=4680): 'Okay, let's see. I need to concatenate this list of strings into a single line w'
2026-05-01 23:11:00,077 [INFO] HTTP Request: POST http://localhost:2026/v1/chat/completions "HTTP/1.1 200 OK"
2026-05-01 23:11:00,079 [INFO] [233/3993] id=openseek-4-eacc7e8e3 GT=is,dvhav9n9tOtheSBwhale,i ✅ (3103ch, 14.0s)
2026-05-01 23:11:07,471 [INFO] HTTP Request: POST http://localhost:2026/v1/chat/completions "HTTP/1.1 200 OK"
2026-05-01 23:11:07,472 [INFO] [234/3993] id=openseek-4-57fd6928a GT=buttzqyEvenHjthroughOka ✅ (2832ch, 12.5s)
2026-05-01 23:11:07,605 [INFO] HTTP Request: POST http://localhost:2026/v1/chat/completions "HTTP/1.1 200 OK"
2026-05-01 23:11:07,607 [INFO] [235/3993] id=openseek-4-2dcf43a1a GT=YvRwavedPZcthehandSF ✅ (2820ch, 32.4s)
2026-05-01 23:11:17,852 [INFO] HTTP Request: POST http://localhost:2026/v1/chat/completions "HTTP/1.1 200 OK"
2026-05-01 23:11:17,854 [INFO] [236/3993] id=openseek-4-685e361ee GT=PcThenwthat9sxis,ypDRb ✅ (3842ch, 17.8s)
2026-05-01 23:11:18,845 [INFO] HTTP Request: POST http://localhost:2026/v1/chat/completions "HTTP/1.1 200 OK"
2026-05-01 23:11:18,847 [INFO] [237/3993] id=openseek-4-ab22430c9 GT=movingLgenerallyzaTjQ ✅ (3014ch, 11.2s)
2026-05-01 23:11:25,048 [INFO] HTTP Request: POST http://localhost:2026/v1/chat/completions "HTTP/1.1 200 OK"
2026-05-01 23:11:25,049 [WARNING]   [attempt 1 T=0.0] think validate 失败 (len=4103): 'Okay, let's see. I need to concatenate this list of strings into a single line w'
2026-05-01 23:11:28,159 [INFO] HTTP Request: POST http://localhost:2026/v1/chat/completions "HTTP/1.1 200 OK"
2026-05-01 23:11:28,161 [INFO] [238/3993] id=openseek-4-2e147934b GT=ZXsometimesomWdoClpantryk ✅ (2616ch, 10.3s)
2026-05-01 23:11:28,420 [INFO] HTTP Request: POST http://localhost:2026/v1/chat/completions "HTTP/1.1 200 OK"
2026-05-01 23:11:28,422 [INFO] [239/3993] id=openseek-4-149fbf5e7 GT=rmendwhalessQG ✅ (2358ch, 9.6s)
2026-05-01 23:11:32,506 [INFO] HTTP Request: POST http://localhost:2026/v1/chat/completions "HTTP/1.1 200 OK"
2026-05-01 23:11:32,507 [INFO] [240/3993] id=openseek-4-f1eecaf88 GT=myLO ✅ (1027ch, 4.3s)
2026-05-01 23:11:33,614 [INFO] HTTP Request: POST http://localhost:2026/v1/chat/completions "HTTP/1.1 200 OK"
2026-05-01 23:11:33,616 [INFO] [241/3993] id=openseek-4-d33f9a6f7 GT=eappropriatepD ✅ (1315ch, 5.2s)
2026-05-01 23:11:38,891 [INFO] HTTP Request: POST http://localhost:2026/v1/chat/completions "HTTP/1.1 200 OK"
2026-05-01 23:11:38,893 [INFO] [242/3993] id=openseek-4-7b6460ef0 GT=orythelqLkTfiredOEsome,L ✅ (3251ch, 31.4s)
2026-05-01 23:11:43,115 [INFO] HTTP Request: POST http://localhost:2026/v1/chat/completions "HTTP/1.1 200 OK"
2026-05-01 23:11:43,117 [INFO] [243/3993] id=openseek-4-cb2be10ac GT=dearYSphynx9sXtempest;mghisBfi ✅ (2362ch, 10.6s)
2026-05-01 23:11:48,240 [INFO] HTTP Request: POST http://localhost:2026/v1/chat/completions "HTTP/1.1 200 OK"
2026-05-01 23:11:48,242 [INFO] [244/3993] id=openseek-4-6a3d73090 GT=otoHtheyVRQuick!dlVtakesr ✅ (3349ch, 14.6s)
2026-05-01 23:11:48,952 [INFO] HTTP Request: POST http://localhost:2026/v1/chat/completions "HTTP/1.1 200 OK"
2026-05-01 23:11:48,953 [INFO] [245/3993] id=openseek-4-186829b40 GT=pProphetJ ✅ (1385ch, 5.8s)
2026-05-01 23:11:49,800 [INFO] HTTP Request: POST http://localhost:2026/v1/chat/completions "HTTP/1.1 200 OK"
2026-05-01 23:11:49,802 [INFO] [246/3993] id=openseek-4-81d647855 GT=experience,ODjironzVOLandz ✅ (2667ch, 10.9s)
2026-05-01 23:11:56,264 [INFO] HTTP Request: POST http://localhost:2026/v1/chat/completions "HTTP/1.1 200 OK"
2026-05-01 23:11:56,266 [INFO] [247/3993] id=openseek-4-f2ae52d27 GT=slappedFQ ✅ (1677ch, 7.3s)
2026-05-01 23:12:01,530 [INFO] HTTP Request: POST http://localhost:2026/v1/chat/completions "HTTP/1.1 200 OK"
2026-05-01 23:12:01,531 [INFO] [248/3993] id=openseek-4-c3e551116 GT=MindKsubject?gQnikwthoughO ✅ (3206ch, 13.3s)
2026-05-01 23:12:05,118 [INFO] HTTP Request: POST http://localhost:2026/v1/chat/completions "HTTP/1.1 200 OK"
2026-05-01 23:12:05,120 [INFO] [249/3993] id=openseek-4-53e6a2260 GT=atshim,talsorchanced,OofXwitvI ✅ (3596ch, 15.3s)
2026-05-01 23:12:06,098 [INFO] HTTP Request: POST http://localhost:2026/v1/chat/completions "HTTP/1.1 200 OK"
2026-05-01 23:12:06,100 [INFO] [250/3993] id=openseek-4-3d7c9105a GT=bcertainlLOhTwoH ✅ (2520ch, 9.8s)
2026-05-01 23:12:12,558 [INFO] HTTP Request: POST http://localhost:2026/v1/chat/completions "HTTP/1.1 200 OK"
2026-05-01 23:12:12,559 [INFO] [251/3993] id=openseek-4-75aefe1c4 GT=ApJhO ✅ (1975ch, 7.4s)
2026-05-01 23:12:14,702 [INFO] HTTP Request: POST http://localhost:2026/v1/chat/completions "HTTP/1.1 200 OK"
2026-05-01 23:12:14,703 [INFO] [252/3993] id=openseek-4-8686579a4 GT=silence;BYLp ✅ (2120ch, 8.6s)
2026-05-01 23:12:16,667 [INFO] HTTP Request: POST http://localhost:2026/v1/chat/completions "HTTP/1.1 200 OK"
2026-05-01 23:12:16,669 [INFO] [253/3993] id=openseek-4-2a802a301 GT=onLis.qvAGboat,NPnH ✅ (3453ch, 15.1s)
2026-05-01 23:12:20,037 [INFO] HTTP Request: POST http://localhost:2026/v1/chat/completions "HTTP/1.1 200 OK"
2026-05-01 23:12:20,039 [INFO] [254/3993] id=openseek-4-cd9bcdd0b GT=cupeZyktheira ✅ (1809ch, 7.5s)
2026-05-01 23:12:25,641 [INFO] HTTP Request: POST http://localhost:2026/v1/chat/completions "HTTP/1.1 200 OK"
2026-05-01 23:12:25,643 [INFO] [255/3993] id=openseek-4-2fabb0376 GT=XHeqdasVJT ✅ (2132ch, 9.0s)
2026-05-01 23:12:28,392 [INFO] HTTP Request: POST http://localhost:2026/v1/chat/completions "HTTP/1.1 200 OK"
2026-05-01 23:12:28,393 [INFO] [256/3993] id=openseek-4-1fe2417ff GT=tPasRAthatFwjaw,xaD ✅ (3151ch, 13.7s)
2026-05-01 23:12:31,231 [INFO] HTTP Request: POST http://localhost:2026/v1/chat/completions "HTTP/1.1 200 OK"
2026-05-01 23:12:31,233 [INFO] [257/3993] id=openseek-4-572f7b28b GT=world.kARlikeFaBNFb ✅ (2684ch, 11.2s)
2026-05-01 23:12:32,614 [INFO] HTTP Request: POST http://localhost:2026/v1/chat/completions "HTTP/1.1 200 OK"
2026-05-01 23:12:32,615 [INFO] [258/3993] id=openseek-4-7a43b7be1 GT=ifihKxGadmonitoryQ ✅ (1679ch, 7.0s)
2026-05-01 23:12:35,301 [INFO] HTTP Request: POST http://localhost:2026/v1/chat/completions "HTTP/1.1 200 OK"
2026-05-01 23:12:35,302 [INFO] [259/3993] id=openseek-4-885946063 GT=thousandwofa ✅ (1534ch, 6.9s)
2026-05-01 23:12:39,539 [INFO] HTTP Request: POST http://localhost:2026/v1/chat/completions "HTTP/1.1 200 OK"
2026-05-01 23:12:39,541 [INFO] [260/3993] id=openseek-4-e4aff44ff GT=uflbutts.Ba ✅ (1742ch, 6.9s)
2026-05-01 23:12:48,437 [INFO] HTTP Request: POST http://localhost:2026/v1/chat/completions "HTTP/1.1 200 OK"
2026-05-01 23:12:48,439 [INFO] [261/3993] id=openseek-4-a6b1451ba GT=terrorsJsaidyeachmJthosensweet ✅ (2104ch, 8.9s)
2026-05-01 23:12:48,492 [INFO] HTTP Request: POST http://localhost:2026/v1/chat/completions "HTTP/1.1 200 OK"
2026-05-01 23:12:48,494 [INFO] [262/3993] id=openseek-4-0bb210a54 GT=nIpnorGoft ✅ (3000ch, 13.2s)
2026-05-01 23:12:48,880 [INFO] HTTP Request: POST http://localhost:2026/v1/chat/completions "HTTP/1.1 200 OK"
2026-05-01 23:12:48,881 [WARNING]   [attempt 1 T=0.0] think validate 失败 (len=4300): 'Okay, let's see. I need to concatenate this list of strings into a single line w'
2026-05-01 23:13:00,243 [INFO] HTTP Request: POST http://localhost:2026/v1/chat/completions "HTTP/1.1 200 OK"
2026-05-01 23:13:00,244 [INFO] [263/3993] id=openseek-4-992ccba94 GT=hxcSo,gibutO ✅ (2365ch, 11.8s)
2026-05-01 23:13:04,223 [INFO] HTTP Request: POST http://localhost:2026/v1/chat/completions "HTTP/1.1 200 OK"
2026-05-01 23:13:04,225 [INFO] [264/3993] id=openseek-4-1d7756f2f GT=mevwentQvchiselledOthatujthehb ✅ (3544ch, 15.8s)
2026-05-01 23:13:07,580 [INFO] HTTP Request: POST http://localhost:2026/v1/chat/completions "HTTP/1.1 200 OK"
2026-05-01 23:13:07,581 [INFO] [265/3993] id=openseek-4-dbf25f6a4 GT=performingEJ ✅ (1814ch, 7.3s)
2026-05-01 23:13:10,381 [INFO] HTTP Request: POST http://localhost:2026/v1/chat/completions "HTTP/1.1 200 OK"
2026-05-01 23:13:10,382 [WARNING]   [attempt 2 T=0.3] think validate 失败 (len=4791): 'Okay, let's see. I need to concatenate this list of strings into a single line w'
2026-05-01 23:13:11,833 [INFO] HTTP Request: POST http://localhost:2026/v1/chat/completions "HTTP/1.1 200 OK"
2026-05-01 23:13:11,834 [INFO] [266/3993] id=openseek-4-3e39a3eb2 GT=bcircumambientd ✅ (1041ch, 4.3s)
2026-05-01 23:13:13,507 [INFO] HTTP Request: POST http://localhost:2026/v1/chat/completions "HTTP/1.1 200 OK"
2026-05-01 23:13:13,508 [INFO] [267/3993] id=openseek-4-2847e6fe8 GT=cTEcreaturedk ✅ (2253ch, 9.3s)
2026-05-01 23:13:21,234 [INFO] HTTP Request: POST http://localhost:2026/v1/chat/completions "HTTP/1.1 200 OK"
2026-05-01 23:13:21,235 [INFO] [268/3993] id=openseek-4-5b9928a52 GT=someDthectrHrpipeMG ✅ (2214ch, 9.4s)
2026-05-01 23:13:24,156 [INFO] HTTP Request: POST http://localhost:2026/v1/chat/completions "HTTP/1.1 200 OK"
2026-05-01 23:13:24,158 [INFO] [269/3993] id=openseek-4-71850fe2d GT=withOevaporatenKbitterBHebrewI ✅ (2530ch, 10.6s)
2026-05-01 23:13:29,147 [INFO] HTTP Request: POST http://localhost:2026/v1/chat/completions "HTTP/1.1 200 OK"
2026-05-01 23:13:29,148 [INFO] [270/3993] id=openseek-4-beebedd48 GT=shadW ✅ (1238ch, 5.0s)
2026-05-01 23:13:30,707 [INFO] HTTP Request: POST http://localhost:2026/v1/chat/completions "HTTP/1.1 200 OK"
2026-05-01 23:13:30,708 [INFO] [271/3993] id=openseek-4-059301ced GT=GgthatfgloomV ✅ (2349ch, 9.5s)
2026-05-01 23:13:40,534 [INFO] HTTP Request: POST http://localhost:2026/v1/chat/completions "HTTP/1.1 200 OK"
2026-05-01 23:13:40,535 [WARNING]   [attempt 3 T=0.6] think validate 失败 (len=6524): 'Okay, let's see. I need to concatenate this list of strings into a single line w'
2026-05-01 23:13:40,536 [WARNING] [272/3993] id=openseek-4-bc9297cb3 GT=UfishermenMULikewise,atheybclo ❌ (69.3s)
2026-05-01 23:13:40,734 [INFO] HTTP Request: POST http://localhost:2026/v1/chat/completions "HTTP/1.1 200 OK"
2026-05-01 23:13:40,736 [INFO] [273/3993] id=openseek-4-1208ae47e GT=vsJSofG ✅ (2384ch, 10.0s)
2026-05-01 23:13:44,407 [INFO] HTTP Request: POST http://localhost:2026/v1/chat/completions "HTTP/1.1 200 OK"
2026-05-01 23:13:44,409 [INFO] [274/3993] id=openseek-4-b1c2efdd2 GT=BWyearswtheYEyyawhichN ✅ (3651ch, 15.3s)
2026-05-01 23:13:49,536 [INFO] HTTP Request: POST http://localhost:2026/v1/chat/completions "HTTP/1.1 200 OK"
2026-05-01 23:13:49,538 [INFO] [275/3993] id=openseek-4-a17de1081 GT=StoPFthereQ ✅ (2234ch, 8.8s)
2026-05-01 23:13:53,910 [INFO] HTTP Request: POST http://localhost:2026/v1/chat/completions "HTTP/1.1 200 OK"
2026-05-01 23:13:53,911 [INFO] [276/3993] id=openseek-4-dfd0ffe35 GT=uoAinterdictedR ✅ (2557ch, 9.5s)
2026-05-01 23:13:54,796 [INFO] HTTP Request: POST http://localhost:2026/v1/chat/completions "HTTP/1.1 200 OK"
2026-05-01 23:13:54,797 [INFO] [277/3993] id=openseek-4-cd6a9eb2d GT=didBdspreadVonlyJREplacesInote ✅ (3362ch, 14.3s)
2026-05-01 23:14:00,542 [INFO] HTTP Request: POST http://localhost:2026/v1/chat/completions "HTTP/1.1 200 OK"
2026-05-01 23:14:00,544 [INFO] [278/3993] id=openseek-4-820cfe98d GT=YJmundanekhsweetro ✅ (1554ch, 6.6s)
2026-05-01 23:14:00,760 [INFO] HTTP Request: POST http://localhost:2026/v1/chat/completions "HTTP/1.1 200 OK"
2026-05-01 23:14:00,762 [INFO] [279/3993] id=openseek-4-d68682a87 GT=bZboXjaw-bonea ✅ (2627ch, 11.2s)
2026-05-01 23:14:04,641 [INFO] HTTP Request: POST http://localhost:2026/v1/chat/completions "HTTP/1.1 200 OK"
2026-05-01 23:14:04,643 [INFO] [280/3993] id=openseek-4-43e85bc36 GT=actuallyDcAh,xdi ✅ (2461ch, 9.8s)
2026-05-01 23:14:09,056 [INFO] HTTP Request: POST http://localhost:2026/v1/chat/completions "HTTP/1.1 200 OK"
2026-05-01 23:14:09,057 [INFO] [281/3993] id=openseek-4-846d4deb2 GT=KZqUvjvc ✅ (1954ch, 8.5s)
2026-05-01 23:14:13,672 [INFO] HTTP Request: POST http://localhost:2026/v1/chat/completions "HTTP/1.1 200 OK"
2026-05-01 23:14:13,673 [INFO] [282/3993] id=openseek-4-3ed400a27 GT=stayedGTandpRcourseyBcoursecT ✅ (3003ch, 12.9s)
2026-05-01 23:14:14,910 [INFO] HTTP Request: POST http://localhost:2026/v1/chat/completions "HTTP/1.1 200 OK"
2026-05-01 23:14:14,912 [INFO] [283/3993] id=openseek-4-5f905d466 GT=MwremainsRz ✅ (1437ch, 5.9s)
2026-05-01 23:14:16,481 [INFO] HTTP Request: POST http://localhost:2026/v1/chat/completions "HTTP/1.1 200 OK"
2026-05-01 23:14:16,483 [INFO] [284/3993] id=openseek-4-9c13c016b GT=didSTQybwyitzhh ✅ (2984ch, 11.8s)
2026-05-01 23:14:23,162 [INFO] HTTP Request: POST http://localhost:2026/v1/chat/completions "HTTP/1.1 200 OK"
2026-05-01 23:14:23,163 [INFO] [285/3993] id=openseek-4-a38fca0bf GT=tailhthatp ✅ (1755ch, 6.7s)
2026-05-01 23:14:24,142 [INFO] HTTP Request: POST http://localhost:2026/v1/chat/completions "HTTP/1.1 200 OK"
2026-05-01 23:14:24,144 [INFO] [286/3993] id=openseek-4-8d238d714 GT=bviewsxdshipwsuccessfullyI ✅ (2363ch, 9.2s)
2026-05-01 23:14:26,125 [INFO] HTTP Request: POST http://localhost:2026/v1/chat/completions "HTTP/1.1 200 OK"
2026-05-01 23:14:26,126 [INFO] [287/3993] id=openseek-4-a6ab06c72 GT=uRbwithVPlook-outs,MsspiracleI ✅ (2950ch, 12.5s)
2026-05-01 23:14:28,872 [INFO] HTTP Request: POST http://localhost:2026/v1/chat/completions "HTTP/1.1 200 OK"
2026-05-01 23:14:28,874 [INFO] [288/3993] id=openseek-4-13f3b3417 GT=isJthenk ✅ (1405ch, 5.7s)
2026-05-01 23:14:31,421 [INFO] HTTP Request: POST http://localhost:2026/v1/chat/completions "HTTP/1.1 200 OK"
2026-05-01 23:14:31,422 [INFO] [289/3993] id=openseek-4-686ebec88 GT=ejawMitself.d ✅ (1828ch, 7.3s)
2026-05-01 23:14:39,576 [INFO] HTTP Request: POST http://localhost:2026/v1/chat/completions "HTTP/1.1 200 OK"
2026-05-01 23:14:39,578 [INFO] [290/3993] id=openseek-4-fe72cd4f7 GT=Dapharpooneer,fVnow?dnIggleast ✅ (3196ch, 13.5s)
2026-05-01 23:14:41,696 [INFO] HTTP Request: POST http://localhost:2026/v1/chat/completions "HTTP/1.1 200 OK"
2026-05-01 23:14:41,698 [INFO] [291/3993] id=openseek-4-66e49a432 GT=CztoZlLord!Zaxsir,VgumsU ✅ (3030ch, 12.8s)
2026-05-01 23:14:47,621 [INFO] HTTP Request: POST http://localhost:2026/v1/chat/completions "HTTP/1.1 200 OK"
2026-05-01 23:14:47,623 [INFO] [292/3993] id=openseek-4-6661a45e5 GT=screwXthatDychasesianoiit.dc ✅ (3799ch, 16.2s)
2026-05-01 23:14:54,745 [INFO] HTTP Request: POST http://localhost:2026/v1/chat/completions "HTTP/1.1 200 OK"
2026-05-01 23:14:54,746 [INFO] [293/3993] id=openseek-4-df89a4954 GT=IitsAis;bK ✅ (1700ch, 7.1s)
2026-05-01 23:14:55,231 [INFO] HTTP Request: POST http://localhost:2026/v1/chat/completions "HTTP/1.1 200 OK"
2026-05-01 23:14:55,232 [INFO] [294/3993] id=openseek-4-a3ce524a2 GT=hungFyleither,Uethei ✅ (2931ch, 13.5s)
2026-05-01 23:14:56,654 [INFO] HTTP Request: POST http://localhost:2026/v1/chat/completions "HTTP/1.1 200 OK"
2026-05-01 23:14:56,655 [WARNING]   [attempt 1 T=0.0] think validate 失败 (len=4006): 'Okay, let's see. I need to concatenate this list of strings into a single line w'
2026-05-01 23:15:03,015 [INFO] HTTP Request: POST http://localhost:2026/v1/chat/completions "HTTP/1.1 200 OK"
2026-05-01 23:15:03,016 [INFO] [295/3993] id=openseek-4-92ee11757 GT=ButkEY ✅ (1972ch, 7.8s)
2026-05-01 23:15:04,658 [INFO] HTTP Request: POST http://localhost:2026/v1/chat/completions "HTTP/1.1 200 OK"
2026-05-01 23:15:04,660 [INFO] [296/3993] id=openseek-4-c5b399204 GT=thejracezL ✅ (2388ch, 9.9s)
2026-05-01 23:15:11,295 [INFO] HTTP Request: POST http://localhost:2026/v1/chat/completions "HTTP/1.1 200 OK"
2026-05-01 23:15:11,297 [INFO] [297/3993] id=openseek-4-b1651eb02 GT=OletgXW ✅ (1585ch, 6.6s)
2026-05-01 23:15:12,949 [INFO] HTTP Request: POST http://localhost:2026/v1/chat/completions "HTTP/1.1 200 OK"
2026-05-01 23:15:12,950 [INFO] [298/3993] id=openseek-4-e78dad9c5 GT=itvdiligentlyJpoorjosomnambuli ✅ (3638ch, 33.4s)
2026-05-01 23:15:16,179 [INFO] HTTP Request: POST http://localhost:2026/v1/chat/completions "HTTP/1.1 200 OK"
2026-05-01 23:15:16,181 [INFO] [299/3993] id=openseek-4-a863f62df GT=iholdyaTthisXCaptainb ✅ (3248ch, 13.2s)
2026-05-01 23:15:23,140 [INFO] HTTP Request: POST http://localhost:2026/v1/chat/completions "HTTP/1.1 200 OK"
2026-05-01 23:15:23,141 [INFO] [300/3993] id=openseek-4-a599a6419 GT=pregnantxItheLSZYIcanvas.QHJ ✅ (2347ch, 10.2s)
2026-05-01 23:15:23,164 [INFO]   💾 已保存 (成功=298 失败=2) | 3.8s/条均值 | ETA=233min
2026-05-01 23:15:29,459 [INFO] HTTP Request: POST http://localhost:2026/v1/chat/completions "HTTP/1.1 200 OK"
2026-05-01 23:15:29,461 [INFO] [301/3993] id=openseek-4-613f150c9 GT=andlbeMNnowQpreparativeRCaptai ✅ (3163ch, 18.2s)
2026-05-01 23:15:29,977 [INFO] HTTP Request: POST http://localhost:2026/v1/chat/completions "HTTP/1.1 200 OK"
2026-05-01 23:15:29,978 [INFO] [302/3993] id=openseek-4-8822ed8ba GT=rsoundkcutUCape-HornerQ ✅ (3346ch, 13.8s)
2026-05-01 23:15:33,365 [INFO] HTTP Request: POST http://localhost:2026/v1/chat/completions "HTTP/1.1 200 OK"
2026-05-01 23:15:33,366 [INFO] [303/3993] id=openseek-4-4fe213810 GT=foronotIorMIRxapublishedVU ✅ (2484ch, 10.2s)
2026-05-01 23:15:35,978 [INFO] HTTP Request: POST http://localhost:2026/v1/chat/completions "HTTP/1.1 200 OK"
2026-05-01 23:15:35,980 [INFO] [304/3993] id=openseek-4-f50df84dc GT=otoRelaborateg ✅ (1555ch, 6.0s)
2026-05-01 23:15:41,022 [INFO] HTTP Request: POST http://localhost:2026/v1/chat/completions "HTTP/1.1 200 OK"
2026-05-01 23:15:41,024 [INFO] [305/3993] id=openseek-4-839543b04 GT=FAsEcrushDbosom!pAmerican!dF ✅ (2818ch, 11.6s)
2026-05-01 23:15:43,432 [INFO] HTTP Request: POST http://localhost:2026/v1/chat/completions "HTTP/1.1 200 OK"
2026-05-01 23:15:43,433 [INFO] [306/3993] id=openseek-4-020c6acf2 GT=usir,jexceedinguparties;Fupde ✅ (2423ch, 10.1s)
2026-05-01 23:15:46,605 [INFO] HTTP Request: POST http://localhost:2026/v1/chat/completions "HTTP/1.1 200 OK"
2026-05-01 23:15:46,607 [INFO] [307/3993] id=openseek-4-753e2795b GT=FzabandonVhisgannouncede ✅ (2567ch, 10.6s)
2026-05-01 23:15:48,641 [INFO] HTTP Request: POST http://localhost:2026/v1/chat/completions "HTTP/1.1 200 OK"
2026-05-01 23:15:48,642 [INFO] [308/3993] id=openseek-4-be3e234d9 GT=oPHybowi ✅ (1672ch, 7.6s)
2026-05-01 23:15:51,300 [INFO] HTTP Request: POST http://localhost:2026/v1/chat/completions "HTTP/1.1 200 OK"
2026-05-01 23:15:51,301 [INFO] [309/3993] id=openseek-4-e1e84865c GT=toQZ ✅ (1200ch, 4.7s)
2026-05-01 23:15:56,296 [INFO] HTTP Request: POST http://localhost:2026/v1/chat/completions "HTTP/1.1 200 OK"
2026-05-01 23:15:56,297 [INFO] [310/3993] id=openseek-4-10899f88b GT=feetRrlM ✅ (1851ch, 7.7s)
2026-05-01 23:16:02,229 [INFO] HTTP Request: POST http://localhost:2026/v1/chat/completions "HTTP/1.1 200 OK"
2026-05-01 23:16:02,230 [WARNING]   [attempt 1 T=0.0] think validate 失败 (len=4241): 'Okay, let's see. I need to concatenate this list of strings into a single line w'
2026-05-01 23:16:04,528 [INFO] HTTP Request: POST http://localhost:2026/v1/chat/completions "HTTP/1.1 200 OK"
2026-05-01 23:16:04,529 [INFO] [311/3993] id=openseek-4-a23658df4 GT=BmuchaQRtheTAUItoA ✅ (2860ch, 13.2s)
2026-05-01 23:16:09,693 [INFO] HTTP Request: POST http://localhost:2026/v1/chat/completions "HTTP/1.1 200 OK"
2026-05-01 23:16:09,694 [INFO] [312/3993] id=openseek-4-db3ec1456 GT=finktheq ✅ (1278ch, 5.2s)
2026-05-01 23:16:11,468 [INFO] HTTP Request: POST http://localhost:2026/v1/chat/completions "HTTP/1.1 200 OK"
2026-05-01 23:16:11,469 [INFO] [313/3993] id=openseek-4-39f0aa77d GT=aqthatOletter-sorterSRMtheA ✅ (3639ch, 15.2s)
2026-05-01 23:16:14,827 [INFO] HTTP Request: POST http://localhost:2026/v1/chat/completions "HTTP/1.1 200 OK"
2026-05-01 23:16:14,828 [INFO] [314/3993] id=openseek-4-71aecfeb3 GT=cheerwlegendaryU ✅ (1246ch, 5.1s)
2026-05-01 23:16:19,285 [INFO] HTTP Request: POST http://localhost:2026/v1/chat/completions "HTTP/1.1 200 OK"
2026-05-01 23:16:19,286 [INFO] [315/3993] id=openseek-4-9df4baa9b GT=thisgitscUfwerentookuthissHGD ✅ (3661ch, 35.9s)
2026-05-01 23:16:21,758 [INFO] HTTP Request: POST http://localhost:2026/v1/chat/completions "HTTP/1.1 200 OK"
2026-05-01 23:16:21,759 [INFO] [316/3993] id=openseek-4-a902bee2f GT=ofVtoostFchewedn ✅ (1619ch, 6.9s)
2026-05-01 23:16:24,221 [INFO] HTTP Request: POST http://localhost:2026/v1/chat/completions "HTTP/1.1 200 OK"
2026-05-01 23:16:24,222 [INFO] [317/3993] id=openseek-4-32c3e16ec GT=shootsREbtobwyes,OiDeer,UvX ✅ (2929ch, 12.8s)
2026-05-01 23:16:30,324 [INFO] HTTP Request: POST http://localhost:2026/v1/chat/completions "HTTP/1.1 200 OK"
2026-05-01 23:16:30,325 [INFO] [318/3993] id=openseek-4-ae7404688 GT=XmstaggerPandImvnWydostG ✅ (2078ch, 8.6s)
2026-05-01 23:16:38,815 [INFO] HTTP Request: POST http://localhost:2026/v1/chat/completions "HTTP/1.1 200 OK"
2026-05-01 23:16:38,816 [WARNING]   [attempt 1 T=0.0] think validate 失败 (len=4416): 'Okay, let's see. I need to concatenate this list of strings into a single line w'
2026-05-01 23:16:39,211 [INFO] HTTP Request: POST http://localhost:2026/v1/chat/completions "HTTP/1.1 200 OK"
2026-05-01 23:16:39,212 [INFO] [319/3993] id=openseek-4-21c5ac373 GT=inuMboatSHofLkthen ✅ (3640ch, 15.0s)
2026-05-01 23:16:43,722 [INFO] HTTP Request: POST http://localhost:2026/v1/chat/completions "HTTP/1.1 200 OK"
2026-05-01 23:16:43,723 [INFO] [320/3993] id=openseek-4-dc99a27d2 GT=uquiteeZOsevenWUTshowEwentLlie ✅ (3285ch, 13.4s)
2026-05-01 23:16:49,605 [INFO] HTTP Request: POST http://localhost:2026/v1/chat/completions "HTTP/1.1 200 OK"
2026-05-01 23:16:49,606 [INFO] [321/3993] id=openseek-4-dbe589f36 GT=adallLPF ✅ (2368ch, 10.4s)
2026-05-01 23:16:51,379 [INFO] HTTP Request: POST http://localhost:2026/v1/chat/completions "HTTP/1.1 200 OK"
2026-05-01 23:16:51,380 [INFO] [322/3993] id=openseek-4-a34ac2441 GT=prodigyqCaptainrrpagans;Pandxl ✅ (2951ch, 32.1s)
2026-05-01 23:16:55,703 [INFO] HTTP Request: POST http://localhost:2026/v1/chat/completions "HTTP/1.1 200 OK"
2026-05-01 23:16:55,775 [INFO] HTTP Request: POST http://localhost:2026/v1/chat/completions "HTTP/1.1 200 OK"
2026-05-01 23:16:55,941 [INFO] [323/3993] id=openseek-4-7726665c2 GT=himfjudge.jwithcjwerei ✅ (2869ch, 12.2s)
2026-05-01 23:16:55,941 [INFO] [324/3993] id=openseek-4-4ad32d562 GT=JBnighbq ✅ (1472ch, 6.3s)
2026-05-01 23:16:57,115 [INFO] HTTP Request: POST http://localhost:2026/v1/chat/completions "HTTP/1.1 200 OK"
2026-05-01 23:16:57,116 [INFO] [325/3993] id=openseek-4-119f7615b GT=theirfsublimeC ✅ (1539ch, 5.7s)
2026-05-01 23:17:00,080 [INFO] HTTP Request: POST http://localhost:2026/v1/chat/completions "HTTP/1.1 200 OK"
2026-05-01 23:17:00,082 [INFO] [326/3993] id=openseek-4-d400d33a6 GT=XMW ✅ (942ch, 4.1s)
2026-05-01 23:17:02,638 [INFO] HTTP Request: POST http://localhost:2026/v1/chat/completions "HTTP/1.1 200 OK"
2026-05-01 23:17:02,639 [INFO] [327/3993] id=openseek-4-538505c03 GT=fagainJ ✅ (1475ch, 5.5s)
2026-05-01 23:17:04,452 [INFO] HTTP Request: POST http://localhost:2026/v1/chat/completions "HTTP/1.1 200 OK"
2026-05-01 23:17:04,453 [INFO] [328/3993] id=openseek-4-6f0e21f4a GT=BQSplaintiffs.zQU ✅ (2199ch, 8.5s)
2026-05-01 23:17:07,387 [INFO] HTTP Request: POST http://localhost:2026/v1/chat/completions "HTTP/1.1 200 OK"
2026-05-01 23:17:07,388 [INFO] [329/3993] id=openseek-4-6c00fce4d GT=WblemishVandVu ✅ (1502ch, 7.3s)
2026-05-01 23:17:19,451 [INFO] HTTP Request: POST http://localhost:2026/v1/chat/completions "HTTP/1.1 200 OK"
2026-05-01 23:17:19,453 [INFO] [330/3993] id=openseek-4-680102996 GT=majestyNMroaredNbyvstheBAllCff ✅ (2989ch, 12.1s)
2026-05-01 23:17:19,612 [INFO] HTTP Request: POST http://localhost:2026/v1/chat/completions "HTTP/1.1 200 OK"
2026-05-01 23:17:19,613 [WARNING]   [attempt 1 T=0.0] think validate 失败 (len=4008): 'Okay, let's see. I need to concatenate this list of strings into a single line w'
2026-05-01 23:17:21,769 [INFO] HTTP Request: POST http://localhost:2026/v1/chat/completions "HTTP/1.1 200 OK"
2026-05-01 23:17:21,770 [INFO] [331/3993] id=openseek-4-0e4f48184 GT=pooreZasopike-and-gaffmanV_Fin ✅ (3881ch, 17.3s)
2026-05-01 23:17:34,500 [INFO] HTTP Request: POST http://localhost:2026/v1/chat/completions "HTTP/1.1 200 OK"
2026-05-01 23:17:34,502 [INFO] [332/3993] id=openseek-4-490e33370 GT=perhapsAsLinzafternoonJwhileiN ✅ (3625ch, 15.0s)
2026-05-01 23:17:37,402 [INFO] HTTP Request: POST http://localhost:2026/v1/chat/completions "HTTP/1.1 200 OK"
2026-05-01 23:17:37,404 [INFO] [333/3993] id=openseek-4-d5052a697 GT=xunknown,fmentioned.bRcRtheJin ✅ (3956ch, 34.8s)
2026-05-01 23:17:44,724 [INFO] HTTP Request: POST http://localhost:2026/v1/chat/completions "HTTP/1.1 200 OK"
2026-05-01 23:17:44,725 [WARNING]   [attempt 1 T=0.0] think validate 失败 (len=5268): 'Okay, let's see. I need to concatenate this list of strings into a single line w'
2026-05-01 23:17:47,914 [INFO] HTTP Request: POST http://localhost:2026/v1/chat/completions "HTTP/1.1 200 OK"
2026-05-01 23:17:47,916 [INFO] [334/3993] id=openseek-4-fc270a1c0 GT=ithistKAwithF ✅ (2628ch, 10.5s)
2026-05-01 23:17:49,414 [INFO] HTTP Request: POST http://localhost:2026/v1/chat/completions "HTTP/1.1 200 OK"
2026-05-01 23:17:49,416 [INFO] [335/3993] id=openseek-4-46a1a8797 GT=NButELseversWwoodenkoldiB ✅ (3320ch, 14.9s)
2026-05-01 23:17:57,737 [INFO] HTTP Request: POST http://localhost:2026/v1/chat/completions "HTTP/1.1 200 OK"
2026-05-01 23:17:57,739 [INFO] [336/3993] id=openseek-4-d67d0e9ee GT=allXeasilygmPacific,E ✅ (2306ch, 9.8s)
2026-05-01 23:18:03,333 [INFO] HTTP Request: POST http://localhost:2026/v1/chat/completions "HTTP/1.1 200 OK"
2026-05-01 23:18:03,335 [INFO] [337/3993] id=openseek-4-cda556bee GT=kknowFboats,CVuBack_).4OfakIde ✅ (3015ch, 13.9s)
2026-05-01 23:18:07,262 [INFO] HTTP Request: POST http://localhost:2026/v1/chat/completions "HTTP/1.1 200 OK"
2026-05-01 23:18:07,263 [WARNING]   [attempt 2 T=0.3] think validate 失败 (len=4801): 'Okay, let's see. I need to concatenate this list of strings into a single line w'
2026-05-01 23:18:11,350 [INFO] HTTP Request: POST http://localhost:2026/v1/chat/completions "HTTP/1.1 200 OK"
2026-05-01 23:18:11,352 [INFO] [338/3993] id=openseek-4-3f1564558 GT=jduseasonsranphammerOcameCdiad ✅ (3286ch, 13.6s)
2026-05-01 23:18:13,036 [INFO] HTTP Request: POST http://localhost:2026/v1/chat/completions "HTTP/1.1 200 OK"
2026-05-01 23:18:13,038 [INFO] [339/3993] id=openseek-4-024a2e2a4 GT=VlraseRtEthebw ✅ (2059ch, 9.7s)
2026-05-01 23:18:17,852 [INFO] HTTP Request: POST http://localhost:2026/v1/chat/completions "HTTP/1.1 200 OK"
2026-05-01 23:18:17,853 [INFO] [340/3993] id=openseek-4-6917ade68 GT=there9skgambolXY ✅ (1523ch, 6.5s)
2026-05-01 23:18:18,440 [INFO] HTTP Request: POST http://localhost:2026/v1/chat/completions "HTTP/1.1 200 OK"
2026-05-01 23:18:18,441 [INFO] [341/3993] id=openseek-4-8719307a3 GT=noLsingleu ✅ (1348ch, 5.4s)
2026-05-01 23:18:23,118 [INFO] HTTP Request: POST http://localhost:2026/v1/chat/completions "HTTP/1.1 200 OK"
2026-05-01 23:18:23,119 [INFO] [342/3993] id=openseek-4-8e6c6b651 GT=sciences,fwrinkledarcommentari ✅ (3607ch, 61.3s)
2026-05-01 23:18:24,487 [INFO] HTTP Request: POST http://localhost:2026/v1/chat/completions "HTTP/1.1 200 OK"
2026-05-01 23:18:24,489 [INFO] [343/3993] id=openseek-4-b15955247 GT=phighlyQMifT ✅ (1568ch, 6.6s)
2026-05-01 23:18:30,925 [INFO] HTTP Request: POST http://localhost:2026/v1/chat/completions "HTTP/1.1 200 OK"
2026-05-01 23:18:30,927 [INFO] [344/3993] id=openseek-4-f0bbed49a GT=intervalstofuBcubs,ZByarriveFt ✅ (3083ch, 12.5s)
2026-05-01 23:18:32,912 [INFO] HTTP Request: POST http://localhost:2026/v1/chat/completions "HTTP/1.1 200 OK"
2026-05-01 23:18:32,913 [INFO] [345/3993] id=openseek-4-f0f3b74a5 GT=MxSirTUctherebzs ✅ (2257ch, 9.8s)
2026-05-01 23:18:35,099 [INFO] HTTP Request: POST http://localhost:2026/v1/chat/completions "HTTP/1.1 200 OK"
2026-05-01 23:18:35,101 [INFO] [346/3993] id=openseek-4-8c3704baf GT=triedeQdistantlyqVassaults!h ✅ (2787ch, 10.6s)
2026-05-01 23:18:37,630 [INFO] HTTP Request: POST http://localhost:2026/v1/chat/completions "HTTP/1.1 200 OK"
2026-05-01 23:18:37,631 [INFO] [347/3993] id=openseek-4-40d42826b GT=dyuN ✅ (1517ch, 6.7s)
2026-05-01 23:18:39,269 [INFO] HTTP Request: POST http://localhost:2026/v1/chat/completions "HTTP/1.1 200 OK"
2026-05-01 23:18:39,270 [INFO] [348/3993] id=openseek-4-a7596ffdb GT=theQlasto ✅ (1692ch, 6.4s)
2026-05-01 23:18:46,097 [INFO] HTTP Request: POST http://localhost:2026/v1/chat/completions "HTTP/1.1 200 OK"
2026-05-01 23:18:46,099 [INFO] [349/3993] id=openseek-4-86f535618 GT=shouldmBthirdMVforVButUc ✅ (2734ch, 11.0s)
2026-05-01 23:18:50,351 [INFO] HTTP Request: POST http://localhost:2026/v1/chat/completions "HTTP/1.1 200 OK"
2026-05-01 23:18:50,353 [INFO] [350/3993] id=openseek-4-bcd600514 GT=BUG ✅ (923ch, 4.3s)
2026-05-01 23:18:51,728 [INFO] HTTP Request: POST http://localhost:2026/v1/chat/completions "HTTP/1.1 200 OK"
2026-05-01 23:18:51,729 [INFO] [351/3993] id=openseek-4-ebf0699e5 GT=cvsooncwasbutheirXwandtannihil ✅ (3129ch, 14.1s)
2026-05-01 23:18:52,058 [INFO] HTTP Request: POST http://localhost:2026/v1/chat/completions "HTTP/1.1 200 OK"
2026-05-01 23:18:52,060 [INFO] [352/3993] id=openseek-4-01e828cbe GT=hid,RuUupzwholeumyetc ✅ (2882ch, 12.8s)
2026-05-01 23:18:56,475 [INFO] HTTP Request: POST http://localhost:2026/v1/chat/completions "HTTP/1.1 200 OK"
2026-05-01 23:18:56,477 [INFO] [353/3993] id=openseek-4-16c2afb9f GT=heartsKp ✅ (1603ch, 6.1s)
2026-05-01 23:18:58,479 [INFO] HTTP Request: POST http://localhost:2026/v1/chat/completions "HTTP/1.1 200 OK"
2026-05-01 23:18:58,480 [INFO] [354/3993] id=openseek-4-6b4bddcf8 GT=zbuck-hornem ✅ (1631ch, 6.4s)
2026-05-01 23:19:00,846 [INFO] HTTP Request: POST http://localhost:2026/v1/chat/completions "HTTP/1.1 200 OK"
2026-05-01 23:19:00,847 [INFO] [355/3993] id=openseek-4-473ebf7e3 GT=fast,ZohRx ✅ (2284ch, 9.1s)
2026-05-01 23:19:10,956 [INFO] HTTP Request: POST http://localhost:2026/v1/chat/completions "HTTP/1.1 200 OK"
2026-05-01 23:19:10,957 [INFO] [356/3993] id=openseek-4-30b5ad07b GT=invebeganIetoCcreditnhim.o ✅ (3000ch, 12.5s)
2026-05-01 23:19:15,306 [INFO] HTTP Request: POST http://localhost:2026/v1/chat/completions "HTTP/1.1 200 OK"
2026-05-01 23:19:15,307 [INFO] [357/3993] id=openseek-4-58d431d2a GT=whale,JNboat,FwereImostnthedsh ✅ (3361ch, 14.5s)
2026-05-01 23:19:16,366 [INFO] HTTP Request: POST http://localhost:2026/v1/chat/completions "HTTP/1.1 200 OK"
2026-05-01 23:19:16,367 [WARNING]   [attempt 1 T=0.0] think validate 失败 (len=4493): 'Okay, let's see. I need to concatenate this list of strings into a single line w'
2026-05-01 23:19:18,565 [INFO] HTTP Request: POST http://localhost:2026/v1/chat/completions "HTTP/1.1 200 OK"
2026-05-01 23:19:18,566 [INFO] [358/3993] id=openseek-4-e6ebce54a GT=SVotherUandZC ✅ (1798ch, 7.6s)
2026-05-01 23:19:18,941 [INFO] HTTP Request: POST http://localhost:2026/v1/chat/completions "HTTP/1.1 200 OK"
2026-05-01 23:19:18,942 [INFO] [359/3993] id=openseek-4-a9d2df85e GT=jSV ✅ (855ch, 3.6s)
2026-05-01 23:19:25,483 [INFO] HTTP Request: POST http://localhost:2026/v1/chat/completions "HTTP/1.1 200 OK"
2026-05-01 23:19:25,484 [INFO] [360/3993] id=openseek-4-8848ce04a GT=RWgreatlyE ✅ (1742ch, 6.9s)
2026-05-01 23:19:26,724 [INFO] HTTP Request: POST http://localhost:2026/v1/chat/completions "HTTP/1.1 200 OK"
2026-05-01 23:19:26,726 [INFO] [361/3993] id=openseek-4-c5eca905e GT=gCcGrina_his_QcheeseValljmydiE ✅ (2333ch, 30.2s)
2026-05-01 23:19:30,250 [INFO] HTTP Request: POST http://localhost:2026/v1/chat/completions "HTTP/1.1 200 OK"
2026-05-01 23:19:30,252 [INFO] [362/3993] id=openseek-4-7ce92a175 GT=RwasvhoperationVHasttragicd ✅ (2819ch, 11.3s)
2026-05-01 23:19:35,737 [INFO] HTTP Request: POST http://localhost:2026/v1/chat/completions "HTTP/1.1 200 OK"
2026-05-01 23:19:35,739 [INFO] [363/3993] id=openseek-4-b9b8066c8 GT=soonShisFanHdonelandsarmRR ✅ (2727ch, 10.3s)
2026-05-01 23:19:38,327 [INFO] HTTP Request: POST http://localhost:2026/v1/chat/completions "HTTP/1.1 200 OK"
2026-05-01 23:19:38,328 [INFO] [364/3993] id=openseek-4-6c5df3154 GT=viandLspecial,FonceZBeuY ✅ (2651ch, 11.6s)
2026-05-01 23:19:41,258 [INFO] HTTP Request: POST http://localhost:2026/v1/chat/completions "HTTP/1.1 200 OK"
2026-05-01 23:19:41,259 [INFO] [365/3993] id=openseek-4-3e6d27d69 GT=adsometimesFzpbloodithisjinxan ✅ (2738ch, 11.0s)
2026-05-01 23:19:47,289 [INFO] HTTP Request: POST http://localhost:2026/v1/chat/completions "HTTP/1.1 200 OK"
2026-05-01 23:19:47,291 [INFO] [366/3993] id=openseek-4-d1790b26b GT=lostLRbupWthePGGodNGWhiteKands ✅ (2537ch, 11.6s)
2026-05-01 23:19:51,550 [INFO] HTTP Request: POST http://localhost:2026/v1/chat/completions "HTTP/1.1 200 OK"
2026-05-01 23:19:51,551 [INFO] [367/3993] id=openseek-4-96c0463bd GT=mooredWalossRIigT ✅ (2523ch, 10.3s)
2026-05-01 23:19:53,468 [INFO] HTTP Request: POST http://localhost:2026/v1/chat/completions "HTTP/1.1 200 OK"
2026-05-01 23:19:53,469 [INFO] [368/3993] id=openseek-4-3542021a3 GT=KfxutheOfullbQtonhisp ✅ (3733ch, 15.1s)
2026-05-01 23:20:00,813 [INFO] HTTP Request: POST http://localhost:2026/v1/chat/completions "HTTP/1.1 200 OK"
2026-05-01 23:20:00,814 [INFO] [369/3993] id=openseek-4-cbbd20c29 GT=tempestuousKtocAfterPMvZpronou ✅ (3388ch, 13.5s)
2026-05-01 23:20:01,330 [INFO] HTTP Request: POST http://localhost:2026/v1/chat/completions "HTTP/1.1 200 OK"
2026-05-01 23:20:01,331 [INFO] [370/3993] id=openseek-4-334bfbd15 GT=bulk,lbthisyIthefthexthatr ✅ (2341ch, 9.8s)
2026-05-01 23:20:07,447 [INFO] HTTP Request: POST http://localhost:2026/v1/chat/completions "HTTP/1.1 200 OK"
2026-05-01 23:20:07,449 [INFO] [371/3993] id=openseek-4-801951001 GT=dofgEheOcrieduymanyhtheXholies ✅ (3177ch, 14.0s)
2026-05-01 23:20:07,529 [INFO] HTTP Request: POST http://localhost:2026/v1/chat/completions "HTTP/1.1 200 OK"
2026-05-01 23:20:07,530 [INFO] [372/3993] id=openseek-4-c597d96e6 GT=thewnbodydinfidelS ✅ (1532ch, 6.2s)
2026-05-01 23:20:16,200 [INFO] HTTP Request: POST http://localhost:2026/v1/chat/completions "HTTP/1.1 200 OK"
2026-05-01 23:20:16,201 [INFO] [373/3993] id=openseek-4-3483c7b7d GT=somnambulisticQintrepidHtheX ✅ (2130ch, 8.7s)
2026-05-01 23:20:16,988 [INFO] HTTP Request: POST http://localhost:2026/v1/chat/completions "HTTP/1.1 200 OK"
2026-05-01 23:20:16,989 [INFO] [374/3993] id=openseek-4-16eb7eef6 GT=rskill,Xtraveller,iusxTM ✅ (2442ch, 9.5s)
2026-05-01 23:20:17,663 [INFO] HTTP Request: POST http://localhost:2026/v1/chat/completions "HTTP/1.1 200 OK"
2026-05-01 23:20:17,664 [INFO] [375/3993] id=openseek-4-b3821d627 GT=notJCnight,GandQthekthemhisJRh ✅ (3767ch, 16.9s)
2026-05-01 23:20:30,273 [INFO] HTTP Request: POST http://localhost:2026/v1/chat/completions "HTTP/1.1 200 OK"
2026-05-01 23:20:30,274 [INFO] [376/3993] id=openseek-4-67d9ac573 GT=nstruckuishouldmwereQoLookBwjd ✅ (3067ch, 12.6s)
2026-05-01 23:20:30,979 [INFO] HTTP Request: POST http://localhost:2026/v1/chat/completions "HTTP/1.1 200 OK"
2026-05-01 23:20:30,980 [INFO] [377/3993] id=openseek-4-ebb73f9cf GT=anGfFgirdlingDbwoodenxEthem.C ✅ (3224ch, 14.8s)
2026-05-01 23:20:31,366 [INFO] HTTP Request: POST http://localhost:2026/v1/chat/completions "HTTP/1.1 200 OK"
2026-05-01 23:20:31,367 [INFO] [378/3993] id=openseek-4-19a38d1fc GT=foldedzparty,xdandPqlQ ✅ (3239ch, 14.4s)
2026-05-01 23:20:38,428 [INFO] HTTP Request: POST http://localhost:2026/v1/chat/completions "HTTP/1.1 200 OK"
2026-05-01 23:20:38,429 [INFO] [379/3993] id=openseek-4-30cc5b604 GT=jusTatogether;PQBZ ✅ (1804ch, 7.4s)
2026-05-01 23:20:38,642 [INFO] HTTP Request: POST http://localhost:2026/v1/chat/completions "HTTP/1.1 200 OK"
2026-05-01 23:20:38,644 [INFO] [380/3993] id=openseek-4-6cdaf1233 GT=forrdfoaxz ✅ (1784ch, 8.4s)
2026-05-01 23:20:42,140 [INFO] HTTP Request: POST http://localhost:2026/v1/chat/completions "HTTP/1.1 200 OK"
2026-05-01 23:20:42,141 [INFO] [381/3993] id=openseek-4-6fd406d6f GT=CXE ✅ (951ch, 3.7s)
2026-05-01 23:20:43,976 [INFO] HTTP Request: POST http://localhost:2026/v1/chat/completions "HTTP/1.1 200 OK"
2026-05-01 23:20:43,978 [INFO] [382/3993] id=openseek-4-fe1beafac GT=Learning;Wfiledttheqdone,e ✅ (3202ch, 12.6s)
2026-05-01 23:20:44,573 [INFO] HTTP Request: POST http://localhost:2026/v1/chat/completions "HTTP/1.1 200 OK"
2026-05-01 23:20:44,575 [INFO] [383/3993] id=openseek-4-4c92e61b9 GT=paysiVDaP ✅ (1559ch, 5.9s)
2026-05-01 23:20:50,402 [INFO] HTTP Request: POST http://localhost:2026/v1/chat/completions "HTTP/1.1 200 OK"
2026-05-01 23:20:50,403 [INFO] [384/3993] id=openseek-4-63bbe585d GT=Hkqthing;citGE ✅ (1576ch, 6.4s)
2026-05-01 23:20:50,993 [INFO] HTTP Request: POST http://localhost:2026/v1/chat/completions "HTTP/1.1 200 OK"
2026-05-01 23:20:50,994 [INFO] [385/3993] id=openseek-4-01a5e1147 GT=whale-craft,STstrangerIythetFK ✅ (2052ch, 8.9s)
2026-05-01 23:20:55,013 [INFO] HTTP Request: POST http://localhost:2026/v1/chat/completions "HTTP/1.1 200 OK"
2026-05-01 23:20:55,015 [INFO] [386/3993] id=openseek-4-7d92f6c4a GT=LinJVonMfeetKme,fhwhichyl ✅ (2519ch, 10.4s)
2026-05-01 23:21:00,011 [INFO] HTTP Request: POST http://localhost:2026/v1/chat/completions "HTTP/1.1 200 OK"
2026-05-01 23:21:00,013 [INFO] [387/3993] id=openseek-4-3aa9802ef GT=HspectaclePxandpitselft ✅ (2196ch, 9.0s)
2026-05-01 23:21:00,410 [INFO] HTTP Request: POST http://localhost:2026/v1/chat/completions "HTTP/1.1 200 OK"
2026-05-01 23:21:00,411 [INFO] [388/3993] id=openseek-4-6b851d94d GT=Tpsame,Rcircus-runningQ ✅ (2507ch, 10.0s)
2026-05-01 23:21:04,223 [INFO] HTTP Request: POST http://localhost:2026/v1/chat/completions "HTTP/1.1 200 OK"
2026-05-01 23:21:04,224 [INFO] [389/3993] id=openseek-4-368147fa2 GT=wbh ✅ (955ch, 3.8s)
2026-05-01 23:21:09,549 [INFO] HTTP Request: POST http://localhost:2026/v1/chat/completions "HTTP/1.1 200 OK"
2026-05-01 23:21:09,551 [INFO] [390/3993] id=openseek-4-455b0db70 GT=qlintrichnessLfromBLQcHaulz ✅ (3575ch, 14.5s)
2026-05-01 23:21:14,336 [INFO] HTTP Request: POST http://localhost:2026/v1/chat/completions "HTTP/1.1 200 OK"
2026-05-01 23:21:14,338 [INFO] [391/3993] id=openseek-4-5d820d7ee GT=XaIeWWP ✅ (2406ch, 10.1s)
2026-05-01 23:21:21,172 [INFO] HTTP Request: POST http://localhost:2026/v1/chat/completions "HTTP/1.1 200 OK"
2026-05-01 23:21:21,172 [WARNING]   [attempt 1 T=0.0] think validate 失败 (len=4835): 'Okay, let's see. I need to concatenate this list of strings into a single line w'
2026-05-01 23:21:23,341 [INFO] HTTP Request: POST http://localhost:2026/v1/chat/completions "HTTP/1.1 200 OK"
2026-05-01 23:21:23,343 [INFO] [392/3993] id=openseek-4-c09100157 GT=Peleg9shbehindvasBnTwindqWvagu ✅ (3314ch, 13.8s)
2026-05-01 23:21:27,855 [INFO] HTTP Request: POST http://localhost:2026/v1/chat/completions "HTTP/1.1 200 OK"
2026-05-01 23:21:27,856 [INFO] [393/3993] id=openseek-4-604c05828 GT=MgandPmofBbeforeURboatspinv ✅ (2975ch, 13.5s)
2026-05-01 23:21:30,606 [INFO] HTTP Request: POST http://localhost:2026/v1/chat/completions "HTTP/1.1 200 OK"
2026-05-01 23:21:30,608 [INFO] [394/3993] id=openseek-4-633debe70 GT=pickhbutvsortBD ✅ (1757ch, 7.3s)
2026-05-01 23:21:36,561 [INFO] HTTP Request: POST http://localhost:2026/v1/chat/completions "HTTP/1.1 200 OK"
2026-05-01 23:21:36,562 [INFO] [395/3993] id=openseek-4-09955c2ab GT=rreasons,hXtableEcriedUSstrata ✅ (3491ch, 36.5s)
2026-05-01 23:21:37,457 [INFO] HTTP Request: POST http://localhost:2026/v1/chat/completions "HTTP/1.1 200 OK"
2026-05-01 23:21:37,459 [INFO] [396/3993] id=openseek-4-5353684d3 GT=ignominiousYKIQO ✅ (1693ch, 6.9s)
2026-05-01 23:21:39,398 [INFO] HTTP Request: POST http://localhost:2026/v1/chat/completions "HTTP/1.1 200 OK"
2026-05-01 23:21:39,399 [INFO] [397/3993] id=openseek-4-76540f405 GT=ofYlaw,sjqofmut ✅ (2516ch, 11.5s)
2026-05-01 23:21:41,440 [INFO] HTTP Request: POST http://localhost:2026/v1/chat/completions "HTTP/1.1 200 OK"
2026-05-01 23:21:41,441 [INFO] [398/3993] id=openseek-4-8b0c74595 GT=OY ✅ (964ch, 4.0s)
2026-05-01 23:21:48,970 [INFO] HTTP Request: POST http://localhost:2026/v1/chat/completions "HTTP/1.1 200 OK"
2026-05-01 23:21:48,971 [INFO] [399/3993] id=openseek-4-57fbcdcec GT=OcamefinTizthrusttspermk ✅ (2903ch, 12.4s)
2026-05-01 23:21:50,602 [INFO] HTTP Request: POST http://localhost:2026/v1/chat/completions "HTTP/1.1 200 OK"
2026-05-01 23:21:50,603 [INFO] [400/3993] id=openseek-4-4183fe449 GT=HofmPWBhiscoq ✅ (2304ch, 9.2s)
2026-05-01 23:21:50,630 [INFO]   💾 已保存 (成功=398 失败=2) | 3.8s/条均值 | ETA=228min
2026-05-01 23:21:52,658 [INFO] HTTP Request: POST http://localhost:2026/v1/chat/completions "HTTP/1.1 200 OK"
2026-05-01 23:21:52,659 [INFO] [401/3993] id=openseek-4-2e24cc099 GT=itIWhatwWNunabatedktropef ✅ (3298ch, 13.3s)
2026-05-01 23:21:54,780 [INFO] HTTP Request: POST http://localhost:2026/v1/chat/completions "HTTP/1.1 200 OK"
2026-05-01 23:21:54,781 [INFO] [402/3993] id=openseek-4-85003ea8c GT=hopeThim.r ✅ (1493ch, 5.8s)
2026-05-01 23:21:57,046 [INFO] HTTP Request: POST http://localhost:2026/v1/chat/completions "HTTP/1.1 200 OK"
2026-05-01 23:21:57,047 [INFO] [403/3993] id=openseek-4-ab98992b7 GT=otherJD ✅ (1689ch, 6.4s)
2026-05-01 23:22:01,815 [INFO] HTTP Request: POST http://localhost:2026/v1/chat/completions "HTTP/1.1 200 OK"
2026-05-01 23:22:01,816 [INFO] [404/3993] id=openseek-4-074e2e742 GT=dfaintestEadmitOg ✅ (1749ch, 7.0s)
2026-05-01 23:22:05,707 [INFO] HTTP Request: POST http://localhost:2026/v1/chat/completions "HTTP/1.1 200 OK"
2026-05-01 23:22:05,708 [INFO] [405/3993] id=openseek-4-9730983f5 GT=gtoZJandKmeltedSJQz ✅ (2124ch, 8.7s)
2026-05-01 23:22:07,574 [INFO] HTTP Request: POST http://localhost:2026/v1/chat/completions "HTTP/1.1 200 OK"
2026-05-01 23:22:07,576 [INFO] [406/3993] id=openseek-4-7504bfba1 GT=Sxdoqp ✅ (1453ch, 5.8s)
2026-05-01 23:22:08,638 [INFO] HTTP Request: POST http://localhost:2026/v1/chat/completions "HTTP/1.1 200 OK"
2026-05-01 23:22:08,640 [INFO] [407/3993] id=openseek-4-8799d3ef4 GT=aLhdtheirFadTashtegoSilonge ✅ (3659ch, 16.0s)
2026-05-01 23:22:13,922 [INFO] HTTP Request: POST http://localhost:2026/v1/chat/completions "HTTP/1.1 200 OK"
2026-05-01 23:22:13,923 [INFO] [408/3993] id=openseek-4-dbd5e66b1 GT=gndouseQ ✅ (1366ch, 5.3s)
2026-05-01 23:22:18,111 [INFO] HTTP Request: POST http://localhost:2026/v1/chat/completions "HTTP/1.1 200 OK"
2026-05-01 23:22:18,112 [INFO] [409/3993] id=openseek-4-755717057 GT=oatosortoXship9sDAtnye?DWhaleT ✅ (2784ch, 12.4s)
2026-05-01 23:22:19,989 [INFO] HTTP Request: POST http://localhost:2026/v1/chat/completions "HTTP/1.1 200 OK"
2026-05-01 23:22:19,992 [INFO] [410/3993] id=openseek-4-96a75e4b2 GT=hwasxqueKMwasganotherRdistance ✅ (2873ch, 12.4s)
2026-05-01 23:22:22,282 [INFO] HTTP Request: POST http://localhost:2026/v1/chat/completions "HTTP/1.1 200 OK"
2026-05-01 23:22:22,283 [INFO] [411/3993] id=openseek-4-8e2b21e65 GT=FK ✅ (1110ch, 4.2s)
2026-05-01 23:22:25,084 [INFO] HTTP Request: POST http://localhost:2026/v1/chat/completions "HTTP/1.1 200 OK"
2026-05-01 23:22:25,085 [INFO] [412/3993] id=openseek-4-e182defc4 GT=zVown;cwhilentheJu ✅ (2573ch, 11.2s)
2026-05-01 23:22:29,957 [INFO] HTTP Request: POST http://localhost:2026/v1/chat/completions "HTTP/1.1 200 OK"
2026-05-01 23:22:29,958 [INFO] [413/3993] id=openseek-4-75c78278b GT=zPRFCtovn ✅ (1859ch, 7.7s)
2026-05-01 23:22:31,655 [INFO] HTTP Request: POST http://localhost:2026/v1/chat/completions "HTTP/1.1 200 OK"
2026-05-01 23:22:31,656 [INFO] [414/3993] id=openseek-4-f5beddc1c GT=vsulkies,b ✅ (1541ch, 6.6s)
2026-05-01 23:22:32,347 [INFO] HTTP Request: POST http://localhost:2026/v1/chat/completions "HTTP/1.1 200 OK"
2026-05-01 23:22:32,349 [INFO] [415/3993] id=openseek-4-1a14fb189 GT=YinJsmNmarvel,VI ✅ (2893ch, 12.4s)
2026-05-01 23:22:35,794 [INFO] HTTP Request: POST http://localhost:2026/v1/chat/completions "HTTP/1.1 200 OK"
2026-05-01 23:22:35,795 [INFO] [416/3993] id=openseek-4-a0727ffe3 GT=Dh ✅ (937ch, 3.4s)
2026-05-01 23:22:38,763 [INFO] HTTP Request: POST http://localhost:2026/v1/chat/completions "HTTP/1.1 200 OK"
2026-05-01 23:22:38,764 [INFO] [417/3993] id=openseek-4-2ebdae0c6 GT=onYthatPbqdomMr.PU ✅ (2021ch, 8.8s)
2026-05-01 23:22:44,467 [INFO] HTTP Request: POST http://localhost:2026/v1/chat/completions "HTTP/1.1 200 OK"
2026-05-01 23:22:44,468 [INFO] [418/3993] id=openseek-4-ce0081ab3 GT=otherstoffqandqconceitsTwater, ✅ (3109ch, 12.8s)
2026-05-01 23:22:51,502 [INFO] HTTP Request: POST http://localhost:2026/v1/chat/completions "HTTP/1.1 200 OK"
2026-05-01 23:22:51,503 [INFO] [419/3993] id=openseek-4-3d333d9ed GT=withJmUsdDabsolutew ✅ (1644ch, 7.0s)
2026-05-01 23:22:51,854 [INFO] HTTP Request: POST http://localhost:2026/v1/chat/completions "HTTP/1.1 200 OK"
2026-05-01 23:22:51,856 [INFO] [420/3993] id=openseek-4-9a62e66cb GT=vMPLQueequegLnruefullyohammerB ✅ (3628ch, 16.1s)
2026-05-01 23:22:53,978 [INFO] HTTP Request: POST http://localhost:2026/v1/chat/completions "HTTP/1.1 200 OK"
2026-05-01 23:22:53,980 [INFO] [421/3993] id=openseek-4-3c26ba5fa GT=utheUoctconclusionxDln ✅ (3680ch, 15.2s)
2026-05-01 23:22:58,306 [INFO] HTTP Request: POST http://localhost:2026/v1/chat/completions "HTTP/1.1 200 OK"
2026-05-01 23:22:58,307 [INFO] [422/3993] id=openseek-4-f885089da GT=aboutEQgU ✅ (1766ch, 6.8s)
2026-05-01 23:23:00,233 [INFO] HTTP Request: POST http://localhost:2026/v1/chat/completions "HTTP/1.1 200 OK"
2026-05-01 23:23:00,235 [INFO] [423/3993] id=openseek-4-927b92f52 GT=byZZTzwF ✅ (2140ch, 8.4s)
2026-05-01 23:23:00,964 [INFO] HTTP Request: POST http://localhost:2026/v1/chat/completions "HTTP/1.1 200 OK"
2026-05-01 23:23:00,966 [INFO] [424/3993] id=openseek-4-de132fefd GT=andhthejjinb ✅ (1579ch, 7.0s)
2026-05-01 23:23:06,047 [INFO] HTTP Request: POST http://localhost:2026/v1/chat/completions "HTTP/1.1 200 OK"
2026-05-01 23:23:06,049 [INFO] [425/3993] id=openseek-4-bb8e997d4 GT=theKheadf ✅ (2016ch, 7.7s)
2026-05-01 23:23:06,723 [INFO] HTTP Request: POST http://localhost:2026/v1/chat/completions "HTTP/1.1 200 OK"
2026-05-01 23:23:06,724 [INFO] [426/3993] id=openseek-4-af45ae784 GT=onrthek ✅ (1506ch, 6.5s)
2026-05-01 23:23:09,890 [INFO] HTTP Request: POST http://localhost:2026/v1/chat/completions "HTTP/1.1 200 OK"
2026-05-01 23:23:09,891 [INFO] [427/3993] id=openseek-4-4d46b14c6 GT=qefromDtoneKforce,hforHsinceMf ✅ (2074ch, 8.9s)
2026-05-01 23:23:17,169 [INFO] HTTP Request: POST http://localhost:2026/v1/chat/completions "HTTP/1.1 200 OK"
2026-05-01 23:23:17,170 [INFO] [428/3993] id=openseek-4-b7c2189c0 GT=VYhscuttle,jbtboneesweetw ✅ (2540ch, 10.4s)
2026-05-01 23:23:20,551 [INFO] HTTP Request: POST http://localhost:2026/v1/chat/completions "HTTP/1.1 200 OK"
2026-05-01 23:23:20,552 [INFO] [429/3993] id=openseek-4-3a4bdd7aa GT=xHrtheMhshoreknotzXoutB ✅ (3585ch, 14.5s)
2026-05-01 23:23:23,068 [INFO] HTTP Request: POST http://localhost:2026/v1/chat/completions "HTTP/1.1 200 OK"
2026-05-01 23:23:23,069 [INFO] [430/3993] id=openseek-4-077b51803 GT=oWbw ✅ (1290ch, 5.9s)
2026-05-01 23:23:26,147 [INFO] HTTP Request: POST http://localhost:2026/v1/chat/completions "HTTP/1.1 200 OK"
2026-05-01 23:23:26,148 [INFO] [431/3993] id=openseek-4-0d0525d67 GT=XcrEVXemptyYE ✅ (3699ch, 16.3s)
2026-05-01 23:23:31,364 [INFO] HTTP Request: POST http://localhost:2026/v1/chat/completions "HTTP/1.1 200 OK"
2026-05-01 23:23:31,365 [INFO] [432/3993] id=openseek-4-36e2a9c64 GT=JxoriginallyXlPU ✅ (2099ch, 8.3s)
2026-05-01 23:23:32,787 [INFO] HTTP Request: POST http://localhost:2026/v1/chat/completions "HTTP/1.1 200 OK"
2026-05-01 23:23:32,789 [INFO] [433/3993] id=openseek-4-9bcb065e2 GT=MfUbefore.MmyaB ✅ (1449ch, 6.6s)
2026-05-01 23:23:34,252 [INFO] HTTP Request: POST http://localhost:2026/v1/chat/completions "HTTP/1.1 200 OK"
2026-05-01 23:23:34,253 [INFO] [434/3993] id=openseek-4-87a3a7090 GT=havebneverpthekfieldsFtheGaBF ✅ (3284ch, 13.7s)
2026-05-01 23:23:41,721 [INFO] HTTP Request: POST http://localhost:2026/v1/chat/completions "HTTP/1.1 200 OK"
2026-05-01 23:23:41,723 [INFO] [435/3993] id=openseek-4-2207ecd60 GT=VShundredvqKEOzS ✅ (2452ch, 10.4s)
2026-05-01 23:23:43,840 [INFO] HTTP Request: POST http://localhost:2026/v1/chat/completions "HTTP/1.1 200 OK"
2026-05-01 23:23:43,841 [INFO] [436/3993] id=openseek-4-470e46e63 GT=therefofwamhadVTqasGtheE ✅ (2634ch, 11.1s)
2026-05-01 23:23:46,928 [INFO] HTTP Request: POST http://localhost:2026/v1/chat/completions "HTTP/1.1 200 OK"
2026-05-01 23:23:46,929 [INFO] [437/3993] id=openseek-4-5e87c624b GT=isquadronscWvJqhoof.H ✅ (3012ch, 12.7s)
2026-05-01 23:23:50,466 [INFO] HTTP Request: POST http://localhost:2026/v1/chat/completions "HTTP/1.1 200 OK"
2026-05-01 23:23:50,467 [INFO] [438/3993] id=openseek-4-b3b3b2981 GT=AChyou,Bwhatlq ✅ (2228ch, 8.7s)
2026-05-01 23:24:00,584 [INFO] HTTP Request: POST http://localhost:2026/v1/chat/completions "HTTP/1.1 200 OK"
2026-05-01 23:24:00,585 [INFO] [439/3993] id=openseek-4-620ffd520 GT=ylily.lhisnwentlWOsomeTmagnitu ✅ (3482ch, 16.7s)
2026-05-01 23:24:00,787 [INFO] HTTP Request: POST http://localhost:2026/v1/chat/completions "HTTP/1.1 200 OK"
2026-05-01 23:24:00,789 [INFO] [440/3993] id=openseek-4-434a792a4 GT=AAbressedDEdespair;YatoPeleg.f ✅ (3530ch, 13.9s)
2026-05-01 23:24:00,965 [INFO] HTTP Request: POST http://localhost:2026/v1/chat/completions "HTTP/1.1 200 OK"
2026-05-01 23:24:00,967 [INFO] [441/3993] id=openseek-4-748ead150 GT=pushesgCother9smqainF ✅ (2498ch, 10.5s)
2026-05-01 23:24:07,184 [INFO] HTTP Request: POST http://localhost:2026/v1/chat/completions "HTTP/1.1 200 OK"
2026-05-01 23:24:07,185 [INFO] [442/3993] id=openseek-4-58aabe9aa GT=initoHcAsj ✅ (1624ch, 6.4s)
2026-05-01 23:24:10,731 [INFO] HTTP Request: POST http://localhost:2026/v1/chat/completions "HTTP/1.1 200 OK"
2026-05-01 23:24:10,732 [INFO] [443/3993] id=openseek-4-1bfff18f5 GT=scent.YZcheerfulOnz ✅ (2539ch, 10.1s)
2026-05-01 23:24:14,172 [INFO] HTTP Request: POST http://localhost:2026/v1/chat/completions "HTTP/1.1 200 OK"
2026-05-01 23:24:14,174 [INFO] [444/3993] id=openseek-4-a0758fd8f GT=thatGin,ZthatoonegKcitsZx ✅ (3137ch, 13.2s)
2026-05-01 23:24:14,544 [INFO] HTTP Request: POST http://localhost:2026/v1/chat/completions "HTTP/1.1 200 OK"
2026-05-01 23:24:14,546 [INFO] [445/3993] id=openseek-4-225793de9 GT=hbendc ✅ (920ch, 3.8s)
2026-05-01 23:24:19,151 [INFO] HTTP Request: POST http://localhost:2026/v1/chat/completions "HTTP/1.1 200 OK"
2026-05-01 23:24:19,152 [INFO] [446/3993] id=openseek-4-3c38a623b GT=lgMvfnperdition,ft ✅ (2540ch, 12.0s)
2026-05-01 23:24:21,618 [INFO] HTTP Request: POST http://localhost:2026/v1/chat/completions "HTTP/1.1 200 OK"
2026-05-01 23:24:21,619 [INFO] [447/3993] id=openseek-4-3a80c9deb GT=Inotaalli ✅ (1574ch, 7.1s)
2026-05-01 23:24:26,578 [INFO] HTTP Request: POST http://localhost:2026/v1/chat/completions "HTTP/1.1 200 OK"
2026-05-01 23:24:26,580 [INFO] [448/3993] id=openseek-4-d41d3d5cd GT=generallymauorgnaturallywUW ✅ (2997ch, 12.4s)
2026-05-01 23:24:31,757 [INFO] HTTP Request: POST http://localhost:2026/v1/chat/completions "HTTP/1.1 200 OK"
2026-05-01 23:24:31,759 [INFO] [449/3993] id=openseek-4-8fc77064e GT=verypATHeiexactlyYsuchLq ✅ (2449ch, 10.1s)
2026-05-01 23:24:32,186 [INFO] HTTP Request: POST http://localhost:2026/v1/chat/completions "HTTP/1.1 200 OK"
2026-05-01 23:24:32,188 [INFO] [450/3993] id=openseek-4-9c909fc3e GT=JendsgWL ✅ (1392ch, 5.6s)
2026-05-01 23:24:32,370 [INFO] HTTP Request: POST http://localhost:2026/v1/chat/completions "HTTP/1.1 200 OK"
2026-05-01 23:24:32,371 [INFO] [451/3993] id=openseek-4-3eb77945c GT=wereIwziicataract;Ofacj ✅ (2905ch, 13.2s)
2026-05-01 23:24:44,640 [INFO] HTTP Request: POST http://localhost:2026/v1/chat/completions "HTTP/1.1 200 OK"
2026-05-01 23:24:44,641 [INFO] [452/3993] id=openseek-4-eec557578 GT=atGQBqinvolvedWPLthejZ ✅ (2812ch, 12.3s)
2026-05-01 23:24:46,763 [INFO] HTTP Request: POST http://localhost:2026/v1/chat/completions "HTTP/1.1 200 OK"
2026-05-01 23:24:46,764 [INFO] [453/3993] id=openseek-4-dbeb1162b GT=UcsenselwhalesDofepShip.G ✅ (3826ch, 15.0s)
2026-05-01 23:24:53,286 [INFO] HTTP Request: POST http://localhost:2026/v1/chat/completions "HTTP/1.1 200 OK"
2026-05-01 23:24:53,287 [INFO] [454/3993] id=openseek-4-356414131 GT=VdRhwthoughTgroovesg ✅ (2080ch, 8.6s)
2026-05-01 23:24:56,863 [INFO] HTTP Request: POST http://localhost:2026/v1/chat/completions "HTTP/1.1 200 OK"
2026-05-01 23:24:56,864 [INFO] [455/3993] id=openseek-4-0bdf2a62a GT=OI ✅ (934ch, 3.6s)
2026-05-01 23:25:02,907 [INFO] HTTP Request: POST http://localhost:2026/v1/chat/completions "HTTP/1.1 200 OK"
2026-05-01 23:25:02,907 [WARNING]   [attempt 1 T=0.0] 答案校验失败 pred=None expect='D d the I howling G stubbs, E sinking W I sadly h'
2026-05-01 23:25:03,361 [INFO] HTTP Request: POST http://localhost:2026/v1/chat/completions "HTTP/1.1 200 OK"
2026-05-01 23:25:03,362 [INFO] [456/3993] id=openseek-4-291913e0d GT=prhislne ✅ (1574ch, 6.5s)
2026-05-01 23:25:03,805 [INFO] HTTP Request: POST http://localhost:2026/v1/chat/completions "HTTP/1.1 200 OK"
2026-05-01 23:25:03,806 [INFO] [457/3993] id=openseek-4-820ee3a59 GT=nothingAVRUfromdthatebyxIB ✅ (3815ch, 17.0s)
2026-05-01 23:25:10,714 [INFO] HTTP Request: POST http://localhost:2026/v1/chat/completions "HTTP/1.1 200 OK"
2026-05-01 23:25:10,715 [INFO] [458/3993] id=openseek-4-85382da2b GT=meBcOR ✅ (1474ch, 6.9s)
2026-05-01 23:25:13,042 [INFO] HTTP Request: POST http://localhost:2026/v1/chat/completions "HTTP/1.1 200 OK"
2026-05-01 23:25:13,043 [INFO] [459/3993] id=openseek-4-dbc8ed93b GT=OWCjrsharkk ✅ (1996ch, 9.7s)
2026-05-01 23:25:18,712 [INFO] HTTP Request: POST http://localhost:2026/v1/chat/completions "HTTP/1.1 200 OK"
2026-05-01 23:25:18,713 [INFO] [460/3993] id=openseek-4-4c940d79e GT=andPasuhadLfancyE ✅ (1951ch, 8.0s)
2026-05-01 23:25:21,736 [INFO] HTTP Request: POST http://localhost:2026/v1/chat/completions "HTTP/1.1 200 OK"
2026-05-01 23:25:21,737 [WARNING]   [attempt 2 T=0.3] think validate 失败 (len=4096): 'Okay, let's see. I need to concatenate this list of strings into a single line w'
2026-05-01 23:25:25,290 [INFO] HTTP Request: POST http://localhost:2026/v1/chat/completions "HTTP/1.1 200 OK"
2026-05-01 23:25:25,292 [INFO] [461/3993] id=openseek-4-38877aacd GT=back!ddchaindKqyB ✅ (2563ch, 12.2s)
2026-05-01 23:25:26,290 [INFO] HTTP Request: POST http://localhost:2026/v1/chat/completions "HTTP/1.1 200 OK"
2026-05-01 23:25:26,292 [INFO] [462/3993] id=openseek-4-f006a5dd4 GT=asmPhe9su ✅ (1819ch, 7.6s)
2026-05-01 23:25:36,529 [INFO] HTTP Request: POST http://localhost:2026/v1/chat/completions "HTTP/1.1 200 OK"
2026-05-01 23:25:36,531 [INFO] [463/3993] id=openseek-4-f90207dfb GT=DdtheIhowlingGstubbs,EsinkingW ✅ (3260ch, 64.3s)
2026-05-01 23:25:37,998 [INFO] HTTP Request: POST http://localhost:2026/v1/chat/completions "HTTP/1.1 200 OK"
2026-05-01 23:25:38,000 [INFO] [464/3993] id=openseek-4-46a9f91d1 GT=TwiceefiEoMForjO ✅ (3024ch, 12.7s)
2026-05-01 23:25:38,789 [INFO] HTTP Request: POST http://localhost:2026/v1/chat/completions "HTTP/1.1 200 OK"
2026-05-01 23:25:38,790 [INFO] [465/3993] id=openseek-4-b6ea282ef GT=AndvyotherLcriedbone,cK ✅ (2843ch, 12.5s)
2026-05-01 23:25:46,423 [INFO] HTTP Request: POST http://localhost:2026/v1/chat/completions "HTTP/1.1 200 OK"
2026-05-01 23:25:46,424 [INFO] [466/3993] id=openseek-4-2bc5b84ce GT=butfbewitchingeq ✅ (2009ch, 7.6s)
2026-05-01 23:25:49,409 [INFO] HTTP Request: POST http://localhost:2026/v1/chat/completions "HTTP/1.1 200 OK"
2026-05-01 23:25:49,411 [INFO] [467/3993] id=openseek-4-ac1465651 GT=pmurkyzHallgCofqfarCtheToheM ✅ (2903ch, 11.4s)
2026-05-01 23:25:51,007 [INFO] HTTP Request: POST http://localhost:2026/v1/chat/completions "HTTP/1.1 200 OK"
2026-05-01 23:25:51,009 [INFO] [468/3993] id=openseek-4-a5a34b6ad GT=Uroundfuworth,IiraniusqlieCM ✅ (3456ch, 14.5s)
2026-05-01 23:25:57,482 [INFO] HTTP Request: POST http://localhost:2026/v1/chat/completions "HTTP/1.1 200 OK"
2026-05-01 23:25:57,483 [INFO] [469/3993] id=openseek-4-a9414e1d2 GT=withqinZ ✅ (1750ch, 6.5s)
2026-05-01 23:25:58,394 [INFO] HTTP Request: POST http://localhost:2026/v1/chat/completions "HTTP/1.1 200 OK"
2026-05-01 23:25:58,396 [INFO] [470/3993] id=openseek-4-b4df5d6e6 GT=LySEfullaNk ✅ (2288ch, 9.0s)
2026-05-01 23:25:59,779 [INFO] HTTP Request: POST http://localhost:2026/v1/chat/completions "HTTP/1.1 200 OK"
2026-05-01 23:25:59,780 [INFO] [471/3993] id=openseek-4-127155805 GT=cITinYJtriedgRhisis ✅ (3098ch, 13.4s)
2026-05-01 23:26:03,075 [INFO] HTTP Request: POST http://localhost:2026/v1/chat/completions "HTTP/1.1 200 OK"
2026-05-01 23:26:03,076 [INFO] [472/3993] id=openseek-4-c7ec2e746 GT=POKitsy ✅ (1148ch, 5.6s)
2026-05-01 23:26:06,305 [INFO] HTTP Request: POST http://localhost:2026/v1/chat/completions "HTTP/1.1 200 OK"
2026-05-01 23:26:06,307 [INFO] [473/3993] id=openseek-4-6dd999daa GT=aZNtoPN ✅ (1958ch, 7.9s)
2026-05-01 23:26:15,297 [INFO] HTTP Request: POST http://localhost:2026/v1/chat/completions "HTTP/1.1 200 OK"
2026-05-01 23:26:15,299 [INFO] [474/3993] id=openseek-4-30cd743e7 GT=mMissouri,lFOthejNyouu ✅ (3728ch, 15.5s)
2026-05-01 23:26:16,515 [INFO] HTTP Request: POST http://localhost:2026/v1/chat/completions "HTTP/1.1 200 OK"
2026-05-01 23:26:16,517 [INFO] [475/3993] id=openseek-4-62d93d841 GT=RinmUKingKonlyQ ✅ (3039ch, 13.4s)
2026-05-01 23:26:19,219 [INFO] HTTP Request: POST http://localhost:2026/v1/chat/completions "HTTP/1.1 200 OK"
2026-05-01 23:26:19,220 [INFO] [476/3993] id=openseek-4-b2959a07e GT=OcgreportCSEforeignAsuperiordl ✅ (3422ch, 12.9s)
2026-05-01 23:26:22,830 [INFO] HTTP Request: POST http://localhost:2026/v1/chat/completions "HTTP/1.1 200 OK"
2026-05-01 23:26:22,832 [INFO] [477/3993] id=openseek-4-9cb65674f GT=gqlivesBXKkmanyBr ✅ (1722ch, 7.5s)
2026-05-01 23:26:25,012 [INFO] HTTP Request: POST http://localhost:2026/v1/chat/completions "HTTP/1.1 200 OK"
2026-05-01 23:26:25,013 [INFO] [478/3993] id=openseek-4-42963cf38 GT=qawH ✅ (1354ch, 5.8s)
2026-05-01 23:26:29,895 [INFO] HTTP Request: POST http://localhost:2026/v1/chat/completions "HTTP/1.1 200 OK"
2026-05-01 23:26:29,897 [INFO] [479/3993] id=openseek-4-0cf6cf67d GT=NuprightXthatNtheyFtonju ✅ (2989ch, 13.4s)
2026-05-01 23:26:34,827 [INFO] HTTP Request: POST http://localhost:2026/v1/chat/completions "HTTP/1.1 200 OK"
2026-05-01 23:26:34,828 [INFO] [480/3993] id=openseek-4-2cae850e1 GT=workWLgreatsknifeiinvaluableUY ✅ (2490ch, 9.8s)
2026-05-01 23:26:35,091 [INFO] HTTP Request: POST http://localhost:2026/v1/chat/completions "HTTP/1.1 200 OK"
2026-05-01 23:26:35,093 [INFO] [481/3993] id=openseek-4-9ce648f2f GT=MwasWthexleavesWwell-to-do,efe ✅ (2995ch, 12.3s)
2026-05-01 23:26:41,673 [INFO] HTTP Request: POST http://localhost:2026/v1/chat/completions "HTTP/1.1 200 OK"
2026-05-01 23:26:41,675 [INFO] [482/3993] id=openseek-4-96281185c GT=Atoppointing.NJandaWs ✅ (2893ch, 11.8s)
2026-05-01 23:26:45,309 [INFO] HTTP Request: POST http://localhost:2026/v1/chat/completions "HTTP/1.1 200 OK"
2026-05-01 23:26:45,311 [INFO] [483/3993] id=openseek-4-97accb9e2 GT=hp ✅ (750ch, 3.6s)
2026-05-01 23:26:48,560 [INFO] HTTP Request: POST http://localhost:2026/v1/chat/completions "HTTP/1.1 200 OK"
2026-05-01 23:26:48,562 [INFO] [484/3993] id=openseek-4-3fea90926 GT=bliss;gWgears,bfrompParsee!Jhe ✅ (3130ch, 13.7s)
2026-05-01 23:26:50,382 [INFO] HTTP Request: POST http://localhost:2026/v1/chat/completions "HTTP/1.1 200 OK"
2026-05-01 23:26:50,384 [INFO] [485/3993] id=openseek-4-471520341 GT=LIRcontinuebwhilexbench.Jseemo ✅ (2895ch, 15.3s)
2026-05-01 23:26:51,489 [INFO] HTTP Request: POST http://localhost:2026/v1/chat/completions "HTTP/1.1 200 OK"
2026-05-01 23:26:51,491 [INFO] [486/3993] id=openseek-4-74a73d77c GT=RCA ✅ (1553ch, 6.2s)
2026-05-01 23:26:52,330 [INFO] HTTP Request: POST http://localhost:2026/v1/chat/completions "HTTP/1.1 200 OK"
2026-05-01 23:26:52,331 [INFO] [487/3993] id=openseek-4-f77b94de8 GT=Bx ✅ (677ch, 3.8s)
2026-05-01 23:26:55,783 [INFO] HTTP Request: POST http://localhost:2026/v1/chat/completions "HTTP/1.1 200 OK"
2026-05-01 23:26:55,784 [INFO] [488/3993] id=openseek-4-8cb20a643 GT=Fhimg ✅ (791ch, 4.3s)
2026-05-01 23:26:58,116 [INFO] HTTP Request: POST http://localhost:2026/v1/chat/completions "HTTP/1.1 200 OK"
2026-05-01 23:26:58,117 [INFO] [489/3993] id=openseek-4-6f02704b5 GT=thatSannihilatedJ ✅ (1542ch, 5.8s)
2026-05-01 23:27:06,690 [INFO] HTTP Request: POST http://localhost:2026/v1/chat/completions "HTTP/1.1 200 OK"
2026-05-01 23:27:06,692 [INFO] [490/3993] id=openseek-4-becff0c7e GT=boundingdbyDZNineveh,DL ✅ (2950ch, 10.9s)
2026-05-01 23:27:10,316 [INFO] HTTP Request: POST http://localhost:2026/v1/chat/completions "HTTP/1.1 200 OK"
2026-05-01 23:27:10,317 [INFO] [491/3993] id=openseek-4-c04173e89 GT=noPlittleXXsamebWdesirableRaR ✅ (3109ch, 12.2s)
2026-05-01 23:27:12,045 [INFO] HTTP Request: POST http://localhost:2026/v1/chat/completions "HTTP/1.1 200 OK"
2026-05-01 23:27:12,046 [WARNING]   [attempt 1 T=0.0] think validate 失败 (len=4794): 'Okay, let's see. I need to concatenate this list of strings into a single line w'
2026-05-01 23:27:20,210 [INFO] HTTP Request: POST http://localhost:2026/v1/chat/completions "HTTP/1.1 200 OK"
2026-05-01 23:27:20,212 [INFO] [492/3993] id=openseek-4-95f08d0cd GT=theVbtoRfypeople9sJBshouldz ✅ (3218ch, 13.5s)
2026-05-01 23:27:25,075 [INFO] HTTP Request: POST http://localhost:2026/v1/chat/completions "HTTP/1.1 200 OK"
2026-05-01 23:27:25,076 [INFO] [493/3993] id=openseek-4-e687897f9 GT=him,gSUandjxjustgorepeatedlysh ✅ (3275ch, 14.8s)
2026-05-01 23:27:27,189 [INFO] HTTP Request: POST http://localhost:2026/v1/chat/completions "HTTP/1.1 200 OK"
2026-05-01 23:27:27,191 [INFO] [494/3993] id=openseek-4-58c6c44b3 GT=aFmpreciseA ✅ (1715ch, 7.0s)
2026-05-01 23:27:28,158 [INFO] HTTP Request: POST http://localhost:2026/v1/chat/completions "HTTP/1.1 200 OK"
2026-05-01 23:27:28,160 [INFO] [495/3993] id=openseek-4-b51979c2b GT=ZYetuJshadedZplace.rourgimposs ✅ (3561ch, 37.8s)
2026-05-01 23:27:37,179 [INFO] HTTP Request: POST http://localhost:2026/v1/chat/completions "HTTP/1.1 200 OK"
2026-05-01 23:27:37,181 [INFO] [496/3993] id=openseek-4-e5b7da53b GT=thatvDYandmatcrh ✅ (2580ch, 10.0s)
2026-05-01 23:27:39,216 [INFO] HTTP Request: POST http://localhost:2026/v1/chat/completions "HTTP/1.1 200 OK"
2026-05-01 23:27:39,217 [INFO] [497/3993] id=openseek-4-9759f3b90 GT=youYLaBouterHHPqD ✅ (3141ch, 14.1s)
2026-05-01 23:27:42,959 [INFO] HTTP Request: POST http://localhost:2026/v1/chat/completions "HTTP/1.1 200 OK"
2026-05-01 23:27:42,961 [INFO] [498/3993] id=openseek-4-802f1393d GT=thereQaccomplishdum,gTfeltPYHy ✅ (3310ch, 14.8s)
2026-05-01 23:27:45,875 [INFO] HTTP Request: POST http://localhost:2026/v1/chat/completions "HTTP/1.1 200 OK"
2026-05-01 23:27:45,876 [INFO] [499/3993] id=openseek-4-bc2d54e55 GT=Pdim,Iisf ✅ (2028ch, 8.7s)
2026-05-01 23:27:48,890 [INFO] HTTP Request: POST http://localhost:2026/v1/chat/completions "HTTP/1.1 200 OK"
2026-05-01 23:27:48,891 [INFO] [500/3993] id=openseek-4-146d76bf9 GT=nareDereztheN ✅ (2388ch, 9.7s)
2026-05-01 23:27:48,913 [INFO]   💾 已保存 (成功=498 失败=2) | 3.8s/条均值 | ETA=219min
2026-05-01 23:27:55,061 [INFO] HTTP Request: POST http://localhost:2026/v1/chat/completions "HTTP/1.1 200 OK"
2026-05-01 23:27:55,063 [INFO] [501/3993] id=openseek-4-087f3ed01 GT=OcakthatwtheS ✅ (2342ch, 9.2s)
2026-05-01 23:27:57,769 [INFO] HTTP Request: POST http://localhost:2026/v1/chat/completions "HTTP/1.1 200 OK"
2026-05-01 23:27:57,771 [INFO] [502/3993] id=openseek-4-ef64abb3d GT=AfterSandHgivinglthatDcaseV ✅ (2213ch, 8.9s)
2026-05-01 23:27:59,220 [INFO] HTTP Request: POST http://localhost:2026/v1/chat/completions "HTTP/1.1 200 OK"
2026-05-01 23:27:59,222 [INFO] [503/3993] id=openseek-4-42aee27df GT=EanddpMhav9n9tGOradiatingyOcur ✅ (3285ch, 16.3s)
2026-05-01 23:28:09,187 [INFO] HTTP Request: POST http://localhost:2026/v1/chat/completions "HTTP/1.1 200 OK"
2026-05-01 23:28:09,189 [INFO] [504/3993] id=openseek-4-ab5f09058 GT=zmen?dPXystandcjrealt ✅ (2968ch, 14.1s)
2026-05-01 23:28:10,016 [INFO] HTTP Request: POST http://localhost:2026/v1/chat/completions "HTTP/1.1 200 OK"
2026-05-01 23:28:10,018 [INFO] [505/3993] id=openseek-4-4cc184e4e GT=lances,Oohegbag;bGreeksn ✅ (2638ch, 10.8s)
2026-05-01 23:28:11,061 [INFO] HTTP Request: POST http://localhost:2026/v1/chat/completions "HTTP/1.1 200 OK"
2026-05-01 23:28:11,063 [INFO] [506/3993] id=openseek-4-76092a5d3 GT=objectWmoreXhigharavines.vlike ✅ (3349ch, 13.3s)
2026-05-01 23:28:15,402 [INFO] HTTP Request: POST http://localhost:2026/v1/chat/completions "HTTP/1.1 200 OK"
2026-05-01 23:28:15,403 [INFO] [507/3993] id=openseek-4-721e359a8 GT=SS ✅ (1170ch, 4.3s)
2026-05-01 23:28:19,551 [INFO] HTTP Request: POST http://localhost:2026/v1/chat/completions "HTTP/1.1 200 OK"
2026-05-01 23:28:19,552 [INFO] [508/3993] id=openseek-4-d26827bd5 GT=Hitofopencboat,R ✅ (2150ch, 9.5s)
2026-05-01 23:28:19,632 [INFO] HTTP Request: POST http://localhost:2026/v1/chat/completions "HTTP/1.1 200 OK"
2026-05-01 23:28:19,633 [INFO] [509/3993] id=openseek-4-411de1fcf GT=Ywhitee ✅ (1066ch, 4.2s)
2026-05-01 23:28:21,317 [INFO] HTTP Request: POST http://localhost:2026/v1/chat/completions "HTTP/1.1 200 OK"
2026-05-01 23:28:21,319 [INFO] [510/3993] id=openseek-4-518319103 GT=EQadofgO_he_.utimeOy ✅ (2908ch, 12.1s)
2026-05-01 23:28:25,214 [INFO] HTTP Request: POST http://localhost:2026/v1/chat/completions "HTTP/1.1 200 OK"
2026-05-01 23:28:25,215 [INFO] [511/3993] id=openseek-4-6f98cadaf GT=JtryR ✅ (982ch, 3.9s)
2026-05-01 23:28:30,794 [INFO] HTTP Request: POST http://localhost:2026/v1/chat/completions "HTTP/1.1 200 OK"
2026-05-01 23:28:30,796 [INFO] [512/3993] id=openseek-4-9c1f88711 GT=ecrackingnoQtravellerGZ ✅ (2812ch, 11.2s)
2026-05-01 23:28:32,250 [INFO] HTTP Request: POST http://localhost:2026/v1/chat/completions "HTTP/1.1 200 OK"
2026-05-01 23:28:32,252 [INFO] [513/3993] id=openseek-4-8c7997050 GT=aMrye?BwhoYRtantamounte ✅ (2920ch, 12.6s)
2026-05-01 23:28:38,623 [INFO] HTTP Request: POST http://localhost:2026/v1/chat/completions "HTTP/1.1 200 OK"
2026-05-01 23:28:38,624 [INFO] [514/3993] id=openseek-4-f669cbbab GT=gZnoiselessQye ✅ (1379ch, 6.4s)
2026-05-01 23:28:41,256 [INFO] HTTP Request: POST http://localhost:2026/v1/chat/completions "HTTP/1.1 200 OK"
2026-05-01 23:28:41,257 [INFO] [515/3993] id=openseek-4-44e62e7c0 GT=OitselfCgGxyEmperorsoaDbutu ✅ (3761ch, 16.0s)
2026-05-01 23:28:43,927 [INFO] HTTP Request: POST http://localhost:2026/v1/chat/completions "HTTP/1.1 200 OK"
2026-05-01 23:28:43,929 [INFO] [516/3993] id=openseek-4-ab7edaa99 GT=orwWinAHhiseuR ✅ (2898ch, 13.1s)
2026-05-01 23:28:57,667 [INFO] HTTP Request: POST http://localhost:2026/v1/chat/completions "HTTP/1.1 200 OK"
2026-05-01 23:28:57,669 [INFO] [517/3993] id=openseek-4-2ae27229e GT=ucClamythefandFLwhalingaTRandS ✅ (3746ch, 16.4s)
2026-05-01 23:28:57,893 [INFO] HTTP Request: POST http://localhost:2026/v1/chat/completions "HTTP/1.1 200 OK"
2026-05-01 23:28:57,895 [INFO] [518/3993] id=openseek-4-6bc2f7f40 GT=bAtoOmkiKanRcH ✅ (3997ch, 19.3s)
2026-05-01 23:28:58,294 [INFO] HTTP Request: POST http://localhost:2026/v1/chat/completions "HTTP/1.1 200 OK"
2026-05-01 23:28:58,297 [INFO] [519/3993] id=openseek-4-f6a6286a1 GT=withfsubstituted.jFeelyall,Cmo ✅ (3314ch, 14.4s)
2026-05-01 23:29:01,443 [INFO] HTTP Request: POST http://localhost:2026/v1/chat/completions "HTTP/1.1 200 OK"
2026-05-01 23:29:01,444 [INFO] [520/3993] id=openseek-4-ebe9eb1a3 GT=XG ✅ (949ch, 3.8s)
2026-05-01 23:29:09,464 [INFO] HTTP Request: POST http://localhost:2026/v1/chat/completions "HTTP/1.1 200 OK"
2026-05-01 23:29:09,466 [INFO] [521/3993] id=openseek-4-15b65cc0a GT=torHneitherzyJZbeneathlspoutin ✅ (2656ch, 11.2s)
2026-05-01 23:29:16,800 [INFO] HTTP Request: POST http://localhost:2026/v1/chat/completions "HTTP/1.1 200 OK"
2026-05-01 23:29:16,802 [INFO] [522/3993] id=openseek-4-0e608840b GT=andgptheZa-rushcofWhHurrah!W ✅ (3459ch, 15.4s)
2026-05-01 23:29:17,258 [INFO] HTTP Request: POST http://localhost:2026/v1/chat/completions "HTTP/1.1 200 OK"
2026-05-01 23:29:17,259 [WARNING]   [attempt 1 T=0.0] think validate 失败 (len=4272): 'Okay, let's see. I need to concatenate this list of strings into a single line w'
2026-05-01 23:29:20,068 [INFO] HTTP Request: POST http://localhost:2026/v1/chat/completions "HTTP/1.1 200 OK"
2026-05-01 23:29:20,069 [INFO] [523/3993] id=openseek-4-e3a832b3f GT=kImcertainlyowouldEu ✅ (2414ch, 10.6s)
2026-05-01 23:29:24,852 [INFO] HTTP Request: POST http://localhost:2026/v1/chat/completions "HTTP/1.1 200 OK"
2026-05-01 23:29:24,854 [INFO] [524/3993] id=openseek-4-55702d365 GT=ifdHvTyahasAHkL ✅ (1679ch, 8.1s)
2026-05-01 23:29:28,376 [INFO] HTTP Request: POST http://localhost:2026/v1/chat/completions "HTTP/1.1 200 OK"
2026-05-01 23:29:28,377 [INFO] [525/3993] id=openseek-4-a97c90842 GT=samefinZ ✅ (1669ch, 8.3s)
2026-05-01 23:29:35,628 [INFO] HTTP Request: POST http://localhost:2026/v1/chat/completions "HTTP/1.1 200 OK"
2026-05-01 23:29:35,629 [WARNING]   [attempt 2 T=0.3] think validate 失败 (len=4036): 'Okay, let's see. I need to concatenate this list of strings into a single line w'
2026-05-01 23:29:41,136 [INFO] HTTP Request: POST http://localhost:2026/v1/chat/completions "HTTP/1.1 200 OK"
2026-05-01 23:29:41,138 [INFO] [526/3993] id=openseek-4-841565066 GT=iwithFasses9UTheTgfcHe9sN ✅ (2765ch, 12.8s)
2026-05-01 23:29:41,433 [INFO] HTTP Request: POST http://localhost:2026/v1/chat/completions "HTTP/1.1 200 OK"
2026-05-01 23:29:41,435 [INFO] [527/3993] id=openseek-4-3b6b56a14 GT=niYthanmwasothateembalmedyEloo ✅ (3422ch, 16.6s)
2026-05-01 23:29:55,380 [INFO] HTTP Request: POST http://localhost:2026/v1/chat/completions "HTTP/1.1 200 OK"
2026-05-01 23:29:55,381 [WARNING]   [attempt 3 T=0.6] think validate 失败 (len=4275): 'Okay, let's see. I need to concatenate this list of strings into a single line w'
2026-05-01 23:29:55,383 [WARNING] [528/3993] id=openseek-4-0892e1fdf GT=prolongedrKbutPnearuOjfollowNn ❌ (57.5s)
2026-05-01 23:29:55,455 [INFO] HTTP Request: POST http://localhost:2026/v1/chat/completions "HTTP/1.1 200 OK"
2026-05-01 23:29:55,457 [INFO] [529/3993] id=openseek-4-3d4c318df GT=GEmperorsUUpresentwcItBroundoH ✅ (2948ch, 14.0s)
2026-05-01 23:29:55,951 [INFO] HTTP Request: POST http://localhost:2026/v1/chat/completions "HTTP/1.1 200 OK"
2026-05-01 23:29:55,952 [INFO] [530/3993] id=openseek-4-33f4ff08d GT=noonuiRthatTtoVlJmclimbsx ✅ (3383ch, 14.8s)
2026-05-01 23:30:00,067 [INFO] HTTP Request: POST http://localhost:2026/v1/chat/completions "HTTP/1.1 200 OK"
2026-05-01 23:30:00,068 [INFO] [531/3993] id=openseek-4-f06cc980c GT=GWR ✅ (952ch, 4.7s)
2026-05-01 23:30:01,597 [INFO] HTTP Request: POST http://localhost:2026/v1/chat/completions "HTTP/1.1 200 OK"
2026-05-01 23:30:01,598 [INFO] [532/3993] id=openseek-4-d69c5d8e4 GT=RButDd ✅ (1518ch, 6.1s)
2026-05-01 23:30:11,407 [INFO] HTTP Request: POST http://localhost:2026/v1/chat/completions "HTTP/1.1 200 OK"
2026-05-01 23:30:11,408 [WARNING]   [attempt 1 T=0.0] 答案校验失败 pred='T _me_ C s X not U U land V after P' expect='T _me_, C s X not U U land V after P'
2026-05-01 23:30:11,764 [INFO] HTTP Request: POST http://localhost:2026/v1/chat/completions "HTTP/1.1 200 OK"
2026-05-01 23:30:11,765 [INFO] [533/3993] id=openseek-4-3bd71182e GT=Aljointsdthensojumpedo ✅ (2503ch, 11.7s)
2026-05-01 23:30:19,641 [INFO] HTTP Request: POST http://localhost:2026/v1/chat/completions "HTTP/1.1 200 OK"
2026-05-01 23:30:19,642 [INFO] [534/3993] id=openseek-4-48c03b2aa GT=ErieeyouCPq ✅ (1861ch, 7.9s)
2026-05-01 23:30:22,196 [INFO] HTTP Request: POST http://localhost:2026/v1/chat/completions "HTTP/1.1 200 OK"
2026-05-01 23:30:22,197 [WARNING]   [attempt 1 T=0.0] think validate 失败 (len=4370): 'Okay, let's see. I need to concatenate this list of strings into a single line w'
2026-05-01 23:30:23,439 [INFO] HTTP Request: POST http://localhost:2026/v1/chat/completions "HTTP/1.1 200 OK"
2026-05-01 23:30:23,440 [INFO] [535/3993] id=openseek-4-46e7abdab GT=Ti ✅ (941ch, 3.8s)
2026-05-01 23:30:31,090 [INFO] HTTP Request: POST http://localhost:2026/v1/chat/completions "HTTP/1.1 200 OK"
2026-05-01 23:30:31,091 [WARNING]   [attempt 2 T=0.3] 答案校验失败 pred='T _me_ C s X not U U land V after P' expect='T _me_, C s X not U U land V after P'
2026-05-01 23:30:33,463 [INFO] HTTP Request: POST http://localhost:2026/v1/chat/completions "HTTP/1.1 200 OK"
2026-05-01 23:30:33,464 [INFO] [536/3993] id=openseek-4-ae0af16ed GT=mpossiblehzgorJI ✅ (2178ch, 10.0s)
2026-05-01 23:30:36,675 [INFO] HTTP Request: POST http://localhost:2026/v1/chat/completions "HTTP/1.1 200 OK"
2026-05-01 23:30:36,677 [INFO] [537/3993] id=openseek-4-a364d658d GT=wasECarthage;4theVnighDSuch,rh ✅ (3336ch, 35.1s)
2026-05-01 23:30:40,415 [INFO] HTTP Request: POST http://localhost:2026/v1/chat/completions "HTTP/1.1 200 OK"
2026-05-01 23:30:40,417 [INFO] [538/3993] id=openseek-4-2ba712a24 GT=ofjHmayHTaxD ✅ (1560ch, 7.0s)
2026-05-01 23:30:46,796 [INFO] HTTP Request: POST http://localhost:2026/v1/chat/completions "HTTP/1.1 200 OK"
2026-05-01 23:30:46,798 [INFO] [539/3993] id=openseek-4-651bf8ccb GT=price,TjofN ✅ (1511ch, 6.4s)
2026-05-01 23:30:49,372 [INFO] HTTP Request: POST http://localhost:2026/v1/chat/completions "HTTP/1.1 200 OK"
2026-05-01 23:30:49,373 [WARNING]   [attempt 3 T=0.6] 答案校验失败 pred='T _me_ C s X not U U land V after P' expect='T _me_, C s X not U U land V after P'
2026-05-01 23:30:49,373 [WARNING] [540/3993] id=openseek-4-866a4bed9 GT=T_me_,CsXnotUUlandVafterP ❌ (53.4s)
2026-05-01 23:30:53,883 [INFO] HTTP Request: POST http://localhost:2026/v1/chat/completions "HTTP/1.1 200 OK"
2026-05-01 23:30:53,884 [INFO] [541/3993] id=openseek-4-adc9c138f GT=justLfiledk ✅ (1860ch, 7.1s)
2026-05-01 23:30:57,454 [INFO] HTTP Request: POST http://localhost:2026/v1/chat/completions "HTTP/1.1 200 OK"
2026-05-01 23:30:57,455 [WARNING]   [attempt 1 T=0.0] think validate 失败 (len=4670): 'Okay, let's see. I need to concatenate this list of strings into a single line w'
2026-05-01 23:30:57,523 [INFO] HTTP Request: POST http://localhost:2026/v1/chat/completions "HTTP/1.1 200 OK"
2026-05-01 23:30:57,524 [INFO] [542/3993] id=openseek-4-081c1d6d3 GT=SRODCtooWIgd ✅ (1856ch, 8.2s)
2026-05-01 23:31:01,081 [INFO] HTTP Request: POST http://localhost:2026/v1/chat/completions "HTTP/1.1 200 OK"
2026-05-01 23:31:01,082 [INFO] [543/3993] id=openseek-4-edacdc563 GT=ud ✅ (816ch, 3.6s)
2026-05-01 23:31:09,098 [INFO] HTTP Request: POST http://localhost:2026/v1/chat/completions "HTTP/1.1 200 OK"
2026-05-01 23:31:09,100 [INFO] [544/3993] id=openseek-4-d174d8692 GT=IhcontainingslivelongGJtoCPfro ✅ (3185ch, 15.2s)
2026-05-01 23:31:11,539 [INFO] HTTP Request: POST http://localhost:2026/v1/chat/completions "HTTP/1.1 200 OK"
2026-05-01 23:31:11,540 [INFO] [545/3993] id=openseek-4-8580b6311 GT=gbwherereThou9stT ✅ (2412ch, 10.5s)
2026-05-01 23:31:12,686 [INFO] HTTP Request: POST http://localhost:2026/v1/chat/completions "HTTP/1.1 200 OK"
2026-05-01 23:31:12,688 [INFO] [546/3993] id=openseek-4-c89d4025d GT=gmannedwandHgintimateNKgseedlp ✅ (3580ch, 36.0s)
2026-05-01 23:31:14,714 [INFO] HTTP Request: POST http://localhost:2026/v1/chat/completions "HTTP/1.1 200 OK"
2026-05-01 23:31:14,715 [INFO] [547/3993] id=openseek-4-92d4f2f94 GT=ThathFu ✅ (1390ch, 5.6s)
2026-05-01 23:31:21,575 [INFO] HTTP Request: POST http://localhost:2026/v1/chat/completions "HTTP/1.1 200 OK"
2026-05-01 23:31:21,577 [INFO] [548/3993] id=openseek-4-37c16582b GT=OTSnatchingiinU ✅ (2671ch, 10.0s)
2026-05-01 23:31:25,623 [INFO] HTTP Request: POST http://localhost:2026/v1/chat/completions "HTTP/1.1 200 OK"
2026-05-01 23:31:25,624 [INFO] [549/3993] id=openseek-4-909938be4 GT=GBwasOWhatZForMiLoff ✅ (3309ch, 12.9s)
2026-05-01 23:31:28,297 [INFO] HTTP Request: POST http://localhost:2026/v1/chat/completions "HTTP/1.1 200 OK"
2026-05-01 23:31:28,298 [INFO] [550/3993] id=openseek-4-1241f2b28 GT=IDickngproudfdroppingbbletrN ✅ (3155ch, 13.6s)
2026-05-01 23:31:32,928 [INFO] HTTP Request: POST http://localhost:2026/v1/chat/completions "HTTP/1.1 200 OK"
2026-05-01 23:31:32,929 [INFO] [551/3993] id=openseek-4-129c146b5 GT=whale-shipGj ✅ (1902ch, 7.3s)
2026-05-01 23:31:33,618 [INFO] HTTP Request: POST http://localhost:2026/v1/chat/completions "HTTP/1.1 200 OK"
2026-05-01 23:31:33,619 [INFO] [552/3993] id=openseek-4-746eae975 GT=KoftJoppa,iycherishedSWohb ✅ (2724ch, 12.0s)
2026-05-01 23:31:40,961 [INFO] HTTP Request: POST http://localhost:2026/v1/chat/completions "HTTP/1.1 200 OK"
2026-05-01 23:31:40,963 [INFO] [553/3993] id=openseek-4-0ce24bada GT=werevcrewsvaporykaVYHandmwhale ✅ (3139ch, 12.7s)
2026-05-01 23:31:51,715 [INFO] HTTP Request: POST http://localhost:2026/v1/chat/completions "HTTP/1.1 200 OK"
2026-05-01 23:31:51,715 [WARNING]   [attempt 1 T=0.0] think validate 失败 (len=4147): 'Okay, let's see. I need to concatenate this list of strings into a single line w'
2026-05-01 23:31:51,888 [INFO] HTTP Request: POST http://localhost:2026/v1/chat/completions "HTTP/1.1 200 OK"
2026-05-01 23:31:51,890 [INFO] [554/3993] id=openseek-4-c99633958 GT=Othemforwards,FoldObuteIatsthe ✅ (3842ch, 18.3s)
2026-05-01 23:31:53,362 [INFO] HTTP Request: POST http://localhost:2026/v1/chat/completions "HTTP/1.1 200 OK"
2026-05-01 23:31:53,364 [INFO] [555/3993] id=openseek-4-d8d9d56de GT=AthatTresolvedVlowestzItc ✅ (3127ch, 12.4s)
2026-05-01 23:31:58,670 [INFO] HTTP Request: POST http://localhost:2026/v1/chat/completions "HTTP/1.1 200 OK"
2026-05-01 23:31:58,671 [INFO] [556/3993] id=openseek-4-acbf137c6 GT=andOusingh ✅ (1723ch, 6.8s)
2026-05-01 23:32:05,319 [INFO] HTTP Request: POST http://localhost:2026/v1/chat/completions "HTTP/1.1 200 OK"
2026-05-01 23:32:05,321 [INFO] [557/3993] id=openseek-4-9260c82e0 GT=treasuresWzwellTadoldKvH ✅ (2794ch, 12.0s)
2026-05-01 23:32:05,338 [INFO] HTTP Request: POST http://localhost:2026/v1/chat/completions "HTTP/1.1 200 OK"
2026-05-01 23:32:05,339 [INFO] [558/3993] id=openseek-4-8e8d70877 GT=criedHEZRpwhilexplainlyTyN ✅ (3127ch, 32.4s)
2026-05-01 23:32:10,211 [INFO] HTTP Request: POST http://localhost:2026/v1/chat/completions "HTTP/1.1 200 OK"
2026-05-01 23:32:10,213 [INFO] [559/3993] id=openseek-4-1ff5f7b26 GT=sowW ✅ (1253ch, 4.9s)
2026-05-01 23:32:13,260 [INFO] HTTP Request: POST http://localhost:2026/v1/chat/completions "HTTP/1.1 200 OK"
2026-05-01 23:32:13,262 [INFO] [560/3993] id=openseek-4-0d32b3fc6 GT=Bofdmthez ✅ (1886ch, 7.9s)
2026-05-01 23:32:13,752 [INFO] HTTP Request: POST http://localhost:2026/v1/chat/completions "HTTP/1.1 200 OK"
2026-05-01 23:32:13,753 [INFO] [561/3993] id=openseek-4-3e682adbc GT=inmPLYoiXallptheW ✅ (3591ch, 15.1s)
2026-05-01 23:32:16,119 [INFO] HTTP Request: POST http://localhost:2026/v1/chat/completions "HTTP/1.1 200 OK"
2026-05-01 23:32:16,121 [INFO] [562/3993] id=openseek-4-52becfd34 GT=HwasEhr ✅ (1472ch, 5.9s)
2026-05-01 23:32:25,548 [INFO] HTTP Request: POST http://localhost:2026/v1/chat/completions "HTTP/1.1 200 OK"
2026-05-01 23:32:25,549 [INFO] [563/3993] id=openseek-4-ecea39b74 GT=greatTStubb,mwPHalongc ✅ (2828ch, 11.8s)
2026-05-01 23:32:28,068 [INFO] HTTP Request: POST http://localhost:2026/v1/chat/completions "HTTP/1.1 200 OK"
2026-05-01 23:32:28,069 [INFO] [564/3993] id=openseek-4-813e2d71b GT=FBJYQallrInEycatchesOofP ✅ (3447ch, 14.8s)
2026-05-01 23:32:28,125 [INFO] HTTP Request: POST http://localhost:2026/v1/chat/completions "HTTP/1.1 200 OK"
2026-05-01 23:32:28,127 [INFO] [565/3993] id=openseek-4-98ca48a93 GT=play.Hmwasdhard;ZRwhale9sWdark ✅ (2512ch, 12.0s)
2026-05-01 23:32:35,671 [INFO] HTTP Request: POST http://localhost:2026/v1/chat/completions "HTTP/1.1 200 OK"
2026-05-01 23:32:35,672 [INFO] [566/3993] id=openseek-4-3671cf525 GT=suspectctheyP ✅ (2020ch, 7.6s)
2026-05-01 23:32:36,918 [INFO] HTTP Request: POST http://localhost:2026/v1/chat/completions "HTTP/1.1 200 OK"
2026-05-01 23:32:36,920 [INFO] [567/3993] id=openseek-4-aecb2537a GT=wYtharpoon;DhisWBhowevers ✅ (1989ch, 8.8s)
2026-05-01 23:32:41,681 [INFO] HTTP Request: POST http://localhost:2026/v1/chat/completions "HTTP/1.1 200 OK"
2026-05-01 23:32:41,682 [INFO] [568/3993] id=openseek-4-b0e1aeedf GT=fcomprisedkpublishedNofOacarvi ✅ (3941ch, 16.1s)
2026-05-01 23:32:43,493 [INFO] HTTP Request: POST http://localhost:2026/v1/chat/completions "HTTP/1.1 200 OK"
2026-05-01 23:32:43,495 [INFO] [569/3993] id=openseek-4-16b75a5aa GT=coursepj ✅ (1710ch, 6.6s)
2026-05-01 23:32:47,900 [INFO] HTTP Request: POST http://localhost:2026/v1/chat/completions "HTTP/1.1 200 OK"
2026-05-01 23:32:47,901 [INFO] [570/3993] id=openseek-4-b6fdba7dc GT=again,xbyXeyeingVfaintBhjbeo ✅ (2949ch, 12.2s)
2026-05-01 23:32:51,000 [INFO] HTTP Request: POST http://localhost:2026/v1/chat/completions "HTTP/1.1 200 OK"
2026-05-01 23:32:51,001 [INFO] [571/3993] id=openseek-4-ebbd6e880 GT=ofcYu ✅ (1981ch, 7.5s)
2026-05-01 23:32:55,390 [INFO] HTTP Request: POST http://localhost:2026/v1/chat/completions "HTTP/1.1 200 OK"
2026-05-01 23:32:55,392 [INFO] [572/3993] id=openseek-4-523f7034d GT=cLookVdispersedSuungmiraclec ✅ (3190ch, 13.7s)
2026-05-01 23:33:02,192 [INFO] HTTP Request: POST http://localhost:2026/v1/chat/completions "HTTP/1.1 200 OK"
2026-05-01 23:33:02,194 [INFO] [573/3993] id=openseek-4-603417323 GT=tentrfOathsJ ✅ (1686ch, 6.8s)
2026-05-01 23:33:05,176 [INFO] HTTP Request: POST http://localhost:2026/v1/chat/completions "HTTP/1.1 200 OK"
2026-05-01 23:33:05,177 [INFO] [574/3993] id=openseek-4-e0874e6dc GT=quiteoihisvbaejaggedBvelocity, ✅ (3957ch, 17.3s)
2026-05-01 23:33:06,545 [INFO] HTTP Request: POST http://localhost:2026/v1/chat/completions "HTTP/1.1 200 OK"
2026-05-01 23:33:06,547 [INFO] [575/3993] id=openseek-4-c6bd3cd89 GT=stalkedYTPmanQamongcVnKMz ✅ (3585ch, 15.5s)
2026-05-01 23:33:09,807 [INFO] HTTP Request: POST http://localhost:2026/v1/chat/completions "HTTP/1.1 200 OK"
2026-05-01 23:33:09,808 [INFO] [576/3993] id=openseek-4-e77b70cde GT=arcertainhwithdrawnLbGq ✅ (1765ch, 7.6s)
2026-05-01 23:33:14,949 [INFO] HTTP Request: POST http://localhost:2026/v1/chat/completions "HTTP/1.1 200 OK"
2026-05-01 23:33:14,950 [INFO] [577/3993] id=openseek-4-5673be6bc GT=hjHthepN ✅ (2387ch, 9.8s)
2026-05-01 23:33:21,245 [INFO] HTTP Request: POST http://localhost:2026/v1/chat/completions "HTTP/1.1 200 OK"
2026-05-01 23:33:21,246 [INFO] [578/3993] id=openseek-4-8b5677365 GT=firstLqothersizPhrockingNdaG ✅ (3351ch, 14.7s)
2026-05-01 23:33:24,882 [INFO] HTTP Request: POST http://localhost:2026/v1/chat/completions "HTTP/1.1 200 OK"
2026-05-01 23:33:24,884 [INFO] [579/3993] id=openseek-4-1841f754a GT=ein!aMwaSkTWfoiledR ✅ (3045ch, 15.1s)
2026-05-01 23:33:28,626 [INFO] HTTP Request: POST http://localhost:2026/v1/chat/completions "HTTP/1.1 200 OK"
2026-05-01 23:33:28,628 [INFO] [580/3993] id=openseek-4-cbab1dbfd GT=Rperson9sNthesyouftheyqofrZwRe ✅ (3315ch, 13.7s)
2026-05-01 23:33:30,218 [INFO] HTTP Request: POST http://localhost:2026/v1/chat/completions "HTTP/1.1 200 OK"
2026-05-01 23:33:30,220 [INFO] [581/3993] id=openseek-4-0ff5cc255 GT=tdoutlineymNEheadnH ✅ (2021ch, 9.0s)
2026-05-01 23:33:37,967 [INFO] HTTP Request: POST http://localhost:2026/v1/chat/completions "HTTP/1.1 200 OK"
2026-05-01 23:33:37,969 [INFO] [582/3993] id=openseek-4-54a6a772d GT=UutotherTtosa ✅ (2086ch, 9.3s)
2026-05-01 23:33:38,225 [INFO] HTTP Request: POST http://localhost:2026/v1/chat/completions "HTTP/1.1 200 OK"
2026-05-01 23:33:38,226 [INFO] [583/3993] id=openseek-4-a8a04eda9 GT=anghaveOgishands.kwofdPA ✅ (3076ch, 13.3s)
2026-05-01 23:33:51,861 [INFO] HTTP Request: POST http://localhost:2026/v1/chat/completions "HTTP/1.1 200 OK"
2026-05-01 23:33:51,863 [WARNING]   [attempt 1 T=0.0] think validate 失败 (len=4901): 'Okay, let's see. I need to concatenate this list of strings into a single line w'
2026-05-01 23:33:55,347 [INFO] HTTP Request: POST http://localhost:2026/v1/chat/completions "HTTP/1.1 200 OK"
2026-05-01 23:33:55,349 [INFO] [584/3993] id=openseek-4-f64cb57d3 GT=kIanzIbtvessels,zDentangledX ✅ (3783ch, 17.4s)
2026-05-01 23:34:02,807 [INFO] HTTP Request: POST http://localhost:2026/v1/chat/completions "HTTP/1.1 200 OK"
2026-05-01 23:34:02,808 [INFO] [585/3993] id=openseek-4-e39a33435 GT=nofXK ✅ (1745ch, 7.5s)
2026-05-01 23:34:04,336 [INFO] HTTP Request: POST http://localhost:2026/v1/chat/completions "HTTP/1.1 200 OK"
2026-05-01 23:34:04,337 [WARNING]   [attempt 1 T=0.0] think validate 失败 (len=4959): 'Okay, let's see. I need to concatenate this list of strings into a single line w'
2026-05-01 23:34:04,767 [INFO] HTTP Request: POST http://localhost:2026/v1/chat/completions "HTTP/1.1 200 OK"
2026-05-01 23:34:04,769 [INFO] [586/3993] id=openseek-4-1b028a65d GT=vastfheqTalikeMHarpoons,dTF ✅ (2900ch, 34.5s)
2026-05-01 23:34:09,491 [INFO] HTTP Request: POST http://localhost:2026/v1/chat/completions "HTTP/1.1 200 OK"
2026-05-01 23:34:09,492 [INFO] [587/3993] id=openseek-4-af6e9690a GT=boats,zstandingstf ✅ (1600ch, 6.7s)
2026-05-01 23:34:16,530 [INFO] HTTP Request: POST http://localhost:2026/v1/chat/completions "HTTP/1.1 200 OK"
2026-05-01 23:34:16,532 [INFO] [588/3993] id=openseek-4-a21c5bf72 GT=othelimportantxYaltogetherzBCo ✅ (2798ch, 11.8s)
2026-05-01 23:34:18,794 [INFO] HTTP Request: POST http://localhost:2026/v1/chat/completions "HTTP/1.1 200 OK"
2026-05-01 23:34:18,795 [INFO] [589/3993] id=openseek-4-4815709a7 GT=HRhalloa,Gcwhaleyharpooneerxfi ✅ (2930ch, 40.6s)
2026-05-01 23:34:18,924 [INFO] HTTP Request: POST http://localhost:2026/v1/chat/completions "HTTP/1.1 200 OK"
2026-05-01 23:34:18,925 [INFO] [590/3993] id=openseek-4-c455bc0a2 GT=ZsendsRthevwbitm ✅ (2144ch, 9.4s)
2026-05-01 23:34:31,540 [INFO] HTTP Request: POST http://localhost:2026/v1/chat/completions "HTTP/1.1 200 OK"
2026-05-01 23:34:31,541 [INFO] [591/3993] id=openseek-4-6104c4f79 GT=sometimeszdPawhichhisYelucidat ✅ (3138ch, 12.7s)
2026-05-01 23:34:33,445 [INFO] HTTP Request: POST http://localhost:2026/v1/chat/completions "HTTP/1.1 200 OK"
2026-05-01 23:34:33,446 [INFO] [592/3993] id=openseek-4-c2b000ca2 GT=Qcursing,qbroad-brimXofCdDHMno ✅ (3686ch, 16.9s)
2026-05-01 23:34:35,908 [INFO] HTTP Request: POST http://localhost:2026/v1/chat/completions "HTTP/1.1 200 OK"
2026-05-01 23:34:35,910 [INFO] [593/3993] id=openseek-4-9dc0a3f0b GT=sometimesmsailors,zofhthisjful ✅ (3911ch, 17.0s)
2026-05-01 23:34:41,424 [INFO] HTTP Request: POST http://localhost:2026/v1/chat/completions "HTTP/1.1 200 OK"
2026-05-01 23:34:41,426 [INFO] [594/3993] id=openseek-4-5eb7f1323 GT=smallbImask.G ✅ (2005ch, 8.0s)
2026-05-01 23:34:46,455 [INFO] HTTP Request: POST http://localhost:2026/v1/chat/completions "HTTP/1.1 200 OK"
2026-05-01 23:34:46,457 [INFO] [595/3993] id=openseek-4-ad333d703 GT=askWsomeSapprehensions,dunfalt ✅ (3517ch, 14.9s)
2026-05-01 23:34:48,132 [INFO] HTTP Request: POST http://localhost:2026/v1/chat/completions "HTTP/1.1 200 OK"
2026-05-01 23:34:48,133 [INFO] [596/3993] id=openseek-4-5f2d42abd GT=becomepmifwrollingRTEAzyI ✅ (2852ch, 12.2s)
2026-05-01 23:34:49,186 [INFO] HTTP Request: POST http://localhost:2026/v1/chat/completions "HTTP/1.1 200 OK"
2026-05-01 23:34:49,188 [INFO] [597/3993] id=openseek-4-7438e0d19 GT=hisAWho,G ✅ (1545ch, 7.8s)
2026-05-01 23:34:52,967 [INFO] HTTP Request: POST http://localhost:2026/v1/chat/completions "HTTP/1.1 200 OK"
2026-05-01 23:34:52,969 [INFO] [598/3993] id=openseek-4-b23709257 GT=MEandi ✅ (1114ch, 4.8s)
2026-05-01 23:35:02,330 [INFO] HTTP Request: POST http://localhost:2026/v1/chat/completions "HTTP/1.1 200 OK"
2026-05-01 23:35:02,332 [INFO] [599/3993] id=openseek-4-0d7dd3735 GT=amongZQminds,kher,TDOsocLhavin ✅ (3408ch, 15.9s)
2026-05-01 23:35:03,045 [INFO] HTTP Request: POST http://localhost:2026/v1/chat/completions "HTTP/1.1 200 OK"
2026-05-01 23:35:03,047 [INFO] [600/3993] id=openseek-4-1dfab5ffc GT=twootheYLWBtheyeJaccountxod ✅ (3027ch, 13.9s)
2026-05-01 23:35:03,148 [INFO]   💾 已保存 (成功=596 失败=4) | 3.9s/条均值 | ETA=218min
2026-05-01 23:35:04,842 [INFO] HTTP Request: POST http://localhost:2026/v1/chat/completions "HTTP/1.1 200 OK"
2026-05-01 23:35:04,843 [INFO] [601/3993] id=openseek-4-28800cd0b GT=PinXasQkkY ✅ (2789ch, 11.9s)
2026-05-01 23:35:14,936 [INFO] HTTP Request: POST http://localhost:2026/v1/chat/completions "HTTP/1.1 200 OK"
2026-05-01 23:35:14,938 [INFO] [602/3993] id=openseek-4-b65d8d0f3 GT=fairhaccordingMivoryaGperilsgJ ✅ (3015ch, 11.9s)
2026-05-01 23:35:15,877 [INFO] HTTP Request: POST http://localhost:2026/v1/chat/completions "HTTP/1.1 200 OK"
2026-05-01 23:35:15,879 [INFO] [603/3993] id=openseek-4-703b9d7ec GT=youngBTshortEdisturbingaQwhile ✅ (2774ch, 11.0s)
2026-05-01 23:35:16,295 [INFO] HTTP Request: POST http://localhost:2026/v1/chat/completions "HTTP/1.1 200 OK"
2026-05-01 23:35:16,297 [INFO] [604/3993] id=openseek-4-eb869c324 GT=JkPmship9sYDr.QmtoeRG ✅ (2895ch, 14.0s)
2026-05-01 23:35:22,460 [INFO] HTTP Request: POST http://localhost:2026/v1/chat/completions "HTTP/1.1 200 OK"
2026-05-01 23:35:22,462 [INFO] [605/3993] id=openseek-4-5d2e26e53 GT=Binsultnaa ✅ (1533ch, 6.6s)
2026-05-01 23:35:26,292 [INFO] HTTP Request: POST http://localhost:2026/v1/chat/completions "HTTP/1.1 200 OK"
2026-05-01 23:35:26,294 [INFO] [606/3993] id=openseek-4-251fd4cba GT=ofKCaUrstrawberries.YeightjmjN ✅ (2529ch, 10.0s)
2026-05-01 23:35:31,657 [INFO] HTTP Request: POST http://localhost:2026/v1/chat/completions "HTTP/1.1 200 OK"
2026-05-01 23:35:31,658 [WARNING]   [attempt 1 T=0.0] think validate 失败 (len=4105): 'Okay, let's see. I need to concatenate this list of strings into a single line w'
2026-05-01 23:35:36,354 [INFO] HTTP Request: POST http://localhost:2026/v1/chat/completions "HTTP/1.1 200 OK"
2026-05-01 23:35:36,356 [INFO] [607/3993] id=openseek-4-30cba72a4 GT=ROflyingmBackncbutnGasxD ✅ (3535ch, 13.9s)
2026-05-01 23:35:36,717 [INFO] HTTP Request: POST http://localhost:2026/v1/chat/completions "HTTP/1.1 200 OK"
2026-05-01 23:35:36,719 [INFO] [608/3993] id=openseek-4-0569142e1 GT=dandktrue?PruminatingGthes ✅ (2545ch, 10.4s)
2026-05-01 23:35:45,675 [INFO] HTTP Request: POST http://localhost:2026/v1/chat/completions "HTTP/1.1 200 OK"
2026-05-01 23:35:45,677 [INFO] [609/3993] id=openseek-4-b58bb6a9b GT=atCforeheadKIndianXthemselvesi ✅ (3303ch, 30.7s)
2026-05-01 23:35:49,091 [INFO] HTTP Request: POST http://localhost:2026/v1/chat/completions "HTTP/1.1 200 OK"
2026-05-01 23:35:49,093 [INFO] [610/3993] id=openseek-4-46b6fe0a8 GT=PtheWDmskeletonWcraft.dobtainX ✅ (2960ch, 12.7s)
2026-05-01 23:35:49,721 [INFO] HTTP Request: POST http://localhost:2026/v1/chat/completions "HTTP/1.1 200 OK"
2026-05-01 23:35:49,722 [INFO] [611/3993] id=openseek-4-e08140b40 GT=cDcontinentshgreaterlbulwarks. ✅ (3194ch, 13.0s)
2026-05-01 23:35:57,897 [INFO] HTTP Request: POST http://localhost:2026/v1/chat/completions "HTTP/1.1 200 OK"
2026-05-01 23:35:57,898 [INFO] [612/3993] id=openseek-4-77fef0a4f GT=xJGorsXjjbeings.j ✅ (2763ch, 12.2s)
2026-05-01 23:35:58,139 [INFO] HTTP Request: POST http://localhost:2026/v1/chat/completions "HTTP/1.1 200 OK"
2026-05-01 23:35:58,141 [INFO] [613/3993] id=openseek-4-fb2e5d0d9 GT=ofXonce;4seenVthattN ✅ (2261ch, 9.0s)
2026-05-01 23:35:58,375 [INFO] HTTP Request: POST http://localhost:2026/v1/chat/completions "HTTP/1.1 200 OK"
2026-05-01 23:35:58,377 [INFO] [614/3993] id=openseek-4-5c310bd37 GT=followsSLLalongzrWZ ✅ (2071ch, 8.7s)
2026-05-01 23:36:03,312 [INFO] HTTP Request: POST http://localhost:2026/v1/chat/completions "HTTP/1.1 200 OK"
2026-05-01 23:36:03,313 [INFO] [615/3993] id=openseek-4-0aa110760 GT=hadDxa ✅ (1441ch, 5.4s)
2026-05-01 23:36:11,636 [INFO] HTTP Request: POST http://localhost:2026/v1/chat/completions "HTTP/1.1 200 OK"
2026-05-01 23:36:11,637 [INFO] [616/3993] id=openseek-4-a456fc6ad GT=agPpBlid;ZtheNIus,vstandvdenom ✅ (3158ch, 13.5s)
2026-05-01 23:36:12,329 [INFO] HTTP Request: POST http://localhost:2026/v1/chat/completions "HTTP/1.1 200 OK"
2026-05-01 23:36:12,330 [INFO] [617/3993] id=openseek-4-184db16e0 GT=savagesGitxwasI ✅ (2431ch, 9.0s)
2026-05-01 23:36:12,841 [INFO] HTTP Request: POST http://localhost:2026/v1/chat/completions "HTTP/1.1 200 OK"
2026-05-01 23:36:12,842 [INFO] [618/3993] id=openseek-4-e30833a9a GT=commonmgknowCZMdromedaryzfoodE ✅ (3585ch, 14.5s)
2026-05-01 23:36:16,102 [INFO] HTTP Request: POST http://localhost:2026/v1/chat/completions "HTTP/1.1 200 OK"
2026-05-01 23:36:16,103 [INFO] [619/3993] id=openseek-4-171beb2b2 GT=ge ✅ (669ch, 3.3s)
2026-05-01 23:36:20,461 [INFO] HTTP Request: POST http://localhost:2026/v1/chat/completions "HTTP/1.1 200 OK"
2026-05-01 23:36:20,462 [INFO] [620/3993] id=openseek-4-0d864de2a GT=hisIneverUn ✅ (2154ch, 8.1s)
2026-05-01 23:36:21,223 [INFO] HTTP Request: POST http://localhost:2026/v1/chat/completions "HTTP/1.1 200 OK"
2026-05-01 23:36:21,225 [INFO] [621/3993] id=openseek-4-5a50bf8ec GT=bone;HinwofEshoesR ✅ (2449ch, 9.6s)
2026-05-01 23:36:27,746 [INFO] HTTP Request: POST http://localhost:2026/v1/chat/completions "HTTP/1.1 200 OK"
2026-05-01 23:36:27,748 [INFO] [622/3993] id=openseek-4-c74eb1540 GT=oneVbranches,u ✅ (1885ch, 7.3s)
2026-05-01 23:36:28,192 [INFO] HTTP Request: POST http://localhost:2026/v1/chat/completions "HTTP/1.1 200 OK"
2026-05-01 23:36:28,193 [INFO] [623/3993] id=openseek-4-877856dd5 GT=gevenfTatndisj ✅ (1471ch, 7.0s)
2026-05-01 23:36:30,353 [INFO] HTTP Request: POST http://localhost:2026/v1/chat/completions "HTTP/1.1 200 OK"
2026-05-01 23:36:30,355 [INFO] [624/3993] id=openseek-4-a886d0e05 GT=toQthemUSolomon,TpCaptain?d4gl ✅ (3400ch, 14.3s)
2026-05-01 23:36:38,114 [INFO] HTTP Request: POST http://localhost:2026/v1/chat/completions "HTTP/1.1 200 OK"
2026-05-01 23:36:38,115 [INFO] [625/3993] id=openseek-4-4df575230 GT=thatWjgcSrX ✅ (2389ch, 9.9s)
2026-05-01 23:36:38,661 [INFO] HTTP Request: POST http://localhost:2026/v1/chat/completions "HTTP/1.1 200 OK"
2026-05-01 23:36:38,662 [INFO] [626/3993] id=openseek-4-f90c0cdf5 GT=KfarrmusclessbeenMktilln ✅ (2872ch, 10.9s)
2026-05-01 23:36:44,458 [INFO] HTTP Request: POST http://localhost:2026/v1/chat/completions "HTTP/1.1 200 OK"
2026-05-01 23:36:44,459 [INFO] [627/3993] id=openseek-4-c05f121f1 GT=zQgallHaccidentB ✅ (1544ch, 5.8s)
2026-05-01 23:36:47,699 [INFO] HTTP Request: POST http://localhost:2026/v1/chat/completions "HTTP/1.1 200 OK"
2026-05-01 23:36:47,700 [INFO] [628/3993] id=openseek-4-b7a6270be GT=UbonesZAhab;UfromOQczItcoilsL ✅ (3811ch, 17.3s)
2026-05-01 23:36:51,509 [INFO] HTTP Request: POST http://localhost:2026/v1/chat/completions "HTTP/1.1 200 OK"
2026-05-01 23:36:51,510 [INFO] [629/3993] id=openseek-4-979fb2ec7 GT=Rs ✅ (1044ch, 3.8s)
2026-05-01 23:36:52,205 [INFO] HTTP Request: POST http://localhost:2026/v1/chat/completions "HTTP/1.1 200 OK"
2026-05-01 23:36:52,206 [INFO] [630/3993] id=openseek-4-f76fd998b GT=BVPmenMcapstan;xanybodyOstrong ✅ (3551ch, 14.1s)
2026-05-01 23:36:56,240 [INFO] HTTP Request: POST http://localhost:2026/v1/chat/completions "HTTP/1.1 200 OK"
2026-05-01 23:36:56,241 [INFO] [631/3993] id=openseek-4-13040ef56 GT=EupX ✅ (874ch, 4.0s)
2026-05-01 23:36:56,816 [INFO] HTTP Request: POST http://localhost:2026/v1/chat/completions "HTTP/1.1 200 OK"
2026-05-01 23:36:56,818 [INFO] [632/3993] id=openseek-4-47d1d91bd GT=eNQrKcarpenter9ssOnZYx ✅ (2991ch, 12.4s)
2026-05-01 23:37:04,832 [INFO] HTTP Request: POST http://localhost:2026/v1/chat/completions "HTTP/1.1 200 OK"
2026-05-01 23:37:04,833 [INFO] [633/3993] id=openseek-4-98223714a GT=heavedmPZonlyO ✅ (2144ch, 8.0s)
2026-05-01 23:37:08,511 [INFO] HTTP Request: POST http://localhost:2026/v1/chat/completions "HTTP/1.1 200 OK"
2026-05-01 23:37:08,512 [WARNING]   [attempt 1 T=0.0] think validate 失败 (len=4114): 'Okay, let's see. I need to concatenate this list of strings into a single line w'
2026-05-01 23:37:08,610 [INFO] HTTP Request: POST http://localhost:2026/v1/chat/completions "HTTP/1.1 200 OK"
2026-05-01 23:37:08,612 [INFO] [634/3993] id=openseek-4-dbc876aae GT=eventzBirmah,gBjinLZpersonally ✅ (3148ch, 12.4s)
2026-05-01 23:37:23,243 [INFO] HTTP Request: POST http://localhost:2026/v1/chat/completions "HTTP/1.1 200 OK"
2026-05-01 23:37:23,244 [WARNING]   [attempt 1 T=0.0] think validate 失败 (len=4304): 'Okay, let's see. I need to concatenate this list of strings into a single line w'
2026-05-01 23:37:24,255 [INFO] HTTP Request: POST http://localhost:2026/v1/chat/completions "HTTP/1.1 200 OK"
2026-05-01 23:37:24,257 [INFO] [635/3993] id=openseek-4-041382bc6 GT=twellLatwasleDthoughz ✅ (3548ch, 32.7s)
2026-05-01 23:37:24,853 [INFO] HTTP Request: POST http://localhost:2026/v1/chat/completions "HTTP/1.1 200 OK"
2026-05-01 23:37:24,854 [INFO] [636/3993] id=openseek-4-f36f5c3ce GT=sameGinmqAHarpooneer.Cisrpt ✅ (3417ch, 16.2s)
2026-05-01 23:37:29,714 [INFO] HTTP Request: POST http://localhost:2026/v1/chat/completions "HTTP/1.1 200 OK"
2026-05-01 23:37:29,715 [INFO] [637/3993] id=openseek-4-db08eaea3 GT=Chim,A ✅ (1163ch, 4.9s)
2026-05-01 23:37:30,225 [INFO] HTTP Request: POST http://localhost:2026/v1/chat/completions "HTTP/1.1 200 OK"
2026-05-01 23:37:30,226 [INFO] [638/3993] id=openseek-4-bb16286b9 GT=ILVCap ✅ (1431ch, 6.0s)
2026-05-01 23:37:33,859 [INFO] HTTP Request: POST http://localhost:2026/v1/chat/completions "HTTP/1.1 200 OK"
2026-05-01 23:37:33,860 [INFO] [639/3993] id=openseek-4-ebb1e6e6b GT=ca ✅ (949ch, 3.6s)
2026-05-01 23:37:33,975 [INFO] HTTP Request: POST http://localhost:2026/v1/chat/completions "HTTP/1.1 200 OK"
2026-05-01 23:37:33,976 [INFO] [640/3993] id=openseek-4-44e9106e4 GT=fellownrespeciallylye,ftheNexa ✅ (2786ch, 29.1s)
2026-05-01 23:37:35,480 [INFO] HTTP Request: POST http://localhost:2026/v1/chat/completions "HTTP/1.1 200 OK"
2026-05-01 23:37:35,481 [INFO] [641/3993] id=openseek-4-fcaa0836e GT=pRNtheffJus ✅ (1371ch, 5.8s)
2026-05-01 23:37:38,302 [INFO] HTTP Request: POST http://localhost:2026/v1/chat/completions "HTTP/1.1 200 OK"
2026-05-01 23:37:38,303 [INFO] [642/3993] id=openseek-4-d90696fd8 GT=jalsoio ✅ (1116ch, 4.3s)
2026-05-01 23:37:39,394 [INFO] HTTP Request: POST http://localhost:2026/v1/chat/completions "HTTP/1.1 200 OK"
2026-05-01 23:37:39,395 [INFO] [643/3993] id=openseek-4-2bc0efff4 GT=pJD ✅ (1011ch, 3.9s)
2026-05-01 23:37:44,246 [INFO] HTTP Request: POST http://localhost:2026/v1/chat/completions "HTTP/1.1 200 OK"
2026-05-01 23:37:44,248 [INFO] [644/3993] id=openseek-4-c547d8343 GT=sbeenfqe ✅ (1519ch, 5.9s)
2026-05-01 23:37:44,727 [INFO] HTTP Request: POST http://localhost:2026/v1/chat/completions "HTTP/1.1 200 OK"
2026-05-01 23:37:44,728 [INFO] [645/3993] id=openseek-4-af9f79e1a GT=supperlbflyogcstanduHthatIspra ✅ (2881ch, 10.9s)
2026-05-01 23:37:44,993 [INFO] HTTP Request: POST http://localhost:2026/v1/chat/completions "HTTP/1.1 200 OK"
2026-05-01 23:37:44,995 [INFO] [646/3993] id=openseek-4-baf751000 GT=NheJJ ✅ (1423ch, 5.6s)
2026-05-01 23:37:49,002 [INFO] HTTP Request: POST http://localhost:2026/v1/chat/completions "HTTP/1.1 200 OK"
2026-05-01 23:37:49,003 [INFO] [647/3993] id=openseek-4-4ca41afc1 GT=andcW ✅ (1295ch, 4.8s)
2026-05-01 23:37:55,872 [INFO] HTTP Request: POST http://localhost:2026/v1/chat/completions "HTTP/1.1 200 OK"
2026-05-01 23:37:55,874 [INFO] [648/3993] id=openseek-4-f9114026f GT=vhIlivesbSr ✅ (2905ch, 11.1s)
2026-05-01 23:37:58,010 [INFO] HTTP Request: POST http://localhost:2026/v1/chat/completions "HTTP/1.1 200 OK"
2026-05-01 23:37:58,011 [INFO] [649/3993] id=openseek-4-84ddccd04 GT=partsNQueequegawmightJyetSIBv ✅ (3055ch, 13.0s)
2026-05-01 23:38:04,730 [INFO] HTTP Request: POST http://localhost:2026/v1/chat/completions "HTTP/1.1 200 OK"
2026-05-01 23:38:04,731 [INFO] [650/3993] id=openseek-4-cd45c4a28 GT=crawlSeconvincedtwithkifyol ✅ (1588ch, 6.7s)
2026-05-01 23:38:07,105 [INFO] HTTP Request: POST http://localhost:2026/v1/chat/completions "HTTP/1.1 200 OK"
2026-05-01 23:38:07,106 [WARNING]   [attempt 1 T=0.0] think validate 失败 (len=4257): 'Okay, let's see. I need to concatenate this list of strings into a single line w'
2026-05-01 23:38:09,229 [INFO] HTTP Request: POST http://localhost:2026/v1/chat/completions "HTTP/1.1 200 OK"
2026-05-01 23:38:09,230 [INFO] [651/3993] id=openseek-4-7ea3ae77f GT=IainnfateFLpwandTou ✅ (2861ch, 13.4s)
2026-05-01 23:38:14,354 [INFO] HTTP Request: POST http://localhost:2026/v1/chat/completions "HTTP/1.1 200 OK"
2026-05-01 23:38:14,355 [INFO] [652/3993] id=openseek-4-e3d6701a3 GT=thatxvEQallJ ✅ (2291ch, 9.6s)
2026-05-01 23:38:16,832 [INFO] HTTP Request: POST http://localhost:2026/v1/chat/completions "HTTP/1.1 200 OK"
2026-05-01 23:38:16,833 [INFO] [653/3993] id=openseek-4-c1d8b863a GT=wibecausewatXLthes ✅ (2177ch, 27.8s)
2026-05-01 23:38:18,935 [INFO] HTTP Request: POST http://localhost:2026/v1/chat/completions "HTTP/1.1 200 OK"
2026-05-01 23:38:18,936 [INFO] [654/3993] id=openseek-4-576ba15fd GT=andNS ✅ (1086ch, 4.6s)
2026-05-01 23:38:21,591 [INFO] HTTP Request: POST http://localhost:2026/v1/chat/completions "HTTP/1.1 200 OK"
2026-05-01 23:38:21,592 [INFO] [655/3993] id=openseek-4-6907c6ad3 GT=rythenMDajforBtheSgT ✅ (2762ch, 12.4s)
2026-05-01 23:38:26,083 [INFO] HTTP Request: POST http://localhost:2026/v1/chat/completions "HTTP/1.1 200 OK"
2026-05-01 23:38:26,085 [INFO] [656/3993] id=openseek-4-04803b6d5 GT=heqPEperfectlyeaszwheno ✅ (1825ch, 9.3s)
2026-05-01 23:38:30,641 [INFO] HTTP Request: POST http://localhost:2026/v1/chat/completions "HTTP/1.1 200 OK"
2026-05-01 23:38:30,642 [INFO] [657/3993] id=openseek-4-b4e22cf80 GT=canvas,WcIkNQSsawjBg ✅ (2721ch, 11.7s)
2026-05-01 23:38:35,632 [INFO] HTTP Request: POST http://localhost:2026/v1/chat/completions "HTTP/1.1 200 OK"
2026-05-01 23:38:35,633 [INFO] [658/3993] id=openseek-4-d0b3fef1a GT=aiZxthatBzofqkannouncedxBoatzm ✅ (3609ch, 14.0s)
2026-05-01 23:38:37,074 [INFO] HTTP Request: POST http://localhost:2026/v1/chat/completions "HTTP/1.1 200 OK"
2026-05-01 23:38:37,076 [INFO] [659/3993] id=openseek-4-5cbbf5f50 GT=himrThes ✅ (1601ch, 6.4s)
2026-05-01 23:38:41,891 [INFO] HTTP Request: POST http://localhost:2026/v1/chat/completions "HTTP/1.1 200 OK"
2026-05-01 23:38:41,892 [INFO] [660/3993] id=openseek-4-40e73fffa GT=vFmoreUice-house,OaZthenTQr ✅ (3649ch, 15.8s)
2026-05-01 23:38:43,411 [INFO] HTTP Request: POST http://localhost:2026/v1/chat/completions "HTTP/1.1 200 OK"
2026-05-01 23:38:43,412 [INFO] [661/3993] id=openseek-4-b413e7579 GT=ELBAjmXtreasuremnotu ✅ (1791ch, 7.8s)
2026-05-01 23:38:49,061 [INFO] HTTP Request: POST http://localhost:2026/v1/chat/completions "HTTP/1.1 200 OK"
2026-05-01 23:38:49,063 [INFO] [662/3993] id=openseek-4-38a61f996 GT=iDorf ✅ (1451ch, 5.7s)
2026-05-01 23:38:51,327 [INFO] HTTP Request: POST http://localhost:2026/v1/chat/completions "HTTP/1.1 200 OK"
2026-05-01 23:38:51,329 [INFO] [663/3993] id=openseek-4-14c443e5b GT=aqtoUpsbuilding,Fqmmeeting.Uan ✅ (3275ch, 14.3s)
2026-05-01 23:38:56,316 [INFO] HTTP Request: POST http://localhost:2026/v1/chat/completions "HTTP/1.1 200 OK"
2026-05-01 23:38:56,318 [INFO] [664/3993] id=openseek-4-0e1ec94ff GT=uidemonLanSdidLonWarer ✅ (3431ch, 14.4s)
2026-05-01 23:39:00,048 [INFO] HTTP Request: POST http://localhost:2026/v1/chat/completions "HTTP/1.1 200 OK"
2026-05-01 23:39:00,049 [INFO] [665/3993] id=openseek-4-16fefc025 GT=so,tthree;Lbutton-likeP ✅ (2202ch, 8.7s)
2026-05-01 23:39:03,274 [INFO] HTTP Request: POST http://localhost:2026/v1/chat/completions "HTTP/1.1 200 OK"
2026-05-01 23:39:03,276 [INFO] [666/3993] id=openseek-4-57c4eb073 GT=UofQhaveodvainb ✅ (3274ch, 14.2s)
2026-05-01 23:39:07,006 [INFO] HTTP Request: POST http://localhost:2026/v1/chat/completions "HTTP/1.1 200 OK"
2026-05-01 23:39:07,008 [INFO] [667/3993] id=openseek-4-a84a2c7c2 GT=fourthYYactuallyQemazyU ✅ (2770ch, 10.7s)
2026-05-01 23:39:14,382 [INFO] HTTP Request: POST http://localhost:2026/v1/chat/completions "HTTP/1.1 200 OK"
2026-05-01 23:39:14,384 [INFO] [668/3993] id=openseek-4-a3f3e9b0c GT=QthezthreegGonewfelatedTOround ✅ (3424ch, 14.3s)
2026-05-01 23:39:15,515 [INFO] HTTP Request: POST http://localhost:2026/v1/chat/completions "HTTP/1.1 200 OK"
2026-05-01 23:39:15,516 [INFO] [669/3993] id=openseek-4-5ac3bd789 GT=Mr.IMStubbAwhenwtheYLafternX ✅ (2938ch, 12.2s)
2026-05-01 23:39:21,330 [INFO] HTTP Request: POST http://localhost:2026/v1/chat/completions "HTTP/1.1 200 OK"
2026-05-01 23:39:21,331 [INFO] [670/3993] id=openseek-4-9416ca32f GT=infinitelyZzalongkH ✅ (1855ch, 6.9s)
2026-05-01 23:39:22,947 [INFO] HTTP Request: POST http://localhost:2026/v1/chat/completions "HTTP/1.1 200 OK"
2026-05-01 23:39:22,949 [INFO] [671/3993] id=openseek-4-1ee79284d GT=iron,QwithoDdlastGandosomey ✅ (3670ch, 15.9s)
2026-05-01 23:39:23,770 [INFO] HTTP Request: POST http://localhost:2026/v1/chat/completions "HTTP/1.1 200 OK"
2026-05-01 23:39:23,772 [INFO] [672/3993] id=openseek-4-50cbbd92f GT=ZUforzdbPzv ✅ (1938ch, 8.3s)
2026-05-01 23:39:28,116 [INFO] HTTP Request: POST http://localhost:2026/v1/chat/completions "HTTP/1.1 200 OK"
2026-05-01 23:39:28,117 [INFO] [673/3993] id=openseek-4-142f6502d GT=Wnose,j ✅ (1717ch, 6.8s)
2026-05-01 23:39:29,228 [INFO] HTTP Request: POST http://localhost:2026/v1/chat/completions "HTTP/1.1 200 OK"
2026-05-01 23:39:29,230 [INFO] [674/3993] id=openseek-4-00971f97f GT=bloodpofDVsF ✅ (1603ch, 6.3s)
2026-05-01 23:39:33,811 [INFO] HTTP Request: POST http://localhost:2026/v1/chat/completions "HTTP/1.1 200 OK"
2026-05-01 23:39:33,813 [INFO] [675/3993] id=openseek-4-8def86ee6 GT=theTlp ✅ (1480ch, 5.7s)
2026-05-01 23:39:36,860 [INFO] HTTP Request: POST http://localhost:2026/v1/chat/completions "HTTP/1.1 200 OK"
2026-05-01 23:39:36,862 [INFO] [676/3993] id=openseek-4-8a790c6a8 GT=stoveOtheRulhy ✅ (1379ch, 7.6s)
2026-05-01 23:39:37,963 [INFO] HTTP Request: POST http://localhost:2026/v1/chat/completions "HTTP/1.1 200 OK"
2026-05-01 23:39:37,964 [INFO] [677/3993] id=openseek-4-1e2e5e935 GT=he9szfirstirbreaches!GBotheUGL ✅ (3733ch, 14.2s)
2026-05-01 23:39:41,305 [INFO] HTTP Request: POST http://localhost:2026/v1/chat/completions "HTTP/1.1 200 OK"
2026-05-01 23:39:41,307 [INFO] [678/3993] id=openseek-4-3a26632a0 GT=theyFocean,A ✅ (1944ch, 7.5s)
2026-05-01 23:39:45,078 [INFO] HTTP Request: POST http://localhost:2026/v1/chat/completions "HTTP/1.1 200 OK"
2026-05-01 23:39:45,079 [INFO] [679/3993] id=openseek-4-299f0d28f GT=sasW ✅ (1527ch, 7.1s)
2026-05-01 23:39:49,527 [INFO] HTTP Request: POST http://localhost:2026/v1/chat/completions "HTTP/1.1 200 OK"
2026-05-01 23:39:49,528 [INFO] [680/3993] id=openseek-4-27f0b8f6c GT=Nhaddtside.BsortaofLM ✅ (2937ch, 12.7s)
2026-05-01 23:39:54,386 [INFO] HTTP Request: POST http://localhost:2026/v1/chat/completions "HTTP/1.1 200 OK"
2026-05-01 23:39:54,388 [INFO] [681/3993] id=openseek-4-b13fa5f1b GT=IMglassu ✅ (1252ch, 4.9s)
2026-05-01 23:39:58,317 [INFO] HTTP Request: POST http://localhost:2026/v1/chat/completions "HTTP/1.1 200 OK"
2026-05-01 23:39:58,319 [INFO] [682/3993] id=openseek-4-f08a3dbb9 GT=tragedies.KpartSHHighBZ ✅ (3951ch, 17.0s)
2026-05-01 23:39:59,447 [INFO] HTTP Request: POST http://localhost:2026/v1/chat/completions "HTTP/1.1 200 OK"
2026-05-01 23:39:59,448 [INFO] [683/3993] id=openseek-4-1fb2bc7a0 GT=townaturelzwhale,KsthebwasRVlg ✅ (3326ch, 14.4s)
2026-05-01 23:40:01,509 [INFO] HTTP Request: POST http://localhost:2026/v1/chat/completions "HTTP/1.1 200 OK"
2026-05-01 23:40:01,510 [INFO] [684/3993] id=openseek-4-b8451f50e GT=itewinfPwarpedrOqn ✅ (1570ch, 7.1s)
2026-05-01 23:40:04,854 [INFO] HTTP Request: POST http://localhost:2026/v1/chat/completions "HTTP/1.1 200 OK"
2026-05-01 23:40:04,856 [INFO] [685/3993] id=openseek-4-1607cce2e GT=wxyuXkK ✅ (1336ch, 6.5s)
2026-05-01 23:40:05,613 [INFO] HTTP Request: POST http://localhost:2026/v1/chat/completions "HTTP/1.1 200 OK"
2026-05-01 23:40:05,614 [INFO] [686/3993] id=openseek-4-827179eed GT=qpallJ ✅ (1381ch, 6.2s)
2026-05-01 23:40:13,008 [INFO] HTTP Request: POST http://localhost:2026/v1/chat/completions "HTTP/1.1 200 OK"
2026-05-01 23:40:13,010 [INFO] [687/3993] id=openseek-4-b9e747055 GT=whaleDntheWiJAwsQ ✅ (2678ch, 11.5s)
2026-05-01 23:40:18,075 [INFO] HTTP Request: POST http://localhost:2026/v1/chat/completions "HTTP/1.1 200 OK"
2026-05-01 23:40:18,077 [INFO] [688/3993] id=openseek-4-eb9a5e3e2 GT=KAf ✅ (1299ch, 5.1s)
2026-05-01 23:40:21,593 [INFO] HTTP Request: POST http://localhost:2026/v1/chat/completions "HTTP/1.1 200 OK"
2026-05-01 23:40:21,596 [INFO] [689/3993] id=openseek-4-8d11a06e4 GT=fastDFUbeatYcGodduponllips,Vwh ✅ (3649ch, 16.0s)
2026-05-01 23:40:23,541 [INFO] HTTP Request: POST http://localhost:2026/v1/chat/completions "HTTP/1.1 200 OK"
2026-05-01 23:40:23,542 [WARNING]   [attempt 1 T=0.0] think validate 失败 (len=4325): 'Okay, let's see. I need to concatenate this list of strings into a single line w'
2026-05-01 23:40:28,814 [INFO] HTTP Request: POST http://localhost:2026/v1/chat/completions "HTTP/1.1 200 OK"
2026-05-01 23:40:28,816 [INFO] [690/3993] id=openseek-4-b9f1f6af1 GT=Mup,grthatVm ✅ (2393ch, 10.7s)
2026-05-01 23:40:37,722 [INFO] HTTP Request: POST http://localhost:2026/v1/chat/completions "HTTP/1.1 200 OK"
2026-05-01 23:40:37,723 [INFO] [691/3993] id=openseek-4-1b68d7604 GT=nmanner,mmythologies,IWxJwhich ✅ (3226ch, 32.9s)
2026-05-01 23:40:42,099 [INFO] HTTP Request: POST http://localhost:2026/v1/chat/completions "HTTP/1.1 200 OK"
2026-05-01 23:40:42,101 [WARNING]   [attempt 1 T=0.0] think validate 失败 (len=4561): 'Okay, let's see. I need to concatenate this list of strings into a single line w'
2026-05-01 23:40:46,669 [INFO] HTTP Request: POST http://localhost:2026/v1/chat/completions "HTTP/1.1 200 OK"
2026-05-01 23:40:46,671 [INFO] [692/3993] id=openseek-4-38f34a82b GT=Starbucksturned.arCtoOKvdrippi ✅ (3754ch, 17.9s)
2026-05-01 23:40:49,489 [INFO] HTTP Request: POST http://localhost:2026/v1/chat/completions "HTTP/1.1 200 OK"
2026-05-01 23:40:49,491 [INFO] [693/3993] id=openseek-4-a684b22c0 GT=thatfindefatigablevghFdVxxy ✅ (2776ch, 11.8s)
2026-05-01 23:40:57,622 [INFO] HTTP Request: POST http://localhost:2026/v1/chat/completions "HTTP/1.1 200 OK"
2026-05-01 23:40:57,624 [INFO] [694/3993] id=openseek-4-86e4629d0 GT=toOsaidZmorbidness.uAbutSthoug ✅ (3459ch, 36.0s)
2026-05-01 23:40:57,780 [INFO] HTTP Request: POST http://localhost:2026/v1/chat/completions "HTTP/1.1 200 OK"
2026-05-01 23:40:57,782 [INFO] [695/3993] id=openseek-4-19a2abe83 GT=xDperpendicularTN ✅ (2079ch, 8.3s)
2026-05-01 23:41:00,865 [INFO] HTTP Request: POST http://localhost:2026/v1/chat/completions "HTTP/1.1 200 OK"
2026-05-01 23:41:00,866 [INFO] [696/3993] id=openseek-4-d64fac757 GT=speak.N(saysAtfself-condemning ✅ (3165ch, 14.2s)
2026-05-01 23:41:04,588 [INFO] HTTP Request: POST http://localhost:2026/v1/chat/completions "HTTP/1.1 200 OK"
2026-05-01 23:41:04,590 [INFO] [697/3993] id=openseek-4-e05d8614d GT=thatUthegVbeenx ✅ (1758ch, 7.0s)
2026-05-01 23:41:05,231 [INFO] HTTP Request: POST http://localhost:2026/v1/chat/completions "HTTP/1.1 200 OK"
2026-05-01 23:41:05,233 [INFO] [698/3993] id=openseek-4-d39625b17 GT=OaBruptcbetweeng ✅ (1748ch, 7.5s)
2026-05-01 23:41:11,487 [INFO] HTTP Request: POST http://localhost:2026/v1/chat/completions "HTTP/1.1 200 OK"
2026-05-01 23:41:11,489 [INFO] [699/3993] id=openseek-4-af48d0cda GT=ajztheCjNconlykf ✅ (2526ch, 10.6s)
2026-05-01 23:41:18,305 [INFO] HTTP Request: POST http://localhost:2026/v1/chat/completions "HTTP/1.1 200 OK"
2026-05-01 23:41:18,306 [INFO] [700/3993] id=openseek-4-333008062 GT=thehnotdtheC ✅ (1615ch, 6.8s)
2026-05-01 23:41:18,427 [INFO]   💾 已保存 (成功=696 失败=4) | 3.8s/条均值 | ETA=211min
2026-05-01 23:41:20,868 [INFO] HTTP Request: POST http://localhost:2026/v1/chat/completions "HTTP/1.1 200 OK"
2026-05-01 23:41:20,869 [WARNING]   [attempt 1 T=0.0] think validate 失败 (len=4003): 'Okay, let's see. I need to concatenate this list of strings into a single line w'
2026-05-01 23:41:23,232 [INFO] HTTP Request: POST http://localhost:2026/v1/chat/completions "HTTP/1.1 200 OK"
2026-05-01 23:41:23,234 [INFO] [701/3993] id=openseek-4-95f3bab10 GT=atevincedP ✅ (940ch, 4.9s)
2026-05-01 23:41:24,433 [INFO] HTTP Request: POST http://localhost:2026/v1/chat/completions "HTTP/1.1 200 OK"
2026-05-01 23:41:24,434 [WARNING]   [attempt 1 T=0.0] think validate 失败 (len=4171): 'Okay, let's see. I need to concatenate this list of strings into a single line w'
2026-05-01 23:41:31,775 [INFO] HTTP Request: POST http://localhost:2026/v1/chat/completions "HTTP/1.1 200 OK"
2026-05-01 23:41:31,777 [INFO] [702/3993] id=openseek-4-640cdc11d GT=Norylthing,clegs,LA ✅ (2428ch, 27.2s)
2026-05-01 23:41:35,391 [INFO] HTTP Request: POST http://localhost:2026/v1/chat/completions "HTTP/1.1 200 OK"
2026-05-01 23:41:35,393 [INFO] [703/3993] id=openseek-4-3f77bf524 GT=ownkme,nthewQonrqC ✅ (2817ch, 12.2s)
2026-05-01 23:41:41,253 [INFO] HTTP Request: POST http://localhost:2026/v1/chat/completions "HTTP/1.1 200 OK"
2026-05-01 23:41:41,254 [INFO] [704/3993] id=openseek-4-ab045dc0e GT=scatteredrazaLKknc ✅ (2199ch, 9.5s)
2026-05-01 23:41:43,620 [INFO] HTTP Request: POST http://localhost:2026/v1/chat/completions "HTTP/1.1 200 OK"
2026-05-01 23:41:43,622 [INFO] [705/3993] id=openseek-4-39fc13b88 GT=QsoseemedKF ✅ (1957ch, 8.2s)
2026-05-01 23:41:44,264 [INFO] HTTP Request: POST http://localhost:2026/v1/chat/completions "HTTP/1.1 200 OK"
2026-05-01 23:41:44,265 [WARNING]   [attempt 2 T=0.3] think validate 失败 (len=4277): 'Okay, let's see. I need to concatenate this list of strings into a single line w'
2026-05-01 23:41:56,081 [INFO] HTTP Request: POST http://localhost:2026/v1/chat/completions "HTTP/1.1 200 OK"
2026-05-01 23:41:56,082 [INFO] [706/3993] id=openseek-4-cd71b39ba GT=tickledCZmgotNvofua ✅ (3553ch, 14.8s)
2026-05-01 23:41:58,589 [INFO] HTTP Request: POST http://localhost:2026/v1/chat/completions "HTTP/1.1 200 OK"
2026-05-01 23:41:58,591 [INFO] [707/3993] id=openseek-4-88e1b643e GT=cArtAeverkCkherfbyKtoxmeInowS ✅ (3593ch, 15.0s)
2026-05-01 23:42:04,734 [INFO] HTTP Request: POST http://localhost:2026/v1/chat/completions "HTTP/1.1 200 OK"
2026-05-01 23:42:04,735 [WARNING]   [attempt 3 T=0.6] think validate 失败 (len=4218): 'Okay, let's see. I need to concatenate this list of strings into a single line w'
2026-05-01 23:42:04,736 [WARNING] [708/3993] id=openseek-4-95f83606c GT=ajiff,VvoicevIbintervals,pTaga ❌ (59.5s)
2026-05-01 23:42:08,264 [INFO] HTTP Request: POST http://localhost:2026/v1/chat/completions "HTTP/1.1 200 OK"
2026-05-01 23:42:08,265 [INFO] [709/3993] id=openseek-4-e8f279261 GT=Xitdtitle4well,dPvwayGwe ✅ (2647ch, 12.2s)
2026-05-01 23:42:12,972 [INFO] HTTP Request: POST http://localhost:2026/v1/chat/completions "HTTP/1.1 200 OK"
2026-05-01 23:42:12,974 [INFO] [710/3993] id=openseek-4-1057a62cc GT=RiodseylatelyqthatZm ✅ (3183ch, 14.4s)
2026-05-01 23:42:15,042 [INFO] HTTP Request: POST http://localhost:2026/v1/chat/completions "HTTP/1.1 200 OK"
2026-05-01 23:42:15,044 [INFO] [711/3993] id=openseek-4-9dc160aef GT=loverkibshorePbeenIL ✅ (2347ch, 10.3s)
2026-05-01 23:42:18,023 [INFO] HTTP Request: POST http://localhost:2026/v1/chat/completions "HTTP/1.1 200 OK"
2026-05-01 23:42:18,024 [INFO] [712/3993] id=openseek-4-7af21f717 GT=ButOMEVthunderxZfourYtheseI ✅ (2307ch, 9.8s)
2026-05-01 23:42:22,779 [INFO] HTTP Request: POST http://localhost:2026/v1/chat/completions "HTTP/1.1 200 OK"
2026-05-01 23:42:22,782 [INFO] [713/3993] id=openseek-4-f4d33f595 GT=NWthattxmanyutoL ✅ (2331ch, 9.8s)
2026-05-01 23:42:23,156 [INFO] HTTP Request: POST http://localhost:2026/v1/chat/completions "HTTP/1.1 200 OK"
2026-05-01 23:42:23,158 [INFO] [714/3993] id=openseek-4-2e3ede4d8 GT=tEBofo ✅ (1718ch, 8.1s)
2026-05-01 23:42:33,631 [INFO] HTTP Request: POST http://localhost:2026/v1/chat/completions "HTTP/1.1 200 OK"
2026-05-01 23:42:33,633 [INFO] [715/3993] id=openseek-4-db71b94c0 GT=whichztheCYingloriouslyrextern ✅ (3611ch, 15.6s)
2026-05-01 23:42:36,363 [INFO] HTTP Request: POST http://localhost:2026/v1/chat/completions "HTTP/1.1 200 OK"
2026-05-01 23:42:36,364 [INFO] [716/3993] id=openseek-4-ea3691e4c GT=thencTxthem;Ejecbit,R ✅ (2925ch, 13.2s)
2026-05-01 23:42:37,405 [INFO] HTTP Request: POST http://localhost:2026/v1/chat/completions "HTTP/1.1 200 OK"
2026-05-01 23:42:37,407 [INFO] [717/3993] id=openseek-4-88acfc107 GT=zIqaway!dSnowHcworld;Qberthha ✅ (3440ch, 14.6s)
2026-05-01 23:42:40,939 [INFO] HTTP Request: POST http://localhost:2026/v1/chat/completions "HTTP/1.1 200 OK"
2026-05-01 23:42:40,940 [INFO] [718/3993] id=openseek-4-4e640582e GT=AaUMhVhadZ ✅ (1342ch, 7.3s)
2026-05-01 23:42:45,233 [INFO] HTTP Request: POST http://localhost:2026/v1/chat/completions "HTTP/1.1 200 OK"
2026-05-01 23:42:45,235 [INFO] [719/3993] id=openseek-4-11355364a GT=Because,PCyouXB ✅ (1882ch, 7.8s)
2026-05-01 23:42:50,378 [INFO] HTTP Request: POST http://localhost:2026/v1/chat/completions "HTTP/1.1 200 OK"
2026-05-01 23:42:50,379 [INFO] [720/3993] id=openseek-4-aa8d58c79 GT=ethejHofxofuYgoOrientalxnowe ✅ (2875ch, 14.0s)
2026-05-01 23:42:53,040 [INFO] HTTP Request: POST http://localhost:2026/v1/chat/completions "HTTP/1.1 200 OK"
2026-05-01 23:42:53,041 [INFO] [721/3993] id=openseek-4-8e7cbc69c GT=ofgdmkdamngwKeepe ✅ (1699ch, 7.8s)
2026-05-01 23:42:54,060 [INFO] HTTP Request: POST http://localhost:2026/v1/chat/completions "HTTP/1.1 200 OK"
2026-05-01 23:42:54,061 [INFO] [722/3993] id=openseek-4-d43bd87b0 GT=zqtorridVatEKVncabinsZcL ✅ (3058ch, 13.1s)
2026-05-01 23:42:57,473 [INFO] HTTP Request: POST http://localhost:2026/v1/chat/completions "HTTP/1.1 200 OK"
2026-05-01 23:42:57,474 [INFO] [723/3993] id=openseek-4-5ea7964e1 GT=KN ✅ (1210ch, 4.4s)
2026-05-01 23:42:58,510 [INFO] HTTP Request: POST http://localhost:2026/v1/chat/completions "HTTP/1.1 200 OK"
2026-05-01 23:42:58,511 [INFO] [724/3993] id=openseek-4-8aaf3aa71 GT=MIn ✅ (1134ch, 4.4s)
2026-05-01 23:43:00,250 [INFO] HTTP Request: POST http://localhost:2026/v1/chat/completions "HTTP/1.1 200 OK"
2026-05-01 23:43:00,252 [INFO] [725/3993] id=openseek-4-5157d3a93 GT=andJutoKcraft,ejustLandjthrown ✅ (2311ch, 9.9s)
2026-05-01 23:43:01,961 [INFO] HTTP Request: POST http://localhost:2026/v1/chat/completions "HTTP/1.1 200 OK"
2026-05-01 23:43:01,962 [INFO] [726/3993] id=openseek-4-5e065af20 GT=noGfromj ✅ (1165ch, 4.5s)
2026-05-01 23:43:06,348 [INFO] HTTP Request: POST http://localhost:2026/v1/chat/completions "HTTP/1.1 200 OK"
2026-05-01 23:43:06,349 [INFO] [727/3993] id=openseek-4-1f2b52dc1 GT=haveAamoreyCtq ✅ (1436ch, 6.1s)
2026-05-01 23:43:11,540 [INFO] HTTP Request: POST http://localhost:2026/v1/chat/completions "HTTP/1.1 200 OK"
2026-05-01 23:43:11,541 [INFO] [728/3993] id=openseek-4-d70374d2a GT=vGpoutNwmoreover,Q ✅ (2507ch, 9.6s)
2026-05-01 23:43:11,652 [INFO] HTTP Request: POST http://localhost:2026/v1/chat/completions "HTTP/1.1 200 OK"
2026-05-01 23:43:11,653 [INFO] [729/3993] id=openseek-4-e6f08d53d GT=bnQWmNofnatConp ✅ (2806ch, 13.1s)
2026-05-01 23:43:18,629 [INFO] HTTP Request: POST http://localhost:2026/v1/chat/completions "HTTP/1.1 200 OK"
2026-05-01 23:43:18,630 [INFO] [730/3993] id=openseek-4-e2f4aeacc GT=qDrhGlivedM ✅ (1780ch, 7.1s)
2026-05-01 23:43:18,715 [INFO] HTTP Request: POST http://localhost:2026/v1/chat/completions "HTTP/1.1 200 OK"
2026-05-01 23:43:18,716 [INFO] [731/3993] id=openseek-4-ef5238319 GT=UhelpalbetweenxUKSEsIndian,B ✅ (2937ch, 12.4s)
2026-05-01 23:43:21,639 [INFO] HTTP Request: POST http://localhost:2026/v1/chat/completions "HTTP/1.1 200 OK"
2026-05-01 23:43:21,640 [INFO] [732/3993] id=openseek-4-6ae8b4733 GT=O_his_gContinents;fdon9tnartV ✅ (2367ch, 10.0s)
2026-05-01 23:43:25,441 [INFO] HTTP Request: POST http://localhost:2026/v1/chat/completions "HTTP/1.1 200 OK"
2026-05-01 23:43:25,443 [INFO] [733/3993] id=openseek-4-5bf5e34db GT=isyyhimPinfEb ✅ (1563ch, 6.7s)
2026-05-01 23:43:31,033 [INFO] HTTP Request: POST http://localhost:2026/v1/chat/completions "HTTP/1.1 200 OK"
2026-05-01 23:43:31,035 [INFO] [734/3993] id=openseek-4-20b45a020 GT=beEk ✅ (1389ch, 5.6s)
2026-05-01 23:43:33,637 [INFO] HTTP Request: POST http://localhost:2026/v1/chat/completions "HTTP/1.1 200 OK"
2026-05-01 23:43:33,639 [INFO] [735/3993] id=openseek-4-8e6fa7ebc GT=zlegnXKYandpLEright.ht ✅ (2658ch, 12.0s)
2026-05-01 23:43:34,088 [INFO] HTTP Request: POST http://localhost:2026/v1/chat/completions "HTTP/1.1 200 OK"
2026-05-01 23:43:34,090 [INFO] [736/3993] id=openseek-4-88b6362d3 GT=hemlock;YmakeBdeck,ttime.Zsofa ✅ (3592ch, 15.5s)
2026-05-01 23:43:40,256 [INFO] HTTP Request: POST http://localhost:2026/v1/chat/completions "HTTP/1.1 200 OK"
2026-05-01 23:43:40,258 [INFO] [737/3993] id=openseek-4-20d4abea1 GT=kisUW ✅ (1670ch, 6.6s)
2026-05-01 23:43:41,719 [INFO] HTTP Request: POST http://localhost:2026/v1/chat/completions "HTTP/1.1 200 OK"
2026-05-01 23:43:41,720 [INFO] [738/3993] id=openseek-4-bdff53ba3 GT=ItoCXOmhisgJDS ✅ (1652ch, 7.6s)
2026-05-01 23:43:42,311 [INFO] HTTP Request: POST http://localhost:2026/v1/chat/completions "HTTP/1.1 200 OK"
2026-05-01 23:43:42,313 [INFO] [739/3993] id=openseek-4-5850f153a GT=ewithoutFfEvenGsmokingCf ✅ (2730ch, 11.3s)
2026-05-01 23:43:45,709 [INFO] HTTP Request: POST http://localhost:2026/v1/chat/completions "HTTP/1.1 200 OK"
2026-05-01 23:43:45,710 [INFO] [740/3993] id=openseek-4-68c932c8c GT=allews ✅ (1332ch, 5.5s)
2026-05-01 23:43:49,491 [INFO] HTTP Request: POST http://localhost:2026/v1/chat/completions "HTTP/1.1 200 OK"
2026-05-01 23:43:49,493 [INFO] [741/3993] id=openseek-4-784a33f74 GT=ofEEVhim;jWo ✅ (1789ch, 7.8s)
2026-05-01 23:43:53,887 [INFO] HTTP Request: POST http://localhost:2026/v1/chat/completions "HTTP/1.1 200 OK"
2026-05-01 23:43:53,889 [INFO] [742/3993] id=openseek-4-58b562c9a GT=VGgoneItouchingjbutRthet ✅ (2634ch, 11.6s)
2026-05-01 23:44:00,275 [INFO] HTTP Request: POST http://localhost:2026/v1/chat/completions "HTTP/1.1 200 OK"
2026-05-01 23:44:00,277 [INFO] [743/3993] id=openseek-4-63168f720 GT=turnedNthatRpromisegalmostTZI ✅ (2651ch, 10.8s)
2026-05-01 23:44:00,747 [INFO] HTTP Request: POST http://localhost:2026/v1/chat/completions "HTTP/1.1 200 OK"
2026-05-01 23:44:00,748 [INFO] [744/3993] id=openseek-4-8d6c99abb GT=cBthevq ✅ (1704ch, 6.9s)
2026-05-01 23:44:04,717 [INFO] HTTP Request: POST http://localhost:2026/v1/chat/completions "HTTP/1.1 200 OK"
2026-05-01 23:44:04,719 [INFO] [745/3993] id=openseek-4-3137553c7 GT=Wyoud ✅ (1045ch, 4.4s)
2026-05-01 23:44:10,752 [INFO] HTTP Request: POST http://localhost:2026/v1/chat/completions "HTTP/1.1 200 OK"
2026-05-01 23:44:10,754 [INFO] [746/3993] id=openseek-4-7fe3656ef GT=hwaterCrthep ✅ (2286ch, 10.0s)
2026-05-01 23:44:11,459 [INFO] HTTP Request: POST http://localhost:2026/v1/chat/completions "HTTP/1.1 200 OK"
2026-05-01 23:44:11,460 [WARNING]   [attempt 1 T=0.0] think validate 失败 (len=5364): 'Okay, let's see. I need to concatenate this list of strings into a single line w'
2026-05-01 23:44:21,441 [INFO] HTTP Request: POST http://localhost:2026/v1/chat/completions "HTTP/1.1 200 OK"
2026-05-01 23:44:21,443 [INFO] [747/3993] id=openseek-4-f07c4d702 GT=is4cHowKPhowHlikeUadvocateshhi ✅ (3827ch, 16.7s)
2026-05-01 23:44:26,155 [INFO] HTTP Request: POST http://localhost:2026/v1/chat/completions "HTTP/1.1 200 OK"
2026-05-01 23:44:26,157 [INFO] [748/3993] id=openseek-4-ca47e63f5 GT=nonx ✅ (1094ch, 4.7s)
2026-05-01 23:44:26,920 [INFO] HTTP Request: POST http://localhost:2026/v1/chat/completions "HTTP/1.1 200 OK"
2026-05-01 23:44:26,922 [INFO] [749/3993] id=openseek-4-4facbc55c GT=somefthexQUiStarbuck9sLthatQrH ✅ (3198ch, 16.2s)
2026-05-01 23:44:32,026 [INFO] HTTP Request: POST http://localhost:2026/v1/chat/completions "HTTP/1.1 200 OK"
2026-05-01 23:44:32,026 [WARNING]   [attempt 2 T=0.3] think validate 失败 (len=4237): 'Okay, let's see. I need to concatenate this list of strings into a single line w'
2026-05-01 23:44:32,975 [INFO] HTTP Request: POST http://localhost:2026/v1/chat/completions "HTTP/1.1 200 OK"
2026-05-01 23:44:32,976 [INFO] [750/3993] id=openseek-4-97eda2ba1 GT=ofeuW ✅ (1594ch, 6.8s)
2026-05-01 23:44:34,945 [INFO] HTTP Request: POST http://localhost:2026/v1/chat/completions "HTTP/1.1 200 OK"
2026-05-01 23:44:34,947 [INFO] [751/3993] id=openseek-4-b2c42220f GT=aszFAdSNY ✅ (1694ch, 8.0s)
2026-05-01 23:44:43,635 [INFO] HTTP Request: POST http://localhost:2026/v1/chat/completions "HTTP/1.1 200 OK"
2026-05-01 23:44:43,637 [INFO] [752/3993] id=openseek-4-be0064b53 GT=dSgLasA ✅ (1972ch, 8.7s)
2026-05-01 23:44:51,248 [INFO] HTTP Request: POST http://localhost:2026/v1/chat/completions "HTTP/1.1 200 OK"
2026-05-01 23:44:51,250 [INFO] [753/3993] id=openseek-4-09e8346ee GT=inuthoughIhEkilled!dGsOttomanR ✅ (2960ch, 65.5s)
2026-05-01 23:44:53,060 [INFO] HTTP Request: POST http://localhost:2026/v1/chat/completions "HTTP/1.1 200 OK"
2026-05-01 23:44:53,061 [WARNING]   [attempt 1 T=0.0] think validate 失败 (len=4620): 'Okay, let's see. I need to concatenate this list of strings into a single line w'
2026-05-01 23:45:03,830 [INFO] HTTP Request: POST http://localhost:2026/v1/chat/completions "HTTP/1.1 200 OK"
2026-05-01 23:45:03,832 [INFO] [754/3993] id=openseek-4-6a98364d4 GT=groundYMHtoJtoZ ✅ (2948ch, 12.6s)
2026-05-01 23:45:07,503 [INFO] HTTP Request: POST http://localhost:2026/v1/chat/completions "HTTP/1.1 200 OK"
2026-05-01 23:45:07,504 [INFO] [755/3993] id=openseek-4-cf95564a0 GT=Holland;ainfinitelylouterzVque ✅ (3254ch, 34.5s)
2026-05-01 23:45:08,618 [INFO] HTTP Request: POST http://localhost:2026/v1/chat/completions "HTTP/1.1 200 OK"
2026-05-01 23:45:08,618 [WARNING]   [attempt 1 T=0.0] 答案校验失败 pred='` tags as required:\n\n```html\n<label>_thy_ S a g with K one z need G and Q th expect='_thy_ S a g with K one z need G and Q three T'
2026-05-01 23:45:17,866 [INFO] HTTP Request: POST http://localhost:2026/v1/chat/completions "HTTP/1.1 200 OK"
2026-05-01 23:45:17,868 [INFO] [756/3993] id=openseek-4-1d63e5fa7 GT=whichVsoundingKyRoutNofQ ✅ (2344ch, 10.4s)
2026-05-01 23:45:18,701 [INFO] HTTP Request: POST http://localhost:2026/v1/chat/completions "HTTP/1.1 200 OK"
2026-05-01 23:45:18,703 [INFO] [757/3993] id=openseek-4-ba1f780a8 GT=liicydtheYisqtestimonyWsubject ✅ (3370ch, 14.9s)
2026-05-01 23:45:21,316 [INFO] HTTP Request: POST http://localhost:2026/v1/chat/completions "HTTP/1.1 200 OK"
2026-05-01 23:45:21,317 [INFO] [758/3993] id=openseek-4-11ccf8235 GT=_thy_SagwithKonezneedGandQthre ✅ (2741ch, 37.7s)
2026-05-01 23:45:28,313 [INFO] HTTP Request: POST http://localhost:2026/v1/chat/completions "HTTP/1.1 200 OK"
2026-05-01 23:45:28,315 [INFO] [759/3993] id=openseek-4-66367a5e3 GT=inZnphantoms,TfurthestR ✅ (1589ch, 10.4s)
2026-05-01 23:45:34,219 [INFO] HTTP Request: POST http://localhost:2026/v1/chat/completions "HTTP/1.1 200 OK"
2026-05-01 23:45:34,221 [INFO] [760/3993] id=openseek-4-c8c219e23 GT=aQcases,GQiaeVbktheB ✅ (3348ch, 15.5s)
2026-05-01 23:45:36,764 [INFO] HTTP Request: POST http://localhost:2026/v1/chat/completions "HTTP/1.1 200 OK"
2026-05-01 23:45:36,766 [INFO] [761/3993] id=openseek-4-d24c56f89 GT=YrrtheirDTisjFwhatQoneI ✅ (3715ch, 15.4s)
2026-05-01 23:45:38,146 [INFO] HTTP Request: POST http://localhost:2026/v1/chat/completions "HTTP/1.1 200 OK"
2026-05-01 23:45:38,148 [INFO] [762/3993] id=openseek-4-49b8135c0 GT=vR ✅ (975ch, 3.9s)
2026-05-01 23:45:38,506 [INFO] HTTP Request: POST http://localhost:2026/v1/chat/completions "HTTP/1.1 200 OK"
2026-05-01 23:45:38,507 [INFO] [763/3993] id=openseek-4-0d91214ee GT=timesZLwhereZOYkac ✅ (2332ch, 10.2s)
2026-05-01 23:45:51,790 [INFO] HTTP Request: POST http://localhost:2026/v1/chat/completions "HTTP/1.1 200 OK"
2026-05-01 23:45:51,792 [INFO] [764/3993] id=openseek-4-f82bc41c6 GT=WIscthroughMBofbtaItu ✅ (2940ch, 13.6s)
2026-05-01 23:45:52,526 [INFO] HTTP Request: POST http://localhost:2026/v1/chat/completions "HTTP/1.1 200 OK"
2026-05-01 23:45:52,527 [INFO] [765/3993] id=openseek-4-3d569bc92 GT=kofeKAsupremacyvnknew.PheRuhem ✅ (3282ch, 15.8s)
2026-05-01 23:45:58,608 [INFO] HTTP Request: POST http://localhost:2026/v1/chat/completions "HTTP/1.1 200 OK"
2026-05-01 23:45:58,609 [WARNING]   [attempt 1 T=0.0] think validate 失败 (len=4398): 'Okay, let's see. I need to concatenate this list of strings into a single line w'
2026-05-01 23:45:59,400 [INFO] HTTP Request: POST http://localhost:2026/v1/chat/completions "HTTP/1.1 200 OK"
2026-05-01 23:45:59,402 [INFO] [766/3993] id=openseek-4-97bd49ef4 GT=owhichUQunowJ ✅ (1621ch, 7.6s)
2026-05-01 23:46:01,413 [INFO] HTTP Request: POST http://localhost:2026/v1/chat/completions "HTTP/1.1 200 OK"
2026-05-01 23:46:01,414 [INFO] [767/3993] id=openseek-4-563d3862f GT=famoustJmean,r ✅ (2117ch, 8.9s)
2026-05-01 23:46:04,229 [INFO] HTTP Request: POST http://localhost:2026/v1/chat/completions "HTTP/1.1 200 OK"
2026-05-01 23:46:04,231 [INFO] [768/3993] id=openseek-4-fda90f167 GT=Xyu ✅ (1100ch, 4.8s)
2026-05-01 23:46:08,029 [INFO] HTTP Request: POST http://localhost:2026/v1/chat/completions "HTTP/1.1 200 OK"
2026-05-01 23:46:08,030 [INFO] [769/3993] id=openseek-4-f15108161 GT=RtheVwatersx ✅ (1571ch, 6.6s)
2026-05-01 23:46:08,102 [INFO] HTTP Request: POST http://localhost:2026/v1/chat/completions "HTTP/1.1 200 OK"
2026-05-01 23:46:08,104 [INFO] [770/3993] id=openseek-4-df3ed13fa GT=zJ ✅ (620ch, 3.9s)
2026-05-01 23:46:16,696 [INFO] HTTP Request: POST http://localhost:2026/v1/chat/completions "HTTP/1.1 200 OK"
2026-05-01 23:46:16,697 [INFO] [771/3993] id=openseek-4-c45b449c2 GT=RhardqinMSPituA ✅ (1754ch, 8.7s)
2026-05-01 23:46:18,060 [INFO] HTTP Request: POST http://localhost:2026/v1/chat/completions "HTTP/1.1 200 OK"
2026-05-01 23:46:18,062 [INFO] [772/3993] id=openseek-4-6212236b4 GT=tcWhyrthee,CitfKgentlygaqGjC ✅ (3735ch, 39.6s)
2026-05-01 23:46:18,777 [INFO] HTTP Request: POST http://localhost:2026/v1/chat/completions "HTTP/1.1 200 OK"
2026-05-01 23:46:18,779 [INFO] [773/3993] id=openseek-4-182810e40 GT=ofFAhab,oG ✅ (2287ch, 10.7s)
2026-05-01 23:46:27,658 [INFO] HTTP Request: POST http://localhost:2026/v1/chat/completions "HTTP/1.1 200 OK"
2026-05-01 23:46:27,660 [INFO] [774/3993] id=openseek-4-f21502e8e GT=table,hWhale;sRwithWeq ✅ (2219ch, 8.9s)
2026-05-01 23:46:31,579 [INFO] HTTP Request: POST http://localhost:2026/v1/chat/completions "HTTP/1.1 200 OK"
2026-05-01 23:46:31,580 [INFO] [775/3993] id=openseek-4-baf5d32b0 GT=o9clock,fHzandUslabs,vWreitera ✅ (3225ch, 14.9s)
2026-05-01 23:46:32,194 [INFO] HTTP Request: POST http://localhost:2026/v1/chat/completions "HTTP/1.1 200 OK"
2026-05-01 23:46:32,196 [INFO] [776/3993] id=openseek-4-fb653adfb GT=lieNcWillnvfcounters,TByv ✅ (3189ch, 14.1s)
2026-05-01 23:46:39,326 [INFO] HTTP Request: POST http://localhost:2026/v1/chat/completions "HTTP/1.1 200 OK"
2026-05-01 23:46:39,328 [INFO] [777/3993] id=openseek-4-cecfd22fb GT=belowAZandGuponHU ✅ (2856ch, 11.7s)
2026-05-01 23:46:41,078 [INFO] HTTP Request: POST http://localhost:2026/v1/chat/completions "HTTP/1.1 200 OK"
2026-05-01 23:46:41,079 [INFO] [778/3993] id=openseek-4-4d24904bf GT=theAkbtoWP ✅ (2047ch, 8.9s)
2026-05-01 23:46:45,672 [INFO] HTTP Request: POST http://localhost:2026/v1/chat/completions "HTTP/1.1 200 OK"
2026-05-01 23:46:45,673 [INFO] [779/3993] id=openseek-4-c9696eaf0 GT=aQwhilerare,ymarks;RstagesH ✅ (3200ch, 14.1s)
2026-05-01 23:46:47,326 [INFO] HTTP Request: POST http://localhost:2026/v1/chat/completions "HTTP/1.1 200 OK"
2026-05-01 23:46:47,328 [INFO] [780/3993] id=openseek-4-9eb7a8332 GT=ofttheMwhichHGuk ✅ (1414ch, 6.2s)
2026-05-01 23:46:50,781 [INFO] HTTP Request: POST http://localhost:2026/v1/chat/completions "HTTP/1.1 200 OK"
2026-05-01 23:46:50,782 [INFO] [781/3993] id=openseek-4-756f0d1a0 GT=xdartedp ✅ (867ch, 3.5s)
2026-05-01 23:46:56,668 [INFO] HTTP Request: POST http://localhost:2026/v1/chat/completions "HTTP/1.1 200 OK"
2026-05-01 23:46:56,670 [INFO] [782/3993] id=openseek-4-f11069653 GT=rascalKcarryQhelpjsourceNZthis ✅ (2704ch, 11.0s)
2026-05-01 23:46:57,772 [INFO] HTTP Request: POST http://localhost:2026/v1/chat/completions "HTTP/1.1 200 OK"
2026-05-01 23:46:57,773 [WARNING]   [attempt 1 T=0.0] think validate 失败 (len=4092): 'Okay, let's see. I need to concatenate this list of strings into a single line w'
2026-05-01 23:47:05,979 [INFO] HTTP Request: POST http://localhost:2026/v1/chat/completions "HTTP/1.1 200 OK"
2026-05-01 23:47:05,981 [INFO] [783/3993] id=openseek-4-fb2ff4e69 GT=BWakqmarkedCneedsCmustmBEO ✅ (3499ch, 15.2s)
2026-05-01 23:47:07,158 [INFO] HTTP Request: POST http://localhost:2026/v1/chat/completions "HTTP/1.1 200 OK"
2026-05-01 23:47:07,160 [INFO] [784/3993] id=openseek-4-7cd6808cf GT=outUydirections,vwingN ✅ (2468ch, 10.5s)
2026-05-01 23:47:14,852 [INFO] HTTP Request: POST http://localhost:2026/v1/chat/completions "HTTP/1.1 200 OK"
2026-05-01 23:47:14,854 [INFO] [785/3993] id=openseek-4-fcd090e00 GT=tableobyTdogger!drfeelingMHeIc ✅ (3665ch, 35.5s)
2026-05-01 23:47:15,015 [INFO] HTTP Request: POST http://localhost:2026/v1/chat/completions "HTTP/1.1 200 OK"
2026-05-01 23:47:15,017 [INFO] [786/3993] id=openseek-4-5e69a2f0d GT=spermacetiDGvV ✅ (1856ch, 7.9s)
2026-05-01 23:47:20,645 [INFO] HTTP Request: POST http://localhost:2026/v1/chat/completions "HTTP/1.1 200 OK"
2026-05-01 23:47:20,647 [INFO] [787/3993] id=openseek-4-65792ffc2 GT=manRpRLakeman,Nventilatedzkeel ✅ (3417ch, 14.7s)
2026-05-01 23:47:21,774 [INFO] HTTP Request: POST http://localhost:2026/v1/chat/completions "HTTP/1.1 200 OK"
2026-05-01 23:47:21,776 [INFO] [788/3993] id=openseek-4-8e46d8868 GT=LEUlo!k ✅ (1631ch, 6.9s)
2026-05-01 23:47:26,854 [INFO] HTTP Request: POST http://localhost:2026/v1/chat/completions "HTTP/1.1 200 OK"
2026-05-01 23:47:26,856 [INFO] [789/3993] id=openseek-4-bb39de944 GT=obthisz ✅ (1291ch, 5.1s)
2026-05-01 23:47:28,880 [INFO] HTTP Request: POST http://localhost:2026/v1/chat/completions "HTTP/1.1 200 OK"
2026-05-01 23:47:28,882 [INFO] [790/3993] id=openseek-4-41a3bedb1 GT=OyhisOpipe.WtheCofDBmyhE ✅ (3264ch, 13.9s)
2026-05-01 23:47:30,391 [INFO] HTTP Request: POST http://localhost:2026/v1/chat/completions "HTTP/1.1 200 OK"
2026-05-01 23:47:30,392 [INFO] [791/3993] id=openseek-4-c0d4b1ab1 GT=me4sincedmevenhcuLyouNa ✅ (1514ch, 9.7s)
2026-05-01 23:47:34,893 [INFO] HTTP Request: POST http://localhost:2026/v1/chat/completions "HTTP/1.1 200 OK"
2026-05-01 23:47:34,894 [INFO] HTTP Request: POST http://localhost:2026/v1/chat/completions "HTTP/1.1 200 OK"
2026-05-01 23:47:34,895 [INFO] [792/3993] id=openseek-4-992f332c2 GT=jugglingNandk ✅ (2154ch, 8.0s)
2026-05-01 23:47:34,897 [INFO] [793/3993] id=openseek-4-b6617699e GT=xunderFR ✅ (1610ch, 6.0s)
2026-05-01 23:47:43,276 [INFO] HTTP Request: POST http://localhost:2026/v1/chat/completions "HTTP/1.1 200 OK"
2026-05-01 23:47:43,278 [INFO] [794/3993] id=openseek-4-59385c8b3 GT=wonder,JJumpedE ✅ (2166ch, 8.4s)
2026-05-01 23:47:43,666 [INFO] HTTP Request: POST http://localhost:2026/v1/chat/completions "HTTP/1.1 200 OK"
2026-05-01 23:47:43,668 [INFO] [795/3993] id=openseek-4-8ba4cc1f6 GT=FUofoAMSstillNtheLworldN ✅ (3048ch, 13.3s)
2026-05-01 23:47:46,021 [INFO] HTTP Request: POST http://localhost:2026/v1/chat/completions "HTTP/1.1 200 OK"
2026-05-01 23:47:46,023 [INFO] [796/3993] id=openseek-4-83bc68fd8 GT=LanBmGofhlTb ✅ (2613ch, 11.1s)
2026-05-01 23:47:50,725 [INFO] HTTP Request: POST http://localhost:2026/v1/chat/completions "HTTP/1.1 200 OK"
2026-05-01 23:47:50,727 [INFO] [797/3993] id=openseek-4-43b482f95 GT=milky-whitecVc ✅ (1895ch, 7.4s)
2026-05-01 23:47:51,272 [INFO] HTTP Request: POST http://localhost:2026/v1/chat/completions "HTTP/1.1 200 OK"
2026-05-01 23:47:51,273 [INFO] [798/3993] id=openseek-4-49b10a2bb GT=andKbeginning.dF ✅ (1397ch, 5.3s)
2026-05-01 23:47:54,455 [INFO] HTTP Request: POST http://localhost:2026/v1/chat/completions "HTTP/1.1 200 OK"
2026-05-01 23:47:54,456 [INFO] [799/3993] id=openseek-4-a880412d6 GT=ethatjmeklB ✅ (2624ch, 10.8s)
2026-05-01 23:47:56,739 [INFO] HTTP Request: POST http://localhost:2026/v1/chat/completions "HTTP/1.1 200 OK"
2026-05-01 23:47:56,741 [INFO] [800/3993] id=openseek-4-c84f9252b GT=strainbsometimesu ✅ (1648ch, 6.0s)
2026-05-01 23:47:56,861 [INFO]   💾 已保存 (成功=795 失败=5) | 3.9s/条均值 | ETA=206min
2026-05-01 23:48:04,163 [INFO] HTTP Request: POST http://localhost:2026/v1/chat/completions "HTTP/1.1 200 OK"
2026-05-01 23:48:04,165 [INFO] [801/3993] id=openseek-4-9232dacca GT=youvandVtojaJhoursOmwillbUQman ✅ (3038ch, 12.9s)
2026-05-01 23:48:07,500 [INFO] HTTP Request: POST http://localhost:2026/v1/chat/completions "HTTP/1.1 200 OK"
2026-05-01 23:48:07,502 [INFO] [802/3993] id=openseek-4-613775bc1 GT=VcasepButksplanks,qandsandraWq ✅ (2889ch, 13.0s)
2026-05-01 23:48:09,945 [INFO] HTTP Request: POST http://localhost:2026/v1/chat/completions "HTTP/1.1 200 OK"
2026-05-01 23:48:09,946 [INFO] [803/3993] id=openseek-4-ac1c70c50 GT=vLordJsomebLjgotTbofw ✅ (3157ch, 13.2s)
2026-05-01 23:48:15,313 [INFO] HTTP Request: POST http://localhost:2026/v1/chat/completions "HTTP/1.1 200 OK"
2026-05-01 23:48:15,314 [INFO] [804/3993] id=openseek-4-7545f5b85 GT=IpkturnNonlyoC ✅ (2728ch, 11.1s)
2026-05-01 23:48:21,043 [INFO] HTTP Request: POST http://localhost:2026/v1/chat/completions "HTTP/1.1 200 OK"
2026-05-01 23:48:21,045 [INFO] [805/3993] id=openseek-4-a1b7d2b5c GT=sleepingPZZeNbtoiDa ✅ (3326ch, 13.5s)
2026-05-01 23:48:22,782 [INFO] HTTP Request: POST http://localhost:2026/v1/chat/completions "HTTP/1.1 200 OK"
2026-05-01 23:48:22,785 [INFO] [806/3993] id=openseek-4-0596ce1b4 GT=OheightqXironicaleDsuchUgameso ✅ (3099ch, 12.8s)
2026-05-01 23:48:22,900 [INFO] HTTP Request: POST http://localhost:2026/v1/chat/completions "HTTP/1.1 200 OK"
2026-05-01 23:48:22,901 [INFO] [807/3993] id=openseek-4-4bcc66d17 GT=KJashore,gI ✅ (1807ch, 7.6s)
2026-05-01 23:48:27,379 [INFO] HTTP Request: POST http://localhost:2026/v1/chat/completions "HTTP/1.1 200 OK"
2026-05-01 23:48:27,380 [INFO] [808/3993] id=openseek-4-19acd1459 GT=wWa ✅ (1095ch, 4.6s)
2026-05-01 23:48:28,743 [INFO] HTTP Request: POST http://localhost:2026/v1/chat/completions "HTTP/1.1 200 OK"
2026-05-01 23:48:28,744 [INFO] [809/3993] id=openseek-4-393908f03 GT=itVironk ✅ (1490ch, 5.8s)
2026-05-01 23:48:32,060 [INFO] HTTP Request: POST http://localhost:2026/v1/chat/completions "HTTP/1.1 200 OK"
2026-05-01 23:48:32,061 [INFO] [810/3993] id=openseek-4-b1d23a4c0 GT=IthingAaboutOrustyXyawt ✅ (2810ch, 11.0s)
2026-05-01 23:48:38,449 [INFO] HTTP Request: POST http://localhost:2026/v1/chat/completions "HTTP/1.1 200 OK"
2026-05-01 23:48:38,450 [INFO] [811/3993] id=openseek-4-d5111ff47 GT=belong,baYQjewelledcsometimesr ✅ (2234ch, 9.7s)
2026-05-01 23:48:40,521 [INFO] HTTP Request: POST http://localhost:2026/v1/chat/completions "HTTP/1.1 200 OK"
2026-05-01 23:48:40,522 [INFO] [812/3993] id=openseek-4-57dcb7ecd GT=ItePoveryspout.CIAbHgr ✅ (2979ch, 13.1s)
2026-05-01 23:48:43,751 [INFO] HTTP Request: POST http://localhost:2026/v1/chat/completions "HTTP/1.1 200 OK"
2026-05-01 23:48:43,753 [INFO] [813/3993] id=openseek-4-9a3c13d94 GT=Cafterwards,TintJESpseemW ✅ (2940ch, 11.7s)
2026-05-01 23:48:46,077 [INFO] HTTP Request: POST http://localhost:2026/v1/chat/completions "HTTP/1.1 200 OK"
2026-05-01 23:48:46,078 [INFO] [814/3993] id=openseek-4-8c7d508ef GT=qCVf ✅ (1419ch, 5.6s)
2026-05-01 23:48:52,988 [INFO] HTTP Request: POST http://localhost:2026/v1/chat/completions "HTTP/1.1 200 OK"
2026-05-01 23:48:52,989 [INFO] [815/3993] id=openseek-4-ddb27592f GT=inMJ ✅ (1807ch, 6.9s)
2026-05-01 23:48:54,711 [INFO] HTTP Request: POST http://localhost:2026/v1/chat/completions "HTTP/1.1 200 OK"
2026-05-01 23:48:54,712 [INFO] [816/3993] id=openseek-4-21f000a1b GT=woof;WafterZunvexedXzcommentar ✅ (3703ch, 16.3s)
2026-05-01 23:48:57,903 [INFO] HTTP Request: POST http://localhost:2026/v1/chat/completions "HTTP/1.1 200 OK"
2026-05-01 23:48:57,905 [INFO] [817/3993] id=openseek-4-3e7d7c62c GT=theVP ✅ (1030ch, 4.9s)
2026-05-01 23:48:59,231 [INFO] HTTP Request: POST http://localhost:2026/v1/chat/completions "HTTP/1.1 200 OK"
2026-05-01 23:48:59,233 [INFO] [818/3993] id=openseek-4-be180cf16 GT=AineverythelofCMrs.QaHHd ✅ (3604ch, 15.5s)
2026-05-01 23:49:06,381 [INFO] HTTP Request: POST http://localhost:2026/v1/chat/completions "HTTP/1.1 200 OK"
2026-05-01 23:49:06,383 [INFO] [819/3993] id=openseek-4-d484627be GT=areOlancek ✅ (1861ch, 7.2s)
2026-05-01 23:49:09,720 [INFO] HTTP Request: POST http://localhost:2026/v1/chat/completions "HTTP/1.1 200 OK"
2026-05-01 23:49:09,722 [INFO] [820/3993] id=openseek-4-aa19d9c49 GT=iboldlyWtheitheCZaRibaCNorrM ✅ (3369ch, 15.0s)
2026-05-01 23:49:10,780 [INFO] HTTP Request: POST http://localhost:2026/v1/chat/completions "HTTP/1.1 200 OK"
2026-05-01 23:49:10,781 [INFO] [821/3993] id=openseek-4-0aeea97fe GT=theAonRonceVofywerecwhichXtoGl ✅ (2777ch, 12.9s)
2026-05-01 23:49:15,576 [INFO] HTTP Request: POST http://localhost:2026/v1/chat/completions "HTTP/1.1 200 OK"
2026-05-01 23:49:15,577 [INFO] [822/3993] id=openseek-4-25f9986af GT=Jthouq ✅ (1174ch, 4.8s)
2026-05-01 23:49:21,303 [INFO] HTTP Request: POST http://localhost:2026/v1/chat/completions "HTTP/1.1 200 OK"
2026-05-01 23:49:21,305 [INFO] [823/3993] id=openseek-4-20bccfe8c GT=evhelavstillWskies;RandD ✅ (3562ch, 14.9s)
2026-05-01 23:49:22,498 [INFO] HTTP Request: POST http://localhost:2026/v1/chat/completions "HTTP/1.1 200 OK"
2026-05-01 23:49:22,500 [INFO] [824/3993] id=openseek-4-386e966b5 GT=HmaystheGthecPutheirkKuiti ✅ (3064ch, 12.8s)
2026-05-01 23:49:25,906 [INFO] HTTP Request: POST http://localhost:2026/v1/chat/completions "HTTP/1.1 200 OK"
2026-05-01 23:49:25,907 [INFO] [825/3993] id=openseek-4-1edbde92f GT=PipsmomentzGMaO ✅ (2437ch, 10.3s)
2026-05-01 23:49:30,754 [INFO] HTTP Request: POST http://localhost:2026/v1/chat/completions "HTTP/1.1 200 OK"
2026-05-01 23:49:30,756 [INFO] [826/3993] id=openseek-4-985bd5e05 GT=amBandF ✅ (2293ch, 9.5s)
2026-05-01 23:49:37,805 [INFO] HTTP Request: POST http://localhost:2026/v1/chat/completions "HTTP/1.1 200 OK"
2026-05-01 23:49:37,806 [INFO] [827/3993] id=openseek-4-ef1277318 GT=sendQinyKzquietlyp ✅ (2674ch, 11.9s)
2026-05-01 23:49:39,966 [INFO] HTTP Request: POST http://localhost:2026/v1/chat/completions "HTTP/1.1 200 OK"
2026-05-01 23:49:39,967 [WARNING]   [attempt 1 T=0.0] think validate 失败 (len=4119): 'Okay, let's see. I need to concatenate this list of strings into a single line w'
2026-05-01 23:49:40,439 [INFO] HTTP Request: POST http://localhost:2026/v1/chat/completions "HTTP/1.1 200 OK"
2026-05-01 23:49:40,441 [INFO] [828/3993] id=openseek-4-4ea34fe29 GT=GWmusic.ZnowdH ✅ (2368ch, 9.7s)
2026-05-01 23:49:48,159 [INFO] HTTP Request: POST http://localhost:2026/v1/chat/completions "HTTP/1.1 200 OK"
2026-05-01 23:49:48,161 [INFO] [829/3993] id=openseek-4-403efe769 GT=kforhfromPKginX ✅ (1712ch, 7.7s)
2026-05-01 23:49:49,867 [INFO] HTTP Request: POST http://localhost:2026/v1/chat/completions "HTTP/1.1 200 OK"
2026-05-01 23:49:49,868 [INFO] [830/3993] id=openseek-4-b87ae8595 GT=toDahsVCwithRsea.o ✅ (2659ch, 12.1s)
2026-05-01 23:49:53,762 [INFO] HTTP Request: POST http://localhost:2026/v1/chat/completions "HTTP/1.1 200 OK"
2026-05-01 23:49:53,764 [INFO] [831/3993] id=openseek-4-d7d45b0f7 GT=risubyGher4startGtheyZVUIk ✅ (2670ch, 31.3s)
2026-05-01 23:49:59,962 [INFO] HTTP Request: POST http://localhost:2026/v1/chat/completions "HTTP/1.1 200 OK"
2026-05-01 23:49:59,963 [INFO] [832/3993] id=openseek-4-f3a1a585f GT=Hbroken-hearted;X ✅ (1600ch, 6.2s)
2026-05-01 23:50:01,087 [INFO] HTTP Request: POST http://localhost:2026/v1/chat/completions "HTTP/1.1 200 OK"
2026-05-01 23:50:01,088 [INFO] [833/3993] id=openseek-4-614d5c740 GT=hisyHcIIhalfEDsilku ✅ (2477ch, 11.2s)
2026-05-01 23:50:05,159 [INFO] HTTP Request: POST http://localhost:2026/v1/chat/completions "HTTP/1.1 200 OK"
2026-05-01 23:50:05,161 [INFO] [834/3993] id=openseek-4-f49251f82 GT=Jhmk ✅ (1266ch, 5.2s)
2026-05-01 23:50:05,779 [INFO] HTTP Request: POST http://localhost:2026/v1/chat/completions "HTTP/1.1 200 OK"
2026-05-01 23:50:05,780 [WARNING]   [attempt 1 T=0.0] think validate 失败 (len=4390): 'Okay, let's see. I need to concatenate this list of strings into a single line w'
2026-05-01 23:50:07,909 [INFO] HTTP Request: POST http://localhost:2026/v1/chat/completions "HTTP/1.1 200 OK"
2026-05-01 23:50:07,910 [INFO] [835/3993] id=openseek-4-42b18d76b GT=atDterdhvQhimn ✅ (1407ch, 6.8s)
2026-05-01 23:50:11,848 [INFO] HTTP Request: POST http://localhost:2026/v1/chat/completions "HTTP/1.1 200 OK"
2026-05-01 23:50:11,849 [INFO] [836/3993] id=openseek-4-a8908b0c4 GT=JK ✅ (637ch, 3.9s)
2026-05-01 23:50:18,705 [INFO] HTTP Request: POST http://localhost:2026/v1/chat/completions "HTTP/1.1 200 OK"
2026-05-01 23:50:18,706 [INFO] [837/3993] id=openseek-4-b859b5662 GT=nearNNV ✅ (1623ch, 6.9s)
2026-05-01 23:50:18,842 [INFO] HTTP Request: POST http://localhost:2026/v1/chat/completions "HTTP/1.1 200 OK"
2026-05-01 23:50:18,843 [INFO] [838/3993] id=openseek-4-f4d5e8dfb GT=kTbJoofPphantomqsperm,Z ✅ (3159ch, 13.7s)
2026-05-01 23:50:24,726 [INFO] HTTP Request: POST http://localhost:2026/v1/chat/completions "HTTP/1.1 200 OK"
2026-05-01 23:50:24,728 [INFO] [839/3993] id=openseek-4-f1b99ef3f GT=UlandedAtheOnotpxlhiwhales;Nho ✅ (3781ch, 36.6s)
2026-05-01 23:50:28,121 [INFO] HTTP Request: POST http://localhost:2026/v1/chat/completions "HTTP/1.1 200 OK"
2026-05-01 23:50:28,123 [INFO] [840/3993] id=openseek-4-6cfcae91f GT=areIisFVYwithh ✅ (1949ch, 9.3s)
2026-05-01 23:50:28,680 [INFO] HTTP Request: POST http://localhost:2026/v1/chat/completions "HTTP/1.1 200 OK"
2026-05-01 23:50:28,682 [INFO] [841/3993] id=openseek-4-644d4c80b GT=bnotTwhileFlE ✅ (2317ch, 10.0s)
2026-05-01 23:50:38,047 [INFO] HTTP Request: POST http://localhost:2026/v1/chat/completions "HTTP/1.1 200 OK"
2026-05-01 23:50:38,049 [INFO] [842/3993] id=openseek-4-11300d55c GT=lheWfisVJFjplantedLcomparative ✅ (3092ch, 13.3s)
2026-05-01 23:50:40,794 [INFO] HTTP Request: POST http://localhost:2026/v1/chat/completions "HTTP/1.1 200 OK"
2026-05-01 23:50:40,796 [INFO] [843/3993] id=openseek-4-8ed1e584d GT=ButtnMLforXtheyleeward.Ychapel ✅ (2939ch, 12.7s)
2026-05-01 23:50:43,119 [INFO] HTTP Request: POST http://localhost:2026/v1/chat/completions "HTTP/1.1 200 OK"
2026-05-01 23:50:43,121 [INFO] [844/3993] id=openseek-4-20de914a6 GT=tgMvLetnboatsiweldedv ✅ (3087ch, 14.4s)
2026-05-01 23:50:47,084 [INFO] HTTP Request: POST http://localhost:2026/v1/chat/completions "HTTP/1.1 200 OK"
2026-05-01 23:50:47,085 [INFO] [845/3993] id=openseek-4-a42a27734 GT=toqe ✅ (1011ch, 4.0s)
2026-05-01 23:50:49,797 [INFO] HTTP Request: POST http://localhost:2026/v1/chat/completions "HTTP/1.1 200 OK"
2026-05-01 23:50:49,799 [INFO] [846/3993] id=openseek-4-4751a968e GT=sgIpcannibalsN ✅ (2217ch, 9.0s)
2026-05-01 23:50:51,048 [INFO] HTTP Request: POST http://localhost:2026/v1/chat/completions "HTTP/1.1 200 OK"
2026-05-01 23:50:51,049 [INFO] [847/3993] id=openseek-4-334e73e0c GT=Aek ✅ (1016ch, 4.0s)
2026-05-01 23:50:51,517 [INFO] HTTP Request: POST http://localhost:2026/v1/chat/completions "HTTP/1.1 200 OK"
2026-05-01 23:50:51,519 [INFO] [848/3993] id=openseek-4-7fb70bbb1 GT=HwxTisfancypwhereverE ✅ (3257ch, 13.5s)
2026-05-01 23:50:53,811 [INFO] HTTP Request: POST http://localhost:2026/v1/chat/completions "HTTP/1.1 200 OK"
2026-05-01 23:50:53,812 [INFO] [849/3993] id=openseek-4-d6b1ee323 GT=adw ✅ (996ch, 4.0s)
2026-05-01 23:50:58,301 [INFO] HTTP Request: POST http://localhost:2026/v1/chat/completions "HTTP/1.1 200 OK"
2026-05-01 23:50:58,302 [INFO] [850/3993] id=openseek-4-58fcc4b65 GT=xzrQxtwenty-eightY ✅ (1687ch, 6.8s)
2026-05-01 23:50:59,387 [INFO] HTTP Request: POST http://localhost:2026/v1/chat/completions "HTTP/1.1 200 OK"
2026-05-01 23:50:59,388 [INFO] [851/3993] id=openseek-4-bfdd6f18c GT=IdiggerOyoumwereXM ✅ (2111ch, 8.3s)
2026-05-01 23:51:03,573 [INFO] HTTP Request: POST http://localhost:2026/v1/chat/completions "HTTP/1.1 200 OK"
2026-05-01 23:51:03,574 [INFO] [852/3993] id=openseek-4-6cdf9bffc GT=NTE ✅ (1069ch, 4.2s)
2026-05-01 23:51:04,982 [INFO] HTTP Request: POST http://localhost:2026/v1/chat/completions "HTTP/1.1 200 OK"
2026-05-01 23:51:04,984 [INFO] [853/3993] id=openseek-4-1ad50ffd3 GT=hstoodwaimTpart,xinqLK ✅ (2713ch, 11.2s)
2026-05-01 23:51:08,372 [INFO] HTTP Request: POST http://localhost:2026/v1/chat/completions "HTTP/1.1 200 OK"
2026-05-01 23:51:08,373 [INFO] [854/3993] id=openseek-4-e669c388b GT=happensWinDmapushedE ✅ (2434ch, 10.1s)
2026-05-01 23:51:14,265 [INFO] HTTP Request: POST http://localhost:2026/v1/chat/completions "HTTP/1.1 200 OK"
2026-05-01 23:51:14,267 [INFO] [855/3993] id=openseek-4-98343d328 GT=that9sVKhofctoe ✅ (1437ch, 9.3s)
2026-05-01 23:51:16,908 [INFO] HTTP Request: POST http://localhost:2026/v1/chat/completions "HTTP/1.1 200 OK"
2026-05-01 23:51:16,909 [INFO] [856/3993] id=openseek-4-4e2339ba2 GT=aoutPdeathVwasitoU ✅ (3395ch, 13.3s)
2026-05-01 23:51:17,640 [INFO] HTTP Request: POST http://localhost:2026/v1/chat/completions "HTTP/1.1 200 OK"
2026-05-01 23:51:17,641 [INFO] [857/3993] id=openseek-4-d13f625f0 GT=CNXbaremofzshookDX ✅ (2379ch, 9.3s)
2026-05-01 23:51:24,205 [INFO] HTTP Request: POST http://localhost:2026/v1/chat/completions "HTTP/1.1 200 OK"
2026-05-01 23:51:24,206 [INFO] [858/3993] id=openseek-4-65f2e9811 GT=vqaythisYhand,TGI ✅ (2358ch, 9.9s)
2026-05-01 23:51:25,044 [INFO] HTTP Request: POST http://localhost:2026/v1/chat/completions "HTTP/1.1 200 OK"
2026-05-01 23:51:25,045 [INFO] [859/3993] id=openseek-4-edde2fed7 GT=fheqJG ✅ (1755ch, 7.4s)
2026-05-01 23:51:27,131 [INFO] HTTP Request: POST http://localhost:2026/v1/chat/completions "HTTP/1.1 200 OK"
2026-05-01 23:51:27,132 [INFO] [860/3993] id=openseek-4-b83da9aad GT=thenlflonghrepeatedvCww ✅ (2180ch, 10.2s)
2026-05-01 23:51:30,332 [INFO] HTTP Request: POST http://localhost:2026/v1/chat/completions "HTTP/1.1 200 OK"
2026-05-01 23:51:30,333 [INFO] [861/3993] id=openseek-4-59b3f7b37 GT=Caryatid,vP ✅ (1480ch, 6.1s)
2026-05-01 23:51:30,733 [INFO] HTTP Request: POST http://localhost:2026/v1/chat/completions "HTTP/1.1 200 OK"
2026-05-01 23:51:30,734 [INFO] [862/3993] id=openseek-4-bd17b67b9 GT=pwithu ✅ (1375ch, 5.7s)
2026-05-01 23:51:30,956 [INFO] HTTP Request: POST http://localhost:2026/v1/chat/completions "HTTP/1.1 200 OK"
2026-05-01 23:51:30,957 [INFO] [863/3993] id=openseek-4-1ec972469 GT=ed ✅ (943ch, 3.8s)
2026-05-01 23:51:40,536 [INFO] HTTP Request: POST http://localhost:2026/v1/chat/completions "HTTP/1.1 200 OK"
2026-05-01 23:51:40,537 [INFO] [864/3993] id=openseek-4-fcd8d2cc4 GT=FtheZxbehind.kpointrabatedIthe ✅ (2410ch, 10.2s)
2026-05-01 23:51:42,506 [INFO] HTTP Request: POST http://localhost:2026/v1/chat/completions "HTTP/1.1 200 OK"
2026-05-01 23:51:42,507 [INFO] [865/3993] id=openseek-4-2bd64ba28 GT=hnotionUcoffin-tap.yhJquotedOs ✅ (2810ch, 11.8s)
2026-05-01 23:51:45,716 [INFO] HTTP Request: POST http://localhost:2026/v1/chat/completions "HTTP/1.1 200 OK"
2026-05-01 23:51:45,717 [INFO] [866/3993] id=openseek-4-61e7a2615 GT=thebHLkhere,Gsthosemsupper;l ✅ (3443ch, 14.8s)
2026-05-01 23:51:47,170 [INFO] HTTP Request: POST http://localhost:2026/v1/chat/completions "HTTP/1.1 200 OK"
2026-05-01 23:51:47,172 [INFO] [867/3993] id=openseek-4-bae5f776b GT=uOG ✅ (1116ch, 4.7s)
2026-05-01 23:51:53,326 [INFO] HTTP Request: POST http://localhost:2026/v1/chat/completions "HTTP/1.1 200 OK"
2026-05-01 23:51:53,327 [INFO] [868/3993] id=openseek-4-6f433b753 GT=passedRLVthesetV ✅ (1822ch, 7.6s)
2026-05-01 23:51:53,841 [INFO] HTTP Request: POST http://localhost:2026/v1/chat/completions "HTTP/1.1 200 OK"
2026-05-01 23:51:53,842 [INFO] [869/3993] id=openseek-4-99c7cb5ca GT=PdpandvfellowRQXtoNaH ✅ (3092ch, 13.3s)
2026-05-01 23:51:54,722 [INFO] HTTP Request: POST http://localhost:2026/v1/chat/completions "HTTP/1.1 200 OK"
2026-05-01 23:51:54,724 [INFO] [870/3993] id=openseek-4-11bf8e68e GT=OKfuBamongPM ✅ (1593ch, 7.6s)
2026-05-01 23:51:57,919 [INFO] HTTP Request: POST http://localhost:2026/v1/chat/completions "HTTP/1.1 200 OK"
2026-05-01 23:51:57,920 [INFO] [871/3993] id=openseek-4-49909b7c9 GT=BhadTC ✅ (1001ch, 4.1s)
2026-05-01 23:51:59,471 [INFO] HTTP Request: POST http://localhost:2026/v1/chat/completions "HTTP/1.1 200 OK"
2026-05-01 23:51:59,473 [INFO] [872/3993] id=openseek-4-076d981e2 GT=pand,e ✅ (1199ch, 4.7s)
2026-05-01 23:52:05,846 [INFO] HTTP Request: POST http://localhost:2026/v1/chat/completions "HTTP/1.1 200 OK"
2026-05-01 23:52:05,848 [INFO] [873/3993] id=openseek-4-591d002bd GT=wwillySifelicity,ythex ✅ (2912ch, 12.5s)
2026-05-01 23:52:11,124 [INFO] HTTP Request: POST http://localhost:2026/v1/chat/completions "HTTP/1.1 200 OK"
2026-05-01 23:52:11,126 [INFO] [874/3993] id=openseek-4-e98e339ca GT=agYinscribed,rsThus,qFthroughH ✅ (3251ch, 13.2s)
2026-05-01 23:52:12,835 [INFO] HTTP Request: POST http://localhost:2026/v1/chat/completions "HTTP/1.1 200 OK"
2026-05-01 23:52:12,837 [INFO] [875/3993] id=openseek-4-a48c8aaf7 GT=fullyxGthatJeinboard,hphaveccr ✅ (3005ch, 13.4s)
2026-05-01 23:52:21,014 [INFO] HTTP Request: POST http://localhost:2026/v1/chat/completions "HTTP/1.1 200 OK"
2026-05-01 23:52:21,016 [INFO] [876/3993] id=openseek-4-203840e60 GT=loveRwithyMfshotEnursery;SbyEG ✅ (3443ch, 15.2s)
2026-05-01 23:52:21,850 [INFO] HTTP Request: POST http://localhost:2026/v1/chat/completions "HTTP/1.1 200 OK"
2026-05-01 23:52:21,852 [INFO] [877/3993] id=openseek-4-b63c2790d GT=glass,ywTbattalions,Ncondescen ✅ (2636ch, 10.7s)
2026-05-01 23:52:25,482 [INFO] HTTP Request: POST http://localhost:2026/v1/chat/completions "HTTP/1.1 200 OK"
2026-05-01 23:52:25,484 [INFO] [878/3993] id=openseek-4-178cb3ebc GT=yJlastFe ✅ (3134ch, 12.6s)
2026-05-01 23:52:28,038 [INFO] HTTP Request: POST http://localhost:2026/v1/chat/completions "HTTP/1.1 200 OK"
2026-05-01 23:52:28,040 [INFO] [879/3993] id=openseek-4-7e49a03c8 GT=originalpsmitingd ✅ (1667ch, 6.2s)
2026-05-01 23:52:32,167 [INFO] HTTP Request: POST http://localhost:2026/v1/chat/completions "HTTP/1.1 200 OK"
2026-05-01 23:52:32,169 [INFO] [880/3993] id=openseek-4-2138f3ce2 GT=aobthatIofHkcomrades,vIQ ✅ (2631ch, 11.2s)
2026-05-01 23:52:32,747 [INFO] HTTP Request: POST http://localhost:2026/v1/chat/completions "HTTP/1.1 200 OK"
2026-05-01 23:52:32,749 [INFO] [881/3993] id=openseek-4-3f7bf0084 GT=Vthevu ✅ (1184ch, 4.7s)
2026-05-01 23:52:37,217 [INFO] HTTP Request: POST http://localhost:2026/v1/chat/completions "HTTP/1.1 200 OK"
2026-05-01 23:52:37,219 [INFO] [882/3993] id=openseek-4-e8b9d586f GT=know;xziHqeandnr ✅ (2376ch, 11.7s)
2026-05-01 23:52:39,041 [INFO] HTTP Request: POST http://localhost:2026/v1/chat/completions "HTTP/1.1 200 OK"
2026-05-01 23:52:39,043 [INFO] [883/3993] id=openseek-4-18817ac99 GT=iron-boundubuty ✅ (1862ch, 6.9s)
2026-05-01 23:52:42,908 [INFO] HTTP Request: POST http://localhost:2026/v1/chat/completions "HTTP/1.1 200 OK"
2026-05-01 23:52:42,909 [INFO] [884/3993] id=openseek-4-935261ab5 GT=rMhIobliviouszn ✅ (2361ch, 10.2s)
2026-05-01 23:52:43,302 [INFO] HTTP Request: POST http://localhost:2026/v1/chat/completions "HTTP/1.1 200 OK"
2026-05-01 23:52:43,304 [INFO] [885/3993] id=openseek-4-d826bcddb GT=mspendi ✅ (1050ch, 4.3s)
2026-05-01 23:52:44,421 [INFO] HTTP Request: POST http://localhost:2026/v1/chat/completions "HTTP/1.1 200 OK"
2026-05-01 23:52:44,423 [INFO] [886/3993] id=openseek-4-202ec0539 GT=pumps,YUofA ✅ (1605ch, 7.2s)
2026-05-01 23:52:47,306 [INFO] HTTP Request: POST http://localhost:2026/v1/chat/completions "HTTP/1.1 200 OK"
2026-05-01 23:52:47,308 [INFO] [887/3993] id=openseek-4-c6057e9e6 GT=Rk ✅ (1179ch, 4.4s)
2026-05-01 23:52:50,456 [INFO] HTTP Request: POST http://localhost:2026/v1/chat/completions "HTTP/1.1 200 OK"
2026-05-01 23:52:50,458 [INFO] [888/3993] id=openseek-4-a9b20554e GT=EdmundZgroundQ ✅ (1649ch, 6.0s)
2026-05-01 23:52:52,705 [INFO] HTTP Request: POST http://localhost:2026/v1/chat/completions "HTTP/1.1 200 OK"
2026-05-01 23:52:52,707 [INFO] [889/3993] id=openseek-4-1bf4dc3b3 GT=ofqFlikewiseFaofi ✅ (2264ch, 9.4s)
2026-05-01 23:52:56,332 [INFO] HTTP Request: POST http://localhost:2026/v1/chat/completions "HTTP/1.1 200 OK"
2026-05-01 23:52:56,333 [INFO] [890/3993] id=openseek-4-3c3d1bc19 GT=DWoflgupRiyouK ✅ (1925ch, 9.0s)
2026-05-01 23:52:56,955 [INFO] HTTP Request: POST http://localhost:2026/v1/chat/completions "HTTP/1.1 200 OK"
2026-05-01 23:52:56,956 [INFO] [891/3993] id=openseek-4-38cdaaa38 GT=andRlikeNordinaryU ✅ (1738ch, 6.5s)
2026-05-01 23:52:59,786 [INFO] HTTP Request: POST http://localhost:2026/v1/chat/completions "HTTP/1.1 200 OK"
2026-05-01 23:52:59,788 [INFO] [892/3993] id=openseek-4-5874c46b6 GT=HqBdaS ✅ (1660ch, 7.1s)
2026-05-01 23:53:08,657 [INFO] HTTP Request: POST http://localhost:2026/v1/chat/completions "HTTP/1.1 200 OK"
2026-05-01 23:53:08,659 [INFO] [893/3993] id=openseek-4-b796f07ce GT=againstVherm_SulphurbwhalemenA ✅ (2866ch, 11.7s)
2026-05-01 23:53:14,751 [INFO] HTTP Request: POST http://localhost:2026/v1/chat/completions "HTTP/1.1 200 OK"
2026-05-01 23:53:14,752 [WARNING]   [attempt 1 T=0.0] think validate 失败 (len=4520): 'Okay, let's see. I need to concatenate this list of strings into a single line w'
2026-05-01 23:53:15,703 [INFO] HTTP Request: POST http://localhost:2026/v1/chat/completions "HTTP/1.1 200 OK"
2026-05-01 23:53:15,705 [INFO] [894/3993] id=openseek-4-dd67fa37b GT=lost.VVtheuaPheJtwentyF ✅ (3593ch, 15.9s)
2026-05-01 23:53:21,175 [INFO] HTTP Request: POST http://localhost:2026/v1/chat/completions "HTTP/1.1 200 OK"
2026-05-01 23:53:21,176 [INFO] [895/3993] id=openseek-4-b1cd67fe7 GT=Yes,Howhale,vVthusnA ✅ (2221ch, 12.5s)
2026-05-01 23:53:27,973 [INFO] HTTP Request: POST http://localhost:2026/v1/chat/completions "HTTP/1.1 200 OK"
2026-05-01 23:53:27,974 [INFO] [896/3993] id=openseek-4-7d60a15f5 GT=thatsprow,ausuperiorQhomeZmore ✅ (3151ch, 31.6s)
2026-05-01 23:53:28,216 [INFO] HTTP Request: POST http://localhost:2026/v1/chat/completions "HTTP/1.1 200 OK"
2026-05-01 23:53:28,217 [INFO] [897/3993] id=openseek-4-59dc4450d GT=apricotwwithctoldiaalongcY ✅ (2939ch, 12.5s)
2026-05-01 23:53:31,321 [INFO] HTTP Request: POST http://localhost:2026/v1/chat/completions "HTTP/1.1 200 OK"
2026-05-01 23:53:31,322 [INFO] [898/3993] id=openseek-4-00ca1e1fa GT=andTitsDutmostWbillows;pGO ✅ (2418ch, 10.1s)
2026-05-01 23:53:33,381 [INFO] HTTP Request: POST http://localhost:2026/v1/chat/completions "HTTP/1.1 200 OK"
2026-05-01 23:53:33,382 [INFO] [899/3993] id=openseek-4-43992b7a2 GT=hisapru ✅ (1332ch, 5.2s)
2026-05-01 23:53:41,358 [INFO] HTTP Request: POST http://localhost:2026/v1/chat/completions "HTTP/1.1 200 OK"
2026-05-01 23:53:41,359 [INFO] [900/3993] id=openseek-4-0c2089679 GT=itNseas.VHaLisdthee.dq ✅ (3159ch, 13.4s)
2026-05-01 23:53:41,458 [INFO]   💾 已保存 (成功=895 失败=5) | 3.8s/条均值 | ETA=197min
2026-05-01 23:53:42,554 [INFO] HTTP Request: POST http://localhost:2026/v1/chat/completions "HTTP/1.1 200 OK"
2026-05-01 23:53:42,556 [INFO] [901/3993] id=openseek-4-062cd7c33 GT=JhaverawasRAmuchWKN ✅ (2111ch, 9.2s)
2026-05-01 23:53:43,463 [INFO] HTTP Request: POST http://localhost:2026/v1/chat/completions "HTTP/1.1 200 OK"
2026-05-01 23:53:43,464 [INFO] [902/3993] id=openseek-4-25e335a0b GT=ofNwhileRQkEcraft,FGsee!PC ✅ (2839ch, 12.1s)
2026-05-01 23:53:53,477 [INFO] HTTP Request: POST http://localhost:2026/v1/chat/completions "HTTP/1.1 200 OK"
2026-05-01 23:53:53,479 [INFO] [903/3993] id=openseek-4-fb27a9d02 GT=UcfandFAhabYLChaveA ✅ (2160ch, 10.9s)
2026-05-01 23:53:54,140 [INFO] HTTP Request: POST http://localhost:2026/v1/chat/completions "HTTP/1.1 200 OK"
2026-05-01 23:53:54,141 [INFO] [904/3993] id=openseek-4-cc1d1dc87 GT=forehead.RwhalefownSR ✅ (3286ch, 12.8s)
2026-05-01 23:53:59,283 [INFO] HTTP Request: POST http://localhost:2026/v1/chat/completions "HTTP/1.1 200 OK"
2026-05-01 23:53:59,284 [INFO] [905/3993] id=openseek-4-4d56f9f4b GT=subtleEknowndbtheCfoes,XBis4cH ✅ (3921ch, 15.8s)
2026-05-01 23:54:03,601 [INFO] HTTP Request: POST http://localhost:2026/v1/chat/completions "HTTP/1.1 200 OK"
2026-05-01 23:54:03,602 [INFO] [906/3993] id=openseek-4-23ebfe382 GT=LitW ✅ (789ch, 4.3s)
2026-05-01 23:54:07,499 [INFO] HTTP Request: POST http://localhost:2026/v1/chat/completions "HTTP/1.1 200 OK"
2026-05-01 23:54:07,501 [INFO] [907/3993] id=openseek-4-a43515094 GT=TwithNleaningdmnotZVCbroadAsC ✅ (3121ch, 14.0s)
2026-05-01 23:54:08,984 [INFO] HTTP Request: POST http://localhost:2026/v1/chat/completions "HTTP/1.1 200 OK"
2026-05-01 23:54:08,985 [INFO] [908/3993] id=openseek-4-cedaf9186 GT=DkJsweepEtonmustkbEWf ✅ (3592ch, 14.8s)
2026-05-01 23:54:15,917 [INFO] HTTP Request: POST http://localhost:2026/v1/chat/completions "HTTP/1.1 200 OK"
2026-05-01 23:54:15,918 [INFO] [909/3993] id=openseek-4-3023264d4 GT=letter-bag;iaggone;J ✅ (3179ch, 12.3s)
2026-05-01 23:54:17,265 [INFO] HTTP Request: POST http://localhost:2026/v1/chat/completions "HTTP/1.1 200 OK"
2026-05-01 23:54:17,266 [INFO] [910/3993] id=openseek-4-f1f7bcb67 GT=Zone,Djbefore.r ✅ (2026ch, 8.3s)
2026-05-01 23:54:19,781 [INFO] HTTP Request: POST http://localhost:2026/v1/chat/completions "HTTP/1.1 200 OK"
2026-05-01 23:54:19,782 [INFO] [911/3993] id=openseek-4-cc4bf6e25 GT=theTUITPeatytheUQ ✅ (2923ch, 12.3s)
2026-05-01 23:54:27,003 [INFO] HTTP Request: POST http://localhost:2026/v1/chat/completions "HTTP/1.1 200 OK"
2026-05-01 23:54:27,005 [INFO] [912/3993] id=openseek-4-949f266a6 GT=saidxhStubb,ePlikei ✅ (2911ch, 11.1s)
2026-05-01 23:54:28,890 [INFO] HTTP Request: POST http://localhost:2026/v1/chat/completions "HTTP/1.1 200 OK"
2026-05-01 23:54:28,891 [INFO] [913/3993] id=openseek-4-482d8dfdd GT=roadMwhenlofTsooubottomA ✅ (2976ch, 11.6s)
2026-05-01 23:54:33,261 [INFO] HTTP Request: POST http://localhost:2026/v1/chat/completions "HTTP/1.1 200 OK"
2026-05-01 23:54:33,262 [INFO] [914/3993] id=openseek-4-b3a8aca0c GT=aboutfIYfloatedNcrazedpdust,xs ✅ (3310ch, 13.5s)
2026-05-01 23:54:35,310 [INFO] HTTP Request: POST http://localhost:2026/v1/chat/completions "HTTP/1.1 200 OK"
2026-05-01 23:54:35,312 [INFO] [915/3993] id=openseek-4-160eda8a9 GT=him,alonggt ✅ (2089ch, 8.3s)
2026-05-01 23:54:39,259 [INFO] HTTP Request: POST http://localhost:2026/v1/chat/completions "HTTP/1.1 200 OK"
2026-05-01 23:54:39,260 [INFO] [916/3993] id=openseek-4-9eeb577b9 GT=theBXelthemwhaleUb ✅ (2395ch, 10.4s)
2026-05-01 23:54:44,812 [INFO] HTTP Request: POST http://localhost:2026/v1/chat/completions "HTTP/1.1 200 OK"
2026-05-01 23:54:44,813 [INFO] [917/3993] id=openseek-4-a618ffc02 GT=no,sHksalutationssDH ✅ (2744ch, 11.6s)
2026-05-01 23:54:50,303 [INFO] HTTP Request: POST http://localhost:2026/v1/chat/completions "HTTP/1.1 200 OK"
2026-05-01 23:54:50,305 [INFO] [918/3993] id=openseek-4-599fa2246 GT=itakesXgo.dvdXsteadilyagetting ✅ (3613ch, 15.0s)
2026-05-01 23:54:50,678 [INFO] HTTP Request: POST http://localhost:2026/v1/chat/completions "HTTP/1.1 200 OK"
2026-05-01 23:54:50,679 [INFO] [919/3993] id=openseek-4-ed54a552f GT=OcriesKtoCsay,vitrTP ✅ (2773ch, 11.4s)
2026-05-01 23:54:56,551 [INFO] HTTP Request: POST http://localhost:2026/v1/chat/completions "HTTP/1.1 200 OK"
2026-05-01 23:54:56,553 [INFO] [920/3993] id=openseek-4-30babbbc1 GT=iFZAndx ✅ (1625ch, 6.2s)
2026-05-01 23:54:56,768 [INFO] HTTP Request: POST http://localhost:2026/v1/chat/completions "HTTP/1.1 200 OK"
2026-05-01 23:54:56,769 [INFO] [921/3993] id=openseek-4-b540f6ac8 GT=Rhim;XinvbeGalivepseemsf ✅ (2799ch, 12.0s)
2026-05-01 23:55:07,732 [INFO] HTTP Request: POST http://localhost:2026/v1/chat/completions "HTTP/1.1 200 OK"
2026-05-01 23:55:07,734 [INFO] [922/3993] id=openseek-4-3eeb36489 GT=him;NtoRPnidler!zsightedCHFJla ✅ (3940ch, 17.1s)
2026-05-01 23:55:08,028 [INFO] HTTP Request: POST http://localhost:2026/v1/chat/completions "HTTP/1.1 200 OK"
2026-05-01 23:55:08,029 [INFO] [923/3993] id=openseek-4-4211d32d4 GT=isqtheWjPfnearestKsaidDthemxan ✅ (2567ch, 11.3s)
2026-05-01 23:55:10,296 [INFO] HTTP Request: POST http://localhost:2026/v1/chat/completions "HTTP/1.1 200 OK"
2026-05-01 23:55:10,298 [INFO] [924/3993] id=openseek-4-369f8176c GT=byFSpanishYsuchRhim,AKmissing. ✅ (3096ch, 13.7s)
2026-05-01 23:55:15,114 [INFO] HTTP Request: POST http://localhost:2026/v1/chat/completions "HTTP/1.1 200 OK"
2026-05-01 23:55:15,115 [INFO] [925/3993] id=openseek-4-5741eb759 GT=partntimeseofHT ✅ (1867ch, 7.1s)
2026-05-01 23:55:18,316 [INFO] HTTP Request: POST http://localhost:2026/v1/chat/completions "HTTP/1.1 200 OK"
2026-05-01 23:55:18,317 [INFO] [926/3993] id=openseek-4-078155d3a GT=JvigorouswtnH ✅ (2058ch, 8.0s)
2026-05-01 23:55:18,713 [INFO] HTTP Request: POST http://localhost:2026/v1/chat/completions "HTTP/1.1 200 OK"
2026-05-01 23:55:18,714 [INFO] [927/3993] id=openseek-4-e1e762eaa GT=xFoneKhunters.IHwcfrigateX ✅ (2593ch, 11.0s)
2026-05-01 23:55:24,337 [INFO] HTTP Request: POST http://localhost:2026/v1/chat/completions "HTTP/1.1 200 OK"
2026-05-01 23:55:24,338 [INFO] [928/3993] id=openseek-4-1ed26fe31 GT=qsolhtotdpb ✅ (2041ch, 9.2s)
2026-05-01 23:55:25,195 [INFO] HTTP Request: POST http://localhost:2026/v1/chat/completions "HTTP/1.1 200 OK"
2026-05-01 23:55:25,196 [INFO] [929/3993] id=openseek-4-5819da1e5 GT=Abutmj ✅ (1721ch, 6.9s)
2026-05-01 23:55:31,974 [INFO] HTTP Request: POST http://localhost:2026/v1/chat/completions "HTTP/1.1 200 OK"
2026-05-01 23:55:31,975 [INFO] [930/3993] id=openseek-4-cb9d4cc4e GT=seemedwtuMoKc ✅ (1408ch, 7.6s)
2026-05-01 23:55:33,209 [INFO] HTTP Request: POST http://localhost:2026/v1/chat/completions "HTTP/1.1 200 OK"
2026-05-01 23:55:33,210 [INFO] [931/3993] id=openseek-4-abcb5e74e GT=zzteeteringSonVHthatyNusualoDY ✅ (3466ch, 14.5s)
2026-05-01 23:55:34,789 [INFO] HTTP Request: POST http://localhost:2026/v1/chat/completions "HTTP/1.1 200 OK"
2026-05-01 23:55:34,791 [INFO] [932/3993] id=openseek-4-f0804cb10 GT=issued,Zcheapest,fgorges,gweY ✅ (2266ch, 9.6s)
2026-05-01 23:55:42,376 [INFO] HTTP Request: POST http://localhost:2026/v1/chat/completions "HTTP/1.1 200 OK"
2026-05-01 23:55:42,378 [INFO] [933/3993] id=openseek-4-5ad41f0b0 GT=etappointedWnhisK ✅ (2225ch, 9.2s)
2026-05-01 23:55:49,184 [INFO] HTTP Request: POST http://localhost:2026/v1/chat/completions "HTTP/1.1 200 OK"
2026-05-01 23:55:49,185 [INFO] [934/3993] id=openseek-4-8c79b5cd6 GT=DtheEitphtheSofzintofthatk ✅ (2578ch, 14.4s)
2026-05-01 23:55:54,412 [INFO] HTTP Request: POST http://localhost:2026/v1/chat/completions "HTTP/1.1 200 OK"
2026-05-01 23:55:54,414 [INFO] [935/3993] id=openseek-4-5c799e26c GT=kandswasCAElaysdtotthemselvesI ✅ (2713ch, 12.0s)
2026-05-01 23:55:56,456 [INFO] HTTP Request: POST http://localhost:2026/v1/chat/completions "HTTP/1.1 200 OK"
2026-05-01 23:55:56,457 [WARNING]   [attempt 1 T=0.0] think validate 失败 (len=5005): 'Okay, let's see. I need to concatenate this list of strings into a single line w'
2026-05-01 23:56:03,126 [INFO] HTTP Request: POST http://localhost:2026/v1/chat/completions "HTTP/1.1 200 OK"
2026-05-01 23:56:03,128 [INFO] [936/3993] id=openseek-4-4a64985ff GT=HdamnedSconspicuouslyoHhthough ✅ (3064ch, 13.9s)
2026-05-01 23:56:08,147 [INFO] HTTP Request: POST http://localhost:2026/v1/chat/completions "HTTP/1.1 200 OK"
2026-05-01 23:56:08,148 [INFO] [937/3993] id=openseek-4-e3ed44e79 GT=wasNheroAFGycrossedwQwaterv ✅ (2900ch, 13.7s)
2026-05-01 23:56:14,987 [INFO] HTTP Request: POST http://localhost:2026/v1/chat/completions "HTTP/1.1 200 OK"
2026-05-01 23:56:14,989 [INFO] [938/3993] id=openseek-4-7c2ffa422 GT=FcWell,Qboats,ntheCc8Aye,padHM ✅ (2401ch, 11.9s)
2026-05-01 23:56:20,091 [INFO] HTTP Request: POST http://localhost:2026/v1/chat/completions "HTTP/1.1 200 OK"
2026-05-01 23:56:20,092 [WARNING]   [attempt 2 T=0.3] think validate 失败 (len=4433): 'Okay, let's see. I need to concatenate this list of strings into a single line w'
2026-05-01 23:56:23,525 [INFO] HTTP Request: POST http://localhost:2026/v1/chat/completions "HTTP/1.1 200 OK"
2026-05-01 23:56:23,526 [INFO] [939/3993] id=openseek-4-faf0748ce GT=theDbeenELzhisvboatYRnot.Yx ✅ (3173ch, 15.4s)
2026-05-01 23:56:28,326 [INFO] HTTP Request: POST http://localhost:2026/v1/chat/completions "HTTP/1.1 200 OK"
2026-05-01 23:56:28,328 [INFO] [940/3993] id=openseek-4-9f312766a GT=andZthoseOhadjonePQme,zB ✅ (2820ch, 13.3s)
2026-05-01 23:56:29,714 [INFO] HTTP Request: POST http://localhost:2026/v1/chat/completions "HTTP/1.1 200 OK"
2026-05-01 23:56:29,715 [INFO] [941/3993] id=openseek-4-7d731fb86 GT=Twhale,w ✅ (1459ch, 6.2s)
2026-05-01 23:56:32,379 [INFO] HTTP Request: POST http://localhost:2026/v1/chat/completions "HTTP/1.1 200 OK"
2026-05-01 23:56:32,380 [INFO] [942/3993] id=openseek-4-ee0ffdae5 GT=dU ✅ (962ch, 4.1s)
2026-05-01 23:56:36,986 [INFO] HTTP Request: POST http://localhost:2026/v1/chat/completions "HTTP/1.1 200 OK"
2026-05-01 23:56:36,987 [INFO] [943/3993] id=openseek-4-8a0ac1f44 GT=altogetherQlaughterQYV ✅ (1707ch, 7.3s)
2026-05-01 23:56:39,588 [INFO] HTTP Request: POST http://localhost:2026/v1/chat/completions "HTTP/1.1 200 OK"
2026-05-01 23:56:39,590 [INFO] [944/3993] id=openseek-4-07caafde4 GT=nwhat9svBsystematicallyROwedA. ✅ (3717ch, 67.6s)
2026-05-01 23:56:43,356 [INFO] HTTP Request: POST http://localhost:2026/v1/chat/completions "HTTP/1.1 200 OK"
2026-05-01 23:56:43,358 [INFO] [945/3993] id=openseek-4-5aa07b36c GT=thoughQcupsgtranquillyqtheSund ✅ (2698ch, 11.0s)
2026-05-01 23:56:49,360 [INFO] HTTP Request: POST http://localhost:2026/v1/chat/completions "HTTP/1.1 200 OK"
2026-05-01 23:56:49,361 [INFO] [946/3993] id=openseek-4-7de7b7003 GT=Voldndeath.dmidstmnauticalxjoy ✅ (2725ch, 12.4s)
2026-05-01 23:56:50,714 [INFO] HTTP Request: POST http://localhost:2026/v1/chat/completions "HTTP/1.1 200 OK"
2026-05-01 23:56:50,716 [INFO] [947/3993] id=openseek-4-ac62fe26a GT=ZaXespeciallymimM ✅ (2806ch, 11.1s)
2026-05-01 23:56:53,368 [INFO] HTTP Request: POST http://localhost:2026/v1/chat/completions "HTTP/1.1 200 OK"
2026-05-01 23:56:53,369 [INFO] [948/3993] id=openseek-4-575788fce GT=Ew ✅ (1007ch, 4.0s)
2026-05-01 23:56:55,703 [INFO] HTTP Request: POST http://localhost:2026/v1/chat/completions "HTTP/1.1 200 OK"
2026-05-01 23:56:55,704 [INFO] [949/3993] id=openseek-4-ec73c423c GT=gtheAJollilyHreasonC ✅ (2924ch, 12.3s)
2026-05-01 23:56:59,730 [INFO] HTTP Request: POST http://localhost:2026/v1/chat/completions "HTTP/1.1 200 OK"
2026-05-01 23:56:59,732 [INFO] [950/3993] id=openseek-4-18033025d GT=itUwhichy ✅ (1582ch, 6.4s)
2026-05-01 23:57:01,992 [INFO] HTTP Request: POST http://localhost:2026/v1/chat/completions "HTTP/1.1 200 OK"
2026-05-01 23:57:01,994 [INFO] [951/3993] id=openseek-4-b1cf325bf GT=atlvsaloft;pfpzpoort ✅ (2516ch, 11.3s)
2026-05-01 23:57:08,176 [INFO] HTTP Request: POST http://localhost:2026/v1/chat/completions "HTTP/1.1 200 OK"
2026-05-01 23:57:08,178 [INFO] [952/3993] id=openseek-4-78dc3ddda GT=NthisKtheOQdofKviewb ✅ (3027ch, 12.5s)
2026-05-01 23:57:12,547 [INFO] HTTP Request: POST http://localhost:2026/v1/chat/completions "HTTP/1.1 200 OK"
2026-05-01 23:57:12,548 [INFO] [953/3993] id=openseek-4-8fdce2ee0 GT=Lasr ✅ (789ch, 4.4s)
2026-05-01 23:57:14,705 [INFO] HTTP Request: POST http://localhost:2026/v1/chat/completions "HTTP/1.1 200 OK"
2026-05-01 23:57:14,706 [INFO] [954/3993] id=openseek-4-805492e69 GT=BearswaofRGthanCofQinfancyscom ✅ (3305ch, 15.0s)
2026-05-01 23:57:19,934 [INFO] HTTP Request: POST http://localhost:2026/v1/chat/completions "HTTP/1.1 200 OK"
2026-05-01 23:57:19,935 [INFO] [955/3993] id=openseek-4-27bb97141 GT=pMSmankind;Asleeping,tcXt ✅ (3723ch, 17.9s)
2026-05-01 23:57:20,489 [INFO] HTTP Request: POST http://localhost:2026/v1/chat/completions "HTTP/1.1 200 OK"
2026-05-01 23:57:20,490 [INFO] [956/3993] id=openseek-4-1c185a681 GT=flyingoypwroughtX ✅ (1510ch, 5.8s)
2026-05-01 23:57:20,598 [INFO] HTTP Request: POST http://localhost:2026/v1/chat/completions "HTTP/1.1 200 OK"
2026-05-01 23:57:20,599 [INFO] [957/3993] id=openseek-4-20b57ece1 GT=CDupinyourR ✅ (1949ch, 8.1s)
2026-05-01 23:57:28,568 [INFO] HTTP Request: POST http://localhost:2026/v1/chat/completions "HTTP/1.1 200 OK"
2026-05-01 23:57:28,569 [INFO] [958/3993] id=openseek-4-75b34473a GT=himTpbZuhex ✅ (1972ch, 8.6s)
2026-05-01 23:57:30,672 [INFO] HTTP Request: POST http://localhost:2026/v1/chat/completions "HTTP/1.1 200 OK"
2026-05-01 23:57:30,673 [INFO] [959/3993] id=openseek-4-8ebd55218 GT=uxditsWnotcFTofekshroud,l ✅ (2177ch, 10.2s)
2026-05-01 23:57:31,925 [INFO] HTTP Request: POST http://localhost:2026/v1/chat/completions "HTTP/1.1 200 OK"
2026-05-01 23:57:31,927 [INFO] [960/3993] id=openseek-4-5e9db4c8a GT=TGfashionuhtoJVfieryD ✅ (2857ch, 11.3s)
2026-05-01 23:57:35,580 [INFO] HTTP Request: POST http://localhost:2026/v1/chat/completions "HTTP/1.1 200 OK"
2026-05-01 23:57:35,581 [INFO] [961/3993] id=openseek-4-fdac4fc20 GT=IR ✅ (917ch, 3.7s)
2026-05-01 23:57:37,497 [INFO] HTTP Request: POST http://localhost:2026/v1/chat/completions "HTTP/1.1 200 OK"
2026-05-01 23:57:37,499 [INFO] [962/3993] id=openseek-4-120cb1746 GT=bxhatchet-sideNflamesmKusuperl ✅ (2270ch, 8.9s)
2026-05-01 23:57:39,374 [INFO] HTTP Request: POST http://localhost:2026/v1/chat/completions "HTTP/1.1 200 OK"
2026-05-01 23:57:39,375 [INFO] [963/3993] id=openseek-4-7dc519f57 GT=myhC ✅ (966ch, 3.8s)
2026-05-01 23:57:45,409 [INFO] HTTP Request: POST http://localhost:2026/v1/chat/completions "HTTP/1.1 200 OK"
2026-05-01 23:57:45,410 [INFO] [964/3993] id=openseek-4-64cc1b0ab GT=overLthebofxsuchygrapnels;heba ✅ (3412ch, 14.7s)
2026-05-01 23:57:45,876 [INFO] HTTP Request: POST http://localhost:2026/v1/chat/completions "HTTP/1.1 200 OK"
2026-05-01 23:57:45,877 [INFO] [965/3993] id=openseek-4-faeb3dabb GT=intodLplaintiffstCHey ✅ (2302ch, 8.4s)
2026-05-01 23:57:51,476 [INFO] HTTP Request: POST http://localhost:2026/v1/chat/completions "HTTP/1.1 200 OK"
2026-05-01 23:57:51,478 [INFO] [966/3993] id=openseek-4-c2a10044b GT=aroundNjThatXalleandXher.linzm ✅ (3007ch, 12.1s)
2026-05-01 23:57:55,563 [INFO] HTTP Request: POST http://localhost:2026/v1/chat/completions "HTTP/1.1 200 OK"
2026-05-01 23:57:55,565 [INFO] [967/3993] id=openseek-4-943617d00 GT=willLgallantNinterblendingZnoJ ✅ (2557ch, 9.7s)
2026-05-01 23:58:01,564 [INFO] HTTP Request: POST http://localhost:2026/v1/chat/completions "HTTP/1.1 200 OK"
2026-05-01 23:58:01,565 [INFO] [968/3993] id=openseek-4-f697e2987 GT=bnotWJthem.sLisDhatchet!VCoffi ✅ (3661ch, 16.2s)
2026-05-01 23:58:01,901 [INFO] HTTP Request: POST http://localhost:2026/v1/chat/completions "HTTP/1.1 200 OK"
2026-05-01 23:58:01,902 [INFO] [969/3993] id=openseek-4-4f6dee389 GT=seamenChismhugd ✅ (1693ch, 6.3s)
2026-05-01 23:58:02,654 [INFO] HTTP Request: POST http://localhost:2026/v1/chat/completions "HTTP/1.1 200 OK"
2026-05-01 23:58:02,655 [INFO] [970/3993] id=openseek-4-15c4deb94 GT=InjfilledasuchpMjdm ✅ (2346ch, 11.2s)
2026-05-01 23:58:05,343 [INFO] HTTP Request: POST http://localhost:2026/v1/chat/completions "HTTP/1.1 200 OK"
2026-05-01 23:58:05,345 [INFO] [971/3993] id=openseek-4-9f5d0b0e2 GT=De ✅ (987ch, 3.8s)
2026-05-01 23:58:05,953 [INFO] HTTP Request: POST http://localhost:2026/v1/chat/completions "HTTP/1.1 200 OK"
2026-05-01 23:58:05,954 [INFO] [972/3993] id=openseek-4-184cb0d39 GT=aonu ✅ (884ch, 4.1s)
2026-05-01 23:58:08,090 [INFO] HTTP Request: POST http://localhost:2026/v1/chat/completions "HTTP/1.1 200 OK"
2026-05-01 23:58:08,091 [INFO] [973/3993] id=openseek-4-c2f1d9e77 GT=whale-boat;el ✅ (1362ch, 5.4s)
2026-05-01 23:58:12,747 [INFO] HTTP Request: POST http://localhost:2026/v1/chat/completions "HTTP/1.1 200 OK"
2026-05-01 23:58:12,748 [INFO] [974/3993] id=openseek-4-ee8a51a28 GT=Wsurface,n ✅ (1887ch, 6.8s)
2026-05-01 23:58:14,745 [INFO] HTTP Request: POST http://localhost:2026/v1/chat/completions "HTTP/1.1 200 OK"
2026-05-01 23:58:14,746 [INFO] [975/3993] id=openseek-4-8c1d39e8e GT=UKrbackYVDn ✅ (1569ch, 6.7s)
2026-05-01 23:58:18,692 [INFO] HTTP Request: POST http://localhost:2026/v1/chat/completions "HTTP/1.1 200 OK"
2026-05-01 23:58:18,693 [INFO] [976/3993] id=openseek-4-50afd02f2 GT=asgthatkgamehMbShammock.Othet ✅ (3144ch, 13.3s)
2026-05-01 23:58:19,730 [INFO] HTTP Request: POST http://localhost:2026/v1/chat/completions "HTTP/1.1 200 OK"
2026-05-01 23:58:19,732 [INFO] [977/3993] id=openseek-4-4765ffc3c GT=KRjvthisn ✅ (1817ch, 7.0s)
2026-05-01 23:58:28,035 [INFO] HTTP Request: POST http://localhost:2026/v1/chat/completions "HTTP/1.1 200 OK"
2026-05-01 23:58:28,036 [INFO] [978/3993] id=openseek-4-be44e76da GT=zbeGEaR ✅ (1921ch, 8.3s)
2026-05-01 23:58:31,183 [INFO] HTTP Request: POST http://localhost:2026/v1/chat/completions "HTTP/1.1 200 OK"
2026-05-01 23:58:31,185 [INFO] [979/3993] id=openseek-4-311b35013 GT=amidmXsayhforeBeveryvofzQj ✅ (3207ch, 12.5s)
2026-05-01 23:58:32,733 [INFO] HTTP Request: POST http://localhost:2026/v1/chat/completions "HTTP/1.1 200 OK"
2026-05-01 23:58:32,735 [INFO] [980/3993] id=openseek-4-fbfa20e43 GT=OttallfdmerryHtoLlookUinyO ✅ (3777ch, 18.0s)
2026-05-01 23:58:34,999 [INFO] HTTP Request: POST http://localhost:2026/v1/chat/completions "HTTP/1.1 200 OK"
2026-05-01 23:58:35,000 [INFO] [981/3993] id=openseek-4-15fb6686f GT=Sa ✅ (969ch, 3.8s)
2026-05-01 23:58:39,363 [INFO] HTTP Request: POST http://localhost:2026/v1/chat/completions "HTTP/1.1 200 OK"
2026-05-01 23:58:39,364 [INFO] [982/3993] id=openseek-4-32fed8341 GT=jbloodI ✅ (1152ch, 4.4s)
2026-05-01 23:58:42,222 [INFO] HTTP Request: POST http://localhost:2026/v1/chat/completions "HTTP/1.1 200 OK"
2026-05-01 23:58:42,224 [INFO] [983/3993] id=openseek-4-d6f5ef76d GT=heMbeYreads,Xms ✅ (1751ch, 9.5s)
2026-05-01 23:58:42,988 [INFO] HTTP Request: POST http://localhost:2026/v1/chat/completions "HTTP/1.1 200 OK"
2026-05-01 23:58:42,989 [INFO] [984/3993] id=openseek-4-226c2015c GT=beforeTWwithBweZiweXnightX ✅ (3436ch, 15.0s)
2026-05-01 23:58:45,956 [INFO] HTTP Request: POST http://localhost:2026/v1/chat/completions "HTTP/1.1 200 OK"
2026-05-01 23:58:45,958 [INFO] [985/3993] id=openseek-4-65a051a30 GT=Rtheq ✅ (709ch, 3.7s)
2026-05-01 23:58:46,023 [INFO] HTTP Request: POST http://localhost:2026/v1/chat/completions "HTTP/1.1 200 OK"
2026-05-01 23:58:46,024 [INFO] [986/3993] id=openseek-4-aa77822b1 GT=whetherstovshouldnr ✅ (1437ch, 6.7s)
2026-05-01 23:58:50,896 [INFO] HTTP Request: POST http://localhost:2026/v1/chat/completions "HTTP/1.1 200 OK"
2026-05-01 23:58:50,897 [INFO] [987/3993] id=openseek-4-4fa408c49 GT=rfeachmh ✅ (1164ch, 4.9s)
2026-05-01 23:58:52,549 [INFO] HTTP Request: POST http://localhost:2026/v1/chat/completions "HTTP/1.1 200 OK"
2026-05-01 23:58:52,551 [INFO] [988/3993] id=openseek-4-1f285bfe0 GT=EURhighVplumbwKf ✅ (1976ch, 9.6s)
2026-05-01 23:58:57,110 [INFO] HTTP Request: POST http://localhost:2026/v1/chat/completions "HTTP/1.1 200 OK"
2026-05-01 23:58:57,111 [WARNING]   [attempt 1 T=0.0] 答案校验失败 pred='Z U z than f owing x him. n blueish O' expect='Z U z than f owing x him. n bluish O'
2026-05-01 23:58:59,590 [INFO] HTTP Request: POST http://localhost:2026/v1/chat/completions "HTTP/1.1 200 OK"
2026-05-01 23:58:59,592 [INFO] [989/3993] id=openseek-4-5eda10a78 GT=thekthatoHQfire,Y ✅ (2237ch, 8.7s)
2026-05-01 23:59:01,978 [INFO] HTTP Request: POST http://localhost:2026/v1/chat/completions "HTTP/1.1 200 OK"
2026-05-01 23:59:01,979 [INFO] [990/3993] id=openseek-4-54312331e GT=etable,mmyyL ✅ (2192ch, 9.4s)
2026-05-01 23:59:07,712 [INFO] HTTP Request: POST http://localhost:2026/v1/chat/completions "HTTP/1.1 200 OK"
2026-05-01 23:59:07,714 [INFO] [991/3993] id=openseek-4-6ee5e7c3e GT=othevop ✅ (1551ch, 8.1s)
2026-05-01 23:59:12,639 [INFO] HTTP Request: POST http://localhost:2026/v1/chat/completions "HTTP/1.1 200 OK"
2026-05-01 23:59:12,641 [INFO] [992/3993] id=openseek-4-91a1f60d1 GT=xDSOsxandiT ✅ (1992ch, 10.7s)
2026-05-01 23:59:13,540 [INFO] HTTP Request: POST http://localhost:2026/v1/chat/completions "HTTP/1.1 200 OK"
2026-05-01 23:59:13,542 [INFO] [993/3993] id=openseek-4-437e3637d GT=ZUzthanfowingxhim.nbluishO ✅ (3498ch, 27.6s)
2026-05-01 23:59:17,831 [INFO] HTTP Request: POST http://localhost:2026/v1/chat/completions "HTTP/1.1 200 OK"
2026-05-01 23:59:17,832 [INFO] [994/3993] id=openseek-4-fb667600a GT=thoseqE ✅ (1312ch, 5.2s)
2026-05-01 23:59:18,265 [INFO] HTTP Request: POST http://localhost:2026/v1/chat/completions "HTTP/1.1 200 OK"
2026-05-01 23:59:18,267 [INFO] [995/3993] id=openseek-4-819637ac2 GT=fire,TOwprocedurer ✅ (2490ch, 10.6s)
2026-05-01 23:59:20,168 [INFO] HTTP Request: POST http://localhost:2026/v1/chat/completions "HTTP/1.1 200 OK"
2026-05-01 23:59:20,170 [INFO] [996/3993] id=openseek-4-27e480318 GT=devil,RSperm-Whaleo ✅ (1661ch, 6.6s)
2026-05-01 23:59:23,657 [INFO] HTTP Request: POST http://localhost:2026/v1/chat/completions "HTTP/1.1 200 OK"
2026-05-01 23:59:23,658 [INFO] [997/3993] id=openseek-4-0edb1dabe GT=holeotheT ✅ (1475ch, 5.8s)
2026-05-01 23:59:36,472 [INFO] HTTP Request: POST http://localhost:2026/v1/chat/completions "HTTP/1.1 200 OK"
2026-05-01 23:59:36,474 [INFO] [998/3993] id=openseek-4-dbf67b768 GT=rNwhale-steakElayBsoSnincarnat ✅ (3861ch, 18.2s)
2026-05-01 23:59:37,449 [INFO] HTTP Request: POST http://localhost:2026/v1/chat/completions "HTTP/1.1 200 OK"
2026-05-01 23:59:37,450 [INFO] [999/3993] id=openseek-4-336bf5e6c GT=clasp4yet,VupImheWanger,btheAP ✅ (3511ch, 17.3s)
2026-05-01 23:59:40,092 [INFO] HTTP Request: POST http://localhost:2026/v1/chat/completions "HTTP/1.1 200 OK"
2026-05-01 23:59:40,094 [INFO] [1000/3993] id=openseek-4-a29c76f70 GT=SslidHwereRIwithintunderground ✅ (3536ch, 16.4s)
2026-05-01 23:59:40,238 [INFO]   💾 已保存 (成功=995 失败=5) | 3.8s/条均值 | ETA=189min
2026-05-01 23:59:42,561 [INFO] HTTP Request: POST http://localhost:2026/v1/chat/completions "HTTP/1.1 200 OK"
2026-05-01 23:59:42,563 [INFO] [1001/3993] id=openseek-4-15e0ac41e GT=tordidn9txv ✅ (1412ch, 6.1s)
2026-05-01 23:59:43,840 [INFO] HTTP Request: POST http://localhost:2026/v1/chat/completions "HTTP/1.1 200 OK"
2026-05-01 23:59:43,841 [INFO] [1002/3993] id=openseek-4-803a55b40 GT=QnLh ✅ (1279ch, 6.4s)
2026-05-01 23:59:51,225 [INFO] HTTP Request: POST http://localhost:2026/v1/chat/completions "HTTP/1.1 200 OK"
2026-05-01 23:59:51,227 [INFO] [1003/3993] id=openseek-4-9fd4ee178 GT=FNmanye ✅ (1783ch, 7.4s)
2026-05-01 23:59:52,793 [INFO] HTTP Request: POST http://localhost:2026/v1/chat/completions "HTTP/1.1 200 OK"
2026-05-01 23:59:52,794 [INFO] [1004/3993] id=openseek-4-19c63891f GT=beganChat-box,esailedX ✅ (2404ch, 10.2s)
2026-05-01 23:59:52,839 [INFO] HTTP Request: POST http://localhost:2026/v1/chat/completions "HTTP/1.1 200 OK"
2026-05-01 23:59:52,840 [INFO] [1005/3993] id=openseek-4-83cf8857e GT=AYwhatWFqreefedtWpsilverG ✅ (2784ch, 12.7s)
2026-05-01 23:59:56,605 [INFO] HTTP Request: POST http://localhost:2026/v1/chat/completions "HTTP/1.1 200 OK"
2026-05-01 23:59:56,606 [INFO] [1006/3993] id=openseek-4-f1d4c1fe4 GT=uF ✅ (620ch, 3.8s)
2026-05-02 00:00:05,480 [INFO] HTTP Request: POST http://localhost:2026/v1/chat/completions "HTTP/1.1 200 OK"
2026-05-02 00:00:05,482 [INFO] [1007/3993] id=openseek-4-e0a9ca242 GT=iblubber,hTE ✅ (2039ch, 8.9s)
2026-05-02 00:00:06,169 [INFO] HTTP Request: POST http://localhost:2026/v1/chat/completions "HTTP/1.1 200 OK"
2026-05-02 00:00:06,171 [INFO] [1008/3993] id=openseek-4-9a261ee0e GT=receiveqIshipPacquiredaintoc ✅ (3298ch, 13.3s)
2026-05-02 00:00:07,378 [INFO] HTTP Request: POST http://localhost:2026/v1/chat/completions "HTTP/1.1 200 OK"
2026-05-02 00:00:07,379 [INFO] [1009/3993] id=openseek-4-2279d69a6 GT=sleepinggname,urpocket,NandGt ✅ (3622ch, 16.2s)
2026-05-02 00:00:10,276 [INFO] HTTP Request: POST http://localhost:2026/v1/chat/completions "HTTP/1.1 200 OK"
2026-05-02 00:00:10,277 [INFO] [1010/3993] id=openseek-4-27c1f11f1 GT=KMW ✅ (1031ch, 4.1s)
2026-05-02 00:00:15,994 [INFO] HTTP Request: POST http://localhost:2026/v1/chat/completions "HTTP/1.1 200 OK"
2026-05-02 00:00:15,996 [INFO] [1011/3993] id=openseek-4-6c7d44c4f GT=pEr ✅ (1362ch, 5.7s)
2026-05-02 00:00:16,097 [INFO] HTTP Request: POST http://localhost:2026/v1/chat/completions "HTTP/1.1 200 OK"
2026-05-02 00:00:16,098 [INFO] [1012/3993] id=openseek-4-6997e76a2 GT=MbroadGAButIyJS ✅ (2031ch, 8.7s)
2026-05-02 00:00:19,985 [INFO] HTTP Request: POST http://localhost:2026/v1/chat/completions "HTTP/1.1 200 OK"
2026-05-02 00:00:19,987 [INFO] [1013/3993] id=openseek-4-619ac5a62 GT=creepingsOother.Nopportunity,C ✅ (3449ch, 14.5s)
2026-05-02 00:00:24,280 [INFO] HTTP Request: POST http://localhost:2026/v1/chat/completions "HTTP/1.1 200 OK"
2026-05-02 00:00:24,281 [INFO] [1014/3993] id=openseek-4-e46551bfb GT=ylLpway4headC ✅ (1974ch, 8.2s)
2026-05-02 00:00:30,108 [INFO] HTTP Request: POST http://localhost:2026/v1/chat/completions "HTTP/1.1 200 OK"
2026-05-02 00:00:30,110 [INFO] [1015/3993] id=openseek-4-b0a0853f7 GT=YGhandsWnearlyiinqLookp ✅ (2388ch, 10.1s)
2026-05-02 00:00:33,282 [INFO] HTTP Request: POST http://localhost:2026/v1/chat/completions "HTTP/1.1 200 OK"
2026-05-02 00:00:33,283 [INFO] [1016/3993] id=openseek-4-a0f1bc9aa GT=xOheadsWqfhlrelishfHeW ✅ (3452ch, 17.3s)
2026-05-02 00:00:37,248 [INFO] HTTP Request: POST http://localhost:2026/v1/chat/completions "HTTP/1.1 200 OK"
2026-05-02 00:00:37,250 [INFO] [1017/3993] id=openseek-4-191efb78b GT=aXUlaidSp ✅ (1741ch, 7.1s)
2026-05-02 00:00:39,674 [INFO] HTTP Request: POST http://localhost:2026/v1/chat/completions "HTTP/1.1 200 OK"
2026-05-02 00:00:39,676 [INFO] [1018/3993] id=openseek-4-d14c07111 GT=hdrewzInacut-watericannonHQ ✅ (3404ch, 15.4s)
2026-05-02 00:00:46,347 [INFO] HTTP Request: POST http://localhost:2026/v1/chat/completions "HTTP/1.1 200 OK"
2026-05-02 00:00:46,349 [INFO] [1019/3993] id=openseek-4-1ba1a81a9 GT=RtoFeachNsignsYyouZkaGmountedz ✅ (2854ch, 13.1s)
2026-05-02 00:00:46,490 [INFO] HTTP Request: POST http://localhost:2026/v1/chat/completions "HTTP/1.1 200 OK"
2026-05-02 00:00:46,491 [INFO] [1020/3993] id=openseek-4-7833f2e70 GT=ourzKrangingDu ✅ (1717ch, 6.8s)
2026-05-02 00:00:49,732 [INFO] HTTP Request: POST http://localhost:2026/v1/chat/completions "HTTP/1.1 200 OK"
2026-05-02 00:00:49,733 [INFO] [1021/3993] id=openseek-4-7f89d581f GT=weatherUit.biMNL ✅ (3030ch, 12.5s)
2026-05-02 00:00:54,932 [INFO] HTTP Request: POST http://localhost:2026/v1/chat/completions "HTTP/1.1 200 OK"
2026-05-02 00:00:54,933 [INFO] [1022/3993] id=openseek-4-5a77f6389 GT=anftJdartingrzKYshadowsPfatg ✅ (2011ch, 8.4s)
2026-05-02 00:00:57,459 [INFO] HTTP Request: POST http://localhost:2026/v1/chat/completions "HTTP/1.1 200 OK"
2026-05-02 00:00:57,461 [INFO] [1023/3993] id=openseek-4-81b560a38 GT=inwNaction,KphzisaonlyvsomeR ✅ (2734ch, 11.1s)
2026-05-02 00:01:01,285 [INFO] HTTP Request: POST http://localhost:2026/v1/chat/completions "HTTP/1.1 200 OK"
2026-05-02 00:01:01,287 [INFO] [1024/3993] id=openseek-4-b38dfbb88 GT=hisEsmackingyF ✅ (1725ch, 6.4s)
2026-05-02 00:01:04,543 [INFO] HTTP Request: POST http://localhost:2026/v1/chat/completions "HTTP/1.1 200 OK"
2026-05-02 00:01:04,544 [INFO] [1025/3993] id=openseek-4-9a31b8875 GT=ropeRwass ✅ (1717ch, 7.1s)
2026-05-02 00:01:05,868 [INFO] HTTP Request: POST http://localhost:2026/v1/chat/completions "HTTP/1.1 200 OK"
2026-05-02 00:01:05,870 [INFO] [1026/3993] id=openseek-4-e53547636 GT=canoe,YthusQeverywhilebsodownZ ✅ (3667ch, 16.1s)
2026-05-02 00:01:09,105 [INFO] HTTP Request: POST http://localhost:2026/v1/chat/completions "HTTP/1.1 200 OK"
2026-05-02 00:01:09,107 [INFO] [1027/3993] id=openseek-4-a4999876b GT=FbemO ✅ (1144ch, 4.6s)
2026-05-02 00:01:14,839 [INFO] HTTP Request: POST http://localhost:2026/v1/chat/completions "HTTP/1.1 200 OK"
2026-05-02 00:01:14,841 [INFO] [1028/3993] id=openseek-4-231429432 GT=AthegofbohisOtheirfbu ✅ (3379ch, 13.6s)
2026-05-02 00:01:18,741 [INFO] HTTP Request: POST http://localhost:2026/v1/chat/completions "HTTP/1.1 200 OK"
2026-05-02 00:01:18,742 [INFO] [1029/3993] id=openseek-4-5c1900b83 GT=theQBHthenjustXoftmightfwell,V ✅ (2391ch, 9.6s)
2026-05-02 00:01:18,985 [INFO] HTTP Request: POST http://localhost:2026/v1/chat/completions "HTTP/1.1 200 OK"
2026-05-02 00:01:18,987 [INFO] [1030/3993] id=openseek-4-4702f8647 GT=withPme.hdoneMplay!gbytJe ✅ (3066ch, 13.1s)
2026-05-02 00:01:25,311 [INFO] HTTP Request: POST http://localhost:2026/v1/chat/completions "HTTP/1.1 200 OK"
2026-05-02 00:01:25,312 [INFO] [1031/3993] id=openseek-4-8e08cfcde GT=9emAit.bDDi ✅ (2602ch, 10.5s)
2026-05-02 00:01:27,148 [INFO] HTTP Request: POST http://localhost:2026/v1/chat/completions "HTTP/1.1 200 OK"
2026-05-02 00:01:27,149 [INFO] [1032/3993] id=openseek-4-021daa82b GT=pwhatQblacketoOtilt,K ✅ (2072ch, 8.2s)
2026-05-02 00:01:28,473 [INFO] HTTP Request: POST http://localhost:2026/v1/chat/completions "HTTP/1.1 200 OK"
2026-05-02 00:01:28,474 [INFO] [1033/3993] id=openseek-4-f895c6b2d GT=LwGGShisObOhoweverP ✅ (2666ch, 9.7s)
2026-05-02 00:01:32,572 [INFO] HTTP Request: POST http://localhost:2026/v1/chat/completions "HTTP/1.1 200 OK"
2026-05-02 00:01:32,574 [INFO] [1034/3993] id=openseek-4-def6cc699 GT=DcV ✅ (1097ch, 4.1s)
2026-05-02 00:01:33,622 [INFO] HTTP Request: POST http://localhost:2026/v1/chat/completions "HTTP/1.1 200 OK"
2026-05-02 00:01:33,623 [INFO] [1035/3993] id=openseek-4-8a24564fb GT=thedfloatedY ✅ (1719ch, 6.5s)
2026-05-02 00:01:41,460 [INFO] HTTP Request: POST http://localhost:2026/v1/chat/completions "HTTP/1.1 200 OK"
2026-05-02 00:01:41,461 [INFO] [1036/3993] id=openseek-4-916b4df4f GT=IotherehBroadwayythettheFXP ✅ (2248ch, 8.9s)
2026-05-02 00:01:41,586 [INFO] HTTP Request: POST http://localhost:2026/v1/chat/completions "HTTP/1.1 200 OK"
2026-05-02 00:01:41,587 [WARNING]   [attempt 1 T=0.0] think validate 失败 (len=4026): 'Okay, let's see. I need to concatenate this list of strings into a single line w'
2026-05-02 00:01:50,515 [INFO] HTTP Request: POST http://localhost:2026/v1/chat/completions "HTTP/1.1 200 OK"
2026-05-02 00:01:50,516 [INFO] [1037/3993] id=openseek-4-cf3963621 GT=NWliftwXweyeFthetpromise.Bn ✅ (3534ch, 16.9s)
2026-05-02 00:01:52,657 [INFO] HTTP Request: POST http://localhost:2026/v1/chat/completions "HTTP/1.1 200 OK"
2026-05-02 00:01:52,658 [INFO] [1038/3993] id=openseek-4-22f42c7be GT=iUBecausepkyourVremainedeGZ ✅ (2729ch, 11.2s)
2026-05-02 00:01:56,140 [INFO] HTTP Request: POST http://localhost:2026/v1/chat/completions "HTTP/1.1 200 OK"
2026-05-02 00:01:56,141 [INFO] [1039/3993] id=openseek-4-340f79e2c GT=mHVqWS ✅ (1274ch, 5.6s)
2026-05-02 00:01:58,162 [INFO] HTTP Request: POST http://localhost:2026/v1/chat/completions "HTTP/1.1 200 OK"
2026-05-02 00:01:58,164 [INFO] [1040/3993] id=openseek-4-1e639fa08 GT=hisZJgdepressesAowasMthereIins ✅ (2695ch, 32.9s)
2026-05-02 00:02:02,478 [INFO] HTTP Request: POST http://localhost:2026/v1/chat/completions "HTTP/1.1 200 OK"
2026-05-02 00:02:02,479 [INFO] [1041/3993] id=openseek-4-8074edba5 GT=crouchingMi ✅ (1369ch, 6.3s)
2026-05-02 00:02:07,067 [INFO] HTTP Request: POST http://localhost:2026/v1/chat/completions "HTTP/1.1 200 OK"
2026-05-02 00:02:07,069 [INFO] [1042/3993] id=openseek-4-4bcfa5a61 GT=VcallzhardFandjgsawqtheD ✅ (3367ch, 14.4s)
2026-05-02 00:02:12,776 [INFO] HTTP Request: POST http://localhost:2026/v1/chat/completions "HTTP/1.1 200 OK"
2026-05-02 00:02:12,777 [INFO] [1043/3993] id=openseek-4-b43d72d7f GT=Vdistributedmnumber4leavingMeF ✅ (2541ch, 10.3s)
2026-05-02 00:02:12,910 [INFO] HTTP Request: POST http://localhost:2026/v1/chat/completions "HTTP/1.1 200 OK"
2026-05-02 00:02:12,911 [INFO] [1044/3993] id=openseek-4-54c0acc76 GT=nrotWqN ✅ (1465ch, 5.8s)
2026-05-02 00:02:13,323 [INFO] HTTP Request: POST http://localhost:2026/v1/chat/completions "HTTP/1.1 200 OK"
2026-05-02 00:02:13,324 [INFO] [1045/3993] id=openseek-4-2ef351757 GT=soulsPrtossedbLwasoshort,yvsir ✅ (3617ch, 15.2s)
2026-05-02 00:02:17,290 [INFO] HTTP Request: POST http://localhost:2026/v1/chat/completions "HTTP/1.1 200 OK"
2026-05-02 00:02:17,291 [INFO] [1046/3993] id=openseek-4-72d02b8a6 GT=GtVaU ✅ (1098ch, 4.5s)
2026-05-02 00:02:20,272 [INFO] HTTP Request: POST http://localhost:2026/v1/chat/completions "HTTP/1.1 200 OK"
2026-05-02 00:02:20,274 [INFO] [1047/3993] id=openseek-4-7d019136b GT=toKunpityingJabandonedO ✅ (1791ch, 6.9s)
2026-05-02 00:02:27,804 [INFO] HTTP Request: POST http://localhost:2026/v1/chat/completions "HTTP/1.1 200 OK"
2026-05-02 00:02:27,805 [INFO] [1048/3993] id=openseek-4-484e676d2 GT=startDsamewMSdthem,uLfWw ✅ (3513ch, 14.9s)
2026-05-02 00:02:29,978 [INFO] HTTP Request: POST http://localhost:2026/v1/chat/completions "HTTP/1.1 200 OK"
2026-05-02 00:02:29,980 [INFO] [1049/3993] id=openseek-4-8f8ec95a7 GT=sthefthatHwpurpose;Dnameutheyl ✅ (2471ch, 9.7s)
2026-05-02 00:02:33,941 [INFO] HTTP Request: POST http://localhost:2026/v1/chat/completions "HTTP/1.1 200 OK"
2026-05-02 00:02:33,942 [INFO] [1050/3993] id=openseek-4-4f7470de1 GT=XherezIsthmushspokephisuBlthat ✅ (3927ch, 16.7s)
2026-05-02 00:02:38,758 [INFO] HTTP Request: POST http://localhost:2026/v1/chat/completions "HTTP/1.1 200 OK"
2026-05-02 00:02:38,759 [INFO] [1051/3993] id=openseek-4-80e9df60a GT=ititurnsqwithpC ✅ (2671ch, 11.0s)
2026-05-02 00:02:39,543 [INFO] HTTP Request: POST http://localhost:2026/v1/chat/completions "HTTP/1.1 200 OK"
2026-05-02 00:02:39,545 [INFO] [1052/3993] id=openseek-4-7000da81a GT=GuShairs,Qthenperchedh ✅ (2246ch, 9.6s)
2026-05-02 00:02:45,931 [INFO] HTTP Request: POST http://localhost:2026/v1/chat/completions "HTTP/1.1 200 OK"
2026-05-02 00:02:45,932 [INFO] [1053/3993] id=openseek-4-10527aa97 GT=andKGpirates,ywidowvKyltoX ✅ (2796ch, 12.0s)
2026-05-02 00:02:48,891 [INFO] HTTP Request: POST http://localhost:2026/v1/chat/completions "HTTP/1.1 200 OK"
2026-05-02 00:02:48,892 [INFO] [1054/3993] id=openseek-4-43f501245 GT=quiet,wQE ✅ (2713ch, 10.1s)
2026-05-02 00:02:50,592 [INFO] HTTP Request: POST http://localhost:2026/v1/chat/completions "HTTP/1.1 200 OK"
2026-05-02 00:02:50,594 [INFO] [1055/3993] id=openseek-4-d48561cf9 GT=thantthoughYshatteredxasyc ✅ (2732ch, 11.0s)
2026-05-02 00:02:53,186 [INFO] HTTP Request: POST http://localhost:2026/v1/chat/completions "HTTP/1.1 200 OK"
2026-05-02 00:02:53,187 [INFO] [1056/3993] id=openseek-4-ee88cd66b GT=hisbKS ✅ (1900ch, 7.3s)
2026-05-02 00:02:54,528 [INFO] HTTP Request: POST http://localhost:2026/v1/chat/completions "HTTP/1.1 200 OK"
2026-05-02 00:02:54,529 [INFO] [1057/3993] id=openseek-4-03f9266c1 GT=tolandxFn ✅ (1434ch, 5.6s)
2026-05-02 00:02:57,619 [INFO] HTTP Request: POST http://localhost:2026/v1/chat/completions "HTTP/1.1 200 OK"
2026-05-02 00:02:57,620 [INFO] [1058/3993] id=openseek-4-be95b7a34 GT=HINZwhichWZbutidetail;LC ✅ (1633ch, 7.0s)
2026-05-02 00:02:58,554 [INFO] HTTP Request: POST http://localhost:2026/v1/chat/completions "HTTP/1.1 200 OK"
2026-05-02 00:02:58,555 [INFO] [1059/3993] id=openseek-4-b8bafd75b GT=YiC ✅ (1031ch, 4.0s)
2026-05-02 00:03:06,770 [INFO] HTTP Request: POST http://localhost:2026/v1/chat/completions "HTTP/1.1 200 OK"
2026-05-02 00:03:06,771 [INFO] [1060/3993] id=openseek-4-bfc07cf9e GT=andYtoo,WRaczQFice-house,s ✅ (3230ch, 13.6s)
2026-05-02 00:03:08,685 [INFO] HTTP Request: POST http://localhost:2026/v1/chat/completions "HTTP/1.1 200 OK"
2026-05-02 00:03:08,687 [INFO] [1061/3993] id=openseek-4-083495f4c GT=toFItBuseJthens ✅ (2871ch, 11.1s)
2026-05-02 00:03:09,443 [INFO] HTTP Request: POST http://localhost:2026/v1/chat/completions "HTTP/1.1 200 OK"
2026-05-02 00:03:09,444 [INFO] [1062/3993] id=openseek-4-aa9c32735 GT=mightyBisIsidecc ✅ (2669ch, 10.9s)
2026-05-02 00:03:14,832 [INFO] HTTP Request: POST http://localhost:2026/v1/chat/completions "HTTP/1.1 200 OK"
2026-05-02 00:03:14,833 [INFO] [1063/3993] id=openseek-4-eae716867 GT=pBqN ✅ (1584ch, 6.1s)
2026-05-02 00:03:21,126 [INFO] HTTP Request: POST http://localhost:2026/v1/chat/completions "HTTP/1.1 200 OK"
2026-05-02 00:03:21,127 [INFO] [1064/3993] id=openseek-4-92b3a217d GT=IOntheydsomeYomore,cC ✅ (2465ch, 11.7s)
2026-05-02 00:03:23,801 [INFO] HTTP Request: POST http://localhost:2026/v1/chat/completions "HTTP/1.1 200 OK"
2026-05-02 00:03:23,802 [INFO] [1065/3993] id=openseek-4-69d44f32c GT=ZGjaw,QtheKN ✅ (2193ch, 9.0s)
2026-05-02 00:03:27,849 [INFO] HTTP Request: POST http://localhost:2026/v1/chat/completions "HTTP/1.1 200 OK"
2026-05-02 00:03:27,850 [INFO] [1066/3993] id=openseek-4-58253d955 GT=ysh ✅ (951ch, 4.0s)
2026-05-02 00:03:27,952 [INFO] HTTP Request: POST http://localhost:2026/v1/chat/completions "HTTP/1.1 200 OK"
2026-05-02 00:03:27,954 [INFO] [1067/3993] id=openseek-4-6eac0998a GT=YqB ✅ (1536ch, 6.8s)
2026-05-02 00:03:29,394 [INFO] HTTP Request: POST http://localhost:2026/v1/chat/completions "HTTP/1.1 200 OK"
2026-05-02 00:03:29,395 [WARNING]   [attempt 1 T=0.0] 答案校验失败 pred='...' expect='well n n a X In p J S voice e each M q'
2026-05-02 00:03:41,131 [INFO] HTTP Request: POST http://localhost:2026/v1/chat/completions "HTTP/1.1 200 OK"
2026-05-02 00:03:41,133 [INFO] [1068/3993] id=openseek-4-8798c2b5d GT=skeletonvwearinessDbackWEmeans ✅ (3125ch, 13.3s)
2026-05-02 00:03:41,151 [INFO] HTTP Request: POST http://localhost:2026/v1/chat/completions "HTTP/1.1 200 OK"
2026-05-02 00:03:41,153 [INFO] [1069/3993] id=openseek-4-a88a60cd2 GT=awcforckuomittedH ✅ (2746ch, 13.2s)
2026-05-02 00:03:44,740 [INFO] HTTP Request: POST http://localhost:2026/v1/chat/completions "HTTP/1.1 200 OK"
2026-05-02 00:03:44,742 [INFO] [1070/3993] id=openseek-4-56e687ed4 GT=wellnnaXInpJSvoiceeeachMq ✅ (3280ch, 38.0s)
2026-05-02 00:03:52,698 [INFO] HTTP Request: POST http://localhost:2026/v1/chat/completions "HTTP/1.1 200 OK"
2026-05-02 00:03:52,700 [INFO] [1071/3993] id=openseek-4-c15659705 GT=HJIrmankind.Kzandj ✅ (2518ch, 11.6s)
2026-05-02 00:03:54,566 [INFO] HTTP Request: POST http://localhost:2026/v1/chat/completions "HTTP/1.1 200 OK"
2026-05-02 00:03:54,567 [INFO] [1072/3993] id=openseek-4-f18a70a14 GT=cButVdoubloonhitcPiplyabsorbin ✅ (3009ch, 13.4s)
2026-05-02 00:04:00,517 [INFO] HTTP Request: POST http://localhost:2026/v1/chat/completions "HTTP/1.1 200 OK"
2026-05-02 00:04:00,519 [INFO] [1073/3993] id=openseek-4-85a0d60d4 GT=Smut!hwhenRthisnyturningfthatI ✅ (3275ch, 15.8s)
2026-05-02 00:04:03,353 [INFO] HTTP Request: POST http://localhost:2026/v1/chat/completions "HTTP/1.1 200 OK"
2026-05-02 00:04:03,354 [INFO] [1074/3993] id=openseek-4-2ef13c462 GT=CmelodiousiXrifleWsentSalmostG ✅ (2245ch, 8.8s)
2026-05-02 00:04:03,727 [INFO] HTTP Request: POST http://localhost:2026/v1/chat/completions "HTTP/1.1 200 OK"
2026-05-02 00:04:03,728 [INFO] [1075/3993] id=openseek-4-ee1686df8 GT=also,iround;aVhistB ✅ (2678ch, 11.0s)
2026-05-02 00:04:07,274 [INFO] HTTP Request: POST http://localhost:2026/v1/chat/completions "HTTP/1.1 200 OK"
2026-05-02 00:04:07,275 [INFO] [1076/3993] id=openseek-4-9baf3e83a GT=TV ✅ (961ch, 3.5s)
2026-05-02 00:04:13,085 [INFO] HTTP Request: POST http://localhost:2026/v1/chat/completions "HTTP/1.1 200 OK"
2026-05-02 00:04:13,086 [INFO] [1077/3993] id=openseek-4-1f964fecd GT=watchlnwjAnd,JbhelmsmanT ✅ (3025ch, 12.6s)
2026-05-02 00:04:13,857 [INFO] HTTP Request: POST http://localhost:2026/v1/chat/completions "HTTP/1.1 200 OK"
2026-05-02 00:04:13,859 [INFO] [1078/3993] id=openseek-4-b7b3e797f GT=asXhands;GagaincofQ ✅ (1826ch, 10.5s)
2026-05-02 00:04:18,397 [INFO] HTTP Request: POST http://localhost:2026/v1/chat/completions "HTTP/1.1 200 OK"
2026-05-02 00:04:18,398 [INFO] [1079/3993] id=openseek-4-b6daec699 GT=Htable,a ✅ (1426ch, 5.3s)
2026-05-02 00:04:20,526 [INFO] HTTP Request: POST http://localhost:2026/v1/chat/completions "HTTP/1.1 200 OK"
2026-05-02 00:04:20,527 [INFO] [1080/3993] id=openseek-4-bee5f97f4 GT=headsman;YUKrZinterchangeablyr ✅ (3391ch, 13.3s)
2026-05-02 00:04:24,938 [INFO] HTTP Request: POST http://localhost:2026/v1/chat/completions "HTTP/1.1 200 OK"
2026-05-02 00:04:24,939 [INFO] [1081/3993] id=openseek-4-3db351690 GT=up,knowkpo ✅ (1534ch, 6.5s)
2026-05-02 00:04:27,462 [INFO] HTTP Request: POST http://localhost:2026/v1/chat/completions "HTTP/1.1 200 OK"
2026-05-02 00:04:27,464 [INFO] [1082/3993] id=openseek-4-17c8adfbf GT=capsized,cVwTRibeenRit;S ✅ (3316ch, 13.6s)
2026-05-02 00:04:27,678 [INFO] HTTP Request: POST http://localhost:2026/v1/chat/completions "HTTP/1.1 200 OK"
2026-05-02 00:04:27,679 [INFO] [1083/3993] id=openseek-4-2383febbb GT=ofkfaXthevtd ✅ (1740ch, 7.2s)
2026-05-02 00:04:31,809 [INFO] HTTP Request: POST http://localhost:2026/v1/chat/completions "HTTP/1.1 200 OK"
2026-05-02 00:04:31,810 [INFO] [1084/3993] id=openseek-4-c3dd69edb GT=Uthana ✅ (1107ch, 4.3s)
2026-05-02 00:04:33,269 [INFO] HTTP Request: POST http://localhost:2026/v1/chat/completions "HTTP/1.1 200 OK"
2026-05-02 00:04:33,270 [INFO] [1085/3993] id=openseek-4-fb366d72b GT=jlifekNo:iG ✅ (2102ch, 8.3s)
2026-05-02 00:04:39,617 [INFO] HTTP Request: POST http://localhost:2026/v1/chat/completions "HTTP/1.1 200 OK"
2026-05-02 00:04:39,618 [INFO] [1086/3993] id=openseek-4-11605ceea GT=CaptainSpaint.Kt ✅ (2113ch, 7.8s)
2026-05-02 00:04:41,085 [INFO] HTTP Request: POST http://localhost:2026/v1/chat/completions "HTTP/1.1 200 OK"
2026-05-02 00:04:41,086 [INFO] [1087/3993] id=openseek-4-d7db0ebfc GT=islfeeling,sLmomentarilyvletwd ✅ (3379ch, 13.4s)
2026-05-02 00:04:44,195 [INFO] HTTP Request: POST http://localhost:2026/v1/chat/completions "HTTP/1.1 200 OK"
2026-05-02 00:04:44,196 [INFO] [1088/3993] id=openseek-4-f822a053b GT=WraftsRdwthanMbthinT ✅ (2712ch, 10.9s)
2026-05-02 00:04:46,233 [INFO] HTTP Request: POST http://localhost:2026/v1/chat/completions "HTTP/1.1 200 OK"
2026-05-02 00:04:46,235 [INFO] [1089/3993] id=openseek-4-859045ca7 GT=thatamwwhiterButJ ✅ (1713ch, 6.6s)
2026-05-02 00:04:50,491 [INFO] HTTP Request: POST http://localhost:2026/v1/chat/completions "HTTP/1.1 200 OK"
2026-05-02 00:04:50,492 [INFO] [1090/3993] id=openseek-4-1b7df38e4 GT=AQJ ✅ (1098ch, 4.3s)
2026-05-02 00:04:52,661 [INFO] HTTP Request: POST http://localhost:2026/v1/chat/completions "HTTP/1.1 200 OK"
2026-05-02 00:04:52,662 [INFO] [1091/3993] id=openseek-4-afa4bd58e GT=OpainNHowXwithiyearsatubif ✅ (2683ch, 11.6s)
2026-05-02 00:04:56,136 [INFO] HTTP Request: POST http://localhost:2026/v1/chat/completions "HTTP/1.1 200 OK"
2026-05-02 00:04:56,137 [INFO] [1092/3993] id=openseek-4-335d45495 GT=youngrboat!dIitVM ✅ (2969ch, 11.9s)
2026-05-02 00:05:05,473 [INFO] HTTP Request: POST http://localhost:2026/v1/chat/completions "HTTP/1.1 200 OK"
2026-05-02 00:05:05,474 [INFO] [1093/3993] id=openseek-4-98029f097 GT=ofIOdincantationVAStubb,hisS ✅ (3467ch, 15.0s)
2026-05-02 00:05:06,353 [INFO] HTTP Request: POST http://localhost:2026/v1/chat/completions "HTTP/1.1 200 OK"
2026-05-02 00:05:06,354 [INFO] [1094/3993] id=openseek-4-799d07ee1 GT=sympathiesRyieldHseenUYWUdisti ✅ (3387ch, 13.7s)
2026-05-02 00:05:10,765 [INFO] HTTP Request: POST http://localhost:2026/v1/chat/completions "HTTP/1.1 200 OK"
2026-05-02 00:05:10,766 [INFO] [1095/3993] id=openseek-4-74dc40f6f GT=thingsoRman.DlBStubb,kendd ✅ (3241ch, 14.6s)
2026-05-02 00:05:16,296 [INFO] HTTP Request: POST http://localhost:2026/v1/chat/completions "HTTP/1.1 200 OK"
2026-05-02 00:05:16,297 [INFO] [1096/3993] id=openseek-4-16dcb4022 GT=Whale9sIfcyouccalmSwp ✅ (1670ch, 9.9s)
2026-05-02 00:05:19,103 [INFO] HTTP Request: POST http://localhost:2026/v1/chat/completions "HTTP/1.1 200 OK"
2026-05-02 00:05:19,104 [INFO] [1097/3993] id=openseek-4-37d0fa193 GT=somepPofwMoileZnightserollsO ✅ (3256ch, 13.6s)
2026-05-02 00:05:21,127 [INFO] HTTP Request: POST http://localhost:2026/v1/chat/completions "HTTP/1.1 200 OK"
2026-05-02 00:05:21,128 [INFO] [1098/3993] id=openseek-4-4a4b60f00 GT=death.Owaves;WQwindwardB ✅ (2679ch, 10.4s)
2026-05-02 00:05:28,458 [INFO] HTTP Request: POST http://localhost:2026/v1/chat/completions "HTTP/1.1 200 OK"
2026-05-02 00:05:28,460 [INFO] [1099/3993] id=openseek-4-4343ba1f8 GT=tomJhitZT ✅ (2192ch, 9.4s)
2026-05-02 00:05:29,173 [INFO] HTTP Request: POST http://localhost:2026/v1/chat/completions "HTTP/1.1 200 OK"
2026-05-02 00:05:29,174 [INFO] [1100/3993] id=openseek-4-8ff3f21ff GT=JstrangekneverlM ✅ (2014ch, 8.0s)
2026-05-02 00:05:29,314 [INFO]   💾 已保存 (成功=1095 失败=5) | 3.8s/条均值 | ETA=182min
2026-05-02 00:05:34,011 [INFO] HTTP Request: POST http://localhost:2026/v1/chat/completions "HTTP/1.1 200 OK"
2026-05-02 00:05:34,012 [INFO] [1101/3993] id=openseek-4-db02651cc GT=fFsoft,hdXthis;aCCdH ✅ (3880ch, 17.7s)
2026-05-02 00:05:36,444 [INFO] HTTP Request: POST http://localhost:2026/v1/chat/completions "HTTP/1.1 200 OK"
2026-05-02 00:05:36,445 [INFO] [1102/3993] id=openseek-4-63a5fcb57 GT=rearssir;e ✅ (2074ch, 8.0s)
2026-05-02 00:05:45,740 [INFO] HTTP Request: POST http://localhost:2026/v1/chat/completions "HTTP/1.1 200 OK"
2026-05-02 00:05:45,741 [WARNING]   [attempt 1 T=0.0] think validate 失败 (len=4031): 'Okay, let's see. I need to concatenate this list of strings into a single line w'
2026-05-02 00:05:48,888 [INFO] HTTP Request: POST http://localhost:2026/v1/chat/completions "HTTP/1.1 200 OK"
2026-05-02 00:05:48,891 [INFO] [1103/3993] id=openseek-4-8df2e99d3 GT=XzuprisingethisZofg ✅ (3620ch, 14.9s)
2026-05-02 00:05:59,390 [INFO] HTTP Request: POST http://localhost:2026/v1/chat/completions "HTTP/1.1 200 OK"
2026-05-02 00:05:59,391 [WARNING]   [attempt 1 T=0.0] think validate 失败 (len=4974): 'Okay, let's see. I need to concatenate this list of strings into a single line w'
2026-05-02 00:06:00,833 [INFO] HTTP Request: POST http://localhost:2026/v1/chat/completions "HTTP/1.1 200 OK"
2026-05-02 00:06:00,834 [INFO] [1104/3993] id=openseek-4-b32461162 GT=qthenAasYblood-shot,gNotsfiery ✅ (3279ch, 31.7s)
2026-05-02 00:06:01,557 [INFO] HTTP Request: POST http://localhost:2026/v1/chat/completions "HTTP/1.1 200 OK"
2026-05-02 00:06:01,558 [INFO] [1105/3993] id=openseek-4-0ff200a5c GT=tdevoteVorKYmonstrousjNUinW ✅ (2850ch, 12.7s)
2026-05-02 00:06:08,194 [INFO] HTTP Request: POST http://localhost:2026/v1/chat/completions "HTTP/1.1 200 OK"
2026-05-02 00:06:08,196 [INFO] [1106/3993] id=openseek-4-e36052319 GT=convertATo ✅ (1741ch, 6.6s)
2026-05-02 00:06:17,247 [INFO] HTTP Request: POST http://localhost:2026/v1/chat/completions "HTTP/1.1 200 OK"
2026-05-02 00:06:17,249 [INFO] [1107/3993] id=openseek-4-d00598434 GT=CapeXviewqwake,rmostChthatkH ✅ (3596ch, 16.4s)
2026-05-02 00:06:19,420 [INFO] HTTP Request: POST http://localhost:2026/v1/chat/completions "HTTP/1.1 200 OK"
2026-05-02 00:06:19,421 [INFO] [1108/3993] id=openseek-4-f6ab740ec GT=aJupondoutAsmade.YbeZfcInMEadr ✅ (3268ch, 43.0s)
2026-05-02 00:06:22,021 [INFO] HTTP Request: POST http://localhost:2026/v1/chat/completions "HTTP/1.1 200 OK"
2026-05-02 00:06:22,023 [INFO] [1109/3993] id=openseek-4-34e465900 GT=UtfoverUSAndFandys ✅ (2981ch, 13.8s)
2026-05-02 00:06:32,236 [INFO] HTTP Request: POST http://localhost:2026/v1/chat/completions "HTTP/1.1 200 OK"
2026-05-02 00:06:32,237 [INFO] [1110/3993] id=openseek-4-3d4c0db37 GT=Jpoison,Cfhewithlnews;c ✅ (3074ch, 12.8s)
2026-05-02 00:06:33,232 [INFO] HTTP Request: POST http://localhost:2026/v1/chat/completions "HTTP/1.1 200 OK"
2026-05-02 00:06:33,234 [INFO] [1111/3993] id=openseek-4-8d065d008 GT=MJEightEdidol;nnowLdaremja ✅ (3820ch, 16.0s)
2026-05-02 00:06:35,075 [INFO] HTTP Request: POST http://localhost:2026/v1/chat/completions "HTTP/1.1 200 OK"
2026-05-02 00:06:35,076 [INFO] [1112/3993] id=openseek-4-0c5997f14 GT=homemudhoverboard?WsaidXgKyn ✅ (2982ch, 13.1s)
2026-05-02 00:06:36,070 [INFO] HTTP Request: POST http://localhost:2026/v1/chat/completions "HTTP/1.1 200 OK"
2026-05-02 00:06:36,071 [INFO] [1113/3993] id=openseek-4-bbdb89a97 GT=za ✅ (960ch, 3.8s)
2026-05-02 00:06:40,783 [INFO] HTTP Request: POST http://localhost:2026/v1/chat/completions "HTTP/1.1 200 OK"
2026-05-02 00:06:40,784 [INFO] [1114/3993] id=openseek-4-1bbadcdc8 GT=btheirmO ✅ (1203ch, 4.7s)
2026-05-02 00:06:44,190 [INFO] HTTP Request: POST http://localhost:2026/v1/chat/completions "HTTP/1.1 200 OK"
2026-05-02 00:06:44,192 [INFO] [1115/3993] id=openseek-4-72fa3e866 GT=overtthere!FPact;U ✅ (2808ch, 11.0s)
2026-05-02 00:06:49,470 [INFO] HTTP Request: POST http://localhost:2026/v1/chat/completions "HTTP/1.1 200 OK"
2026-05-02 00:06:49,472 [INFO] [1116/3993] id=openseek-4-73bd65e03 GT=passionatelyhwthem,atheirZTher ✅ (3733ch, 14.4s)
2026-05-02 00:06:56,492 [INFO] HTTP Request: POST http://localhost:2026/v1/chat/completions "HTTP/1.1 200 OK"
2026-05-02 00:06:56,494 [INFO] [1117/3993] id=openseek-4-7e96b878f GT=takendDaspu ✅ (1728ch, 7.0s)
2026-05-02 00:06:57,890 [INFO] HTTP Request: POST http://localhost:2026/v1/chat/completions "HTTP/1.1 200 OK"
2026-05-02 00:06:57,892 [INFO] [1118/3993] id=openseek-4-915e55dd7 GT=Loose-Fishiqshoots,xfPnear.xth ✅ (3388ch, 13.7s)
2026-05-02 00:06:58,588 [INFO] HTTP Request: POST http://localhost:2026/v1/chat/completions "HTTP/1.1 200 OK"
2026-05-02 00:06:58,589 [INFO] [1119/3993] id=openseek-4-0e1077859 GT=inpsnow-storm4clandlord,bbyith ✅ (3998ch, 17.8s)
2026-05-02 00:07:08,183 [INFO] HTTP Request: POST http://localhost:2026/v1/chat/completions "HTTP/1.1 200 OK"
2026-05-02 00:07:08,185 [INFO] [1120/3993] id=openseek-4-08df5ad6b GT=ttheirs.vS ✅ (2491ch, 10.3s)
2026-05-02 00:07:09,250 [INFO] HTTP Request: POST http://localhost:2026/v1/chat/completions "HTTP/1.1 200 OK"
2026-05-02 00:07:09,252 [INFO] [1121/3993] id=openseek-4-f57c851e2 GT=lDRofiwmyGcaptain9sShemNwhale9 ✅ (2638ch, 12.8s)
2026-05-02 00:07:10,861 [INFO] HTTP Request: POST http://localhost:2026/v1/chat/completions "HTTP/1.1 200 OK"
2026-05-02 00:07:10,863 [INFO] [1122/3993] id=openseek-4-36eaeda99 GT=vOtheJbrain,UbeenQuM ✅ (2741ch, 12.3s)
2026-05-02 00:07:15,770 [INFO] HTTP Request: POST http://localhost:2026/v1/chat/completions "HTTP/1.1 200 OK"
2026-05-02 00:07:15,772 [INFO] [1123/3993] id=openseek-4-24bb462b5 GT=VMonadnockAjewellers9g ✅ (1706ch, 6.5s)
2026-05-02 00:07:22,641 [INFO] HTTP Request: POST http://localhost:2026/v1/chat/completions "HTTP/1.1 200 OK"
2026-05-02 00:07:22,642 [INFO] [1124/3993] id=openseek-4-9ba47df85 GT=beamscgavekeverZleadsFbehind,Z ✅ (2912ch, 11.8s)
2026-05-02 00:07:25,849 [INFO] HTTP Request: POST http://localhost:2026/v1/chat/completions "HTTP/1.1 200 OK"
2026-05-02 00:07:25,850 [WARNING]   [attempt 1 T=0.0] think validate 失败 (len=4354): 'Okay, let's see. I need to concatenate this list of strings into a single line w'
2026-05-02 00:07:27,753 [INFO] HTTP Request: POST http://localhost:2026/v1/chat/completions "HTTP/1.1 200 OK"
2026-05-02 00:07:27,754 [INFO] [1125/3993] id=openseek-4-caa4eca6b GT=esAsJisiI,EinatotZ ✅ (2604ch, 12.0s)
2026-05-02 00:07:30,990 [INFO] HTTP Request: POST http://localhost:2026/v1/chat/completions "HTTP/1.1 200 OK"
2026-05-02 00:07:30,991 [INFO] [1126/3993] id=openseek-4-e8b87f6b2 GT=yagain.xagainstz ✅ (2040ch, 8.3s)
2026-05-02 00:07:34,539 [INFO] HTTP Request: POST http://localhost:2026/v1/chat/completions "HTTP/1.1 200 OK"
2026-05-02 00:07:34,541 [INFO] [1127/3993] id=openseek-4-a80436485 GT=isenight;WRb ✅ (2139ch, 26.4s)
2026-05-02 00:07:39,814 [INFO] HTTP Request: POST http://localhost:2026/v1/chat/completions "HTTP/1.1 200 OK"
2026-05-02 00:07:39,816 [INFO] [1128/3993] id=openseek-4-1ef74574f GT=useaL ✅ (772ch, 5.3s)
2026-05-02 00:07:41,666 [INFO] HTTP Request: POST http://localhost:2026/v1/chat/completions "HTTP/1.1 200 OK"
2026-05-02 00:07:41,667 [INFO] [1129/3993] id=openseek-4-5aebc3226 GT=withdEcreaturergoverheardxFD ✅ (2529ch, 10.7s)
2026-05-02 00:07:43,536 [INFO] HTTP Request: POST http://localhost:2026/v1/chat/completions "HTTP/1.1 200 OK"
2026-05-02 00:07:43,538 [INFO] [1130/3993] id=openseek-4-68cf0e5ea GT=manRonNtjetaafterBewKsurgeon,S ✅ (3785ch, 15.8s)
2026-05-02 00:07:47,006 [INFO] HTTP Request: POST http://localhost:2026/v1/chat/completions "HTTP/1.1 200 OK"
2026-05-02 00:07:47,008 [INFO] [1131/3993] id=openseek-4-8e14ae605 GT=inTaoceanS ✅ (1836ch, 7.2s)
2026-05-02 00:07:47,594 [INFO] HTTP Request: POST http://localhost:2026/v1/chat/completions "HTTP/1.1 200 OK"
2026-05-02 00:07:47,596 [INFO] [1132/3993] id=openseek-4-21d0cecb2 GT=zL ✅ (1097ch, 4.1s)
2026-05-02 00:07:49,193 [INFO] HTTP Request: POST http://localhost:2026/v1/chat/completions "HTTP/1.1 200 OK"
2026-05-02 00:07:49,195 [INFO] [1133/3993] id=openseek-4-a6f726692 GT=Iboilingyin ✅ (1912ch, 7.5s)
2026-05-02 00:07:51,039 [INFO] HTTP Request: POST http://localhost:2026/v1/chat/completions "HTTP/1.1 200 OK"
2026-05-02 00:07:51,040 [INFO] [1134/3993] id=openseek-4-09b7473a5 GT=mN ✅ (1075ch, 4.0s)
2026-05-02 00:07:55,981 [INFO] HTTP Request: POST http://localhost:2026/v1/chat/completions "HTTP/1.1 200 OK"
2026-05-02 00:07:55,982 [INFO] [1135/3993] id=openseek-4-7fbc323a0 GT=Zpreviousr ✅ (1194ch, 4.9s)
2026-05-02 00:07:56,820 [INFO] HTTP Request: POST http://localhost:2026/v1/chat/completions "HTTP/1.1 200 OK"
2026-05-02 00:07:56,822 [INFO] [1136/3993] id=openseek-4-72e1cc83c GT=lostrhgnothingo ✅ (1926ch, 7.6s)
2026-05-02 00:08:05,051 [INFO] HTTP Request: POST http://localhost:2026/v1/chat/completions "HTTP/1.1 200 OK"
2026-05-02 00:08:05,051 [WARNING]   [attempt 1 T=0.0] think validate 失败 (len=4259): 'Okay, let's see. I need to concatenate this list of strings into a single line w'
2026-05-02 00:08:05,725 [INFO] HTTP Request: POST http://localhost:2026/v1/chat/completions "HTTP/1.1 200 OK"
2026-05-02 00:08:05,726 [INFO] [1137/3993] id=openseek-4-91d007af5 GT=zaJpreparedjwearingZ ✅ (2279ch, 8.9s)
2026-05-02 00:08:13,544 [INFO] HTTP Request: POST http://localhost:2026/v1/chat/completions "HTTP/1.1 200 OK"
2026-05-02 00:08:13,545 [WARNING]   [attempt 1 T=0.0] think validate 失败 (len=4296): 'Okay, let's see. I need to concatenate this list of strings into a single line w'
2026-05-02 00:08:15,663 [INFO] HTTP Request: POST http://localhost:2026/v1/chat/completions "HTTP/1.1 200 OK"
2026-05-02 00:08:15,665 [INFO] [1138/3993] id=openseek-4-3915e357f GT=anyXPAsIhow?4butU ✅ (2244ch, 9.9s)
2026-05-02 00:08:19,128 [INFO] HTTP Request: POST http://localhost:2026/v1/chat/completions "HTTP/1.1 200 OK"
2026-05-02 00:08:19,129 [INFO] [1139/3993] id=openseek-4-0a6b2d490 GT=OfiresRlong,LnYjandyoZ ✅ (3171ch, 31.5s)
2026-05-02 00:08:29,101 [INFO] HTTP Request: POST http://localhost:2026/v1/chat/completions "HTTP/1.1 200 OK"
2026-05-02 00:08:29,102 [INFO] [1140/3993] id=openseek-4-02a9031a3 GT=story.ushort-warpJsandHsmokedL ✅ (2474ch, 10.0s)
2026-05-02 00:08:31,099 [INFO] HTTP Request: POST http://localhost:2026/v1/chat/completions "HTTP/1.1 200 OK"
2026-05-02 00:08:31,099 [WARNING]   [attempt 2 T=0.3] think validate 失败 (len=4048): 'Okay, let's see. I need to concatenate this list of strings into a single line w'
2026-05-02 00:08:31,873 [INFO] HTTP Request: POST http://localhost:2026/v1/chat/completions "HTTP/1.1 200 OK"
2026-05-02 00:08:31,874 [INFO] [1141/3993] id=openseek-4-cb4ae003f GT=sySDfirstEiyarekZofO ✅ (3519ch, 16.2s)
2026-05-02 00:08:37,007 [INFO] HTTP Request: POST http://localhost:2026/v1/chat/completions "HTTP/1.1 200 OK"
2026-05-02 00:08:37,009 [INFO] [1142/3993] id=openseek-4-e1f74b225 GT=boqcitsy ✅ (1706ch, 7.9s)
2026-05-02 00:08:39,974 [INFO] HTTP Request: POST http://localhost:2026/v1/chat/completions "HTTP/1.1 200 OK"
2026-05-02 00:08:39,975 [INFO] [1143/3993] id=openseek-4-2b04f49eb GT=oMaccidentsM ✅ (2020ch, 8.1s)
2026-05-02 00:08:51,534 [INFO] HTTP Request: POST http://localhost:2026/v1/chat/completions "HTTP/1.1 200 OK"
2026-05-02 00:08:51,534 [WARNING]   [attempt 3 T=0.6] think validate 失败 (len=4516): 'Okay, let's tackle this problem. So, I need to concatenate a list of strings int'
2026-05-02 00:08:51,535 [WARNING] [1144/3993] id=openseek-4-98c863e91 GT=bwhichM(thoughrrincludingqandg ❌ (55.6s)
2026-05-02 00:08:52,191 [INFO] HTTP Request: POST http://localhost:2026/v1/chat/completions "HTTP/1.1 200 OK"
2026-05-02 00:08:52,192 [INFO] [1145/3993] id=openseek-4-86d89d87a GT=aboutNlzofxoftyelloweVKY ✅ (3622ch, 15.2s)
2026-05-02 00:08:54,826 [INFO] HTTP Request: POST http://localhost:2026/v1/chat/completions "HTTP/1.1 200 OK"
2026-05-02 00:08:54,828 [INFO] [1146/3993] id=openseek-4-f49d320d3 GT=crosses.cwelcome,baboutYdenize ✅ (3554ch, 14.9s)
2026-05-02 00:08:56,618 [INFO] HTTP Request: POST http://localhost:2026/v1/chat/completions "HTTP/1.1 200 OK"
2026-05-02 00:08:56,619 [INFO] [1147/3993] id=openseek-4-691074a88 GT=zfirsty ✅ (1226ch, 5.1s)
2026-05-02 00:08:57,561 [INFO] HTTP Request: POST http://localhost:2026/v1/chat/completions "HTTP/1.1 200 OK"
2026-05-02 00:08:57,563 [INFO] [1148/3993] id=openseek-4-209c5dca4 GT=livedtheP ✅ (1363ch, 5.4s)
2026-05-02 00:09:07,189 [INFO] HTTP Request: POST http://localhost:2026/v1/chat/completions "HTTP/1.1 200 OK"
2026-05-02 00:09:07,191 [INFO] [1149/3993] id=openseek-4-ce98d62ca GT=BSSandvflukes.Ydo,Aj ✅ (2274ch, 9.6s)
2026-05-02 00:09:07,375 [INFO] HTTP Request: POST http://localhost:2026/v1/chat/completions "HTTP/1.1 200 OK"
2026-05-02 00:09:07,377 [INFO] [1150/3993] id=openseek-4-9931bbde4 GT=rot;HRMThePgNborderaJWandx ✅ (2440ch, 10.8s)
2026-05-02 00:09:10,832 [INFO] HTTP Request: POST http://localhost:2026/v1/chat/completions "HTTP/1.1 200 OK"
2026-05-02 00:09:10,834 [INFO] [1151/3993] id=openseek-4-1a0cfa205 GT=theeWthisKeboat,Ksunlight,dhim ✅ (3554ch, 16.0s)
2026-05-02 00:09:13,122 [INFO] HTTP Request: POST http://localhost:2026/v1/chat/completions "HTTP/1.1 200 OK"
2026-05-02 00:09:13,123 [INFO] [1152/3993] id=openseek-4-1c8c33c22 GT=KI,VP ✅ (1106ch, 5.7s)
2026-05-02 00:09:18,221 [INFO] HTTP Request: POST http://localhost:2026/v1/chat/completions "HTTP/1.1 200 OK"
2026-05-02 00:09:18,223 [INFO] [1153/3993] id=openseek-4-ee160b8b1 GT=separated,bcMweXM ✅ (1733ch, 7.4s)
2026-05-02 00:09:21,224 [INFO] HTTP Request: POST http://localhost:2026/v1/chat/completions "HTTP/1.1 200 OK"
2026-05-02 00:09:21,226 [INFO] [1154/3993] id=openseek-4-535662217 GT=minZitnBtoygloom,FheadNwaxy,Y ✅ (3230ch, 14.0s)
2026-05-02 00:09:22,534 [INFO] HTTP Request: POST http://localhost:2026/v1/chat/completions "HTTP/1.1 200 OK"
2026-05-02 00:09:22,536 [INFO] [1155/3993] id=openseek-4-02354a19d GT=DchardyXair,gf ✅ (2224ch, 9.4s)
2026-05-02 00:09:34,514 [INFO] HTTP Request: POST http://localhost:2026/v1/chat/completions "HTTP/1.1 200 OK"
2026-05-02 00:09:34,515 [INFO] [1156/3993] id=openseek-4-1f97a49de GT=ZvIVsojJrehearsing4singing,GQy ✅ (3854ch, 16.3s)
2026-05-02 00:09:35,251 [INFO] HTTP Request: POST http://localhost:2026/v1/chat/completions "HTTP/1.1 200 OK"
2026-05-02 00:09:35,253 [INFO] [1157/3993] id=openseek-4-c8fd77ca2 GT=hisgtemporarilyKIhasEvswhale,R ✅ (3533ch, 14.0s)
2026-05-02 00:09:36,759 [INFO] HTTP Request: POST http://localhost:2026/v1/chat/completions "HTTP/1.1 200 OK"
2026-05-02 00:09:36,761 [INFO] [1158/3993] id=openseek-4-11a637f0f GT=KlikeRtoxbreakMship,Lneedlesei ✅ (3362ch, 14.2s)
2026-05-02 00:09:45,787 [INFO] HTTP Request: POST http://localhost:2026/v1/chat/completions "HTTP/1.1 200 OK"
2026-05-02 00:09:45,788 [INFO] [1159/3993] id=openseek-4-dcb64a197 GT=wtheFQueequeg9soGEwWi ✅ (2583ch, 11.3s)
2026-05-02 00:09:46,781 [INFO] HTTP Request: POST http://localhost:2026/v1/chat/completions "HTTP/1.1 200 OK"
2026-05-02 00:09:46,783 [INFO] [1160/3993] id=openseek-4-b2f47ec72 GT=groanedDindifferenceBcurrentsx ✅ (2718ch, 10.0s)
2026-05-02 00:09:48,799 [INFO] HTTP Request: POST http://localhost:2026/v1/chat/completions "HTTP/1.1 200 OK"
2026-05-02 00:09:48,800 [INFO] [1161/3993] id=openseek-4-c5c099150 GT=andYrigging48forsaflight,ciXSp ✅ (3013ch, 13.5s)
2026-05-02 00:09:50,367 [INFO] HTTP Request: POST http://localhost:2026/v1/chat/completions "HTTP/1.1 200 OK"
2026-05-02 00:09:50,369 [INFO] [1162/3993] id=openseek-4-d12361e6e GT=LfromcQ ✅ (1148ch, 4.6s)
2026-05-02 00:09:55,687 [INFO] HTTP Request: POST http://localhost:2026/v1/chat/completions "HTTP/1.1 200 OK"
2026-05-02 00:09:55,689 [INFO] [1163/3993] id=openseek-4-3f4598383 GT=Lofkug ✅ (1106ch, 5.3s)
2026-05-02 00:09:56,059 [INFO] HTTP Request: POST http://localhost:2026/v1/chat/completions "HTTP/1.1 200 OK"
2026-05-02 00:09:56,061 [INFO] [1164/3993] id=openseek-4-c21b250df GT=absince4asGvoiceeinQ ✅ (2406ch, 9.3s)
2026-05-02 00:09:58,772 [INFO] HTTP Request: POST http://localhost:2026/v1/chat/completions "HTTP/1.1 200 OK"
2026-05-02 00:09:58,774 [INFO] [1165/3993] id=openseek-4-39c7e66d6 GT=WpgildedratPuifEO ✅ (1949ch, 10.0s)
2026-05-02 00:10:00,105 [INFO] HTTP Request: POST http://localhost:2026/v1/chat/completions "HTTP/1.1 200 OK"
2026-05-02 00:10:00,107 [INFO] [1166/3993] id=openseek-4-43f815ee4 GT=Aweref ✅ (1081ch, 4.4s)
2026-05-02 00:10:09,402 [INFO] HTTP Request: POST http://localhost:2026/v1/chat/completions "HTTP/1.1 200 OK"
2026-05-02 00:10:09,404 [INFO] [1167/3993] id=openseek-4-ea7c3ff37 GT=oflchannelsofield,Xsuccessionw ✅ (3154ch, 13.3s)
2026-05-02 00:10:09,702 [INFO] HTTP Request: POST http://localhost:2026/v1/chat/completions "HTTP/1.1 200 OK"
2026-05-02 00:10:09,704 [INFO] [1168/3993] id=openseek-4-52c6c0c28 GT=mustwFunneeded.seyeV ✅ (2825ch, 10.9s)
2026-05-02 00:10:09,867 [INFO] HTTP Request: POST http://localhost:2026/v1/chat/completions "HTTP/1.1 200 OK"
2026-05-02 00:10:09,868 [INFO] [1169/3993] id=openseek-4-e18764b6e GT=whereverKumyIJdelivery ✅ (2232ch, 9.8s)
2026-05-02 00:10:14,471 [INFO] HTTP Request: POST http://localhost:2026/v1/chat/completions "HTTP/1.1 200 OK"
2026-05-02 00:10:14,472 [INFO] [1170/3993] id=openseek-4-59f0a7dd1 GT=UyhisE ✅ (1123ch, 4.8s)
2026-05-02 00:10:17,070 [INFO] HTTP Request: POST http://localhost:2026/v1/chat/completions "HTTP/1.1 200 OK"
2026-05-02 00:10:17,073 [INFO] [1171/3993] id=openseek-4-8c1386335 GT=agerbeGhenqofu ✅ (1612ch, 7.2s)
2026-05-02 00:10:21,440 [INFO] HTTP Request: POST http://localhost:2026/v1/chat/completions "HTTP/1.1 200 OK"
2026-05-02 00:10:21,442 [INFO] [1172/3993] id=openseek-4-4b51c4064 GT=inuBqINPofBPequod9st ✅ (2553ch, 12.0s)
2026-05-02 00:10:23,289 [INFO] HTTP Request: POST http://localhost:2026/v1/chat/completions "HTTP/1.1 200 OK"
2026-05-02 00:10:23,291 [INFO] [1173/3993] id=openseek-4-0bfa21a87 GT=andTkretainsfH ✅ (1187ch, 6.2s)
2026-05-02 00:10:25,709 [INFO] HTTP Request: POST http://localhost:2026/v1/chat/completions "HTTP/1.1 200 OK"
2026-05-02 00:10:25,711 [INFO] [1174/3993] id=openseek-4-5f3eab265 GT=me;JH ✅ (1046ch, 4.3s)
2026-05-02 00:10:28,067 [INFO] HTTP Request: POST http://localhost:2026/v1/chat/completions "HTTP/1.1 200 OK"
2026-05-02 00:10:28,069 [INFO] [1175/3993] id=openseek-4-3c287c96f GT=rsomeYleavinguhSgrowingFitb ✅ (3313ch, 13.6s)
2026-05-02 00:10:33,250 [INFO] HTTP Request: POST http://localhost:2026/v1/chat/completions "HTTP/1.1 200 OK"
2026-05-02 00:10:33,251 [INFO] [1176/3993] id=openseek-4-5e0c656b6 GT=loftylhlikewiseJ ✅ (1969ch, 7.5s)
2026-05-02 00:10:33,545 [INFO] HTTP Request: POST http://localhost:2026/v1/chat/completions "HTTP/1.1 200 OK"
2026-05-02 00:10:33,547 [INFO] [1177/3993] id=openseek-4-b16c17f40 GT=valljgthed ✅ (1179ch, 5.5s)
2026-05-02 00:10:36,021 [INFO] HTTP Request: POST http://localhost:2026/v1/chat/completions "HTTP/1.1 200 OK"
2026-05-02 00:10:36,022 [INFO] [1178/3993] id=openseek-4-550b2b2ec GT=tfor,UULKNwife9sV ✅ (2902ch, 12.7s)
2026-05-02 00:10:44,124 [INFO] HTTP Request: POST http://localhost:2026/v1/chat/completions "HTTP/1.1 200 OK"
2026-05-02 00:10:44,126 [INFO] [1179/3993] id=openseek-4-8af1c430e GT=toxRfurthergit,A ✅ (1969ch, 8.1s)
2026-05-02 00:10:45,711 [INFO] HTTP Request: POST http://localhost:2026/v1/chat/completions "HTTP/1.1 200 OK"
2026-05-02 00:10:45,712 [INFO] [1180/3993] id=openseek-4-329224e18 GT=wandQcase,vmamnotsBiF ✅ (2774ch, 12.5s)
2026-05-02 00:10:48,703 [INFO] HTTP Request: POST http://localhost:2026/v1/chat/completions "HTTP/1.1 200 OK"
2026-05-02 00:10:48,704 [INFO] [1181/3993] id=openseek-4-530be5524 GT=HbwhereaHoldAmNthatzrepeatedo ✅ (3274ch, 15.2s)
2026-05-02 00:10:57,540 [INFO] HTTP Request: POST http://localhost:2026/v1/chat/completions "HTTP/1.1 200 OK"
2026-05-02 00:10:57,542 [INFO] [1182/3993] id=openseek-4-14dd35e87 GT=xofvtherebU ✅ (2527ch, 11.8s)
2026-05-02 00:11:02,023 [INFO] HTTP Request: POST http://localhost:2026/v1/chat/completions "HTTP/1.1 200 OK"
2026-05-02 00:11:02,024 [INFO] [1183/3993] id=openseek-4-85fdaaca6 GT=thateOJuperformingqdrewCdefini ✅ (3324ch, 13.3s)
2026-05-02 00:11:03,065 [INFO] HTTP Request: POST http://localhost:2026/v1/chat/completions "HTTP/1.1 200 OK"
2026-05-02 00:11:03,066 [INFO] [1184/3993] id=openseek-4-fa58f10bc GT=pofethatwcgforvXroarRRL ✅ (3929ch, 18.9s)
2026-05-02 00:11:07,019 [INFO] HTTP Request: POST http://localhost:2026/v1/chat/completions "HTTP/1.1 200 OK"
2026-05-02 00:11:07,020 [INFO] [1185/3993] id=openseek-4-b74adfe56 GT=KitskthinkalittleQFf ✅ (1953ch, 9.5s)
2026-05-02 00:11:11,744 [INFO] HTTP Request: POST http://localhost:2026/v1/chat/completions "HTTP/1.1 200 OK"
2026-05-02 00:11:11,746 [INFO] [1186/3993] id=openseek-4-110f6c733 GT=thelAzwoundedtwatchCF ✅ (1905ch, 8.7s)
2026-05-02 00:11:12,045 [INFO] HTTP Request: POST http://localhost:2026/v1/chat/completions "HTTP/1.1 200 OK"
2026-05-02 00:11:12,047 [INFO] [1187/3993] id=openseek-4-00ecdf147 GT=thevD ✅ (1093ch, 5.0s)
2026-05-02 00:11:13,887 [INFO] HTTP Request: POST http://localhost:2026/v1/chat/completions "HTTP/1.1 200 OK"
2026-05-02 00:11:13,888 [INFO] [1188/3993] id=openseek-4-cc687f2eb GT=fourFewayDyardsG ✅ (2837ch, 11.9s)
2026-05-02 00:11:21,399 [INFO] HTTP Request: POST http://localhost:2026/v1/chat/completions "HTTP/1.1 200 OK"
2026-05-02 00:11:21,400 [INFO] [1189/3993] id=openseek-4-d517aa497 GT=EcKwasCagainsts ✅ (2246ch, 9.4s)
2026-05-02 00:11:21,530 [INFO] HTTP Request: POST http://localhost:2026/v1/chat/completions "HTTP/1.1 200 OK"
2026-05-02 00:11:21,531 [INFO] [1190/3993] id=openseek-4-4e9d5cefb GT=jYp ✅ (1922ch, 7.6s)
2026-05-02 00:11:23,085 [INFO] HTTP Request: POST http://localhost:2026/v1/chat/completions "HTTP/1.1 200 OK"
2026-05-02 00:11:23,087 [INFO] [1191/3993] id=openseek-4-d9070b9e4 GT=BjthemitCconductsr ✅ (2656ch, 11.3s)
2026-05-02 00:11:30,001 [INFO] HTTP Request: POST http://localhost:2026/v1/chat/completions "HTTP/1.1 200 OK"
2026-05-02 00:11:30,003 [INFO] [1192/3993] id=openseek-4-f2071f384 GT=GTheJwoneJ ✅ (2030ch, 8.6s)
2026-05-02 00:11:35,774 [INFO] HTTP Request: POST http://localhost:2026/v1/chat/completions "HTTP/1.1 200 OK"
2026-05-02 00:11:35,775 [INFO] [1193/3993] id=openseek-4-cf7d17150 GT=QsoydrowningEksolveddoffXporpo ✅ (3325ch, 14.2s)
2026-05-02 00:11:36,996 [INFO] HTTP Request: POST http://localhost:2026/v1/chat/completions "HTTP/1.1 200 OK"
2026-05-02 00:11:36,997 [INFO] [1194/3993] id=openseek-4-d19d07f7a GT=zvandoWsocketsIGKsoul,LhathTwh ✅ (3090ch, 13.9s)
2026-05-02 00:11:40,197 [INFO] HTTP Request: POST http://localhost:2026/v1/chat/completions "HTTP/1.1 200 OK"
2026-05-02 00:11:40,198 [INFO] [1195/3993] id=openseek-4-871d83d56 GT=pUb ✅ (1087ch, 4.4s)
2026-05-02 00:11:40,659 [INFO] HTTP Request: POST http://localhost:2026/v1/chat/completions "HTTP/1.1 200 OK"
2026-05-02 00:11:40,661 [INFO] [1196/3993] id=openseek-4-202d64b62 GT=vzordersgheFfw ✅ (2662ch, 10.7s)
2026-05-02 00:11:45,241 [INFO] HTTP Request: POST http://localhost:2026/v1/chat/completions "HTTP/1.1 200 OK"
2026-05-02 00:11:45,242 [INFO] [1197/3993] id=openseek-4-6ece7e85d GT=nspermCkWhale,yN ✅ (2005ch, 8.2s)
2026-05-02 00:11:47,084 [INFO] HTTP Request: POST http://localhost:2026/v1/chat/completions "HTTP/1.1 200 OK"
2026-05-02 00:11:47,086 [INFO] [1198/3993] id=openseek-4-fadcd86fc GT=moment4IRGs ✅ (1633ch, 6.4s)
2026-05-02 00:11:49,824 [INFO] HTTP Request: POST http://localhost:2026/v1/chat/completions "HTTP/1.1 200 OK"
2026-05-02 00:11:49,826 [INFO] [1199/3993] id=openseek-4-36f3ee46c GT=yiCasfnthoughvhisSmonde ✅ (2114ch, 9.6s)
2026-05-02 00:11:51,126 [INFO] HTTP Request: POST http://localhost:2026/v1/chat/completions "HTTP/1.1 200 OK"
2026-05-02 00:11:51,127 [INFO] [1200/3993] id=openseek-4-8b146d39f GT=thedtoZarray,s ✅ (1140ch, 5.9s)
2026-05-02 00:11:51,285 [INFO]   💾 已保存 (成功=1194 失败=6) | 3.8s/条均值 | ETA=176min
2026-05-02 00:11:57,405 [INFO] HTTP Request: POST http://localhost:2026/v1/chat/completions "HTTP/1.1 200 OK"
2026-05-02 00:11:57,406 [INFO] [1201/3993] id=openseek-4-608cb5acf GT=zMbroad,c ✅ (1312ch, 6.3s)
2026-05-02 00:12:01,008 [INFO] HTTP Request: POST http://localhost:2026/v1/chat/completions "HTTP/1.1 200 OK"
2026-05-02 00:12:01,010 [INFO] [1202/3993] id=openseek-4-5372d196b GT=thewtruly!wcrew,rHissJtheBv ✅ (3397ch, 13.9s)
2026-05-02 00:12:03,146 [INFO] HTTP Request: POST http://localhost:2026/v1/chat/completions "HTTP/1.1 200 OK"
2026-05-02 00:12:03,147 [INFO] [1203/3993] id=openseek-4-e91a97e2b GT=DatiFweretpregnantgbase,xCarmk ✅ (3145ch, 13.3s)
2026-05-02 00:12:06,276 [INFO] HTTP Request: POST http://localhost:2026/v1/chat/completions "HTTP/1.1 200 OK"
2026-05-02 00:12:06,277 [INFO] [1204/3993] id=openseek-4-1d399777f GT=theVofE ✅ (1323ch, 5.3s)
2026-05-02 00:12:08,196 [INFO] HTTP Request: POST http://localhost:2026/v1/chat/completions "HTTP/1.1 200 OK"
2026-05-02 00:12:08,198 [INFO] [1205/3993] id=openseek-4-bca1e71ac GT=mtwonwtoyzNItU ✅ (2212ch, 10.8s)
2026-05-02 00:12:09,472 [INFO] HTTP Request: POST http://localhost:2026/v1/chat/completions "HTTP/1.1 200 OK"
2026-05-02 00:12:09,473 [INFO] [1206/3993] id=openseek-4-ddc5e666f GT=vygforgotten.i ✅ (1617ch, 6.3s)
2026-05-02 00:12:13,413 [INFO] HTTP Request: POST http://localhost:2026/v1/chat/completions "HTTP/1.1 200 OK"
2026-05-02 00:12:13,415 [INFO] [1207/3993] id=openseek-4-22c22cdf5 GT=wWbidding.JM ✅ (1799ch, 7.1s)
2026-05-02 00:12:19,847 [INFO] HTTP Request: POST http://localhost:2026/v1/chat/completions "HTTP/1.1 200 OK"
2026-05-02 00:12:19,849 [INFO] [1208/3993] id=openseek-4-85f058970 GT=wholeVFmep ✅ (1641ch, 6.4s)
2026-05-02 00:12:20,635 [INFO] HTTP Request: POST http://localhost:2026/v1/chat/completions "HTTP/1.1 200 OK"
2026-05-02 00:12:20,636 [INFO] [1209/3993] id=openseek-4-f7e9e35d7 GT=artist.lsheSsmell,EyIWtwebislb ✅ (2788ch, 12.4s)
2026-05-02 00:12:22,384 [INFO] HTTP Request: POST http://localhost:2026/v1/chat/completions "HTTP/1.1 200 OK"
2026-05-02 00:12:22,385 [INFO] [1210/3993] id=openseek-4-e442b0a5a GT=GkRBKmyet,nV ✅ (2935ch, 12.9s)
2026-05-02 00:12:32,106 [INFO] HTTP Request: POST http://localhost:2026/v1/chat/completions "HTTP/1.1 200 OK"
2026-05-02 00:12:32,108 [INFO] [1211/3993] id=openseek-4-da2e1439c GT=cHpassingAsecretTflow,Gkiti ✅ (2862ch, 12.3s)
2026-05-02 00:12:36,341 [INFO] HTTP Request: POST http://localhost:2026/v1/chat/completions "HTTP/1.1 200 OK"
2026-05-02 00:12:36,343 [INFO] [1212/3993] id=openseek-4-f76a50ff4 GT=likesayouAmtheOdperil,YrfouryF ✅ (3323ch, 14.0s)
2026-05-02 00:12:36,781 [INFO] HTTP Request: POST http://localhost:2026/v1/chat/completions "HTTP/1.1 200 OK"
2026-05-02 00:12:36,782 [INFO] [1213/3993] id=openseek-4-114779623 GT=ZbeZqXofgJdrab-colouredqo ✅ (3630ch, 16.1s)
2026-05-02 00:12:45,617 [INFO] HTTP Request: POST http://localhost:2026/v1/chat/completions "HTTP/1.1 200 OK"
2026-05-02 00:12:45,619 [INFO] [1214/3993] id=openseek-4-9ce1d6895 GT=Iuboys,dJNperformD ✅ (2270ch, 8.8s)
2026-05-02 00:12:45,916 [INFO] HTTP Request: POST http://localhost:2026/v1/chat/completions "HTTP/1.1 200 OK"
2026-05-02 00:12:45,918 [INFO] [1215/3993] id=openseek-4-1ce35c300 GT=May,Enotyywindlass,YAmywe ✅ (2981ch, 13.8s)
2026-05-02 00:12:48,171 [INFO] HTTP Request: POST http://localhost:2026/v1/chat/completions "HTTP/1.1 200 OK"
2026-05-02 00:12:48,172 [INFO] [1216/3993] id=openseek-4-35d495c15 GT=dsomehOsummoningeIKStubb,Beatl ✅ (2664ch, 11.8s)
2026-05-02 00:12:52,485 [INFO] HTTP Request: POST http://localhost:2026/v1/chat/completions "HTTP/1.1 200 OK"
2026-05-02 00:12:52,487 [INFO] [1217/3993] id=openseek-4-3a7c2ba91 GT=myselfmUy ✅ (1635ch, 6.6s)
2026-05-02 00:12:55,828 [INFO] HTTP Request: POST http://localhost:2026/v1/chat/completions "HTTP/1.1 200 OK"
2026-05-02 00:12:55,830 [INFO] [1218/3993] id=openseek-4-589bc9955 GT=myuomostD ✅ (1931ch, 7.7s)
2026-05-02 00:12:59,713 [INFO] HTTP Request: POST http://localhost:2026/v1/chat/completions "HTTP/1.1 200 OK"
2026-05-02 00:12:59,714 [INFO] [1219/3993] id=openseek-4-53c8261e4 GT=togfliesjUofKanxiousGvzwZ ✅ (3251ch, 14.1s)
2026-05-02 00:13:02,753 [INFO] HTTP Request: POST http://localhost:2026/v1/chat/completions "HTTP/1.1 200 OK"
2026-05-02 00:13:02,754 [INFO] [1220/3993] id=openseek-4-e2dc4915e GT=hisCwexinclusiveXshipx ✅ (2568ch, 10.3s)
2026-05-02 00:13:05,998 [INFO] HTTP Request: POST http://localhost:2026/v1/chat/completions "HTTP/1.1 200 OK"
2026-05-02 00:13:06,000 [INFO] [1221/3993] id=openseek-4-8a7015a35 GT=myhandR ✅ (1542ch, 6.3s)
2026-05-02 00:13:08,076 [INFO] HTTP Request: POST http://localhost:2026/v1/chat/completions "HTTP/1.1 200 OK"
2026-05-02 00:13:08,078 [INFO] [1222/3993] id=openseek-4-a65b8173d GT=fbykRheZtogetherPsoUMgayT ✅ (2869ch, 12.2s)
2026-05-02 00:13:16,563 [INFO] HTTP Request: POST http://localhost:2026/v1/chat/completions "HTTP/1.1 200 OK"
2026-05-02 00:13:16,565 [INFO] [1223/3993] id=openseek-4-56e5a943f GT=pedestrianPneverxCHAPTERMandEa ✅ (3391ch, 13.8s)
2026-05-02 00:13:19,625 [INFO] HTTP Request: POST http://localhost:2026/v1/chat/completions "HTTP/1.1 200 OK"
2026-05-02 00:13:19,627 [INFO] [1224/3993] id=openseek-4-c069c7734 GT=gtheUthathaHLfspoutBtoV ✅ (3028ch, 13.6s)
2026-05-02 00:13:22,383 [INFO] HTTP Request: POST http://localhost:2026/v1/chat/completions "HTTP/1.1 200 OK"
2026-05-02 00:13:22,384 [INFO] [1225/3993] id=openseek-4-18d80a9ff GT=Ainf ✅ (1384ch, 5.8s)
2026-05-02 00:13:30,085 [INFO] HTTP Request: POST http://localhost:2026/v1/chat/completions "HTTP/1.1 200 OK"
2026-05-02 00:13:30,086 [WARNING]   [attempt 1 T=0.0] think validate 失败 (len=5143): 'Okay, let's see. I need to concatenate this list of strings into a single line w'
2026-05-02 00:13:30,721 [INFO] HTTP Request: POST http://localhost:2026/v1/chat/completions "HTTP/1.1 200 OK"
2026-05-02 00:13:30,723 [INFO] [1226/3993] id=openseek-4-09f617a9e GT=theawasCzxMvtsUbeG ✅ (2359ch, 11.1s)
2026-05-02 00:13:30,946 [INFO] HTTP Request: POST http://localhost:2026/v1/chat/completions "HTTP/1.1 200 OK"
2026-05-02 00:13:30,947 [INFO] [1227/3993] id=openseek-4-00194dedc GT=tCOLaccostedUGthusq ✅ (1957ch, 8.6s)
2026-05-02 00:13:37,815 [INFO] HTTP Request: POST http://localhost:2026/v1/chat/completions "HTTP/1.1 200 OK"
2026-05-02 00:13:37,816 [INFO] [1228/3993] id=openseek-4-a84f7707f GT=notGtherebywj ✅ (1671ch, 7.1s)
2026-05-02 00:13:41,999 [INFO] HTTP Request: POST http://localhost:2026/v1/chat/completions "HTTP/1.1 200 OK"
2026-05-02 00:13:42,001 [INFO] [1229/3993] id=openseek-4-2bca122c9 GT=aincreasingVinduceLUfrommJtheD ✅ (2710ch, 33.9s)
2026-05-02 00:13:43,754 [INFO] HTTP Request: POST http://localhost:2026/v1/chat/completions "HTTP/1.1 200 OK"
2026-05-02 00:13:43,756 [INFO] [1230/3993] id=openseek-4-7bcfa8ab1 GT=withEpartakeRgHyenaQagainHO ✅ (2929ch, 12.8s)
2026-05-02 00:13:50,193 [INFO] HTTP Request: POST http://localhost:2026/v1/chat/completions "HTTP/1.1 200 OK"
2026-05-02 00:13:50,194 [INFO] [1231/3993] id=openseek-4-bcf29591a GT=sunkenkakafterlxqueensBeforvAJ ✅ (2719ch, 12.4s)
2026-05-02 00:13:54,839 [INFO] HTTP Request: POST http://localhost:2026/v1/chat/completions "HTTP/1.1 200 OK"
2026-05-02 00:13:54,840 [INFO] [1232/3993] id=openseek-4-211f194fa GT=DitGJjzareA ✅ (2313ch, 11.1s)
2026-05-02 00:13:57,396 [INFO] HTTP Request: POST http://localhost:2026/v1/chat/completions "HTTP/1.1 200 OK"
2026-05-02 00:13:57,398 [INFO] [1233/3993] id=openseek-4-37b8beec3 GT=theseBIxtoJSshottVpincers,aq ✅ (3582ch, 15.4s)
2026-05-02 00:14:06,576 [INFO] HTTP Request: POST http://localhost:2026/v1/chat/completions "HTTP/1.1 200 OK"
2026-05-02 00:14:06,577 [INFO] [1234/3993] id=openseek-4-116ac23c0 GT=concentratingAlion-manedZIxKth ✅ (3654ch, 16.4s)
2026-05-02 00:14:10,566 [INFO] HTTP Request: POST http://localhost:2026/v1/chat/completions "HTTP/1.1 200 OK"
2026-05-02 00:14:10,568 [INFO] [1235/3993] id=openseek-4-c8219d571 GT=seemedffromUanIthatTpool!SAJfo ✅ (3478ch, 15.7s)
2026-05-02 00:14:13,554 [INFO] HTTP Request: POST http://localhost:2026/v1/chat/completions "HTTP/1.1 200 OK"
2026-05-02 00:14:13,556 [INFO] [1236/3993] id=openseek-4-2530f3efd GT=nlookswZxHAj ✅ (3682ch, 16.2s)
2026-05-02 00:14:16,074 [INFO] HTTP Request: POST http://localhost:2026/v1/chat/completions "HTTP/1.1 200 OK"
2026-05-02 00:14:16,075 [INFO] [1237/3993] id=openseek-4-d1d435c06 GT=LcgiveEtheX ✅ (1301ch, 5.5s)
2026-05-02 00:14:19,537 [INFO] HTTP Request: POST http://localhost:2026/v1/chat/completions "HTTP/1.1 200 OK"
2026-05-02 00:14:19,538 [INFO] [1238/3993] id=openseek-4-4f7926c84 GT=jKhe;VWsonorousblifted;oXexhal ✅ (2916ch, 13.0s)
2026-05-02 00:14:23,372 [INFO] HTTP Request: POST http://localhost:2026/v1/chat/completions "HTTP/1.1 200 OK"
2026-05-02 00:14:23,373 [INFO] [1239/3993] id=openseek-4-ddad74fde GT=ZE ✅ (947ch, 3.8s)
2026-05-02 00:14:27,240 [INFO] HTTP Request: POST http://localhost:2026/v1/chat/completions "HTTP/1.1 200 OK"
2026-05-02 00:14:27,242 [INFO] [1240/3993] id=openseek-4-8d7103cae GT=fMobyhQKmugsRtheG ✅ (2705ch, 11.2s)
2026-05-02 00:14:29,751 [INFO] HTTP Request: POST http://localhost:2026/v1/chat/completions "HTTP/1.1 200 OK"
2026-05-02 00:14:29,752 [INFO] [1241/3993] id=openseek-4-80d6c2056 GT=see,ST ✅ (1524ch, 6.4s)
2026-05-02 00:14:31,914 [INFO] HTTP Request: POST http://localhost:2026/v1/chat/completions "HTTP/1.1 200 OK"
2026-05-02 00:14:31,915 [WARNING]   [attempt 1 T=0.0] think validate 失败 (len=4020): 'Okay, let's see. I need to concatenate this list of strings into a single line w'
2026-05-02 00:14:35,593 [INFO] HTTP Request: POST http://localhost:2026/v1/chat/completions "HTTP/1.1 200 OK"
2026-05-02 00:14:35,595 [INFO] [1242/3993] id=openseek-4-a8518f97e GT=whalinghVmadeSS ✅ (1807ch, 8.4s)
2026-05-02 00:14:37,542 [INFO] HTTP Request: POST http://localhost:2026/v1/chat/completions "HTTP/1.1 200 OK"
2026-05-02 00:14:37,543 [INFO] [1243/3993] id=openseek-4-e6e754307 GT=ebuyanddQdoPGb ✅ (1567ch, 7.8s)
2026-05-02 00:14:44,002 [INFO] HTTP Request: POST http://localhost:2026/v1/chat/completions "HTTP/1.1 200 OK"
2026-05-02 00:14:44,003 [INFO] [1244/3993] id=openseek-4-5a156c80e GT=mistakenKways ✅ (1502ch, 6.5s)
2026-05-02 00:14:47,081 [INFO] HTTP Request: POST http://localhost:2026/v1/chat/completions "HTTP/1.1 200 OK"
2026-05-02 00:14:47,083 [INFO] [1245/3993] id=openseek-4-547f24f81 GT=savage,otoIorywithgalewivesQay ✅ (3280ch, 33.5s)
2026-05-02 00:14:47,538 [INFO] HTTP Request: POST http://localhost:2026/v1/chat/completions "HTTP/1.1 200 OK"
2026-05-02 00:14:47,540 [INFO] [1246/3993] id=openseek-4-024aea2bb GT=XhofDhim,RofjwZHl ✅ (2734ch, 11.9s)
2026-05-02 00:14:54,099 [INFO] HTTP Request: POST http://localhost:2026/v1/chat/completions "HTTP/1.1 200 OK"
2026-05-02 00:14:54,100 [INFO] [1247/3993] id=openseek-4-048b1b60c GT=bnextWhomtheL ✅ (2179ch, 10.1s)
2026-05-02 00:14:54,265 [INFO] HTTP Request: POST http://localhost:2026/v1/chat/completions "HTTP/1.1 200 OK"
2026-05-02 00:14:54,266 [INFO] [1248/3993] id=openseek-4-5eff2e2f4 GT=everyEOuDodgew ✅ (1654ch, 7.2s)
2026-05-02 00:15:01,410 [INFO] HTTP Request: POST http://localhost:2026/v1/chat/completions "HTTP/1.1 200 OK"
2026-05-02 00:15:01,412 [INFO] [1249/3993] id=openseek-4-e8593cf34 GT=includinghrhardGYegmostovownXo ✅ (3142ch, 13.9s)
2026-05-02 00:15:09,009 [INFO] HTTP Request: POST http://localhost:2026/v1/chat/completions "HTTP/1.1 200 OK"
2026-05-02 00:15:09,011 [INFO] [1250/3993] id=openseek-4-ed7c1d63c GT=soYWhileqstrangereSplacedat ✅ (2677ch, 14.7s)
2026-05-02 00:15:11,165 [INFO] HTTP Request: POST http://localhost:2026/v1/chat/completions "HTTP/1.1 200 OK"
2026-05-02 00:15:11,167 [INFO] [1251/3993] id=openseek-4-f664f0de7 GT=ztheirZofyGiCanallers.ftheQqma ✅ (3655ch, 17.1s)
2026-05-02 00:15:14,101 [INFO] HTTP Request: POST http://localhost:2026/v1/chat/completions "HTTP/1.1 200 OK"
2026-05-02 00:15:14,102 [INFO] [1252/3993] id=openseek-4-56ddb35f8 GT=FPequod;wJbringingvfledly ✅ (2864ch, 12.7s)
2026-05-02 00:15:22,793 [INFO] HTTP Request: POST http://localhost:2026/v1/chat/completions "HTTP/1.1 200 OK"
2026-05-02 00:15:22,795 [INFO] [1253/3993] id=openseek-4-3d4efc280 GT=boats.XbeatSVandSatLmaderAhab? ✅ (2808ch, 11.6s)
2026-05-02 00:15:26,669 [INFO] HTTP Request: POST http://localhost:2026/v1/chat/completions "HTTP/1.1 200 OK"
2026-05-02 00:15:26,671 [INFO] [1254/3993] id=openseek-4-f1ca56246 GT=tY ✅ (973ch, 3.9s)
2026-05-02 00:15:30,201 [INFO] HTTP Request: POST http://localhost:2026/v1/chat/completions "HTTP/1.1 200 OK"
2026-05-02 00:15:30,202 [WARNING]   [attempt 1 T=0.0] think validate 失败 (len=4779): 'Okay, let's see. I need to concatenate this list of strings into a single line w'
2026-05-02 00:15:33,605 [INFO] HTTP Request: POST http://localhost:2026/v1/chat/completions "HTTP/1.1 200 OK"
2026-05-02 00:15:33,605 [WARNING]   [attempt 1 T=0.0] think validate 失败 (len=4440): 'Okay, let's see. I need to concatenate this list of strings into a single line w'
2026-05-02 00:15:37,263 [INFO] HTTP Request: POST http://localhost:2026/v1/chat/completions "HTTP/1.1 200 OK"
2026-05-02 00:15:37,265 [INFO] [1255/3993] id=openseek-4-f2dfa2cb9 GT=proppedzye?poutbellyingtseenf ✅ (2544ch, 10.6s)
2026-05-02 00:15:45,820 [INFO] HTTP Request: POST http://localhost:2026/v1/chat/completions "HTTP/1.1 200 OK"
2026-05-02 00:15:45,822 [INFO] [1256/3993] id=openseek-4-899e7b152 GT=qleavestPequodKcmind,CdayYwhos ✅ (3320ch, 36.8s)
2026-05-02 00:15:50,242 [INFO] HTTP Request: POST http://localhost:2026/v1/chat/completions "HTTP/1.1 200 OK"
2026-05-02 00:15:50,244 [INFO] [1257/3993] id=openseek-4-c33c8f5d9 GT=harpoonvevenrxQus.amtofGknowin ✅ (3227ch, 36.1s)
2026-05-02 00:15:51,033 [INFO] HTTP Request: POST http://localhost:2026/v1/chat/completions "HTTP/1.1 200 OK"
2026-05-02 00:15:51,034 [INFO] [1258/3993] id=openseek-4-ea777bdfc GT=MpullSWhNtoNmurmuredjXO ✅ (2957ch, 13.8s)
2026-05-02 00:15:55,928 [INFO] HTTP Request: POST http://localhost:2026/v1/chat/completions "HTTP/1.1 200 OK"
2026-05-02 00:15:55,929 [INFO] [1259/3993] id=openseek-4-ef87678dc GT=whisq ✅ (1414ch, 5.7s)
2026-05-02 00:15:58,374 [INFO] HTTP Request: POST http://localhost:2026/v1/chat/completions "HTTP/1.1 200 OK"
2026-05-02 00:15:58,376 [INFO] [1260/3993] id=openseek-4-80a1121a8 GT=gainVefarOinwardsJPhim,w ✅ (2801ch, 12.6s)
2026-05-02 00:16:04,206 [INFO] HTTP Request: POST http://localhost:2026/v1/chat/completions "HTTP/1.1 200 OK"
2026-05-02 00:16:04,208 [INFO] [1261/3993] id=openseek-4-69fcd3676 GT=theirbIofKIe ✅ (2764ch, 13.2s)
2026-05-02 00:16:05,210 [INFO] HTTP Request: POST http://localhost:2026/v1/chat/completions "HTTP/1.1 200 OK"
2026-05-02 00:16:05,212 [INFO] [1262/3993] id=openseek-4-fbb831023 GT=HjohaveYVolda ✅ (2140ch, 9.3s)
2026-05-02 00:16:08,806 [INFO] HTTP Request: POST http://localhost:2026/v1/chat/completions "HTTP/1.1 200 OK"
2026-05-02 00:16:08,808 [INFO] [1263/3993] id=openseek-4-a2950c7f4 GT=longVPstatemhisHyisS ✅ (2271ch, 10.4s)
2026-05-02 00:16:10,989 [INFO] HTTP Request: POST http://localhost:2026/v1/chat/completions "HTTP/1.1 200 OK"
2026-05-02 00:16:10,990 [INFO] [1264/3993] id=openseek-4-7c4a791e1 GT=HfCqM ✅ (1370ch, 5.8s)
2026-05-02 00:16:11,167 [INFO] HTTP Request: POST http://localhost:2026/v1/chat/completions "HTTP/1.1 200 OK"
2026-05-02 00:16:11,168 [INFO] [1265/3993] id=openseek-4-68fc7ef38 GT=cWellOic ✅ (1718ch, 7.0s)
2026-05-02 00:16:15,819 [INFO] HTTP Request: POST http://localhost:2026/v1/chat/completions "HTTP/1.1 200 OK"
2026-05-02 00:16:15,821 [INFO] [1266/3993] id=openseek-4-339236c28 GT=azVmhaveX ✅ (1739ch, 7.0s)
2026-05-02 00:16:25,382 [INFO] HTTP Request: POST http://localhost:2026/v1/chat/completions "HTTP/1.1 200 OK"
2026-05-02 00:16:25,383 [INFO] [1267/3993] id=openseek-4-96d766651 GT=oZgbeenXSvLthatewhaleV ✅ (3428ch, 14.4s)
2026-05-02 00:16:25,705 [INFO] HTTP Request: POST http://localhost:2026/v1/chat/completions "HTTP/1.1 200 OK"
2026-05-02 00:16:25,707 [INFO] [1268/3993] id=openseek-4-359592783 GT=randvTAgweathernBUeludingD ✅ (2962ch, 14.5s)
2026-05-02 00:16:28,432 [INFO] HTTP Request: POST http://localhost:2026/v1/chat/completions "HTTP/1.1 200 OK"
2026-05-02 00:16:28,434 [INFO] [1269/3993] id=openseek-4-a8f5b11ed GT=lulightPbeginninggEnglishCall- ✅ (2758ch, 12.6s)
2026-05-02 00:16:32,962 [INFO] HTTP Request: POST http://localhost:2026/v1/chat/completions "HTTP/1.1 200 OK"
2026-05-02 00:16:32,964 [INFO] [1270/3993] id=openseek-4-87fcdb91c GT=JAPcherishedwitHitUsupplicatin ✅ (1664ch, 7.6s)
2026-05-02 00:16:36,131 [INFO] HTTP Request: POST http://localhost:2026/v1/chat/completions "HTTP/1.1 200 OK"
2026-05-02 00:16:36,133 [INFO] [1271/3993] id=openseek-4-902ff1be8 GT=wouldiYdrnnotpsasM ✅ (2145ch, 10.4s)
2026-05-02 00:16:43,308 [INFO] HTTP Request: POST http://localhost:2026/v1/chat/completions "HTTP/1.1 200 OK"
2026-05-02 00:16:43,309 [INFO] [1272/3993] id=openseek-4-8fb0d3810 GT=aQHthenOc ✅ (2314ch, 10.3s)
2026-05-02 00:16:44,684 [INFO] HTTP Request: POST http://localhost:2026/v1/chat/completions "HTTP/1.1 200 OK"
2026-05-02 00:16:44,686 [INFO] [1273/3993] id=openseek-4-c10056413 GT=them;ksthehman,qoutKboatmVj ✅ (3641ch, 16.3s)
2026-05-02 00:16:48,920 [INFO] HTTP Request: POST http://localhost:2026/v1/chat/completions "HTTP/1.1 200 OK"
2026-05-02 00:16:48,922 [INFO] [1274/3993] id=openseek-4-cb07c9403 GT=now,cisnWhenceWPdrawingh ✅ (2933ch, 12.8s)
2026-05-02 00:16:49,831 [INFO] HTTP Request: POST http://localhost:2026/v1/chat/completions "HTTP/1.1 200 OK"
2026-05-02 00:16:49,833 [INFO] [1275/3993] id=openseek-4-5ce7389a1 GT=theOJ ✅ (1265ch, 5.1s)
2026-05-02 00:16:53,784 [INFO] HTTP Request: POST http://localhost:2026/v1/chat/completions "HTTP/1.1 200 OK"
2026-05-02 00:16:53,785 [INFO] [1276/3993] id=openseek-4-1bdecdcc8 GT=wasEtheyiyouUnKVZI ✅ (2501ch, 10.5s)
2026-05-02 00:16:59,399 [INFO] HTTP Request: POST http://localhost:2026/v1/chat/completions "HTTP/1.1 200 OK"
2026-05-02 00:16:59,401 [INFO] [1277/3993] id=openseek-4-fcb8d06d3 GT=BBmuttering4voiceYtWmomentVtop ✅ (2296ch, 10.5s)
2026-05-02 00:17:02,165 [INFO] HTTP Request: POST http://localhost:2026/v1/chat/completions "HTTP/1.1 200 OK"
2026-05-02 00:17:02,167 [INFO] [1278/3993] id=openseek-4-ae85cf1c1 GT=IandHothingPkotowardsuinvested ✅ (2555ch, 12.3s)
2026-05-02 00:17:03,560 [INFO] HTTP Request: POST http://localhost:2026/v1/chat/completions "HTTP/1.1 200 OK"
2026-05-02 00:17:03,563 [INFO] [1279/3993] id=openseek-4-9d2e608a1 GT=doing,Tthatc ✅ (2435ch, 9.8s)
2026-05-02 00:17:10,823 [INFO] HTTP Request: POST http://localhost:2026/v1/chat/completions "HTTP/1.1 200 OK"
2026-05-02 00:17:10,825 [INFO] [1280/3993] id=openseek-4-711b59229 GT=tOh!lNsuspicionsZbloodQE ✅ (2753ch, 11.4s)
2026-05-02 00:17:12,390 [INFO] HTTP Request: POST http://localhost:2026/v1/chat/completions "HTTP/1.1 200 OK"
2026-05-02 00:17:12,391 [INFO] [1281/3993] id=openseek-4-f2fcb7d11 GT=lpursuitOindolentob ✅ (2060ch, 8.8s)
2026-05-02 00:17:15,692 [INFO] HTTP Request: POST http://localhost:2026/v1/chat/completions "HTTP/1.1 200 OK"
2026-05-02 00:17:15,694 [INFO] [1282/3993] id=openseek-4-5d5a16331 GT=shreds;kButcboard,mtopcrystals ✅ (3141ch, 13.5s)
2026-05-02 00:17:19,285 [INFO] HTTP Request: POST http://localhost:2026/v1/chat/completions "HTTP/1.1 200 OK"
2026-05-02 00:17:19,287 [INFO] [1283/3993] id=openseek-4-594f3d474 GT=asEn ✅ (1778ch, 6.9s)
2026-05-02 00:17:21,753 [INFO] HTTP Request: POST http://localhost:2026/v1/chat/completions "HTTP/1.1 200 OK"
2026-05-02 00:17:21,755 [INFO] [1284/3993] id=openseek-4-1456647d0 GT=Cmishap,GABinecyetlandi ✅ (2366ch, 10.9s)
2026-05-02 00:17:23,094 [INFO] HTTP Request: POST http://localhost:2026/v1/chat/completions "HTTP/1.1 200 OK"
2026-05-02 00:17:23,095 [INFO] [1285/3993] id=openseek-4-d559379ae GT=almostPicAJ ✅ (1846ch, 7.4s)
2026-05-02 00:17:32,567 [INFO] HTTP Request: POST http://localhost:2026/v1/chat/completions "HTTP/1.1 200 OK"
2026-05-02 00:17:32,569 [INFO] [1286/3993] id=openseek-4-dfc9c5466 GT=HtillNTruly,QyoudiCYoithem ✅ (2868ch, 13.3s)
2026-05-02 00:17:32,995 [INFO] HTTP Request: POST http://localhost:2026/v1/chat/completions "HTTP/1.1 200 OK"
2026-05-02 00:17:32,996 [INFO] [1287/3993] id=openseek-4-5b85c7451 GT=Ychapel,czJoX ✅ (2443ch, 9.9s)
2026-05-02 00:17:35,604 [INFO] HTTP Request: POST http://localhost:2026/v1/chat/completions "HTTP/1.1 200 OK"
2026-05-02 00:17:35,605 [INFO] [1288/3993] id=openseek-4-7d1f89eeb GT=marbleXrnUadXMHthed ✅ (3245ch, 13.9s)
2026-05-02 00:17:39,447 [INFO] HTTP Request: POST http://localhost:2026/v1/chat/completions "HTTP/1.1 200 OK"
2026-05-02 00:17:39,449 [INFO] [1289/3993] id=openseek-4-5984774df GT=tBesides,nN ✅ (1621ch, 6.5s)
2026-05-02 00:17:39,697 [INFO] HTTP Request: POST http://localhost:2026/v1/chat/completions "HTTP/1.1 200 OK"
2026-05-02 00:17:39,699 [INFO] [1290/3993] id=openseek-4-16d59c0c5 GT=theBdon9tt ✅ (1767ch, 7.1s)
2026-05-02 00:17:43,532 [INFO] HTTP Request: POST http://localhost:2026/v1/chat/completions "HTTP/1.1 200 OK"
2026-05-02 00:17:43,533 [INFO] [1291/3993] id=openseek-4-b3cbc89e7 GT=hNN ✅ (1029ch, 4.1s)
2026-05-02 00:17:46,631 [INFO] HTTP Request: POST http://localhost:2026/v1/chat/completions "HTTP/1.1 200 OK"
2026-05-02 00:17:46,633 [INFO] [1292/3993] id=openseek-4-7ec49bb1b GT=zDexcitement.uabIpi ✅ (2708ch, 11.0s)
2026-05-02 00:17:48,180 [INFO] HTTP Request: POST http://localhost:2026/v1/chat/completions "HTTP/1.1 200 OK"
2026-05-02 00:17:48,182 [INFO] [1293/3993] id=openseek-4-c0f819c49 GT=pxJdsameCshel ✅ (2060ch, 8.5s)
2026-05-02 00:17:53,812 [INFO] HTTP Request: POST http://localhost:2026/v1/chat/completions "HTTP/1.1 200 OK"
2026-05-02 00:17:53,813 [INFO] [1294/3993] id=openseek-4-323101a86 GT=RockawayZqGJSthereOcg ✅ (2658ch, 10.3s)
2026-05-02 00:17:54,808 [INFO] HTTP Request: POST http://localhost:2026/v1/chat/completions "HTTP/1.1 200 OK"
2026-05-02 00:17:54,809 [INFO] [1295/3993] id=openseek-4-a6a39028f GT=asNPZ ✅ (1769ch, 6.6s)
2026-05-02 00:17:55,834 [INFO] HTTP Request: POST http://localhost:2026/v1/chat/completions "HTTP/1.1 200 OK"
2026-05-02 00:17:55,836 [INFO] [1296/3993] id=openseek-4-edecca23c GT=Andvwhere9erycarvingIXwithoutY ✅ (2369ch, 9.2s)
2026-05-02 00:18:02,645 [INFO] HTTP Request: POST http://localhost:2026/v1/chat/completions "HTTP/1.1 200 OK"
2026-05-02 00:18:02,647 [INFO] [1297/3993] id=openseek-4-fba0cddc1 GT=KownnTequallytJC ✅ (1648ch, 6.8s)
2026-05-02 00:18:04,536 [INFO] HTTP Request: POST http://localhost:2026/v1/chat/completions "HTTP/1.1 200 OK"
2026-05-02 00:18:04,538 [INFO] [1298/3993] id=openseek-4-d0d3d3865 GT=AdonedChorsesrnewlyuak ✅ (2695ch, 10.7s)
2026-05-02 00:18:09,876 [INFO] HTTP Request: POST http://localhost:2026/v1/chat/completions "HTTP/1.1 200 OK"
2026-05-02 00:18:09,878 [INFO] [1299/3993] id=openseek-4-9e29dbba6 GT=samecsingularohashiMgreatIbQue ✅ (3511ch, 15.1s)
2026-05-02 00:18:11,992 [INFO] HTTP Request: POST http://localhost:2026/v1/chat/completions "HTTP/1.1 200 OK"
2026-05-02 00:18:11,993 [INFO] [1300/3993] id=openseek-4-380e6bc7a GT=FromMjBsR ✅ (2430ch, 9.3s)
2026-05-02 00:18:12,149 [INFO]   💾 已保存 (成功=1294 失败=6) | 3.8s/条均值 | ETA=169min
2026-05-02 00:18:14,837 [INFO] HTTP Request: POST http://localhost:2026/v1/chat/completions "HTTP/1.1 200 OK"
2026-05-02 00:18:14,839 [INFO] [1301/3993] id=openseek-4-6c15b3b17 GT=ingmthemamagnitudeCtojlances;A ✅ (2658ch, 10.3s)
2026-05-02 00:18:22,213 [INFO] HTTP Request: POST http://localhost:2026/v1/chat/completions "HTTP/1.1 200 OK"
2026-05-02 00:18:22,215 [INFO] [1302/3993] id=openseek-4-e2cb77a5e GT=saltedaironx ✅ (1922ch, 7.4s)
2026-05-02 00:18:22,683 [INFO] HTTP Request: POST http://localhost:2026/v1/chat/completions "HTTP/1.1 200 OK"
2026-05-02 00:18:22,684 [INFO] [1303/3993] id=openseek-4-aa900b4f1 GT=thisxplaintiffsnkwellKinQsplin ✅ (2634ch, 10.7s)
2026-05-02 00:18:23,152 [INFO] HTTP Request: POST http://localhost:2026/v1/chat/completions "HTTP/1.1 200 OK"
2026-05-02 00:18:23,154 [INFO] [1304/3993] id=openseek-4-fae50f7c5 GT=ppareedown,HF ✅ (3443ch, 13.3s)
2026-05-02 00:18:35,333 [INFO] HTTP Request: POST http://localhost:2026/v1/chat/completions "HTTP/1.1 200 OK"
2026-05-02 00:18:35,335 [INFO] [1305/3993] id=openseek-4-f340bd788 GT=puzzledxXremain.FlooktYthatk ✅ (2935ch, 12.2s)
2026-05-02 00:18:35,419 [INFO] HTTP Request: POST http://localhost:2026/v1/chat/completions "HTTP/1.1 200 OK"
2026-05-02 00:18:35,421 [INFO] [1306/3993] id=openseek-4-06b532df6 GT=badgeRLtheHout.GTOpointedsyBCa ✅ (2981ch, 13.2s)
2026-05-02 00:18:39,123 [INFO] HTTP Request: POST http://localhost:2026/v1/chat/completions "HTTP/1.1 200 OK"
2026-05-02 00:18:39,125 [INFO] [1307/3993] id=openseek-4-b53ee5452 GT=otherysortdIthenhighlfB ✅ (3413ch, 16.4s)
2026-05-02 00:18:49,182 [INFO] HTTP Request: POST http://localhost:2026/v1/chat/completions "HTTP/1.1 200 OK"
2026-05-02 00:18:49,183 [INFO] [1308/3993] id=openseek-4-2a91b28ae GT=ofBiunreasoningustheMmustFNSun ✅ (3277ch, 13.8s)
2026-05-02 00:18:51,584 [INFO] HTTP Request: POST http://localhost:2026/v1/chat/completions "HTTP/1.1 200 OK"
2026-05-02 00:18:51,586 [INFO] [1309/3993] id=openseek-4-7f0f42bc4 GT=theoEynLthresholdQotheginR ✅ (3728ch, 16.2s)
2026-05-02 00:18:51,756 [INFO] HTTP Request: POST http://localhost:2026/v1/chat/completions "HTTP/1.1 200 OK"
2026-05-02 00:18:51,758 [INFO] [1310/3993] id=openseek-4-4d555a2c7 GT=foundEonzwasiVMRs ✅ (2971ch, 12.6s)
2026-05-02 00:18:57,060 [INFO] HTTP Request: POST http://localhost:2026/v1/chat/completions "HTTP/1.1 200 OK"
2026-05-02 00:18:57,062 [INFO] [1311/3993] id=openseek-4-5f693cf7d GT=vQuakerUugcontainsc ✅ (1986ch, 7.9s)
2026-05-02 00:18:59,330 [INFO] HTTP Request: POST http://localhost:2026/v1/chat/completions "HTTP/1.1 200 OK"
2026-05-02 00:18:59,331 [INFO] [1312/3993] id=openseek-4-3b5b61edf GT=vlikeilooped,h ✅ (1982ch, 7.7s)
2026-05-02 00:19:04,157 [INFO] HTTP Request: POST http://localhost:2026/v1/chat/completions "HTTP/1.1 200 OK"
2026-05-02 00:19:04,159 [INFO] [1313/3993] id=openseek-4-6e122e1f5 GT=ofFDplainolE ✅ (1690ch, 7.1s)
2026-05-02 00:19:08,089 [INFO] HTTP Request: POST http://localhost:2026/v1/chat/completions "HTTP/1.1 200 OK"
2026-05-02 00:19:08,090 [INFO] [1314/3993] id=openseek-4-4b2a5227f GT=placeLkadultshamorousSC ✅ (2235ch, 8.8s)
2026-05-02 00:19:13,572 [INFO] HTTP Request: POST http://localhost:2026/v1/chat/completions "HTTP/1.1 200 OK"
2026-05-02 00:19:13,573 [WARNING]   [attempt 1 T=0.0] think validate 失败 (len=4737): 'Okay, let's see. I need to concatenate this list of strings into a single line w'
2026-05-02 00:19:16,916 [INFO] HTTP Request: POST http://localhost:2026/v1/chat/completions "HTTP/1.1 200 OK"
2026-05-02 00:19:16,917 [INFO] [1315/3993] id=openseek-4-f9831dcbe GT=WhynDmjXMf ✅ (2123ch, 8.8s)
2026-05-02 00:19:17,941 [INFO] HTTP Request: POST http://localhost:2026/v1/chat/completions "HTTP/1.1 200 OK"
2026-05-02 00:19:17,942 [INFO] [1316/3993] id=openseek-4-690670dd2 GT=UmtheirvBlindingJnew,hu ✅ (3384ch, 13.8s)
2026-05-02 00:19:23,922 [INFO] HTTP Request: POST http://localhost:2026/v1/chat/completions "HTTP/1.1 200 OK"
2026-05-02 00:19:23,924 [INFO] [1317/3993] id=openseek-4-9f77051ce GT=CHAPTERbuangleU ✅ (1660ch, 7.0s)
2026-05-02 00:19:29,812 [INFO] HTTP Request: POST http://localhost:2026/v1/chat/completions "HTTP/1.1 200 OK"
2026-05-02 00:19:29,813 [INFO] [1318/3993] id=openseek-4-e03314819 GT=iAhab,u ✅ (1445ch, 5.9s)
2026-05-02 00:19:33,392 [INFO] HTTP Request: POST http://localhost:2026/v1/chat/completions "HTTP/1.1 200 OK"
2026-05-02 00:19:33,393 [INFO] [1319/3993] id=openseek-4-192a7e629 GT=So ✅ (923ch, 3.6s)
2026-05-02 00:19:39,054 [INFO] HTTP Request: POST http://localhost:2026/v1/chat/completions "HTTP/1.1 200 OK"
2026-05-02 00:19:39,055 [WARNING]   [attempt 2 T=0.3] think validate 失败 (len=5673): 'Okay, let's tackle this problem. So, I need to concatenate a list of strings int'
2026-05-02 00:19:40,454 [INFO] HTTP Request: POST http://localhost:2026/v1/chat/completions "HTTP/1.1 200 OK"
2026-05-02 00:19:40,455 [WARNING]   [attempt 1 T=0.0] think validate 失败 (len=4690): 'Okay, let's see. I need to concatenate this list of strings into a single line w'
2026-05-02 00:19:42,190 [INFO] HTTP Request: POST http://localhost:2026/v1/chat/completions "HTTP/1.1 200 OK"
2026-05-02 00:19:42,191 [INFO] [1320/3993] id=openseek-4-6db6003c9 GT=mthatTheo ✅ (2105ch, 8.8s)
2026-05-02 00:19:54,032 [INFO] HTTP Request: POST http://localhost:2026/v1/chat/completions "HTTP/1.1 200 OK"
2026-05-02 00:19:54,034 [INFO] [1321/3993] id=openseek-4-bd1c34a85 GT=ofIchokingdfloats;wQMhadGocapt ✅ (3466ch, 62.3s)
2026-05-02 00:19:56,702 [INFO] HTTP Request: POST http://localhost:2026/v1/chat/completions "HTTP/1.1 200 OK"
2026-05-02 00:19:56,704 [INFO] [1322/3993] id=openseek-4-63865f795 GT=PatfUseeksaAonLEtheLstandingL ✅ (3345ch, 38.8s)
2026-05-02 00:19:58,293 [INFO] HTTP Request: POST http://localhost:2026/v1/chat/completions "HTTP/1.1 200 OK"
2026-05-02 00:19:58,295 [INFO] [1323/3993] id=openseek-4-fb366e3b5 GT=isJfroKfishNifzFlaskd4pointing ✅ (3580ch, 16.1s)
2026-05-02 00:19:59,432 [INFO] HTTP Request: POST http://localhost:2026/v1/chat/completions "HTTP/1.1 200 OK"
2026-05-02 00:19:59,434 [INFO] [1324/3993] id=openseek-4-4e89c65bb GT=lookedmputujNM ✅ (898ch, 5.4s)
2026-05-02 00:20:06,050 [INFO] HTTP Request: POST http://localhost:2026/v1/chat/completions "HTTP/1.1 200 OK"
2026-05-02 00:20:06,051 [INFO] [1325/3993] id=openseek-4-3bcaf7419 GT=Jandlxw ✅ (1696ch, 6.6s)
2026-05-02 00:20:07,084 [INFO] HTTP Request: POST http://localhost:2026/v1/chat/completions "HTTP/1.1 200 OK"
2026-05-02 00:20:07,085 [INFO] [1326/3993] id=openseek-4-f6e53060d GT=mQasualoneONGK ✅ (2025ch, 8.8s)
2026-05-02 00:20:07,598 [INFO] HTTP Request: POST http://localhost:2026/v1/chat/completions "HTTP/1.1 200 OK"
2026-05-02 00:20:07,599 [INFO] [1327/3993] id=openseek-4-e889861e9 GT=overawedXandWflood-gatesN ✅ (2851ch, 10.9s)
2026-05-02 00:20:10,522 [INFO] HTTP Request: POST http://localhost:2026/v1/chat/completions "HTTP/1.1 200 OK"
2026-05-02 00:20:10,524 [INFO] [1328/3993] id=openseek-4-3508f1fbd GT=XwhenH ✅ (1144ch, 4.5s)
2026-05-02 00:20:19,729 [INFO] HTTP Request: POST http://localhost:2026/v1/chat/completions "HTTP/1.1 200 OK"
2026-05-02 00:20:19,730 [INFO] [1329/3993] id=openseek-4-f97f4b818 GT=jnotOthePOctavo,isameVditKusHP ✅ (3019ch, 12.6s)
2026-05-02 00:20:21,995 [INFO] HTTP Request: POST http://localhost:2026/v1/chat/completions "HTTP/1.1 200 OK"
2026-05-02 00:20:21,997 [INFO] [1330/3993] id=openseek-4-44eaa3b62 GT=alMysteriouslyqUtnotches.PFZ ✅ (3357ch, 14.4s)
2026-05-02 00:20:27,747 [INFO] HTTP Request: POST http://localhost:2026/v1/chat/completions "HTTP/1.1 200 OK"
2026-05-02 00:20:27,749 [INFO] [1331/3993] id=openseek-4-fe7125e7f GT=TZCwhosezmakeNNI.QofWcase;M ✅ (3814ch, 17.2s)
2026-05-02 00:20:32,378 [INFO] HTTP Request: POST http://localhost:2026/v1/chat/completions "HTTP/1.1 200 OK"
2026-05-02 00:20:32,380 [INFO] [1332/3993] id=openseek-4-c6629867b GT=jbstrangelykpbrandedmSpXG ✅ (2768ch, 12.7s)
2026-05-02 00:20:35,261 [INFO] HTTP Request: POST http://localhost:2026/v1/chat/completions "HTTP/1.1 200 OK"
2026-05-02 00:20:35,263 [INFO] [1333/3993] id=openseek-4-1de73b890 GT=lifeVAtAGSoXbEDa ✅ (3047ch, 13.3s)
2026-05-02 00:20:38,682 [INFO] HTTP Request: POST http://localhost:2026/v1/chat/completions "HTTP/1.1 200 OK"
2026-05-02 00:20:38,683 [INFO] [1334/3993] id=openseek-4-4c4f7ebee GT=herentheAfootzbelly.o ✅ (2710ch, 10.9s)
2026-05-02 00:20:45,255 [INFO] HTTP Request: POST http://localhost:2026/v1/chat/completions "HTTP/1.1 200 OK"
2026-05-02 00:20:45,256 [INFO] [1335/3993] id=openseek-4-7407af90b GT=loffkZZs ✅ (1472ch, 6.6s)
2026-05-02 00:21:00,638 [INFO] HTTP Request: POST http://localhost:2026/v1/chat/completions "HTTP/1.1 200 OK"
2026-05-02 00:21:00,639 [WARNING]   [attempt 1 T=0.0] think validate 失败 (len=5498): 'Okay, let's see. I need to concatenate this list of strings into a single line w'
2026-05-02 00:21:01,272 [INFO] HTTP Request: POST http://localhost:2026/v1/chat/completions "HTTP/1.1 200 OK"
2026-05-02 00:21:01,273 [INFO] [1336/3993] id=openseek-4-318e2a8c8 GT=andQPequod9sbaboutitheaething; ✅ (3381ch, 16.0s)
2026-05-02 00:21:03,510 [INFO] HTTP Request: POST http://localhost:2026/v1/chat/completions "HTTP/1.1 200 OK"
2026-05-02 00:21:03,510 [WARNING]   [attempt 1 T=0.0] 答案校验失败 pred=None expect='V k them, X at T hoky-poky Z s O r didn9t e'
2026-05-02 00:21:12,546 [INFO] HTTP Request: POST http://localhost:2026/v1/chat/completions "HTTP/1.1 200 OK"
2026-05-02 00:21:12,548 [INFO] [1337/3993] id=openseek-4-0c2cbdf7b GT=timeuthenKthemoutbtot ✅ (2599ch, 11.3s)
2026-05-02 00:21:17,584 [INFO] HTTP Request: POST http://localhost:2026/v1/chat/completions "HTTP/1.1 200 OK"
2026-05-02 00:21:17,585 [INFO] [1338/3993] id=openseek-4-c2b58d58b GT=ofpdrawingOwthanhPtheAthiskinI ✅ (3601ch, 42.3s)
2026-05-02 00:21:19,878 [INFO] HTTP Request: POST http://localhost:2026/v1/chat/completions "HTTP/1.1 200 OK"
2026-05-02 00:21:19,880 [INFO] [1339/3993] id=openseek-4-b2416d1f4 GT=ciportentousnessb ✅ (1704ch, 7.3s)
2026-05-02 00:21:20,525 [INFO] HTTP Request: POST http://localhost:2026/v1/chat/completions "HTTP/1.1 200 OK"
2026-05-02 00:21:20,527 [INFO] [1340/3993] id=openseek-4-01a51b305 GT=Vkthem,XatThoky-pokyZsOrdidn9t ✅ (3644ch, 48.1s)
2026-05-02 00:21:26,137 [INFO] HTTP Request: POST http://localhost:2026/v1/chat/completions "HTTP/1.1 200 OK"
2026-05-02 00:21:26,138 [INFO] [1341/3993] id=openseek-4-d6db836df GT=species,Yrepairing,wi ✅ (1674ch, 6.3s)
2026-05-02 00:21:30,101 [INFO] HTTP Request: POST http://localhost:2026/v1/chat/completions "HTTP/1.1 200 OK"
2026-05-02 00:21:30,103 [INFO] [1342/3993] id=openseek-4-aa3dc0684 GT=here,QMwhaleEmz ✅ (2295ch, 9.6s)
2026-05-02 00:21:32,258 [INFO] HTTP Request: POST http://localhost:2026/v1/chat/completions "HTTP/1.1 200 OK"
2026-05-02 00:21:32,260 [INFO] [1343/3993] id=openseek-4-ab39eb431 GT=hhishbyVhadDyRhisZY ✅ (3068ch, 14.7s)
2026-05-02 00:21:34,005 [INFO] HTTP Request: POST http://localhost:2026/v1/chat/completions "HTTP/1.1 200 OK"
2026-05-02 00:21:34,006 [INFO] [1344/3993] id=openseek-4-aa5c94ceb GT=particleKbulwarks,N ✅ (2120ch, 7.9s)
2026-05-02 00:21:40,263 [INFO] HTTP Request: POST http://localhost:2026/v1/chat/completions "HTTP/1.1 200 OK"
2026-05-02 00:21:40,265 [INFO] [1345/3993] id=openseek-4-2b682ee11 GT=likegYhadpwithuanZConjuror!YUU ✅ (2344ch, 10.2s)
2026-05-02 00:21:42,074 [INFO] HTTP Request: POST http://localhost:2026/v1/chat/completions "HTTP/1.1 200 OK"
2026-05-02 00:21:42,076 [INFO] [1346/3993] id=openseek-4-344dc0b09 GT=ofzskull,ppvIfRh ✅ (1576ch, 8.1s)
2026-05-02 00:21:47,024 [INFO] HTTP Request: POST http://localhost:2026/v1/chat/completions "HTTP/1.1 200 OK"
2026-05-02 00:21:47,025 [INFO] [1347/3993] id=openseek-4-914839c81 GT=hismchiefGNgroundDyellowoVofD ✅ (3392ch, 14.8s)
2026-05-02 00:21:47,824 [INFO] HTTP Request: POST http://localhost:2026/v1/chat/completions "HTTP/1.1 200 OK"
2026-05-02 00:21:47,825 [INFO] [1348/3993] id=openseek-4-aec5f1a77 GT=ButJSs ✅ (1471ch, 5.7s)
2026-05-02 00:21:49,060 [INFO] HTTP Request: POST http://localhost:2026/v1/chat/completions "HTTP/1.1 200 OK"
2026-05-02 00:21:49,062 [INFO] [1349/3993] id=openseek-4-28712096c GT=Lirollederequisitezofithroughb ✅ (1861ch, 8.8s)
2026-05-02 00:21:50,821 [INFO] HTTP Request: POST http://localhost:2026/v1/chat/completions "HTTP/1.1 200 OK"
2026-05-02 00:21:50,822 [INFO] [1350/3993] id=openseek-4-b127690f8 GT=VL ✅ (1016ch, 3.8s)
2026-05-02 00:21:56,399 [INFO] HTTP Request: POST http://localhost:2026/v1/chat/completions "HTTP/1.1 200 OK"
2026-05-02 00:21:56,401 [INFO] [1351/3993] id=openseek-4-6f2b3cd63 GT=RtaskrBJliked ✅ (2165ch, 8.6s)
2026-05-02 00:21:58,386 [INFO] HTTP Request: POST http://localhost:2026/v1/chat/completions "HTTP/1.1 200 OK"
2026-05-02 00:21:58,387 [INFO] [1352/3993] id=openseek-4-ab891ac91 GT=gmaintainfitRGoyetK ✅ (2434ch, 9.3s)
2026-05-02 00:22:02,881 [INFO] HTTP Request: POST http://localhost:2026/v1/chat/completions "HTTP/1.1 200 OK"
2026-05-02 00:22:02,882 [INFO] [1353/3993] id=openseek-4-08209ed4d GT=iBCDpracticable.oyellowjhisIme ✅ (2866ch, 12.1s)
2026-05-02 00:22:02,899 [INFO] HTTP Request: POST http://localhost:2026/v1/chat/completions "HTTP/1.1 200 OK"
2026-05-02 00:22:02,900 [INFO] [1354/3993] id=openseek-4-87bdb342e GT=MJ ✅ (1001ch, 4.5s)
2026-05-02 00:22:07,121 [INFO] HTTP Request: POST http://localhost:2026/v1/chat/completions "HTTP/1.1 200 OK"
2026-05-02 00:22:07,122 [INFO] [1355/3993] id=openseek-4-07802100a GT=grandlL ✅ (1076ch, 4.2s)
2026-05-02 00:22:09,269 [INFO] HTTP Request: POST http://localhost:2026/v1/chat/completions "HTTP/1.1 200 OK"
2026-05-02 00:22:09,270 [INFO] [1356/3993] id=openseek-4-491122c1b GT=qNekVLwhale-linecimpregnablybY ✅ (3145ch, 12.9s)
2026-05-02 00:22:15,771 [INFO] HTTP Request: POST http://localhost:2026/v1/chat/completions "HTTP/1.1 200 OK"
2026-05-02 00:22:15,774 [INFO] [1357/3993] id=openseek-4-880cbbd83 GT=UZround!sDthreeocfearYY ✅ (3074ch, 12.9s)
2026-05-02 00:22:21,054 [INFO] HTTP Request: POST http://localhost:2026/v1/chat/completions "HTTP/1.1 200 OK"
2026-05-02 00:22:21,055 [INFO] [1358/3993] id=openseek-4-6fb7b3747 GT=HtthecThere!XcalledoandbxK ✅ (2631ch, 11.8s)
2026-05-02 00:22:24,173 [INFO] HTTP Request: POST http://localhost:2026/v1/chat/completions "HTTP/1.1 200 OK"
2026-05-02 00:22:24,174 [INFO] [1359/3993] id=openseek-4-0df1f6e66 GT=whoseZnNtthaty ✅ (1577ch, 8.4s)
2026-05-02 00:22:27,053 [INFO] HTTP Request: POST http://localhost:2026/v1/chat/completions "HTTP/1.1 200 OK"
2026-05-02 00:22:27,054 [WARNING]   [attempt 1 T=0.0] think validate 失败 (len=4442): 'Okay, let's see. I need to concatenate this list of strings into a single line w'
2026-05-02 00:22:38,364 [INFO] HTTP Request: POST http://localhost:2026/v1/chat/completions "HTTP/1.1 200 OK"
2026-05-02 00:22:38,365 [INFO] [1360/3993] id=openseek-4-25d2dfab1 GT=theStoUinhlast;vOMerrily,Nn ✅ (3740ch, 17.3s)
2026-05-02 00:22:43,632 [INFO] HTTP Request: POST http://localhost:2026/v1/chat/completions "HTTP/1.1 200 OK"
2026-05-02 00:22:43,633 [INFO] [1361/3993] id=openseek-4-da7632621 GT=idqBeave-troughs,BfloatingfJin ✅ (3308ch, 36.5s)
2026-05-02 00:22:47,270 [INFO] HTTP Request: POST http://localhost:2026/v1/chat/completions "HTTP/1.1 200 OK"
2026-05-02 00:22:47,271 [WARNING]   [attempt 1 T=0.0] think validate 失败 (len=5070): 'Okay, let's see. I need to concatenate this list of strings into a single line w'
2026-05-02 00:22:56,503 [INFO] HTTP Request: POST http://localhost:2026/v1/chat/completions "HTTP/1.1 200 OK"
2026-05-02 00:22:56,503 [WARNING]   [attempt 1 T=0.0] think validate 失败 (len=4305): 'Okay, let's see. I need to concatenate this list of strings into a single line w'
2026-05-02 00:22:59,246 [INFO] HTTP Request: POST http://localhost:2026/v1/chat/completions "HTTP/1.1 200 OK"
2026-05-02 00:22:59,248 [INFO] [1362/3993] id=openseek-4-204100c76 GT=danuFbutlSnodhead,tqOwhilejhof ✅ (3474ch, 15.6s)
2026-05-02 00:23:01,956 [INFO] HTTP Request: POST http://localhost:2026/v1/chat/completions "HTTP/1.1 200 OK"
2026-05-02 00:23:01,957 [INFO] [1363/3993] id=openseek-4-6537de9af GT=mast-headsByWhygmarvelledrfFwe ✅ (3611ch, 37.8s)
2026-05-02 00:23:07,033 [INFO] HTTP Request: POST http://localhost:2026/v1/chat/completions "HTTP/1.1 200 OK"
2026-05-02 00:23:07,034 [INFO] [1364/3993] id=openseek-4-708cbd1dd GT=aUslitX ✅ (1073ch, 5.1s)
2026-05-02 00:23:12,444 [INFO] HTTP Request: POST http://localhost:2026/v1/chat/completions "HTTP/1.1 200 OK"
2026-05-02 00:23:12,446 [INFO] [1365/3993] id=openseek-4-4b960fc8b GT=YpeveryHher.Csnarrowermperishe ✅ (3820ch, 34.1s)
2026-05-02 00:23:14,366 [INFO] HTTP Request: POST http://localhost:2026/v1/chat/completions "HTTP/1.1 200 OK"
2026-05-02 00:23:14,367 [INFO] [1366/3993] id=openseek-4-a61a33a40 GT=yZMyandUgtoN(_orWmindsKatS ✅ (3346ch, 15.1s)
2026-05-02 00:23:18,574 [INFO] HTTP Request: POST http://localhost:2026/v1/chat/completions "HTTP/1.1 200 OK"
2026-05-02 00:23:18,575 [INFO] [1367/3993] id=openseek-4-8b89e6146 GT=Mmean.P ✅ (1475ch, 6.1s)
2026-05-02 00:23:20,267 [INFO] HTTP Request: POST http://localhost:2026/v1/chat/completions "HTTP/1.1 200 OK"
2026-05-02 00:23:20,269 [INFO] [1368/3993] id=openseek-4-bb7b0a854 GT=ItherHresumemprickMhpocketpy ✅ (3273ch, 13.2s)
2026-05-02 00:23:28,044 [INFO] HTTP Request: POST http://localhost:2026/v1/chat/completions "HTTP/1.1 200 OK"
2026-05-02 00:23:28,046 [INFO] [1369/3993] id=openseek-4-be10cda74 GT=sun9swIrightUhaplessjmpretendB ✅ (3528ch, 13.7s)
2026-05-02 00:23:32,753 [INFO] HTTP Request: POST http://localhost:2026/v1/chat/completions "HTTP/1.1 200 OK"
2026-05-02 00:23:32,754 [INFO] [1370/3993] id=openseek-4-31462886e GT=icAway!ptimeMvyearsqnAw ✅ (3379ch, 14.2s)
2026-05-02 00:23:36,216 [INFO] HTTP Request: POST http://localhost:2026/v1/chat/completions "HTTP/1.1 200 OK"
2026-05-02 00:23:36,217 [INFO] [1371/3993] id=openseek-4-84551cfaf GT=bebheotheCofuofu ✅ (3565ch, 15.9s)
2026-05-02 00:23:39,556 [INFO] HTTP Request: POST http://localhost:2026/v1/chat/completions "HTTP/1.1 200 OK"
2026-05-02 00:23:39,557 [INFO] [1372/3993] id=openseek-4-1ded2c791 GT=volleyBOlcR ✅ (1674ch, 6.8s)
2026-05-02 00:23:39,759 [INFO] HTTP Request: POST http://localhost:2026/v1/chat/completions "HTTP/1.1 200 OK"
2026-05-02 00:23:39,761 [INFO] [1373/3993] id=openseek-4-cc2e0f0bb GT=specialOXyfraisedcwater!i ✅ (3021ch, 11.7s)
2026-05-02 00:23:44,568 [INFO] HTTP Request: POST http://localhost:2026/v1/chat/completions "HTTP/1.1 200 OK"
2026-05-02 00:23:44,570 [INFO] [1374/3993] id=openseek-4-e27df1b1f GT=hyouotIY ✅ (1132ch, 4.8s)
2026-05-02 00:23:45,294 [INFO] HTTP Request: POST http://localhost:2026/v1/chat/completions "HTTP/1.1 200 OK"
2026-05-02 00:23:45,295 [INFO] [1375/3993] id=openseek-4-49af995aa GT=piXwerepsSamuelM ✅ (2310ch, 9.1s)
2026-05-02 00:23:50,537 [INFO] HTTP Request: POST http://localhost:2026/v1/chat/completions "HTTP/1.1 200 OK"
2026-05-02 00:23:50,538 [INFO] [1376/3993] id=openseek-4-d4e80579d GT=iflKjustDGofKbellsYB ✅ (2539ch, 11.0s)
2026-05-02 00:23:52,537 [INFO] HTTP Request: POST http://localhost:2026/v1/chat/completions "HTTP/1.1 200 OK"
2026-05-02 00:23:52,538 [INFO] [1377/3993] id=openseek-4-0f8c51eba GT=BLOODYpmtoNFq ✅ (1629ch, 7.2s)
2026-05-02 00:23:55,825 [INFO] HTTP Request: POST http://localhost:2026/v1/chat/completions "HTTP/1.1 200 OK"
2026-05-02 00:23:55,826 [INFO] [1378/3993] id=openseek-4-e4141e8fa GT=pitCqalln ✅ (2990ch, 11.3s)
2026-05-02 00:23:59,867 [INFO] HTTP Request: POST http://localhost:2026/v1/chat/completions "HTTP/1.1 200 OK"
2026-05-02 00:23:59,868 [INFO] [1379/3993] id=openseek-4-07cd0c1fb GT=weHxQ ✅ (1914ch, 7.3s)
2026-05-02 00:24:07,043 [INFO] HTTP Request: POST http://localhost:2026/v1/chat/completions "HTTP/1.1 200 OK"
2026-05-02 00:24:07,045 [INFO] [1380/3993] id=openseek-4-13045408f GT=pointPtoomayXc ✅ (1774ch, 7.2s)
2026-05-02 00:24:08,344 [INFO] HTTP Request: POST http://localhost:2026/v1/chat/completions "HTTP/1.1 200 OK"
2026-05-02 00:24:08,344 [WARNING]   [attempt 1 T=0.0] think validate 失败 (len=4064): 'Okay, let's see. I need to concatenate this list of strings into a single line w'
2026-05-02 00:24:11,327 [INFO] HTTP Request: POST http://localhost:2026/v1/chat/completions "HTTP/1.1 200 OK"
2026-05-02 00:24:11,328 [INFO] [1381/3993] id=openseek-4-d6c808845 GT=ksablevFVmustgifXjatJPm ✅ (3586ch, 15.5s)
2026-05-02 00:24:13,238 [INFO] HTTP Request: POST http://localhost:2026/v1/chat/completions "HTTP/1.1 200 OK"
2026-05-02 00:24:13,239 [INFO] [1382/3993] id=openseek-4-293dc1ebd GT=ncwhichRar ✅ (1490ch, 6.2s)
2026-05-02 00:24:20,463 [INFO] HTTP Request: POST http://localhost:2026/v1/chat/completions "HTTP/1.1 200 OK"
2026-05-02 00:24:20,464 [INFO] [1383/3993] id=openseek-4-a42ae5796 GT=wdidKwithSc ✅ (2284ch, 9.1s)
2026-05-02 00:24:21,180 [INFO] HTTP Request: POST http://localhost:2026/v1/chat/completions "HTTP/1.1 200 OK"
2026-05-02 00:24:21,182 [INFO] [1384/3993] id=openseek-4-8e8a16409 GT=inZRbhisVhwso,Jrj ✅ (2677ch, 30.6s)
2026-05-02 00:24:27,502 [INFO] HTTP Request: POST http://localhost:2026/v1/chat/completions "HTTP/1.1 200 OK"
2026-05-02 00:24:27,503 [INFO] [1385/3993] id=openseek-4-85960df09 GT=EbeRtriflesMR ✅ (1553ch, 6.3s)
2026-05-02 00:24:29,705 [INFO] HTTP Request: POST http://localhost:2026/v1/chat/completions "HTTP/1.1 200 OK"
2026-05-02 00:24:29,706 [INFO] [1386/3993] id=openseek-4-e88b5c631 GT=saycGIboy!4ButKspokenNprudenti ✅ (3302ch, 16.5s)
2026-05-02 00:24:33,235 [INFO] HTTP Request: POST http://localhost:2026/v1/chat/completions "HTTP/1.1 200 OK"
2026-05-02 00:24:33,236 [INFO] [1387/3993] id=openseek-4-a33a44fc9 GT=kquittwab ✅ (1393ch, 5.7s)
2026-05-02 00:24:33,319 [INFO] HTTP Request: POST http://localhost:2026/v1/chat/completions "HTTP/1.1 200 OK"
2026-05-02 00:24:33,320 [INFO] [1388/3993] id=openseek-4-43e6e0194 GT=harpoonsItqDjshipu ✅ (3230ch, 12.9s)
2026-05-02 00:24:37,667 [INFO] HTTP Request: POST http://localhost:2026/v1/chat/completions "HTTP/1.1 200 OK"
2026-05-02 00:24:37,668 [INFO] [1389/3993] id=openseek-4-4128b0cb2 GT=StwolO ✅ (1098ch, 4.3s)
2026-05-02 00:24:38,607 [INFO] HTTP Request: POST http://localhost:2026/v1/chat/completions "HTTP/1.1 200 OK"
2026-05-02 00:24:38,608 [INFO] [1390/3993] id=openseek-4-577ab893b GT=pXinoheidw ✅ (2086ch, 8.9s)
2026-05-02 00:24:43,603 [INFO] HTTP Request: POST http://localhost:2026/v1/chat/completions "HTTP/1.1 200 OK"
2026-05-02 00:24:43,604 [INFO] [1391/3993] id=openseek-4-59cd2a1b4 GT=Qthings,pwasH ✅ (2665ch, 10.4s)
2026-05-02 00:24:50,808 [INFO] HTTP Request: POST http://localhost:2026/v1/chat/completions "HTTP/1.1 200 OK"
2026-05-02 00:24:50,810 [INFO] [1392/3993] id=openseek-4-78fae53a0 GT=Bfurther,nthenmuseBmadeZ ✅ (3071ch, 13.1s)
2026-05-02 00:24:52,639 [INFO] HTTP Request: POST http://localhost:2026/v1/chat/completions "HTTP/1.1 200 OK"
2026-05-02 00:24:52,641 [INFO] [1393/3993] id=openseek-4-21ba0a6ba GT=ofEZthreeTwhichHythenvkribbyl ✅ (3193ch, 14.0s)
2026-05-02 00:24:57,377 [INFO] HTTP Request: POST http://localhost:2026/v1/chat/completions "HTTP/1.1 200 OK"
2026-05-02 00:24:57,378 [INFO] [1394/3993] id=openseek-4-df7f5628d GT=Asecondnscorcheda ✅ (1674ch, 6.6s)
2026-05-02 00:24:58,376 [INFO] HTTP Request: POST http://localhost:2026/v1/chat/completions "HTTP/1.1 200 OK"
2026-05-02 00:24:58,378 [INFO] [1395/3993] id=openseek-4-80e8d77a0 GT=TatAdownI ✅ (1196ch, 5.7s)
2026-05-02 00:24:59,395 [INFO] HTTP Request: POST http://localhost:2026/v1/chat/completions "HTTP/1.1 200 OK"
2026-05-02 00:24:59,396 [INFO] [1396/3993] id=openseek-4-ca0b69e41 GT=AtopsailsenevernFthattvhim,hat ✅ (3724ch, 15.8s)
2026-05-02 00:25:06,308 [INFO] HTTP Request: POST http://localhost:2026/v1/chat/completions "HTTP/1.1 200 OK"
2026-05-02 00:25:06,309 [INFO] [1397/3993] id=openseek-4-1f06bd28a GT=RTheTUwayeQW ✅ (1944ch, 8.9s)
2026-05-02 00:25:07,225 [INFO] HTTP Request: POST http://localhost:2026/v1/chat/completions "HTTP/1.1 200 OK"
2026-05-02 00:25:07,227 [INFO] [1398/3993] id=openseek-4-90e1ef342 GT=chead,uiMpartsI ✅ (2232ch, 8.8s)
2026-05-02 00:25:07,921 [INFO] HTTP Request: POST http://localhost:2026/v1/chat/completions "HTTP/1.1 200 OK"
2026-05-02 00:25:07,922 [INFO] [1399/3993] id=openseek-4-eb41bf16c GT=thatMtakeUhisADoffEmankind,zZ ✅ (2126ch, 8.5s)
2026-05-02 00:25:14,414 [INFO] HTTP Request: POST http://localhost:2026/v1/chat/completions "HTTP/1.1 200 OK"
2026-05-02 00:25:14,415 [INFO] [1400/3993] id=openseek-4-6c06f1de6 GT=RooneOandB ✅ (2064ch, 8.1s)
2026-05-02 00:25:14,569 [INFO]   💾 已保存 (成功=1394 失败=6) | 3.8s/条均值 | ETA=164min
2026-05-02 00:25:15,730 [INFO] HTTP Request: POST http://localhost:2026/v1/chat/completions "HTTP/1.1 200 OK"
2026-05-02 00:25:15,731 [INFO] [1401/3993] id=openseek-4-25ce43fe6 GT=ynoOAnN ✅ (1889ch, 7.8s)
2026-05-02 00:25:17,292 [INFO] HTTP Request: POST http://localhost:2026/v1/chat/completions "HTTP/1.1 200 OK"
2026-05-02 00:25:17,293 [INFO] [1402/3993] id=openseek-4-a9edd8ea5 GT=cpeculiarstheabulkBQi ✅ (2467ch, 10.1s)
2026-05-02 00:25:27,117 [INFO] HTTP Request: POST http://localhost:2026/v1/chat/completions "HTTP/1.1 200 OK"
2026-05-02 00:25:27,118 [INFO] [1403/3993] id=openseek-4-850b90bb8 GT=LlrvtastedUmIZandyhaveC ✅ (2256ch, 9.8s)
2026-05-02 00:25:27,955 [INFO] HTTP Request: POST http://localhost:2026/v1/chat/completions "HTTP/1.1 200 OK"
2026-05-02 00:25:27,957 [INFO] [1404/3993] id=openseek-4-276969ea5 GT=UforgingdafromVZ ✅ (3180ch, 12.2s)
2026-05-02 00:25:30,526 [INFO] HTTP Request: POST http://localhost:2026/v1/chat/completions "HTTP/1.1 200 OK"
2026-05-02 00:25:30,528 [INFO] [1405/3993] id=openseek-4-d81eb9a54 GT=msky,DtoYroundTAtlanticudon9tq ✅ (3736ch, 16.1s)
2026-05-02 00:25:32,502 [INFO] HTTP Request: POST http://localhost:2026/v1/chat/completions "HTTP/1.1 200 OK"
2026-05-02 00:25:32,503 [INFO] [1406/3993] id=openseek-4-2f5f4afb8 GT=PsaintK ✅ (1184ch, 4.5s)
2026-05-02 00:25:35,556 [INFO] HTTP Request: POST http://localhost:2026/v1/chat/completions "HTTP/1.1 200 OK"
2026-05-02 00:25:35,557 [INFO] [1407/3993] id=openseek-4-a1aa732a6 GT=DYclearings.Iq ✅ (2122ch, 8.4s)
2026-05-02 00:25:41,933 [INFO] HTTP Request: POST http://localhost:2026/v1/chat/completions "HTTP/1.1 200 OK"
2026-05-02 00:25:41,934 [INFO] [1408/3993] id=openseek-4-8509b7ba8 GT=ZxileftMCRztrack,Xh ✅ (2795ch, 11.4s)
2026-05-02 00:25:43,069 [INFO] HTTP Request: POST http://localhost:2026/v1/chat/completions "HTTP/1.1 200 OK"
2026-05-02 00:25:43,071 [INFO] [1409/3993] id=openseek-4-0cef53c1e GT=exertionwoNSsayV ✅ (1892ch, 7.5s)
2026-05-02 00:25:43,362 [INFO] HTTP Request: POST http://localhost:2026/v1/chat/completions "HTTP/1.1 200 OK"
2026-05-02 00:25:43,364 [INFO] [1410/3993] id=openseek-4-d2ce376e1 GT=youOasmtoRVemarinerLthesH ✅ (2659ch, 10.9s)
2026-05-02 00:25:49,341 [INFO] HTTP Request: POST http://localhost:2026/v1/chat/completions "HTTP/1.1 200 OK"
2026-05-02 00:25:49,343 [INFO] [1411/3993] id=openseek-4-5d27c1e41 GT=cXfurnishYNgK ✅ (1983ch, 7.4s)
2026-05-02 00:25:53,008 [INFO] HTTP Request: POST http://localhost:2026/v1/chat/completions "HTTP/1.1 200 OK"
2026-05-02 00:25:53,010 [INFO] [1412/3993] id=openseek-4-e787a5f2f GT=gZvitalVtheDt ✅ (2306ch, 9.9s)
2026-05-02 00:25:58,102 [INFO] HTTP Request: POST http://localhost:2026/v1/chat/completions "HTTP/1.1 200 OK"
2026-05-02 00:25:58,104 [INFO] [1413/3993] id=openseek-4-59d2821c2 GT=bothxifahvoyage4and,mP ✅ (3509ch, 14.7s)
2026-05-02 00:25:59,225 [INFO] HTTP Request: POST http://localhost:2026/v1/chat/completions "HTTP/1.1 200 OK"
2026-05-02 00:25:59,227 [INFO] [1414/3993] id=openseek-4-9dd65c533 GT=kwouldUReyeszm ✅ (1490ch, 6.2s)
2026-05-02 00:26:02,801 [INFO] HTTP Request: POST http://localhost:2026/v1/chat/completions "HTTP/1.1 200 OK"
2026-05-02 00:26:02,803 [INFO] [1415/3993] id=openseek-4-0e33ec0bf GT=may,PhisowentyOTNz ✅ (3087ch, 13.5s)
2026-05-02 00:26:09,691 [INFO] HTTP Request: POST http://localhost:2026/v1/chat/completions "HTTP/1.1 200 OK"
2026-05-02 00:26:09,693 [INFO] [1416/3993] id=openseek-4-9dd5ce139 GT=UmZofkUbDMNv ✅ (2488ch, 11.6s)
2026-05-02 00:26:15,510 [INFO] HTTP Request: POST http://localhost:2026/v1/chat/completions "HTTP/1.1 200 OK"
2026-05-02 00:26:15,512 [INFO] [1417/3993] id=openseek-4-ec870d45c GT=thankedeIuuponTtransitionIYRbe ✅ (3736ch, 16.3s)
2026-05-02 00:26:21,759 [INFO] HTTP Request: POST http://localhost:2026/v1/chat/completions "HTTP/1.1 200 OK"
2026-05-02 00:26:21,761 [INFO] [1418/3993] id=openseek-4-d1f805922 GT=aSKing-Post,qpeculiarityWwoes, ✅ (3863ch, 19.0s)
2026-05-02 00:26:29,737 [INFO] HTTP Request: POST http://localhost:2026/v1/chat/completions "HTTP/1.1 200 OK"
2026-05-02 00:26:29,738 [WARNING]   [attempt 1 T=0.0] think validate 失败 (len=4454): 'Okay, let's see. I need to concatenate this list of strings into a single line w'
2026-05-02 00:26:29,757 [INFO] HTTP Request: POST http://localhost:2026/v1/chat/completions "HTTP/1.1 200 OK"
2026-05-02 00:26:29,759 [INFO] [1419/3993] id=openseek-4-a550aa013 GT=HidingntheZoftmdyingdsetqaxpla ✅ (3207ch, 14.2s)
2026-05-02 00:26:34,502 [INFO] HTTP Request: POST http://localhost:2026/v1/chat/completions "HTTP/1.1 200 OK"
2026-05-02 00:26:34,504 [INFO] [1420/3993] id=openseek-4-dc3e6b92c GT=axdhavingJthisRoN ✅ (2617ch, 12.7s)
2026-05-02 00:26:42,638 [INFO] HTTP Request: POST http://localhost:2026/v1/chat/completions "HTTP/1.1 200 OK"
2026-05-02 00:26:42,640 [INFO] [1421/3993] id=openseek-4-7be8fffeb GT=PshunvLjfrommhugehQtheaWheng ✅ (2827ch, 12.9s)
2026-05-02 00:26:45,145 [INFO] HTTP Request: POST http://localhost:2026/v1/chat/completions "HTTP/1.1 200 OK"
2026-05-02 00:26:45,147 [INFO] [1422/3993] id=openseek-4-089fb9f14 GT=foundmview.tsogXrmtenderRinapu ✅ (3310ch, 35.5s)
2026-05-02 00:26:51,584 [INFO] HTTP Request: POST http://localhost:2026/v1/chat/completions "HTTP/1.1 200 OK"
2026-05-02 00:26:51,587 [INFO] [1423/3993] id=openseek-4-edd402288 GT=JlikeNcywhole,gofrwasJ ✅ (3948ch, 17.1s)
2026-05-02 00:26:54,298 [INFO] HTTP Request: POST http://localhost:2026/v1/chat/completions "HTTP/1.1 200 OK"
2026-05-02 00:26:54,300 [INFO] [1424/3993] id=openseek-4-b6b21b1d7 GT=NancientrLtoAuitsR ✅ (1991ch, 9.2s)
2026-05-02 00:26:57,566 [INFO] HTTP Request: POST http://localhost:2026/v1/chat/completions "HTTP/1.1 200 OK"
2026-05-02 00:26:57,568 [INFO] [1425/3993] id=openseek-4-8dfb43ce1 GT=harborssglassyy ✅ (1380ch, 6.0s)
2026-05-02 00:27:02,112 [INFO] HTTP Request: POST http://localhost:2026/v1/chat/completions "HTTP/1.1 200 OK"
2026-05-02 00:27:02,113 [WARNING]   [attempt 1 T=0.0] think validate 失败 (len=4037): 'Okay, let's see. I need to concatenate this list of strings into a single line w'
2026-05-02 00:27:04,481 [INFO] HTTP Request: POST http://localhost:2026/v1/chat/completions "HTTP/1.1 200 OK"
2026-05-02 00:27:04,483 [INFO] [1426/3993] id=openseek-4-4d336c6eb GT=toPunderEustheg ✅ (1539ch, 6.9s)
2026-05-02 00:27:16,684 [INFO] HTTP Request: POST http://localhost:2026/v1/chat/completions "HTTP/1.1 200 OK"
2026-05-02 00:27:16,685 [WARNING]   [attempt 1 T=0.0] think validate 失败 (len=4194): 'Okay, let's see. I need to concatenate this list of strings into a single line w'
2026-05-02 00:27:21,569 [INFO] HTTP Request: POST http://localhost:2026/v1/chat/completions "HTTP/1.1 200 OK"
2026-05-02 00:27:21,570 [INFO] [1427/3993] id=openseek-4-dd38b579c GT=JtropesGqpfight!V ✅ (3688ch, 17.1s)
2026-05-02 00:27:32,397 [INFO] HTTP Request: POST http://localhost:2026/v1/chat/completions "HTTP/1.1 200 OK"
2026-05-02 00:27:32,399 [WARNING]   [attempt 2 T=0.3] think validate 失败 (len=6165): 'Okay, let's tackle this problem. So, I need to concatenate a list of strings int'
2026-05-02 00:27:35,507 [INFO] HTTP Request: POST http://localhost:2026/v1/chat/completions "HTTP/1.1 200 OK"
2026-05-02 00:27:35,509 [INFO] [1428/3993] id=openseek-4-e9cb6acff GT=No,pvfErDdig!VcannibalMh ✅ (3902ch, 41.2s)
2026-05-02 00:27:37,364 [INFO] HTTP Request: POST http://localhost:2026/v1/chat/completions "HTTP/1.1 200 OK"
2026-05-02 00:27:37,366 [INFO] [1429/3993] id=openseek-4-1fc073431 GT=OthereVthemfY ✅ (3544ch, 15.8s)
2026-05-02 00:27:44,450 [INFO] HTTP Request: POST http://localhost:2026/v1/chat/completions "HTTP/1.1 200 OK"
2026-05-02 00:27:44,452 [INFO] [1430/3993] id=openseek-4-189894624 GT=LsurroundedJws ✅ (2006ch, 8.9s)
2026-05-02 00:27:54,227 [INFO] HTTP Request: POST http://localhost:2026/v1/chat/completions "HTTP/1.1 200 OK"
2026-05-02 00:27:54,229 [INFO] [1431/3993] id=openseek-4-9c8d7b05d GT=MstartedGthehurowsQBicleftfati ✅ (3428ch, 16.9s)
2026-05-02 00:27:56,392 [INFO] HTTP Request: POST http://localhost:2026/v1/chat/completions "HTTP/1.1 200 OK"
2026-05-02 00:27:56,394 [WARNING]   [attempt 3 T=0.6] think validate 失败 (len=4070): 'Okay, let's see. I need to concatenate this list of strings into a single line w'
2026-05-02 00:27:56,394 [WARNING] [1432/3993] id=openseek-4-f88ebb552 GT=105.Tis,AWhenJshoulders,Tsubst ❌ (73.8s)
2026-05-02 00:27:58,107 [INFO] HTTP Request: POST http://localhost:2026/v1/chat/completions "HTTP/1.1 200 OK"
2026-05-02 00:27:58,109 [INFO] [1433/3993] id=openseek-4-ab6990532 GT=swith.zgoFtheRtopvomit,eh ✅ (2981ch, 13.7s)
2026-05-02 00:28:00,283 [INFO] HTTP Request: POST http://localhost:2026/v1/chat/completions "HTTP/1.1 200 OK"
2026-05-02 00:28:00,285 [INFO] [1434/3993] id=openseek-4-11ad766a6 GT=indifferentybackJ ✅ (1488ch, 6.1s)
2026-05-02 00:28:01,807 [INFO] HTTP Request: POST http://localhost:2026/v1/chat/completions "HTTP/1.1 200 OK"
2026-05-02 00:28:01,809 [INFO] [1435/3993] id=openseek-4-e617955ba GT=heyesN ✅ (1312ch, 5.4s)
2026-05-02 00:28:10,808 [INFO] HTTP Request: POST http://localhost:2026/v1/chat/completions "HTTP/1.1 200 OK"
2026-05-02 00:28:10,810 [INFO] [1436/3993] id=openseek-4-db3644dab GT=YofQnotwCaptainSjd ✅ (2481ch, 10.5s)
2026-05-02 00:28:15,641 [INFO] HTTP Request: POST http://localhost:2026/v1/chat/completions "HTTP/1.1 200 OK"
2026-05-02 00:28:15,643 [INFO] [1437/3993] id=openseek-4-4ea3789af GT=asGownFFhumps,ERightNzthatSser ✅ (3237ch, 13.8s)
2026-05-02 00:28:16,341 [INFO] HTTP Request: POST http://localhost:2026/v1/chat/completions "HTTP/1.1 200 OK"
2026-05-02 00:28:16,341 [WARNING]   [attempt 1 T=0.0] think validate 失败 (len=4061): 'Okay, let's see. I need to concatenate this list of strings into a single line w'
2026-05-02 00:28:21,039 [INFO] HTTP Request: POST http://localhost:2026/v1/chat/completions "HTTP/1.1 200 OK"
2026-05-02 00:28:21,041 [INFO] [1438/3993] id=openseek-4-295bb2cdf GT=manySoNrenough,RvnAndg ✅ (2387ch, 10.2s)
2026-05-02 00:28:28,837 [INFO] HTTP Request: POST http://localhost:2026/v1/chat/completions "HTTP/1.1 200 OK"
2026-05-02 00:28:28,838 [INFO] [1439/3993] id=openseek-4-b6776b1e2 GT=ZWButLJmuch,dzxRasme ✅ (2668ch, 30.7s)
2026-05-02 00:28:33,222 [INFO] HTTP Request: POST http://localhost:2026/v1/chat/completions "HTTP/1.1 200 OK"
2026-05-02 00:28:33,224 [INFO] [1440/3993] id=openseek-4-55281c09c GT=allvaeytheVtwwashw ✅ (2579ch, 12.2s)
2026-05-02 00:28:35,378 [INFO] HTTP Request: POST http://localhost:2026/v1/chat/completions "HTTP/1.1 200 OK"
2026-05-02 00:28:35,385 [WARNING]   [attempt 1 T=0.0] think validate 失败 (len=4194): 'Okay, let's see. I need to concatenate this list of strings into a single line w'
2026-05-02 00:28:35,798 [INFO] HTTP Request: POST http://localhost:2026/v1/chat/completions "HTTP/1.1 200 OK"
2026-05-02 00:28:35,799 [INFO] [1441/3993] id=openseek-4-fe30766a4 GT=armyw ✅ (1822ch, 7.0s)
2026-05-02 00:28:42,243 [INFO] HTTP Request: POST http://localhost:2026/v1/chat/completions "HTTP/1.1 200 OK"
2026-05-02 00:28:42,244 [INFO] [1442/3993] id=openseek-4-7a5a3c0c9 GT=ftheoTdeckI ✅ (2208ch, 9.0s)
2026-05-02 00:28:42,346 [INFO] HTTP Request: POST http://localhost:2026/v1/chat/completions "HTTP/1.1 200 OK"
2026-05-02 00:28:42,347 [INFO] [1443/3993] id=openseek-4-a99d6ccd0 GT=Jpsp ✅ (1322ch, 6.5s)
2026-05-02 00:28:46,343 [INFO] HTTP Request: POST http://localhost:2026/v1/chat/completions "HTTP/1.1 200 OK"
2026-05-02 00:28:46,344 [INFO] [1444/3993] id=openseek-4-b70e08335 GT=HD ✅ (1029ch, 4.1s)
2026-05-02 00:28:47,833 [INFO] HTTP Request: POST http://localhost:2026/v1/chat/completions "HTTP/1.1 200 OK"
2026-05-02 00:28:47,835 [INFO] [1445/3993] id=openseek-4-1132464eb GT=matterGbothDLQ ✅ (1392ch, 5.5s)
2026-05-02 00:28:51,692 [INFO] HTTP Request: POST http://localhost:2026/v1/chat/completions "HTTP/1.1 200 OK"
2026-05-02 00:28:51,694 [INFO] [1446/3993] id=openseek-4-da2c3713f GT=that4theMtheEwhenuso,xscatchfa ✅ (3685ch, 36.1s)
2026-05-02 00:28:57,396 [INFO] HTTP Request: POST http://localhost:2026/v1/chat/completions "HTTP/1.1 200 OK"
2026-05-02 00:28:57,397 [INFO] [1447/3993] id=openseek-4-b62930ccc GT=halfoacK ✅ (1425ch, 5.7s)
2026-05-02 00:29:02,452 [INFO] HTTP Request: POST http://localhost:2026/v1/chat/completions "HTTP/1.1 200 OK"
2026-05-02 00:29:02,453 [INFO] [1448/3993] id=openseek-4-d75911043 GT=fromidiameter;YOvoicecasOwrink ✅ (3999ch, 16.1s)
2026-05-02 00:29:04,155 [INFO] HTTP Request: POST http://localhost:2026/v1/chat/completions "HTTP/1.1 200 OK"
2026-05-02 00:29:04,157 [INFO] [1449/3993] id=openseek-4-13faaad58 GT=DtwohstheirQc8LetPsoQnAhisJ ✅ (3885ch, 16.3s)
2026-05-02 00:29:06,838 [INFO] HTTP Request: POST http://localhost:2026/v1/chat/completions "HTTP/1.1 200 OK"
2026-05-02 00:29:06,840 [INFO] [1450/3993] id=openseek-4-6c62216e4 GT=dqHEwithRSlRo ✅ (2226ch, 9.4s)
2026-05-02 00:29:13,400 [INFO] HTTP Request: POST http://localhost:2026/v1/chat/completions "HTTP/1.1 200 OK"
2026-05-02 00:29:13,402 [INFO] [1451/3993] id=openseek-4-cabf2d84c GT=FregardpetheCtheY ✅ (2813ch, 10.9s)
2026-05-02 00:29:16,575 [INFO] HTTP Request: POST http://localhost:2026/v1/chat/completions "HTTP/1.1 200 OK"
2026-05-02 00:29:16,576 [INFO] [1452/3993] id=openseek-4-d24cb2a63 GT=aohim,DoC ✅ (2353ch, 9.7s)
2026-05-02 00:29:20,009 [INFO] HTTP Request: POST http://localhost:2026/v1/chat/completions "HTTP/1.1 200 OK"
2026-05-02 00:29:20,011 [INFO] [1453/3993] id=openseek-4-93c0e0aa0 GT=gman.Qboats;AnxchanceSdasHbwel ✅ (3698ch, 15.9s)
2026-05-02 00:29:23,394 [INFO] HTTP Request: POST http://localhost:2026/v1/chat/completions "HTTP/1.1 200 OK"
2026-05-02 00:29:23,395 [INFO] [1454/3993] id=openseek-4-57416919c GT=fallengsbutz ✅ (1714ch, 6.8s)
2026-05-02 00:29:25,823 [INFO] HTTP Request: POST http://localhost:2026/v1/chat/completions "HTTP/1.1 200 OK"
2026-05-02 00:29:25,825 [INFO] [1455/3993] id=openseek-4-37a898d5b GT=intensityKsomeKdoingVtEauJnota ✅ (3121ch, 12.4s)
2026-05-02 00:29:31,568 [INFO] HTTP Request: POST http://localhost:2026/v1/chat/completions "HTTP/1.1 200 OK"
2026-05-02 00:29:31,570 [INFO] [1456/3993] id=openseek-4-5cd0322d2 GT=ILinTtoq ✅ (1396ch, 5.7s)
2026-05-02 00:29:32,089 [INFO] HTTP Request: POST http://localhost:2026/v1/chat/completions "HTTP/1.1 200 OK"
2026-05-02 00:29:32,090 [INFO] [1457/3993] id=openseek-4-7f2b7071e GT=dcabinetOGBy ✅ (2173ch, 8.7s)
2026-05-02 00:29:37,965 [INFO] HTTP Request: POST http://localhost:2026/v1/chat/completions "HTTP/1.1 200 OK"
2026-05-02 00:29:37,967 [INFO] [1458/3993] id=openseek-4-e1f86716a GT=gDofhoC ✅ (1517ch, 6.4s)
2026-05-02 00:29:39,412 [INFO] HTTP Request: POST http://localhost:2026/v1/chat/completions "HTTP/1.1 200 OK"
2026-05-02 00:29:39,413 [WARNING]   [attempt 1 T=0.0] think validate 失败 (len=4405): 'Okay, let's see. I need to concatenate this list of strings into a single line w'
2026-05-02 00:29:42,677 [INFO] HTTP Request: POST http://localhost:2026/v1/chat/completions "HTTP/1.1 200 OK"
2026-05-02 00:29:42,679 [INFO] [1459/3993] id=openseek-4-daa218304 GT=withPbeforew ✅ (2706ch, 10.6s)
2026-05-02 00:29:47,152 [INFO] HTTP Request: POST http://localhost:2026/v1/chat/completions "HTTP/1.1 200 OK"
2026-05-02 00:29:47,153 [INFO] [1460/3993] id=openseek-4-144327558 GT=IJRbroughtrhU ✅ (2228ch, 9.2s)
2026-05-02 00:29:47,906 [INFO] HTTP Request: POST http://localhost:2026/v1/chat/completions "HTTP/1.1 200 OK"
2026-05-02 00:29:47,907 [INFO] [1461/3993] id=openseek-4-9bfce86a8 GT=accountLW ✅ (1338ch, 5.2s)
2026-05-02 00:29:54,195 [INFO] HTTP Request: POST http://localhost:2026/v1/chat/completions "HTTP/1.1 200 OK"
2026-05-02 00:29:54,197 [INFO] [1462/3993] id=openseek-4-110a3aa67 GT=HthatqAnQstoodFunderDnotcAA ✅ (3414ch, 34.2s)
2026-05-02 00:29:55,510 [INFO] HTTP Request: POST http://localhost:2026/v1/chat/completions "HTTP/1.1 200 OK"
2026-05-02 00:29:55,511 [INFO] [1463/3993] id=openseek-4-a4d929800 GT=thepotherlquitefmuch;NP ✅ (2046ch, 8.4s)
2026-05-02 00:29:56,154 [INFO] HTTP Request: POST http://localhost:2026/v1/chat/completions "HTTP/1.1 200 OK"
2026-05-02 00:29:56,156 [INFO] [1464/3993] id=openseek-4-27fd7ecc0 GT=whoeyhebO ✅ (1829ch, 8.2s)
2026-05-02 00:30:00,529 [INFO] HTTP Request: POST http://localhost:2026/v1/chat/completions "HTTP/1.1 200 OK"
2026-05-02 00:30:00,530 [INFO] [1465/3993] id=openseek-4-d4444ffd3 GT=Norlpra ✅ (1032ch, 5.0s)
2026-05-02 00:30:04,748 [INFO] HTTP Request: POST http://localhost:2026/v1/chat/completions "HTTP/1.1 200 OK"
2026-05-02 00:30:04,750 [INFO] [1466/3993] id=openseek-4-93d1ddcb2 GT=vjgexistsxPaPlOintoV ✅ (2399ch, 10.6s)
2026-05-02 00:30:08,303 [INFO] HTTP Request: POST http://localhost:2026/v1/chat/completions "HTTP/1.1 200 OK"
2026-05-02 00:30:08,304 [INFO] [1467/3993] id=openseek-4-2565f3ca7 GT=JhadYpARYtheAofARX ✅ (2824ch, 12.1s)
2026-05-02 00:30:10,240 [INFO] HTTP Request: POST http://localhost:2026/v1/chat/completions "HTTP/1.1 200 OK"
2026-05-02 00:30:10,241 [INFO] [1468/3993] id=openseek-4-39af99e32 GT=notzGubweWLondonAx ✅ (2445ch, 9.7s)
2026-05-02 00:30:13,386 [INFO] HTTP Request: POST http://localhost:2026/v1/chat/completions "HTTP/1.1 200 OK"
2026-05-02 00:30:13,388 [INFO] [1469/3993] id=openseek-4-6981eb525 GT=xhelm!dnofwnthanLXgoesy ✅ (2198ch, 8.6s)
2026-05-02 00:30:17,940 [INFO] HTTP Request: POST http://localhost:2026/v1/chat/completions "HTTP/1.1 200 OK"
2026-05-02 00:30:17,941 [INFO] [1470/3993] id=openseek-4-39a742b43 GT=windowjaBqctheMU ✅ (2623ch, 9.6s)
2026-05-02 00:30:18,559 [INFO] HTTP Request: POST http://localhost:2026/v1/chat/completions "HTTP/1.1 200 OK"
2026-05-02 00:30:18,560 [INFO] [1471/3993] id=openseek-4-1c4b9c307 GT=ajhadUPton ✅ (2020ch, 8.3s)
2026-05-02 00:30:21,540 [INFO] HTTP Request: POST http://localhost:2026/v1/chat/completions "HTTP/1.1 200 OK"
2026-05-02 00:30:21,541 [INFO] [1472/3993] id=openseek-4-98ea668f1 GT=mx ✅ (980ch, 3.6s)
2026-05-02 00:30:23,738 [INFO] HTTP Request: POST http://localhost:2026/v1/chat/completions "HTTP/1.1 200 OK"
2026-05-02 00:30:23,740 [INFO] [1473/3993] id=openseek-4-84898f600 GT=aYqallkisdgBs ✅ (2398ch, 10.4s)
2026-05-02 00:30:29,144 [INFO] HTTP Request: POST http://localhost:2026/v1/chat/completions "HTTP/1.1 200 OK"
2026-05-02 00:30:29,145 [INFO] [1474/3993] id=openseek-4-29a95fc4e GT=thisaJyofpthemCmoment9sLSo,y ✅ (2675ch, 10.6s)
2026-05-02 00:30:29,208 [INFO] HTTP Request: POST http://localhost:2026/v1/chat/completions "HTTP/1.1 200 OK"
2026-05-02 00:30:29,209 [INFO] [1475/3993] id=openseek-4-e5852250d GT=MgroundlflankRfRGK ✅ (1946ch, 7.7s)
2026-05-02 00:30:30,964 [INFO] HTTP Request: POST http://localhost:2026/v1/chat/completions "HTTP/1.1 200 OK"
2026-05-02 00:30:30,966 [INFO] [1476/3993] id=openseek-4-55c06793c GT=lapXsuchuinfalliblyzj ✅ (1884ch, 7.2s)
2026-05-02 00:30:38,874 [INFO] HTTP Request: POST http://localhost:2026/v1/chat/completions "HTTP/1.1 200 OK"
2026-05-02 00:30:38,876 [INFO] [1477/3993] id=openseek-4-08c72566e GT=touchedBout,jvv ✅ (2008ch, 7.9s)
2026-05-02 00:30:39,641 [INFO] HTTP Request: POST http://localhost:2026/v1/chat/completions "HTTP/1.1 200 OK"
2026-05-02 00:30:39,642 [INFO] [1478/3993] id=openseek-4-d572037d7 GT=haveAtheywmalice.Klowermgaspin ✅ (2560ch, 10.5s)
2026-05-02 00:30:40,369 [INFO] HTTP Request: POST http://localhost:2026/v1/chat/completions "HTTP/1.1 200 OK"
2026-05-02 00:30:40,370 [INFO] [1479/3993] id=openseek-4-b8541a9ed GT=aft,dJlipsZmButeOhiso ✅ (2625ch, 11.2s)
2026-05-02 00:30:48,341 [INFO] HTTP Request: POST http://localhost:2026/v1/chat/completions "HTTP/1.1 200 OK"
2026-05-02 00:30:48,343 [INFO] [1480/3993] id=openseek-4-cb5619df8 GT=JvEjwhench ✅ (2465ch, 9.5s)
2026-05-02 00:30:51,790 [INFO] HTTP Request: POST http://localhost:2026/v1/chat/completions "HTTP/1.1 200 OK"
2026-05-02 00:30:51,791 [INFO] [1481/3993] id=openseek-4-df144d99c GT=Ta ✅ (675ch, 3.4s)
2026-05-02 00:30:52,353 [INFO] HTTP Request: POST http://localhost:2026/v1/chat/completions "HTTP/1.1 200 OK"
2026-05-02 00:30:52,355 [INFO] [1482/3993] id=openseek-4-acef236dd GT=againstkforjWGFpiadvancePjE ✅ (2951ch, 12.0s)
2026-05-02 00:30:53,904 [INFO] HTTP Request: POST http://localhost:2026/v1/chat/completions "HTTP/1.1 200 OK"
2026-05-02 00:30:53,905 [INFO] [1483/3993] id=openseek-4-60a119cb6 GT=thathCbuttsubsequentlyFonkEj ✅ (3546ch, 14.3s)
2026-05-02 00:30:59,559 [INFO] HTTP Request: POST http://localhost:2026/v1/chat/completions "HTTP/1.1 200 OK"
2026-05-02 00:30:59,560 [INFO] [1484/3993] id=openseek-4-183fdf2db GT=whomjAtoGWe ✅ (1645ch, 7.2s)
2026-05-02 00:30:59,637 [INFO] HTTP Request: POST http://localhost:2026/v1/chat/completions "HTTP/1.1 200 OK"
2026-05-02 00:30:59,639 [INFO] [1485/3993] id=openseek-4-90403cc7f GT=VBlackuyHwasIfromzdT ✅ (1960ch, 7.8s)
2026-05-02 00:31:01,490 [INFO] HTTP Request: POST http://localhost:2026/v1/chat/completions "HTTP/1.1 200 OK"
2026-05-02 00:31:01,491 [INFO] [1486/3993] id=openseek-4-51c537a61 GT=mutinyhtheOC ✅ (2005ch, 7.6s)
2026-05-02 00:31:07,846 [INFO] HTTP Request: POST http://localhost:2026/v1/chat/completions "HTTP/1.1 200 OK"
2026-05-02 00:31:07,848 [INFO] [1487/3993] id=openseek-4-167b86486 GT=dNsoPaseemedj ✅ (2053ch, 8.2s)
2026-05-02 00:31:09,282 [INFO] HTTP Request: POST http://localhost:2026/v1/chat/completions "HTTP/1.1 200 OK"
2026-05-02 00:31:09,284 [INFO] [1488/3993] id=openseek-4-b31700118 GT=cwoe!aFofG ✅ (2339ch, 9.7s)
2026-05-02 00:31:11,591 [INFO] HTTP Request: POST http://localhost:2026/v1/chat/completions "HTTP/1.1 200 OK"
2026-05-02 00:31:11,592 [INFO] [1489/3993] id=openseek-4-81387f2ce GT=gG ✅ (1020ch, 3.7s)
2026-05-02 00:31:16,655 [INFO] HTTP Request: POST http://localhost:2026/v1/chat/completions "HTTP/1.1 200 OK"
2026-05-02 00:31:16,656 [INFO] [1490/3993] id=openseek-4-24c705a87 GT=vAsRVx ✅ (1738ch, 7.4s)
2026-05-02 00:31:22,168 [INFO] HTTP Request: POST http://localhost:2026/v1/chat/completions "HTTP/1.1 200 OK"
2026-05-02 00:31:22,170 [INFO] [1491/3993] id=openseek-4-42a525f84 GT=LookbQBthefsofsuperiorityAtheO ✅ (2630ch, 10.6s)
2026-05-02 00:31:24,212 [INFO] HTTP Request: POST http://localhost:2026/v1/chat/completions "HTTP/1.1 200 OK"
2026-05-02 00:31:24,213 [WARNING]   [attempt 1 T=0.0] think validate 失败 (len=5337): 'Okay, let's see. I need to concatenate this list of strings into a single line w'
2026-05-02 00:31:24,340 [INFO] HTTP Request: POST http://localhost:2026/v1/chat/completions "HTTP/1.1 200 OK"
2026-05-02 00:31:24,342 [INFO] [1492/3993] id=openseek-4-9d013eddb GT=qtroopedEnK ✅ (1880ch, 7.7s)
2026-05-02 00:31:32,453 [INFO] HTTP Request: POST http://localhost:2026/v1/chat/completions "HTTP/1.1 200 OK"
2026-05-02 00:31:32,454 [INFO] [1493/3993] id=openseek-4-e40c90518 GT=pTvessel;wYU ✅ (2599ch, 10.3s)
2026-05-02 00:31:36,950 [INFO] HTTP Request: POST http://localhost:2026/v1/chat/completions "HTTP/1.1 200 OK"
2026-05-02 00:31:36,951 [INFO] [1494/3993] id=openseek-4-8ef579d5c GT=peakedPandPsyourIRitLSQdistinc ✅ (2686ch, 35.5s)
2026-05-02 00:31:38,322 [INFO] HTTP Request: POST http://localhost:2026/v1/chat/completions "HTTP/1.1 200 OK"
2026-05-02 00:31:38,323 [INFO] [1495/3993] id=openseek-4-9f4f9c5a6 GT=Butdaddihg ✅ (1280ch, 5.9s)
2026-05-02 00:31:44,174 [INFO] HTTP Request: POST http://localhost:2026/v1/chat/completions "HTTP/1.1 200 OK"
2026-05-02 00:31:44,175 [INFO] [1496/3993] id=openseek-4-69b061a5a GT=hlubmerestn ✅ (1647ch, 7.2s)
2026-05-02 00:31:48,791 [INFO] HTTP Request: POST http://localhost:2026/v1/chat/completions "HTTP/1.1 200 OK"
2026-05-02 00:31:48,792 [WARNING]   [attempt 1 T=0.0] think validate 失败 (len=5350): 'Okay, let's see. I need to concatenate this list of strings into a single line w'
2026-05-02 00:31:50,790 [INFO] HTTP Request: POST http://localhost:2026/v1/chat/completions "HTTP/1.1 200 OK"
2026-05-02 00:31:50,791 [INFO] [1497/3993] id=openseek-4-f07de9846 GT=theSrEyNrSpoff ✅ (2805ch, 12.5s)
2026-05-02 00:31:56,586 [INFO] HTTP Request: POST http://localhost:2026/v1/chat/completions "HTTP/1.1 200 OK"
2026-05-02 00:31:56,588 [INFO] [1498/3993] id=openseek-4-a685398d4 GT=YtheyfshadowsawGqw ✅ (2909ch, 12.4s)
2026-05-02 00:32:00,786 [INFO] HTTP Request: POST http://localhost:2026/v1/chat/completions "HTTP/1.1 200 OK"
2026-05-02 00:32:00,787 [INFO] [1499/3993] id=openseek-4-1c733d3e4 GT=liveRwaHPstrengthMitomanynBtoK ✅ (2771ch, 36.4s)
2026-05-02 00:32:01,877 [INFO] HTTP Request: POST http://localhost:2026/v1/chat/completions "HTTP/1.1 200 OK"
2026-05-02 00:32:01,878 [INFO] [1500/3993] id=openseek-4-79594b1f9 GT=sunlight,gGreenlandwKwhiteAEan ✅ (2583ch, 11.1s)
2026-05-02 00:32:02,059 [INFO]   💾 已保存 (成功=1493 失败=7) | 3.8s/条均值 | ETA=159min
2026-05-02 00:32:04,377 [INFO] HTTP Request: POST http://localhost:2026/v1/chat/completions "HTTP/1.1 200 OK"
2026-05-02 00:32:04,379 [INFO] [1501/3993] id=openseek-4-d31608e76 GT=CL ✅ (941ch, 3.6s)
2026-05-02 00:32:11,133 [INFO] HTTP Request: POST http://localhost:2026/v1/chat/completions "HTTP/1.1 200 OK"
2026-05-02 00:32:11,134 [INFO] [1502/3993] id=openseek-4-24a6cb007 GT=withAmore?TWzObutgaDesickK ✅ (3530ch, 14.5s)
2026-05-02 00:32:11,342 [INFO] HTTP Request: POST http://localhost:2026/v1/chat/completions "HTTP/1.1 200 OK"
2026-05-02 00:32:11,344 [INFO] [1503/3993] id=openseek-4-57b4c8bae GT=nself-esteem,HcrashE ✅ (1880ch, 7.0s)
2026-05-02 00:32:16,126 [INFO] HTTP Request: POST http://localhost:2026/v1/chat/completions "HTTP/1.1 200 OK"
2026-05-02 00:32:16,127 [INFO] [1504/3993] id=openseek-4-a7631d33c GT=skysail-polesWherthoseMelesszE ✅ (2822ch, 14.2s)
2026-05-02 00:32:23,014 [INFO] HTTP Request: POST http://localhost:2026/v1/chat/completions "HTTP/1.1 200 OK"
2026-05-02 00:32:23,016 [INFO] [1505/3993] id=openseek-4-e8098cd43 GT=khimXman,xPlWhehXaJ ✅ (2559ch, 11.7s)
2026-05-02 00:32:23,137 [INFO] HTTP Request: POST http://localhost:2026/v1/chat/completions "HTTP/1.1 200 OK"
2026-05-02 00:32:23,138 [INFO] [1506/3993] id=openseek-4-07add77db GT=QshouldYLothario,pwithF ✅ (3080ch, 12.0s)
2026-05-02 00:32:23,373 [INFO] HTTP Request: POST http://localhost:2026/v1/chat/completions "HTTP/1.1 200 OK"
2026-05-02 00:32:23,375 [INFO] [1507/3993] id=openseek-4-7593d21a9 GT=breachingqITcComeF ✅ (1889ch, 7.2s)
2026-05-02 00:32:32,552 [INFO] HTTP Request: POST http://localhost:2026/v1/chat/completions "HTTP/1.1 200 OK"
2026-05-02 00:32:32,553 [INFO] [1508/3993] id=openseek-4-70833872b GT=UfalteringrunderWMNinGr ✅ (2265ch, 9.4s)
2026-05-02 00:32:33,207 [INFO] HTTP Request: POST http://localhost:2026/v1/chat/completions "HTTP/1.1 200 OK"
2026-05-02 00:32:33,208 [INFO] [1509/3993] id=openseek-4-8de85a6d3 GT=inkIJoutc ✅ (2557ch, 10.2s)
2026-05-02 00:32:38,973 [INFO] HTTP Request: POST http://localhost:2026/v1/chat/completions "HTTP/1.1 200 OK"
2026-05-02 00:32:38,975 [INFO] [1510/3993] id=openseek-4-5dee540b8 GT=visBjweIcelucidateyExceptingf ✅ (3855ch, 15.6s)
2026-05-02 00:32:45,062 [INFO] HTTP Request: POST http://localhost:2026/v1/chat/completions "HTTP/1.1 200 OK"
2026-05-02 00:32:45,064 [INFO] [1511/3993] id=openseek-4-9e4606ca8 GT=kpassedlisLoldLLLmeadowsu ✅ (2743ch, 11.9s)
2026-05-02 00:32:47,023 [INFO] HTTP Request: POST http://localhost:2026/v1/chat/completions "HTTP/1.1 200 OK"
2026-05-02 00:32:47,025 [INFO] [1512/3993] id=openseek-4-6781e422a GT=XXxTherejweariesu ✅ (2131ch, 8.0s)
2026-05-02 00:32:50,256 [INFO] HTTP Request: POST http://localhost:2026/v1/chat/completions "HTTP/1.1 200 OK"
2026-05-02 00:32:50,257 [INFO] [1513/3993] id=openseek-4-c4161c3a4 GT=HighlandvIduQlsolbeenrRoneO ✅ (3940ch, 17.7s)
2026-05-02 00:32:56,312 [INFO] HTTP Request: POST http://localhost:2026/v1/chat/completions "HTTP/1.1 200 OK"
2026-05-02 00:32:56,314 [INFO] [1514/3993] id=openseek-4-5a1ecb605 GT=browMinVKb ✅ (2460ch, 9.3s)
2026-05-02 00:33:00,524 [INFO] HTTP Request: POST http://localhost:2026/v1/chat/completions "HTTP/1.1 200 OK"
2026-05-02 00:33:00,526 [INFO] [1515/3993] id=openseek-4-fea23a5f5 GT=HwithEbranded,jUforvtouchingh ✅ (3874ch, 15.5s)
2026-05-02 00:33:01,372 [INFO] HTTP Request: POST http://localhost:2026/v1/chat/completions "HTTP/1.1 200 OK"
2026-05-02 00:33:01,373 [INFO] [1516/3993] id=openseek-4-16300ab31 GT=andbYthoughgsailed,NwhichxeZhe ✅ (2779ch, 11.1s)
2026-05-02 00:33:07,782 [INFO] HTTP Request: POST http://localhost:2026/v1/chat/completions "HTTP/1.1 200 OK"
2026-05-02 00:33:07,784 [INFO] [1517/3993] id=openseek-4-ea6886a5b GT=XNWtable,bpacingZwhere9sxdorIt ✅ (2778ch, 11.5s)
2026-05-02 00:33:08,743 [INFO] HTTP Request: POST http://localhost:2026/v1/chat/completions "HTTP/1.1 200 OK"
2026-05-02 00:33:08,744 [INFO] [1518/3993] id=openseek-4-74fea106c GT=aMthere9srsoU ✅ (2013ch, 8.2s)
2026-05-02 00:33:14,463 [INFO] HTTP Request: POST http://localhost:2026/v1/chat/completions "HTTP/1.1 200 OK"
2026-05-02 00:33:14,464 [INFO] [1519/3993] id=openseek-4-177f3dd94 GT=dorSBpmonsterCCandZwN ✅ (3369ch, 13.1s)
2026-05-02 00:33:19,110 [INFO] HTTP Request: POST http://localhost:2026/v1/chat/completions "HTTP/1.1 200 OK"
2026-05-02 00:33:19,111 [INFO] [1520/3993] id=openseek-4-ae1533b42 GT=ZFinally,YqinferiorityDM ✅ (2712ch, 10.4s)
2026-05-02 00:33:20,392 [INFO] HTTP Request: POST http://localhost:2026/v1/chat/completions "HTTP/1.1 200 OK"
2026-05-02 00:33:20,394 [INFO] [1521/3993] id=openseek-4-58c0b3593 GT=aXthatCclearphatcIwasrfhisRK ✅ (2559ch, 12.6s)
2026-05-02 00:33:28,428 [INFO] HTTP Request: POST http://localhost:2026/v1/chat/completions "HTTP/1.1 200 OK"
2026-05-02 00:33:28,429 [INFO] [1522/3993] id=openseek-4-a323d0a7e GT=Thempleasantly.FMBzitsKsmallhs ✅ (3489ch, 14.0s)
2026-05-02 00:33:30,737 [INFO] HTTP Request: POST http://localhost:2026/v1/chat/completions "HTTP/1.1 200 OK"
2026-05-02 00:33:30,738 [INFO] [1523/3993] id=openseek-4-0b25bd8dc GT=GjJansintoCandHb ✅ (2538ch, 11.6s)
2026-05-02 00:33:31,183 [INFO] HTTP Request: POST http://localhost:2026/v1/chat/completions "HTTP/1.1 200 OK"
2026-05-02 00:33:31,185 [INFO] [1524/3993] id=openseek-4-4901a1fa0 GT=over-arboringmisFitqwereBD ✅ (2053ch, 10.8s)
2026-05-02 00:33:34,730 [INFO] HTTP Request: POST http://localhost:2026/v1/chat/completions "HTTP/1.1 200 OK"
2026-05-02 00:33:34,731 [INFO] [1525/3993] id=openseek-4-ea517bc3f GT=UGPCwhalemenBu ✅ (1455ch, 6.3s)
2026-05-02 00:33:37,764 [INFO] HTTP Request: POST http://localhost:2026/v1/chat/completions "HTTP/1.1 200 OK"
2026-05-02 00:33:37,766 [INFO] [1526/3993] id=openseek-4-3cb0743f7 GT=similarRonevxtS ✅ (1716ch, 6.6s)
2026-05-02 00:33:39,519 [INFO] HTTP Request: POST http://localhost:2026/v1/chat/completions "HTTP/1.1 200 OK"
2026-05-02 00:33:39,521 [INFO] [1527/3993] id=openseek-4-b9b5a0c4c GT=land?ymyBmeW ✅ (2342ch, 8.8s)
2026-05-02 00:33:44,207 [INFO] HTTP Request: POST http://localhost:2026/v1/chat/completions "HTTP/1.1 200 OK"
2026-05-02 00:33:44,208 [INFO] [1528/3993] id=openseek-4-50436300d GT=UforaJnov ✅ (1107ch, 4.7s)
2026-05-02 00:33:49,000 [INFO] HTTP Request: POST http://localhost:2026/v1/chat/completions "HTTP/1.1 200 OK"
2026-05-02 00:33:49,001 [INFO] [1529/3993] id=openseek-4-be77a15f7 GT=aSofRlobligations,iboldlyFv ✅ (3489ch, 14.3s)
2026-05-02 00:33:51,706 [INFO] HTTP Request: POST http://localhost:2026/v1/chat/completions "HTTP/1.1 200 OK"
2026-05-02 00:33:51,707 [INFO] [1530/3993] id=openseek-4-a1884ff58 GT=UNhim,QSheKIFoperationaandkxaa ✅ (3219ch, 13.9s)
2026-05-02 00:33:52,159 [INFO] HTTP Request: POST http://localhost:2026/v1/chat/completions "HTTP/1.1 200 OK"
2026-05-02 00:33:52,160 [INFO] [1531/3993] id=openseek-4-d459aa95c GT=VlBaltic,XkvdP ✅ (1767ch, 8.0s)
2026-05-02 00:33:59,143 [INFO] HTTP Request: POST http://localhost:2026/v1/chat/completions "HTTP/1.1 200 OK"
2026-05-02 00:33:59,144 [INFO] [1532/3993] id=openseek-4-c427fe411 GT=youznTlowerxWCcurrentsIL ✅ (2383ch, 10.1s)
2026-05-02 00:34:02,659 [INFO] HTTP Request: POST http://localhost:2026/v1/chat/completions "HTTP/1.1 200 OK"
2026-05-02 00:34:02,661 [INFO] [1533/3993] id=openseek-4-11182aa7b GT=homeRsofbwtheEzbroadjsleetmS ✅ (2751ch, 11.0s)
2026-05-02 00:34:03,535 [INFO] HTTP Request: POST http://localhost:2026/v1/chat/completions "HTTP/1.1 200 OK"
2026-05-02 00:34:03,536 [INFO] [1534/3993] id=openseek-4-64c6d0316 GT=tEarekdevotepuofU ✅ (2968ch, 11.4s)
2026-05-02 00:34:10,060 [INFO] HTTP Request: POST http://localhost:2026/v1/chat/completions "HTTP/1.1 200 OK"
2026-05-02 00:34:10,061 [INFO] [1535/3993] id=openseek-4-58f0d2010 GT=habits,GofPxoverJnavieslPtheSH ✅ (2458ch, 10.9s)
2026-05-02 00:34:11,487 [INFO] HTTP Request: POST http://localhost:2026/v1/chat/completions "HTTP/1.1 200 OK"
2026-05-02 00:34:11,488 [INFO] [1536/3993] id=openseek-4-1bb709ec3 GT=whileYVyouG ✅ (2081ch, 8.0s)
2026-05-02 00:34:15,679 [INFO] HTTP Request: POST http://localhost:2026/v1/chat/completions "HTTP/1.1 200 OK"
2026-05-02 00:34:15,940 [INFO] [1537/3993] id=openseek-4-cdbf15cc6 GT=thetbttheJassPz ✅ (3303ch, 13.3s)
2026-05-02 00:34:17,105 [INFO] HTTP Request: POST http://localhost:2026/v1/chat/completions "HTTP/1.1 200 OK"
2026-05-02 00:34:17,106 [INFO] [1538/3993] id=openseek-4-6deb967a7 GT=trueUbulwarks,Sseen ✅ (1794ch, 7.0s)
2026-05-02 00:34:26,180 [INFO] HTTP Request: POST http://localhost:2026/v1/chat/completions "HTTP/1.1 200 OK"
2026-05-02 00:34:26,182 [INFO] [1539/3993] id=openseek-4-5ed10fa50 GT=me,FrsecretvTjTNrollingse ✅ (3315ch, 14.7s)
2026-05-02 00:34:26,520 [INFO] HTTP Request: POST http://localhost:2026/v1/chat/completions "HTTP/1.1 200 OK"
2026-05-02 00:34:26,522 [INFO] [1540/3993] id=openseek-4-4b84e99ef GT=FnoNseemedIj ✅ (2468ch, 9.4s)
2026-05-02 00:34:27,435 [INFO] HTTP Request: POST http://localhost:2026/v1/chat/completions "HTTP/1.1 200 OK"
2026-05-02 00:34:27,436 [INFO] [1541/3993] id=openseek-4-37aab2588 GT=illumination.IforOXtheOIr ✅ (2996ch, 11.5s)
2026-05-02 00:34:30,712 [INFO] HTTP Request: POST http://localhost:2026/v1/chat/completions "HTTP/1.1 200 OK"
2026-05-02 00:34:30,714 [INFO] [1542/3993] id=openseek-4-8f289a753 GT=vStubbPc ✅ (1126ch, 4.5s)
2026-05-02 00:34:36,710 [INFO] HTTP Request: POST http://localhost:2026/v1/chat/completions "HTTP/1.1 200 OK"
2026-05-02 00:34:36,711 [INFO] [1543/3993] id=openseek-4-506df24aa GT=BebwasbSlostmqY ✅ (2336ch, 10.2s)
2026-05-02 00:34:41,528 [INFO] HTTP Request: POST http://localhost:2026/v1/chat/completions "HTTP/1.1 200 OK"
2026-05-02 00:34:41,530 [INFO] [1544/3993] id=openseek-4-40f2a7b43 GT=againstCCHAPTERctreatedNitQu ✅ (3039ch, 10.8s)
2026-05-02 00:34:42,856 [INFO] HTTP Request: POST http://localhost:2026/v1/chat/completions "HTTP/1.1 200 OK"
2026-05-02 00:34:42,857 [INFO] [1545/3993] id=openseek-4-08dfbad83 GT=casketsbutwKQTokAhabSOnceD ✅ (3882ch, 15.4s)
2026-05-02 00:34:46,280 [INFO] HTTP Request: POST http://localhost:2026/v1/chat/completions "HTTP/1.1 200 OK"
2026-05-02 00:34:46,282 [INFO] [1546/3993] id=openseek-4-38dd731a5 GT=windlass,ZSleaningVpublicI ✅ (2651ch, 9.6s)
2026-05-02 00:34:47,397 [INFO] HTTP Request: POST http://localhost:2026/v1/chat/completions "HTTP/1.1 200 OK"
2026-05-02 00:34:47,399 [INFO] [1547/3993] id=openseek-4-34372fd06 GT=ofMtwoFsXg ✅ (1383ch, 5.9s)
2026-05-02 00:34:55,477 [INFO] HTTP Request: POST http://localhost:2026/v1/chat/completions "HTTP/1.1 200 OK"
2026-05-02 00:34:55,479 [INFO] [1548/3993] id=openseek-4-52ac874bb GT=DRKwithtthereforeZOQ ✅ (2320ch, 9.2s)
2026-05-02 00:34:55,838 [INFO] HTTP Request: POST http://localhost:2026/v1/chat/completions "HTTP/1.1 200 OK"
2026-05-02 00:34:55,840 [INFO] [1549/3993] id=openseek-4-b40f42d77 GT=SpreviousvZabsence,Nv ✅ (2257ch, 8.4s)
2026-05-02 00:34:57,337 [INFO] HTTP Request: POST http://localhost:2026/v1/chat/completions "HTTP/1.1 200 OK"
2026-05-02 00:34:57,339 [INFO] [1550/3993] id=openseek-4-b60687bb4 GT=infantilenessisir;usinceWDofMk ✅ (3631ch, 14.5s)
2026-05-02 00:35:05,467 [INFO] HTTP Request: POST http://localhost:2026/v1/chat/completions "HTTP/1.1 200 OK"
2026-05-02 00:35:05,469 [INFO] [1551/3993] id=openseek-4-47ad90b37 GT=XthenthatcOj ✅ (2064ch, 8.1s)
2026-05-02 00:35:10,007 [INFO] HTTP Request: POST http://localhost:2026/v1/chat/completions "HTTP/1.1 200 OK"
2026-05-02 00:35:10,008 [INFO] [1552/3993] id=openseek-4-804950146 GT=isaboatUmoccasin.DofgbynUponza ✅ (3190ch, 14.2s)
2026-05-02 00:35:10,201 [INFO] HTTP Request: POST http://localhost:2026/v1/chat/completions "HTTP/1.1 200 OK"
2026-05-02 00:35:10,202 [INFO] [1553/3993] id=openseek-4-2b1a48051 GT=ofromjJWclingingMHcCome,Y ✅ (3479ch, 14.7s)
2026-05-02 00:35:12,875 [INFO] HTTP Request: POST http://localhost:2026/v1/chat/completions "HTTP/1.1 200 OK"
2026-05-02 00:35:12,876 [INFO] [1554/3993] id=openseek-4-6de4375bc GT=salliedbatKatbXx ✅ (1701ch, 7.4s)
2026-05-02 00:35:20,717 [INFO] HTTP Request: POST http://localhost:2026/v1/chat/completions "HTTP/1.1 200 OK"
2026-05-02 00:35:20,719 [INFO] [1555/3993] id=openseek-4-a4c6381ab GT=zLvMwhetherXeR ✅ (2754ch, 10.7s)
2026-05-02 00:35:21,805 [INFO] HTTP Request: POST http://localhost:2026/v1/chat/completions "HTTP/1.1 200 OK"
2026-05-02 00:35:21,807 [INFO] [1556/3993] id=openseek-4-6fb89334d GT=FibPmorePDOTpU ✅ (2039ch, 8.9s)
2026-05-02 00:35:25,194 [INFO] HTTP Request: POST http://localhost:2026/v1/chat/completions "HTTP/1.1 200 OK"
2026-05-02 00:35:25,195 [INFO] [1557/3993] id=openseek-4-4347d2edf GT=fleshLReadyTothellongIofzTsupr ✅ (3404ch, 15.0s)
2026-05-02 00:35:29,854 [INFO] HTTP Request: POST http://localhost:2026/v1/chat/completions "HTTP/1.1 200 OK"
2026-05-02 00:35:29,855 [INFO] [1558/3993] id=openseek-4-dd2135b0f GT=vhhlivingxtheUcondescendingz ✅ (1989ch, 8.0s)
2026-05-02 00:35:32,258 [INFO] HTTP Request: POST http://localhost:2026/v1/chat/completions "HTTP/1.1 200 OK"
2026-05-02 00:35:32,259 [INFO] [1559/3993] id=openseek-4-87f57582f GT=temporarilyxnLBXIbmovements.lP ✅ (1977ch, 7.1s)
2026-05-02 00:35:35,141 [INFO] HTTP Request: POST http://localhost:2026/v1/chat/completions "HTTP/1.1 200 OK"
2026-05-02 00:35:35,142 [INFO] [1560/3993] id=openseek-4-bb9e295b9 GT=theTwhenPtobaccoac ✅ (1371ch, 5.3s)
2026-05-02 00:35:37,117 [INFO] HTTP Request: POST http://localhost:2026/v1/chat/completions "HTTP/1.1 200 OK"
2026-05-02 00:35:37,118 [INFO] [1561/3993] id=openseek-4-a96c32ff8 GT=ocaught,vallGYythat;oofeharpoo ✅ (3603ch, 16.4s)
2026-05-02 00:35:43,022 [INFO] HTTP Request: POST http://localhost:2026/v1/chat/completions "HTTP/1.1 200 OK"
2026-05-02 00:35:43,023 [INFO] [1562/3993] id=openseek-4-08794d446 GT=whenILLdeckthereHcInajglassoLh ✅ (2521ch, 10.8s)
2026-05-02 00:35:43,665 [INFO] HTTP Request: POST http://localhost:2026/v1/chat/completions "HTTP/1.1 200 OK"
2026-05-02 00:35:43,666 [INFO] [1563/3993] id=openseek-4-49983ac15 GT=YUaQBindicationsHz ✅ (2254ch, 8.5s)
2026-05-02 00:35:45,416 [INFO] HTTP Request: POST http://localhost:2026/v1/chat/completions "HTTP/1.1 200 OK"
2026-05-02 00:35:45,418 [INFO] [1564/3993] id=openseek-4-dfc37f52d GT=IsoqasidebI9dVyouR ✅ (2054ch, 8.3s)
2026-05-02 00:35:46,714 [INFO] HTTP Request: POST http://localhost:2026/v1/chat/completions "HTTP/1.1 200 OK"
2026-05-02 00:35:46,715 [INFO] [1565/3993] id=openseek-4-75fe1d60c GT=cC ✅ (1004ch, 3.7s)
2026-05-02 00:35:50,145 [INFO] HTTP Request: POST http://localhost:2026/v1/chat/completions "HTTP/1.1 200 OK"
2026-05-02 00:35:50,146 [INFO] [1566/3993] id=openseek-4-f5bdddc17 GT=aouponu ✅ (1661ch, 6.5s)
2026-05-02 00:35:53,409 [INFO] HTTP Request: POST http://localhost:2026/v1/chat/completions "HTTP/1.1 200 OK"
2026-05-02 00:35:53,410 [INFO] [1567/3993] id=openseek-4-835839d88 GT=SA ✅ (626ch, 3.3s)
2026-05-02 00:35:54,888 [INFO] HTTP Request: POST http://localhost:2026/v1/chat/completions "HTTP/1.1 200 OK"
2026-05-02 00:35:54,890 [INFO] [1568/3993] id=openseek-4-cdc28a304 GT=generallyGPFwoneeEM ✅ (2436ch, 9.5s)
2026-05-02 00:36:00,167 [INFO] HTTP Request: POST http://localhost:2026/v1/chat/completions "HTTP/1.1 200 OK"
2026-05-02 00:36:00,168 [INFO] [1569/3993] id=openseek-4-ca29a717a GT=coffGthemqv ✅ (1499ch, 6.8s)
2026-05-02 00:36:00,966 [INFO] HTTP Request: POST http://localhost:2026/v1/chat/completions "HTTP/1.1 200 OK"
2026-05-02 00:36:00,969 [INFO] [1570/3993] id=openseek-4-0e195ae32 GT=ieverymdaoRyetG ✅ (1498ch, 6.1s)
2026-05-02 00:36:01,886 [INFO] HTTP Request: POST http://localhost:2026/v1/chat/completions "HTTP/1.1 200 OK"
2026-05-02 00:36:01,888 [INFO] [1571/3993] id=openseek-4-abe63594b GT=FhHjettingvthou,ncrowdmuNNd ✅ (3480ch, 15.2s)
2026-05-02 00:36:07,025 [INFO] HTTP Request: POST http://localhost:2026/v1/chat/completions "HTTP/1.1 200 OK"
2026-05-02 00:36:07,027 [INFO] [1572/3993] id=openseek-4-6f0fd75ff GT=YIinW ✅ (1336ch, 5.1s)
2026-05-02 00:36:09,466 [INFO] HTTP Request: POST http://localhost:2026/v1/chat/completions "HTTP/1.1 200 OK"
2026-05-02 00:36:09,467 [INFO] [1573/3993] id=openseek-4-c69636c57 GT=ofJxHarry4(aJ ✅ (2295ch, 9.3s)
2026-05-02 00:36:14,915 [INFO] HTTP Request: POST http://localhost:2026/v1/chat/completions "HTTP/1.1 200 OK"
2026-05-02 00:36:14,917 [INFO] [1574/3993] id=openseek-4-b7cab69c4 GT=AaNinTlengthBzcallsyandRserene ✅ (3378ch, 13.9s)
2026-05-02 00:36:22,166 [INFO] HTTP Request: POST http://localhost:2026/v1/chat/completions "HTTP/1.1 200 OK"
2026-05-02 00:36:22,167 [INFO] [1575/3993] id=openseek-4-a60ab4e63 GT=qqtheWdaycOkCJyg ✅ (3030ch, 12.7s)
2026-05-02 00:36:27,330 [INFO] HTTP Request: POST http://localhost:2026/v1/chat/completions "HTTP/1.1 200 OK"
2026-05-02 00:36:27,331 [WARNING]   [attempt 1 T=0.0] think validate 失败 (len=4393): 'Okay, let's see. I need to concatenate this list of strings into a single line w'
2026-05-02 00:36:32,092 [INFO] HTTP Request: POST http://localhost:2026/v1/chat/completions "HTTP/1.1 200 OK"
2026-05-02 00:36:32,093 [INFO] [1576/3993] id=openseek-4-8bcd10950 GT=fabulousstheyitjYincarnated;bj ✅ (3990ch, 17.2s)
2026-05-02 00:36:38,184 [INFO] HTTP Request: POST http://localhost:2026/v1/chat/completions "HTTP/1.1 200 OK"
2026-05-02 00:36:38,185 [INFO] [1577/3993] id=openseek-4-ebfa55997 GT=ELone.LtoUuAmanI ✅ (3910ch, 16.0s)
2026-05-02 00:36:40,075 [INFO] HTTP Request: POST http://localhost:2026/v1/chat/completions "HTTP/1.1 200 OK"
2026-05-02 00:36:40,076 [INFO] [1578/3993] id=openseek-4-4ed3a2229 GT=blhardlycHtoCJforl ✅ (1755ch, 8.0s)
2026-05-02 00:36:41,208 [INFO] HTTP Request: POST http://localhost:2026/v1/chat/completions "HTTP/1.1 200 OK"
2026-05-02 00:36:41,210 [INFO] [1579/3993] id=openseek-4-88937f0cd GT=thevundulated,lhisSship9sAfsmi ✅ (3194ch, 34.2s)
2026-05-02 00:36:46,786 [INFO] HTTP Request: POST http://localhost:2026/v1/chat/completions "HTTP/1.1 200 OK"
2026-05-02 00:36:46,787 [INFO] [1580/3993] id=openseek-4-e6be79ea1 GT=aRjWdfsolacesx ✅ (2035ch, 8.6s)
2026-05-02 00:36:52,162 [INFO] HTTP Request: POST http://localhost:2026/v1/chat/completions "HTTP/1.1 200 OK"
2026-05-02 00:36:52,164 [INFO] [1581/3993] id=openseek-4-4d6fc438e GT=hsoWherebrokenE ✅ (2602ch, 11.0s)
2026-05-02 00:36:55,755 [INFO] HTTP Request: POST http://localhost:2026/v1/chat/completions "HTTP/1.1 200 OK"
2026-05-02 00:36:55,756 [INFO] [1582/3993] id=openseek-4-d57fe1d47 GT=manifestationDkQNchartswZL ✅ (2367ch, 9.0s)
2026-05-02 00:36:56,741 [INFO] HTTP Request: POST http://localhost:2026/v1/chat/completions "HTTP/1.1 200 OK"
2026-05-02 00:36:56,742 [INFO] [1583/3993] id=openseek-4-a52a7840b GT=theOtoe.WLhewstoutBwhalesJtheg ✅ (3511ch, 16.7s)
2026-05-02 00:36:57,816 [INFO] HTTP Request: POST http://localhost:2026/v1/chat/completions "HTTP/1.1 200 OK"
2026-05-02 00:36:57,818 [INFO] [1584/3993] id=openseek-4-bbccc078d GT=betweenVaZ ✅ (1194ch, 5.7s)
2026-05-02 00:37:10,061 [INFO] HTTP Request: POST http://localhost:2026/v1/chat/completions "HTTP/1.1 200 OK"
2026-05-02 00:37:10,062 [INFO] [1585/3993] id=openseek-4-b51172734 GT=thatvazWLDtoiJNhadR ✅ (3323ch, 14.3s)
2026-05-02 00:37:12,230 [INFO] HTTP Request: POST http://localhost:2026/v1/chat/completions "HTTP/1.1 200 OK"
2026-05-02 00:37:12,231 [INFO] [1586/3993] id=openseek-4-e8110436d GT=aandHthisdproperty,AtoLingCWco ✅ (3904ch, 15.5s)
2026-05-02 00:37:13,614 [INFO] HTTP Request: POST http://localhost:2026/v1/chat/completions "HTTP/1.1 200 OK"
2026-05-02 00:37:13,616 [INFO] [1587/3993] id=openseek-4-ed9d3f9b6 GT=opkxonespoliteGdexterities,kwl ✅ (3549ch, 15.8s)
2026-05-02 00:37:14,744 [INFO] HTTP Request: POST http://localhost:2026/v1/chat/completions "HTTP/1.1 200 OK"
2026-05-02 00:37:14,745 [INFO] [1588/3993] id=openseek-4-ecd041b72 GT=olimbzwhethera ✅ (1123ch, 4.7s)
2026-05-02 00:37:24,651 [INFO] HTTP Request: POST http://localhost:2026/v1/chat/completions "HTTP/1.1 200 OK"
2026-05-02 00:37:24,652 [INFO] [1589/3993] id=openseek-4-85fc86a2d GT=NWell,stheirOtheifirsthH ✅ (2984ch, 12.4s)
2026-05-02 00:37:24,669 [INFO] HTTP Request: POST http://localhost:2026/v1/chat/completions "HTTP/1.1 200 OK"
2026-05-02 00:37:24,670 [INFO] [1590/3993] id=openseek-4-12306a0c2 GT=RpresentmjsocialZprice,hGmWhit ✅ (2684ch, 11.1s)
2026-05-02 00:37:31,030 [INFO] HTTP Request: POST http://localhost:2026/v1/chat/completions "HTTP/1.1 200 OK"
2026-05-02 00:37:31,032 [INFO] [1591/3993] id=openseek-4-064abe583 GT=command,TwhatTQyetkFYusages,JO ✅ (3881ch, 16.3s)
2026-05-02 00:37:33,018 [INFO] HTTP Request: POST http://localhost:2026/v1/chat/completions "HTTP/1.1 200 OK"
2026-05-02 00:37:33,019 [INFO] [1592/3993] id=openseek-4-b496c88df GT=ncszQJtillML ✅ (1922ch, 8.4s)
2026-05-02 00:37:33,439 [INFO] HTTP Request: POST http://localhost:2026/v1/chat/completions "HTTP/1.1 200 OK"
2026-05-02 00:37:33,440 [INFO] [1593/3993] id=openseek-4-40384a0b2 GT=JstrikeJthingRink ✅ (2318ch, 8.8s)
2026-05-02 00:37:37,457 [INFO] HTTP Request: POST http://localhost:2026/v1/chat/completions "HTTP/1.1 200 OK"
2026-05-02 00:37:37,458 [INFO] [1594/3993] id=openseek-4-8bbfac299 GT=Sgy ✅ (1073ch, 4.0s)
2026-05-02 00:37:37,586 [INFO] HTTP Request: POST http://localhost:2026/v1/chat/completions "HTTP/1.1 200 OK"
2026-05-02 00:37:37,587 [INFO] [1595/3993] id=openseek-4-287aaa1f4 GT=Orhicannibaldl ✅ (1662ch, 6.6s)
2026-05-02 00:37:40,875 [INFO] HTTP Request: POST http://localhost:2026/v1/chat/completions "HTTP/1.1 200 OK"
2026-05-02 00:37:40,876 [INFO] [1596/3993] id=openseek-4-177dccadc GT=JN ✅ (930ch, 3.4s)
2026-05-02 00:37:42,037 [INFO] HTTP Request: POST http://localhost:2026/v1/chat/completions "HTTP/1.1 200 OK"
2026-05-02 00:37:42,038 [INFO] [1597/3993] id=openseek-4-c849df386 GT=aUywall,YH ✅ (2188ch, 9.0s)
2026-05-02 00:37:46,842 [INFO] HTTP Request: POST http://localhost:2026/v1/chat/completions "HTTP/1.1 200 OK"
2026-05-02 00:37:46,843 [INFO] [1598/3993] id=openseek-4-655e94d4f GT=NTWI ✅ (1227ch, 4.8s)
2026-05-02 00:37:54,583 [INFO] HTTP Request: POST http://localhost:2026/v1/chat/completions "HTTP/1.1 200 OK"
2026-05-02 00:37:54,583 [WARNING]   [attempt 1 T=0.0] think validate 失败 (len=4120): 'Okay, let's see. I need to concatenate this list of strings into a single line w'
2026-05-02 00:37:56,724 [INFO] HTTP Request: POST http://localhost:2026/v1/chat/completions "HTTP/1.1 200 OK"
2026-05-02 00:37:56,725 [INFO] [1599/3993] id=openseek-4-622876f4d GT=hsailor,MUOhold,fByisOtowardsM ✅ (3282ch, 15.8s)
2026-05-02 00:38:00,752 [INFO] HTTP Request: POST http://localhost:2026/v1/chat/completions "HTTP/1.1 200 OK"
2026-05-02 00:38:00,753 [INFO] [1600/3993] id=openseek-4-57d512f7c GT=heVKthyXdxAMatG ✅ (2315ch, 13.9s)
2026-05-02 00:38:00,913 [INFO]   💾 已保存 (成功=1593 失败=7) | 3.8s/条均值 | ETA=152min
2026-05-02 00:38:04,113 [INFO] HTTP Request: POST http://localhost:2026/v1/chat/completions "HTTP/1.1 200 OK"
2026-05-02 00:38:04,114 [INFO] [1601/3993] id=openseek-4-7cefa6f8b GT=notbLanA ✅ (1757ch, 7.4s)
2026-05-02 00:38:05,240 [INFO] HTTP Request: POST http://localhost:2026/v1/chat/completions "HTTP/1.1 200 OK"
2026-05-02 00:38:05,241 [INFO] [1602/3993] id=openseek-4-1b63973b0 GT=OQFlask.jeyxonI ✅ (2492ch, 27.7s)
2026-05-02 00:38:08,251 [INFO] HTTP Request: POST http://localhost:2026/v1/chat/completions "HTTP/1.1 200 OK"
2026-05-02 00:38:08,252 [INFO] [1603/3993] id=openseek-4-a554830c0 GT=ssLcarefulD ✅ (1878ch, 7.5s)
2026-05-02 00:38:14,739 [INFO] HTTP Request: POST http://localhost:2026/v1/chat/completions "HTTP/1.1 200 OK"
2026-05-02 00:38:14,740 [INFO] [1604/3993] id=openseek-4-847d9c271 GT=andWthermometer!4it9sicIheadle ✅ (2677ch, 10.6s)
2026-05-02 00:38:17,668 [INFO] HTTP Request: POST http://localhost:2026/v1/chat/completions "HTTP/1.1 200 OK"
2026-05-02 00:38:17,669 [INFO] [1605/3993] id=openseek-4-ad5b835fe GT=xminvestedlavindictiveLlarge,C ✅ (2968ch, 12.4s)
2026-05-02 00:38:20,545 [INFO] HTTP Request: POST http://localhost:2026/v1/chat/completions "HTTP/1.1 200 OK"
2026-05-02 00:38:20,546 [INFO] [1606/3993] id=openseek-4-1012b101f GT=WHurrah!4HerejEareDXAq ✅ (2953ch, 12.3s)
2026-05-02 00:38:23,484 [INFO] HTTP Request: POST http://localhost:2026/v1/chat/completions "HTTP/1.1 200 OK"
2026-05-02 00:38:23,485 [INFO] [1607/3993] id=openseek-4-a9898a6ac GT=seventhsLbatrandj ✅ (2220ch, 8.7s)
2026-05-02 00:38:24,342 [INFO] HTTP Request: POST http://localhost:2026/v1/chat/completions "HTTP/1.1 200 OK"
2026-05-02 00:38:24,343 [INFO] [1608/3993] id=openseek-4-405d35c2e GT=tDrevealWkRfPpM ✅ (1535ch, 6.7s)
2026-05-02 00:38:28,112 [INFO] HTTP Request: POST http://localhost:2026/v1/chat/completions "HTTP/1.1 200 OK"
2026-05-02 00:38:28,113 [INFO] [1609/3993] id=openseek-4-dce8ea589 GT=immenseFVgame,qBa ✅ (1894ch, 7.6s)
2026-05-02 00:38:29,995 [INFO] HTTP Request: POST http://localhost:2026/v1/chat/completions "HTTP/1.1 200 OK"
2026-05-02 00:38:29,996 [INFO] [1610/3993] id=openseek-4-b9299e75a GT=mdownqtheseh ✅ (1520ch, 5.7s)
2026-05-02 00:38:30,547 [INFO] HTTP Request: POST http://localhost:2026/v1/chat/completions "HTTP/1.1 200 OK"
2026-05-02 00:38:30,548 [INFO] [1611/3993] id=openseek-4-d982a7ed1 GT=mphantomg ✅ (1962ch, 7.1s)
2026-05-02 00:38:41,625 [INFO] HTTP Request: POST http://localhost:2026/v1/chat/completions "HTTP/1.1 200 OK"
2026-05-02 00:38:41,627 [INFO] [1612/3993] id=openseek-4-3c6584a30 GT=wman9sGnxthenOandBlevelledsthe ✅ (3094ch, 13.5s)
2026-05-02 00:38:45,193 [INFO] HTTP Request: POST http://localhost:2026/v1/chat/completions "HTTP/1.1 200 OK"
2026-05-02 00:38:45,194 [INFO] [1613/3993] id=openseek-4-1d6902e92 GT=theSWell,PmazycbackLnATtakingQ ✅ (3204ch, 14.6s)
2026-05-02 00:38:47,257 [INFO] HTTP Request: POST http://localhost:2026/v1/chat/completions "HTTP/1.1 200 OK"
2026-05-02 00:38:47,258 [WARNING]   [attempt 1 T=0.0] think validate 失败 (len=4223): 'Okay, let's see. I need to concatenate this list of strings into a single line w'
2026-05-02 00:38:51,000 [INFO] HTTP Request: POST http://localhost:2026/v1/chat/completions "HTTP/1.1 200 OK"
2026-05-02 00:38:51,002 [INFO] [1614/3993] id=openseek-4-7bdb4e82a GT=dsloop-of-warbhisubej ✅ (2336ch, 9.4s)
2026-05-02 00:38:57,956 [INFO] HTTP Request: POST http://localhost:2026/v1/chat/completions "HTTP/1.1 200 OK"
2026-05-02 00:38:57,957 [INFO] [1615/3993] id=openseek-4-d013d2b6b GT=reforminglsKcueawatchJ ✅ (1543ch, 7.0s)
2026-05-02 00:38:58,071 [INFO] HTTP Request: POST http://localhost:2026/v1/chat/completions "HTTP/1.1 200 OK"
2026-05-02 00:38:58,072 [INFO] [1616/3993] id=openseek-4-02ca1fc06 GT=atZtheaMherecthefj ✅ (3225ch, 12.9s)
2026-05-02 00:39:05,733 [INFO] HTTP Request: POST http://localhost:2026/v1/chat/completions "HTTP/1.1 200 OK"
2026-05-02 00:39:05,733 [WARNING]   [attempt 2 T=0.3] think validate 失败 (len=4317): 'Okay, let's see. I need to concatenate this list of strings into a single line w'
2026-05-02 00:39:07,018 [INFO] HTTP Request: POST http://localhost:2026/v1/chat/completions "HTTP/1.1 200 OK"
2026-05-02 00:39:07,019 [INFO] [1617/3993] id=openseek-4-eeaecd19b GT=DmorningJRCs ✅ (2156ch, 8.9s)
2026-05-02 00:39:10,656 [INFO] HTTP Request: POST http://localhost:2026/v1/chat/completions "HTTP/1.1 200 OK"
2026-05-02 00:39:10,657 [INFO] [1618/3993] id=openseek-4-0ee16052d GT=IebeIWpVwmissing,Eiitself.dofg ✅ (2731ch, 12.7s)
2026-05-02 00:39:13,641 [INFO] HTTP Request: POST http://localhost:2026/v1/chat/completions "HTTP/1.1 200 OK"
2026-05-02 00:39:13,643 [INFO] [1619/3993] id=openseek-4-acb00ec48 GT=forzatjmostlyST ✅ (1591ch, 6.6s)
2026-05-02 00:39:17,019 [INFO] HTTP Request: POST http://localhost:2026/v1/chat/completions "HTTP/1.1 200 OK"
2026-05-02 00:39:17,020 [INFO] [1620/3993] id=openseek-4-eec19fe0d GT=xmoreVdumbSweathernjatransfixi ✅ (2684ch, 47.0s)
2026-05-02 00:39:17,948 [INFO] HTTP Request: POST http://localhost:2026/v1/chat/completions "HTTP/1.1 200 OK"
2026-05-02 00:39:17,950 [INFO] [1621/3993] id=openseek-4-3cc821b63 GT=GwalkinguTcobblestones4soF ✅ (1830ch, 7.3s)
2026-05-02 00:39:18,294 [INFO] HTTP Request: POST http://localhost:2026/v1/chat/completions "HTTP/1.1 200 OK"
2026-05-02 00:39:18,296 [INFO] [1622/3993] id=openseek-4-5620f316e GT=gNG ✅ (1134ch, 4.7s)
2026-05-02 00:39:26,672 [INFO] HTTP Request: POST http://localhost:2026/v1/chat/completions "HTTP/1.1 200 OK"
2026-05-02 00:39:26,673 [INFO] [1623/3993] id=openseek-4-e2904411f GT=theyjfixedlylfeetLhisC ✅ (2590ch, 9.7s)
2026-05-02 00:39:30,929 [INFO] HTTP Request: POST http://localhost:2026/v1/chat/completions "HTTP/1.1 200 OK"
2026-05-02 00:39:30,930 [INFO] [1624/3993] id=openseek-4-016d0aff8 GT=XVAM ✅ (1055ch, 4.3s)
2026-05-02 00:39:31,760 [INFO] HTTP Request: POST http://localhost:2026/v1/chat/completions "HTTP/1.1 200 OK"
2026-05-02 00:39:31,761 [INFO] [1625/3993] id=openseek-4-bd47d6d04 GT=uinXdarUnotUgEFsure,B ✅ (3305ch, 13.8s)
2026-05-02 00:39:36,977 [INFO] HTTP Request: POST http://localhost:2026/v1/chat/completions "HTTP/1.1 200 OK"
2026-05-02 00:39:36,977 [WARNING]   [attempt 1 T=0.0] 答案校验失败 pred='old s a Y J (_sneezes_.) a e z death, f worth f S snap x' expect='old s a Y J (_sneezes_). a e z death, f worth f S snap x'
2026-05-02 00:39:42,002 [INFO] HTTP Request: POST http://localhost:2026/v1/chat/completions "HTTP/1.1 200 OK"
2026-05-02 00:39:42,003 [INFO] [1626/3993] id=openseek-4-d9fea370d GT=bnashtheavytUmalignityBFlaskl ✅ (2689ch, 11.1s)
2026-05-02 00:39:47,109 [INFO] HTTP Request: POST http://localhost:2026/v1/chat/completions "HTTP/1.1 200 OK"
2026-05-02 00:39:47,110 [INFO] [1627/3993] id=openseek-4-c6b4593e6 GT=clastKT ✅ (1042ch, 5.1s)
2026-05-02 00:39:47,516 [INFO] HTTP Request: POST http://localhost:2026/v1/chat/completions "HTTP/1.1 200 OK"
2026-05-02 00:39:47,518 [INFO] [1628/3993] id=openseek-4-0c4cd0c36 GT=theptheirOman,zIrs ✅ (3966ch, 15.8s)
2026-05-02 00:39:48,748 [INFO] HTTP Request: POST http://localhost:2026/v1/chat/completions "HTTP/1.1 200 OK"
2026-05-02 00:39:48,749 [INFO] [1629/3993] id=openseek-4-1829a071a GT=oldsaYJ(_sneezes_).aezdeath,fw ✅ (2760ch, 30.5s)
2026-05-02 00:39:54,130 [INFO] HTTP Request: POST http://localhost:2026/v1/chat/completions "HTTP/1.1 200 OK"
2026-05-02 00:39:54,131 [INFO] [1630/3993] id=openseek-4-525f2200b GT=sTSCSy ✅ (1706ch, 7.0s)
2026-05-02 00:39:56,529 [INFO] HTTP Request: POST http://localhost:2026/v1/chat/completions "HTTP/1.1 200 OK"
2026-05-02 00:39:56,530 [INFO] [1631/3993] id=openseek-4-43c97ebd1 GT=closemtheBSwektheiry ✅ (2299ch, 9.0s)
2026-05-02 00:40:00,887 [INFO] HTTP Request: POST http://localhost:2026/v1/chat/completions "HTTP/1.1 200 OK"
2026-05-02 00:40:00,888 [INFO] [1632/3993] id=openseek-4-3fc9c3c66 GT=below.qVPollardeX ✅ (1338ch, 6.8s)
2026-05-02 00:40:03,469 [INFO] HTTP Request: POST http://localhost:2026/v1/chat/completions "HTTP/1.1 200 OK"
2026-05-02 00:40:03,470 [INFO] [1633/3993] id=openseek-4-b228fe001 GT=wePcutskway,mfapparentlyKLthat ✅ (3618ch, 14.7s)
2026-05-02 00:40:07,200 [INFO] HTTP Request: POST http://localhost:2026/v1/chat/completions "HTTP/1.1 200 OK"
2026-05-02 00:40:07,201 [INFO] [1634/3993] id=openseek-4-2a352412c GT=faceSiKvernal,Loutc ✅ (2646ch, 10.7s)
2026-05-02 00:40:11,850 [INFO] HTTP Request: POST http://localhost:2026/v1/chat/completions "HTTP/1.1 200 OK"
2026-05-02 00:40:11,852 [INFO] [1635/3993] id=openseek-4-35fc748b7 GT=swearynButjzandCLleakr ✅ (2775ch, 11.0s)
2026-05-02 00:40:16,178 [INFO] HTTP Request: POST http://localhost:2026/v1/chat/completions "HTTP/1.1 200 OK"
2026-05-02 00:40:16,180 [INFO] [1636/3993] id=openseek-4-5c469d3e0 GT=command.QywashQthisSFtheycombi ✅ (3085ch, 12.7s)
2026-05-02 00:40:17,540 [INFO] HTTP Request: POST http://localhost:2026/v1/chat/completions "HTTP/1.1 200 OK"
2026-05-02 00:40:17,542 [INFO] [1637/3993] id=openseek-4-616caffa5 GT=cfullyqrtheaoriginallyK ✅ (1458ch, 5.7s)
2026-05-02 00:40:18,498 [INFO] HTTP Request: POST http://localhost:2026/v1/chat/completions "HTTP/1.1 200 OK"
2026-05-02 00:40:18,499 [INFO] [1638/3993] id=openseek-4-10b3014be GT=VqtheTallLtheZtheFrytheregoutb ✅ (2771ch, 11.3s)
2026-05-02 00:40:27,126 [INFO] HTTP Request: POST http://localhost:2026/v1/chat/completions "HTTP/1.1 200 OK"
2026-05-02 00:40:27,128 [INFO] [1639/3993] id=openseek-4-9adb0bcfb GT=therQhungAolamphformerk ✅ (2854ch, 10.9s)
2026-05-02 00:40:29,009 [INFO] HTTP Request: POST http://localhost:2026/v1/chat/completions "HTTP/1.1 200 OK"
2026-05-02 00:40:29,010 [INFO] [1640/3993] id=openseek-4-467da0c75 GT=extraordinaryswatereartisanywh ✅ (3250ch, 11.5s)
2026-05-02 00:40:30,509 [INFO] HTTP Request: POST http://localhost:2026/v1/chat/completions "HTTP/1.1 200 OK"
2026-05-02 00:40:30,511 [INFO] [1641/3993] id=openseek-4-6aa1bc905 GT=do4rememberRhadTWUxbehiandv ✅ (3178ch, 12.0s)
2026-05-02 00:40:36,498 [INFO] HTTP Request: POST http://localhost:2026/v1/chat/completions "HTTP/1.1 200 OK"
2026-05-02 00:40:36,499 [INFO] [1642/3993] id=openseek-4-b5f70ee8f GT=PaewhaletofM ✅ (1492ch, 6.0s)
2026-05-02 00:40:42,738 [INFO] HTTP Request: POST http://localhost:2026/v1/chat/completions "HTTP/1.1 200 OK"
2026-05-02 00:40:42,739 [INFO] [1643/3993] id=openseek-4-4ea86d651 GT=first?dJhisbandxsawAthen,YdiYw ✅ (3821ch, 15.6s)
2026-05-02 00:40:42,790 [INFO] HTTP Request: POST http://localhost:2026/v1/chat/completions "HTTP/1.1 200 OK"
2026-05-02 00:40:42,791 [INFO] [1644/3993] id=openseek-4-ab8b9bd3b GT=theHandViDdescent,Ythev ✅ (3461ch, 13.8s)
2026-05-02 00:40:43,162 [INFO] HTTP Request: POST http://localhost:2026/v1/chat/completions "HTTP/1.1 200 OK"
2026-05-02 00:40:43,163 [INFO] [1645/3993] id=openseek-4-8e4bed04b GT=OTun,MAndesG ✅ (1685ch, 6.7s)
2026-05-02 00:40:46,352 [INFO] HTTP Request: POST http://localhost:2026/v1/chat/completions "HTTP/1.1 200 OK"
2026-05-02 00:40:46,353 [INFO] [1646/3993] id=openseek-4-8605721a6 GT=hH ✅ (657ch, 3.6s)
2026-05-02 00:40:51,148 [INFO] HTTP Request: POST http://localhost:2026/v1/chat/completions "HTTP/1.1 200 OK"
2026-05-02 00:40:51,149 [INFO] [1647/3993] id=openseek-4-255111539 GT=Wintox ✅ (926ch, 4.8s)
2026-05-02 00:40:51,925 [INFO] HTTP Request: POST http://localhost:2026/v1/chat/completions "HTTP/1.1 200 OK"
2026-05-02 00:40:51,927 [INFO] [1648/3993] id=openseek-4-fb1fa8b58 GT=gosRuUVS ✅ (2170ch, 8.8s)
2026-05-02 00:40:55,327 [INFO] HTTP Request: POST http://localhost:2026/v1/chat/completions "HTTP/1.1 200 OK"
2026-05-02 00:40:55,329 [INFO] [1649/3993] id=openseek-4-5e98b3da4 GT=jlow-lying,AmaterialXwhale,aco ✅ (3243ch, 12.6s)
2026-05-02 00:40:58,144 [INFO] HTTP Request: POST http://localhost:2026/v1/chat/completions "HTTP/1.1 200 OK"
2026-05-02 00:40:58,145 [INFO] [1650/3993] id=openseek-4-b313569d2 GT=RofNhQanddK ✅ (1725ch, 7.0s)
2026-05-02 00:41:02,994 [INFO] HTTP Request: POST http://localhost:2026/v1/chat/completions "HTTP/1.1 200 OK"
2026-05-02 00:41:02,995 [INFO] [1651/3993] id=openseek-4-2b067af5c GT=Asun,RoffXwithwXDcYes,uFD ✅ (2613ch, 11.1s)
2026-05-02 00:41:04,868 [INFO] HTTP Request: POST http://localhost:2026/v1/chat/completions "HTTP/1.1 200 OK"
2026-05-02 00:41:04,869 [INFO] [1652/3993] id=openseek-4-9ea42a730 GT=oworldWwfellg ✅ (2557ch, 9.5s)
2026-05-02 00:41:06,224 [INFO] HTTP Request: POST http://localhost:2026/v1/chat/completions "HTTP/1.1 200 OK"
2026-05-02 00:41:06,225 [INFO] [1653/3993] id=openseek-4-8b5e4ccdf GT=toAAndGofJ ✅ (2074ch, 8.1s)
2026-05-02 00:41:09,413 [INFO] HTTP Request: POST http://localhost:2026/v1/chat/completions "HTTP/1.1 200 OK"
2026-05-02 00:41:09,414 [INFO] [1654/3993] id=openseek-4-d9dc1d79e GT=whileRbleaguesCinm ✅ (1220ch, 4.5s)
2026-05-02 00:41:12,149 [INFO] HTTP Request: POST http://localhost:2026/v1/chat/completions "HTTP/1.1 200 OK"
2026-05-02 00:41:12,150 [INFO] [1655/3993] id=openseek-4-0312ca7b8 GT=VkXPequod,Xwvk ✅ (2198ch, 9.2s)
2026-05-02 00:41:16,585 [INFO] HTTP Request: POST http://localhost:2026/v1/chat/completions "HTTP/1.1 200 OK"
2026-05-02 00:41:16,587 [INFO] [1656/3993] id=openseek-4-318c449fe GT=Cprouder,QitaFintoDg ✅ (2523ch, 10.4s)
2026-05-02 00:41:19,325 [INFO] HTTP Request: POST http://localhost:2026/v1/chat/completions "HTTP/1.1 200 OK"
2026-05-02 00:41:19,326 [INFO] [1657/3993] id=openseek-4-16e824b36 GT=zqrUanKiron,m ✅ (2333ch, 9.9s)
2026-05-02 00:41:22,099 [INFO] HTTP Request: POST http://localhost:2026/v1/chat/completions "HTTP/1.1 200 OK"
2026-05-02 00:41:22,100 [INFO] [1658/3993] id=openseek-4-e8aa52833 GT=QTgHSwithowrigglingUhasidarkne ✅ (2399ch, 10.0s)
2026-05-02 00:41:27,264 [INFO] HTTP Request: POST http://localhost:2026/v1/chat/completions "HTTP/1.1 200 OK"
2026-05-02 00:41:27,265 [INFO] [1659/3993] id=openseek-4-f8f4b4fe5 GT=withJLFaAatXay ✅ (2606ch, 10.7s)
2026-05-02 00:41:34,064 [INFO] HTTP Request: POST http://localhost:2026/v1/chat/completions "HTTP/1.1 200 OK"
2026-05-02 00:41:34,065 [INFO] [1660/3993] id=openseek-4-05d66fad1 GT=IattheulightIyAjgYpower,Kbrush ✅ (3461ch, 14.7s)
2026-05-02 00:41:34,286 [INFO] HTTP Request: POST http://localhost:2026/v1/chat/completions "HTTP/1.1 200 OK"
2026-05-02 00:41:34,287 [INFO] [1661/3993] id=openseek-4-ef02fee28 GT=leftSQYbuntingIqterrorSforehea ✅ (3062ch, 12.2s)
2026-05-02 00:41:41,566 [INFO] HTTP Request: POST http://localhost:2026/v1/chat/completions "HTTP/1.1 200 OK"
2026-05-02 00:41:41,567 [INFO] [1662/3993] id=openseek-4-dd97f294d GT=qIZandZandyV ✅ (1617ch, 7.3s)
2026-05-02 00:41:45,253 [INFO] HTTP Request: POST http://localhost:2026/v1/chat/completions "HTTP/1.1 200 OK"
2026-05-02 00:41:45,253 [WARNING]   [attempt 1 T=0.0] 答案校验失败 pred='v cold A There e o N l f tickets, C' expect='v cold A There e o N l f thickets, C'
2026-05-02 00:41:51,584 [INFO] HTTP Request: POST http://localhost:2026/v1/chat/completions "HTTP/1.1 200 OK"
2026-05-02 00:41:51,585 [INFO] [1663/3993] id=openseek-4-1ba4d910e GT=mePpresentsstealsKtheBthejtheQ ✅ (3819ch, 17.5s)
2026-05-02 00:41:57,630 [INFO] HTTP Request: POST http://localhost:2026/v1/chat/completions "HTTP/1.1 200 OK"
2026-05-02 00:41:57,632 [INFO] [1664/3993] id=openseek-4-13725a9cf GT=myHthereEaloftmyeeenormousdkno ✅ (3619ch, 16.1s)
2026-05-02 00:41:58,783 [INFO] HTTP Request: POST http://localhost:2026/v1/chat/completions "HTTP/1.1 200 OK"
2026-05-02 00:41:58,783 [WARNING]   [attempt 2 T=0.3] 答案校验失败 pred='v cold A There e o N l f tickets, C' expect='v cold A There e o N l f thickets, C'
2026-05-02 00:41:59,952 [INFO] HTTP Request: POST http://localhost:2026/v1/chat/completions "HTTP/1.1 200 OK"
2026-05-02 00:41:59,954 [INFO] [1665/3993] id=openseek-4-d45593694 GT=overNsomen ✅ (2050ch, 8.4s)
2026-05-02 00:42:03,201 [INFO] HTTP Request: POST http://localhost:2026/v1/chat/completions "HTTP/1.1 200 OK"
2026-05-02 00:42:03,202 [INFO] [1666/3993] id=openseek-4-12ee90352 GT=VVi ✅ (1444ch, 5.6s)
2026-05-02 00:42:05,398 [INFO] HTTP Request: POST http://localhost:2026/v1/chat/completions "HTTP/1.1 200 OK"
2026-05-02 00:42:05,399 [INFO] [1667/3993] id=openseek-4-3df3466ae GT=hkBthatp ✅ (1320ch, 5.4s)
2026-05-02 00:42:08,761 [INFO] HTTP Request: POST http://localhost:2026/v1/chat/completions "HTTP/1.1 200 OK"
2026-05-02 00:42:08,763 [INFO] [1668/3993] id=openseek-4-845742e5c GT=TmoreY ✅ (887ch, 5.6s)
2026-05-02 00:42:13,561 [INFO] HTTP Request: POST http://localhost:2026/v1/chat/completions "HTTP/1.1 200 OK"
2026-05-02 00:42:13,562 [INFO] [1669/3993] id=openseek-4-cfe0093bd GT=Dl ✅ (1243ch, 4.8s)
2026-05-02 00:42:13,738 [INFO] HTTP Request: POST http://localhost:2026/v1/chat/completions "HTTP/1.1 200 OK"
2026-05-02 00:42:13,738 [WARNING]   [attempt 3 T=0.6] 答案校验失败 pred='v cold A There e o N l f tickets, C' expect='v cold A There e o N l f thickets, C'
2026-05-02 00:42:13,739 [WARNING] [1670/3993] id=openseek-4-65c7df92a GT=vcoldAThereeoNlfthickets,C ❌ (46.5s)
2026-05-02 00:42:15,625 [INFO] HTTP Request: POST http://localhost:2026/v1/chat/completions "HTTP/1.1 200 OK"
2026-05-02 00:42:15,626 [INFO] [1671/3993] id=openseek-4-9b9ff1546 GT=nNofqoarshwhilewQadmiralsB ✅ (2346ch, 10.2s)
2026-05-02 00:42:19,148 [INFO] HTTP Request: POST http://localhost:2026/v1/chat/completions "HTTP/1.1 200 OK"
2026-05-02 00:42:19,149 [INFO] [1672/3993] id=openseek-4-fcaf46713 GT=PJboat9sl ✅ (1403ch, 5.4s)
2026-05-02 00:42:19,807 [INFO] HTTP Request: POST http://localhost:2026/v1/chat/completions "HTTP/1.1 200 OK"
2026-05-02 00:42:19,808 [INFO] [1673/3993] id=openseek-4-a7cd9d812 GT=unseenDcDyqCueeZ ✅ (1383ch, 6.2s)
2026-05-02 00:42:26,208 [INFO] HTTP Request: POST http://localhost:2026/v1/chat/completions "HTTP/1.1 200 OK"
2026-05-02 00:42:26,209 [INFO] [1674/3993] id=openseek-4-aac02b5fb GT=oldRhtheeInR ✅ (2684ch, 10.6s)
2026-05-02 00:42:28,769 [INFO] HTTP Request: POST http://localhost:2026/v1/chat/completions "HTTP/1.1 200 OK"
2026-05-02 00:42:28,770 [INFO] [1675/3993] id=openseek-4-e6530f554 GT=IButehadp ✅ (2542ch, 9.6s)
2026-05-02 00:42:35,152 [INFO] HTTP Request: POST http://localhost:2026/v1/chat/completions "HTTP/1.1 200 OK"
2026-05-02 00:42:35,153 [INFO] [1676/3993] id=openseek-4-35ab5d237 GT=AsNvFYlehaveC ✅ (2060ch, 8.9s)
2026-05-02 00:42:36,005 [INFO] HTTP Request: POST http://localhost:2026/v1/chat/completions "HTTP/1.1 200 OK"
2026-05-02 00:42:36,006 [INFO] [1677/3993] id=openseek-4-d7d18469b GT=don9tcDwhugeWwerecythezUYy ✅ (3616ch, 16.2s)
2026-05-02 00:42:39,958 [INFO] HTTP Request: POST http://localhost:2026/v1/chat/completions "HTTP/1.1 200 OK"
2026-05-02 00:42:39,960 [INFO] [1678/3993] id=openseek-4-ee1957932 GT=him.KXraPCaD ✅ (2846ch, 11.2s)
2026-05-02 00:42:42,062 [INFO] HTTP Request: POST http://localhost:2026/v1/chat/completions "HTTP/1.1 200 OK"
2026-05-02 00:42:42,063 [INFO] [1679/3993] id=openseek-4-71b9830ef GT=yXinsH ✅ (1536ch, 6.1s)
2026-05-02 00:42:44,893 [INFO] HTTP Request: POST http://localhost:2026/v1/chat/completions "HTTP/1.1 200 OK"
2026-05-02 00:42:44,895 [INFO] [1680/3993] id=openseek-4-ac4f9b831 GT=fVjDBgsoonWwantsA ✅ (2464ch, 9.7s)
2026-05-02 00:42:48,034 [INFO] HTTP Request: POST http://localhost:2026/v1/chat/completions "HTTP/1.1 200 OK"
2026-05-02 00:42:48,035 [INFO] [1681/3993] id=openseek-4-9896bee2a GT=CanNhe,R ✅ (1459ch, 6.0s)
2026-05-02 00:42:49,159 [INFO] HTTP Request: POST http://localhost:2026/v1/chat/completions "HTTP/1.1 200 OK"
2026-05-02 00:42:49,161 [INFO] [1682/3993] id=openseek-4-27e778bb1 GT=zzu ✅ (1111ch, 4.3s)
2026-05-02 00:42:50,618 [INFO] HTTP Request: POST http://localhost:2026/v1/chat/completions "HTTP/1.1 200 OK"
2026-05-02 00:42:50,619 [INFO] [1683/3993] id=openseek-4-2ff88b1e6 GT=XandstoughXi ✅ (2758ch, 10.7s)
2026-05-02 00:42:54,449 [INFO] HTTP Request: POST http://localhost:2026/v1/chat/completions "HTTP/1.1 200 OK"
2026-05-02 00:42:54,450 [INFO] [1684/3993] id=openseek-4-14ac08b4b GT=addressingjDANISHEE ✅ (1738ch, 6.4s)
2026-05-02 00:43:01,175 [INFO] HTTP Request: POST http://localhost:2026/v1/chat/completions "HTTP/1.1 200 OK"
2026-05-02 00:43:01,176 [INFO] [1685/3993] id=openseek-4-01b655a9b GT=RhispuNwillXutooyoukpainsY ✅ (2606ch, 10.6s)
2026-05-02 00:43:01,789 [INFO] HTTP Request: POST http://localhost:2026/v1/chat/completions "HTTP/1.1 200 OK"
2026-05-02 00:43:01,791 [INFO] [1686/3993] id=openseek-4-1e1101042 GT=zXthem.Wdzburstpboats;I ✅ (2645ch, 12.6s)
2026-05-02 00:43:07,534 [INFO] HTTP Request: POST http://localhost:2026/v1/chat/completions "HTTP/1.1 200 OK"
2026-05-02 00:43:07,535 [INFO] [1687/3993] id=openseek-4-ed1b2df71 GT=evenENp ✅ (1649ch, 6.4s)
2026-05-02 00:43:09,774 [INFO] HTTP Request: POST http://localhost:2026/v1/chat/completions "HTTP/1.1 200 OK"
2026-05-02 00:43:09,776 [INFO] [1688/3993] id=openseek-4-b4a39b635 GT=theVbJthemZbutntrueBQy ✅ (3529ch, 15.3s)
2026-05-02 00:43:11,663 [INFO] HTTP Request: POST http://localhost:2026/v1/chat/completions "HTTP/1.1 200 OK"
2026-05-02 00:43:11,665 [INFO] [1689/3993] id=openseek-4-9e5d99e6b GT=HKthatmcamecsameQcutYcan9tV ✅ (2615ch, 9.9s)
2026-05-02 00:43:21,387 [INFO] HTTP Request: POST http://localhost:2026/v1/chat/completions "HTTP/1.1 200 OK"
2026-05-02 00:43:21,388 [INFO] [1690/3993] id=openseek-4-8e6677509 GT=frisesPthere?thearEUCbeSMcours ✅ (3137ch, 13.9s)
2026-05-02 00:43:22,460 [INFO] HTTP Request: POST http://localhost:2026/v1/chat/completions "HTTP/1.1 200 OK"
2026-05-02 00:43:22,462 [INFO] [1691/3993] id=openseek-4-eb918d81e GT=bscornythatPme,lwatch-coatJ ✅ (2729ch, 10.8s)
2026-05-02 00:43:25,601 [INFO] HTTP Request: POST http://localhost:2026/v1/chat/completions "HTTP/1.1 200 OK"
2026-05-02 00:43:25,603 [INFO] [1692/3993] id=openseek-4-15ebf208a GT=AcwedderTcseenxstroke,iMplumag ✅ (3891ch, 15.8s)
2026-05-02 00:43:32,051 [INFO] HTTP Request: POST http://localhost:2026/v1/chat/completions "HTTP/1.1 200 OK"
2026-05-02 00:43:32,052 [INFO] [1693/3993] id=openseek-4-d474bf2ad GT=RandPStruckUa ✅ (2452ch, 9.6s)
2026-05-02 00:43:32,449 [INFO] HTTP Request: POST http://localhost:2026/v1/chat/completions "HTTP/1.1 200 OK"
2026-05-02 00:43:32,451 [INFO] [1694/3993] id=openseek-4-c744799bb GT=joOYes,9dandqPzallQPcoltA ✅ (2692ch, 11.1s)
2026-05-02 00:43:35,210 [INFO] HTTP Request: POST http://localhost:2026/v1/chat/completions "HTTP/1.1 200 OK"
2026-05-02 00:43:35,212 [INFO] [1695/3993] id=openseek-4-001f7e721 GT=WzofGzbBedfordC ✅ (1890ch, 9.6s)
2026-05-02 00:43:37,634 [INFO] HTTP Request: POST http://localhost:2026/v1/chat/completions "HTTP/1.1 200 OK"
2026-05-02 00:43:37,635 [INFO] [1696/3993] id=openseek-4-598639248 GT=shopme ✅ (1401ch, 5.2s)
2026-05-02 00:43:38,236 [INFO] HTTP Request: POST http://localhost:2026/v1/chat/completions "HTTP/1.1 200 OK"
2026-05-02 00:43:38,238 [INFO] [1697/3993] id=openseek-4-aad0ca788 GT=BmtheD ✅ (1642ch, 6.2s)
2026-05-02 00:43:44,701 [INFO] HTTP Request: POST http://localhost:2026/v1/chat/completions "HTTP/1.1 200 OK"
2026-05-02 00:43:44,703 [INFO] [1698/3993] id=openseek-4-ada42e384 GT=GthereLdrippingEq ✅ (1667ch, 7.1s)
2026-05-02 00:43:46,347 [INFO] HTTP Request: POST http://localhost:2026/v1/chat/completions "HTTP/1.1 200 OK"
2026-05-02 00:43:46,348 [INFO] [1699/3993] id=openseek-4-cd21010c8 GT=perhapsqjmutheKCasiz ✅ (2103ch, 8.1s)
2026-05-02 00:43:47,180 [INFO] HTTP Request: POST http://localhost:2026/v1/chat/completions "HTTP/1.1 200 OK"
2026-05-02 00:43:47,182 [INFO] [1700/3993] id=openseek-4-5e8537554 GT=Aon,JthepTuqfastRKIO ✅ (2984ch, 12.0s)
2026-05-02 00:43:47,329 [INFO]   💾 已保存 (成功=1692 失败=8) | 3.8s/条均值 | ETA=145min
2026-05-02 00:43:50,405 [INFO] HTTP Request: POST http://localhost:2026/v1/chat/completions "HTTP/1.1 200 OK"
2026-05-02 00:43:50,407 [INFO] [1701/3993] id=openseek-4-38b9031e9 GT=xu ✅ (894ch, 3.2s)
2026-05-02 00:43:51,649 [INFO] HTTP Request: POST http://localhost:2026/v1/chat/completions "HTTP/1.1 200 OK"
2026-05-02 00:43:51,650 [INFO] [1702/3993] id=openseek-4-6a1c26e53 GT=DotooR ✅ (1386ch, 5.3s)
2026-05-02 00:43:53,200 [INFO] HTTP Request: POST http://localhost:2026/v1/chat/completions "HTTP/1.1 200 OK"
2026-05-02 00:43:53,201 [INFO] [1703/3993] id=openseek-4-8f3ae4325 GT=theNASmenPtwoM ✅ (1829ch, 8.5s)
2026-05-02 00:43:58,206 [INFO] HTTP Request: POST http://localhost:2026/v1/chat/completions "HTTP/1.1 200 OK"
2026-05-02 00:43:58,208 [INFO] [1704/3993] id=openseek-4-440ad689c GT=toZnationsawhichU ✅ (2082ch, 7.8s)
2026-05-02 00:44:02,125 [INFO] HTTP Request: POST http://localhost:2026/v1/chat/completions "HTTP/1.1 200 OK"
2026-05-02 00:44:02,127 [INFO] [1705/3993] id=openseek-4-4e6f5b311 GT=BS ✅ (1061ch, 3.9s)
2026-05-02 00:44:04,256 [INFO] HTTP Request: POST http://localhost:2026/v1/chat/completions "HTTP/1.1 200 OK"
2026-05-02 00:44:04,257 [INFO] [1706/3993] id=openseek-4-2b7e0f00b GT=theH*QTNtheFplaningpr ✅ (3071ch, 12.6s)
2026-05-02 00:44:05,791 [INFO] HTTP Request: POST http://localhost:2026/v1/chat/completions "HTTP/1.1 200 OK"
2026-05-02 00:44:05,792 [INFO] [1707/3993] id=openseek-4-3a1cef276 GT=night;yscowledUqleftYappalsiwa ✅ (2868ch, 12.6s)
2026-05-02 00:44:10,993 [INFO] HTTP Request: POST http://localhost:2026/v1/chat/completions "HTTP/1.1 200 OK"
2026-05-02 00:44:10,994 [INFO] [1708/3993] id=openseek-4-b8db51be1 GT=ElwandFBXconfusiont ✅ (2086ch, 8.9s)
2026-05-02 00:44:11,261 [INFO] HTTP Request: POST http://localhost:2026/v1/chat/completions "HTTP/1.1 200 OK"
2026-05-02 00:44:11,263 [INFO] [1709/3993] id=openseek-4-8149bc660 GT=himRemightoevenHsoundsc ✅ (1388ch, 5.5s)
2026-05-02 00:44:11,457 [INFO] HTTP Request: POST http://localhost:2026/v1/chat/completions "HTTP/1.1 200 OK"
2026-05-02 00:44:11,458 [INFO] [1710/3993] id=openseek-4-e0bb99345 GT=byLendscInSc ✅ (1767ch, 7.2s)
2026-05-02 00:44:18,084 [INFO] HTTP Request: POST http://localhost:2026/v1/chat/completions "HTTP/1.1 200 OK"
2026-05-02 00:44:18,086 [INFO] [1711/3993] id=openseek-4-fb1c1213c GT=kvrshoutedfYh ✅ (1863ch, 6.8s)
2026-05-02 00:44:18,615 [INFO] HTTP Request: POST http://localhost:2026/v1/chat/completions "HTTP/1.1 200 OK"
2026-05-02 00:44:18,616 [INFO] [1712/3993] id=openseek-4-d00e0a882 GT=HLJenteredE ✅ (1608ch, 7.6s)
2026-05-02 00:44:21,626 [INFO] HTTP Request: POST http://localhost:2026/v1/chat/completions "HTTP/1.1 200 OK"
2026-05-02 00:44:21,627 [INFO] [1713/3993] id=openseek-4-27d420610 GT=Pq ✅ (664ch, 3.5s)
2026-05-02 00:44:25,139 [INFO] HTTP Request: POST http://localhost:2026/v1/chat/completions "HTTP/1.1 200 OK"
2026-05-02 00:44:25,141 [INFO] [1714/3993] id=openseek-4-88ad278c5 GT=thatWnotheriLorKeamongiK ✅ (3403ch, 13.7s)
2026-05-02 00:44:25,351 [INFO] HTTP Request: POST http://localhost:2026/v1/chat/completions "HTTP/1.1 200 OK"
2026-05-02 00:44:25,353 [INFO] [1715/3993] id=openseek-4-cc140d15f GT=moredZ ✅ (1762ch, 6.7s)
2026-05-02 00:44:29,667 [INFO] HTTP Request: POST http://localhost:2026/v1/chat/completions "HTTP/1.1 200 OK"
2026-05-02 00:44:29,668 [INFO] [1716/3993] id=openseek-4-23018a551 GT=FthoughtsL ✅ (1210ch, 4.5s)
2026-05-02 00:44:31,138 [INFO] HTTP Request: POST http://localhost:2026/v1/chat/completions "HTTP/1.1 200 OK"
2026-05-02 00:44:31,139 [INFO] [1717/3993] id=openseek-4-61f82b64f GT=sbyt ✅ (1274ch, 5.8s)
2026-05-02 00:44:34,638 [INFO] HTTP Request: POST http://localhost:2026/v1/chat/completions "HTTP/1.1 200 OK"
2026-05-02 00:44:34,639 [INFO] [1718/3993] id=openseek-4-418120710 GT=tQexposed;EqbeautifulcEshotm ✅ (3202ch, 13.0s)
2026-05-02 00:44:41,299 [INFO] HTTP Request: POST http://localhost:2026/v1/chat/completions "HTTP/1.1 200 OK"
2026-05-02 00:44:41,301 [INFO] [1719/3993] id=openseek-4-ac2d43973 GT=JustUwithYconceivableitoRL ✅ (2642ch, 10.2s)
2026-05-02 00:44:46,412 [INFO] HTTP Request: POST http://localhost:2026/v1/chat/completions "HTTP/1.1 200 OK"
2026-05-02 00:44:46,413 [INFO] [1720/3993] id=openseek-4-204f70637 GT=iStubb,xNhborewLHIb ✅ (3874ch, 16.7s)
2026-05-02 00:44:46,522 [INFO] HTTP Request: POST http://localhost:2026/v1/chat/completions "HTTP/1.1 200 OK"
2026-05-02 00:44:46,523 [INFO] [1721/3993] id=openseek-4-6c97c80ab GT=ItpSpermPareKbyFitz ✅ (2756ch, 11.9s)
2026-05-02 00:44:47,767 [INFO] HTTP Request: POST http://localhost:2026/v1/chat/completions "HTTP/1.1 200 OK"
2026-05-02 00:44:47,768 [INFO] [1722/3993] id=openseek-4-8058c04da GT=philosophicallyidown,eK ✅ (1739ch, 6.5s)
2026-05-02 00:44:50,831 [INFO] HTTP Request: POST http://localhost:2026/v1/chat/completions "HTTP/1.1 200 OK"
2026-05-02 00:44:50,833 [INFO] [1723/3993] id=openseek-4-c76ff6552 GT=CIz ✅ (1143ch, 4.3s)
2026-05-02 00:44:58,297 [INFO] HTTP Request: POST http://localhost:2026/v1/chat/completions "HTTP/1.1 200 OK"
2026-05-02 00:44:58,299 [INFO] [1724/3993] id=openseek-4-0e89dd711 GT=lookingWdpmwaCwA ✅ (1878ch, 7.5s)
2026-05-02 00:45:02,165 [INFO] HTTP Request: POST http://localhost:2026/v1/chat/completions "HTTP/1.1 200 OK"
2026-05-02 00:45:02,166 [INFO] [1725/3993] id=openseek-4-fb7059e0e GT=atzAndctheQCapeFoe ✅ (3546ch, 14.4s)
2026-05-02 00:45:08,170 [INFO] HTTP Request: POST http://localhost:2026/v1/chat/completions "HTTP/1.1 200 OK"
2026-05-02 00:45:08,171 [INFO] [1726/3993] id=openseek-4-711136a7f GT=ysuchPtiltedfsightLwasmair,F ✅ (2513ch, 9.9s)
2026-05-02 00:45:09,227 [INFO] HTTP Request: POST http://localhost:2026/v1/chat/completions "HTTP/1.1 200 OK"
2026-05-02 00:45:09,227 [WARNING]   [attempt 1 T=0.0] think validate 失败 (len=5668): 'Okay, let's see. I need to concatenate this list of strings into a single line w'
2026-05-02 00:45:18,239 [INFO] HTTP Request: POST http://localhost:2026/v1/chat/completions "HTTP/1.1 200 OK"
2026-05-02 00:45:18,240 [INFO] [1727/3993] id=openseek-4-2ebe642b5 GT=myselfpoimmense.or ✅ (2410ch, 10.1s)
2026-05-02 00:45:20,396 [INFO] HTTP Request: POST http://localhost:2026/v1/chat/completions "HTTP/1.1 200 OK"
2026-05-02 00:45:20,397 [WARNING]   [attempt 1 T=0.0] think validate 失败 (len=4151): 'Okay, let's see. I need to concatenate this list of strings into a single line w'
2026-05-02 00:45:27,364 [INFO] HTTP Request: POST http://localhost:2026/v1/chat/completions "HTTP/1.1 200 OK"
2026-05-02 00:45:27,364 [WARNING]   [attempt 2 T=0.3] think validate 失败 (len=4072): 'Okay, let's see. I need to concatenate this list of strings into a single line w'
2026-05-02 00:45:32,519 [INFO] HTTP Request: POST http://localhost:2026/v1/chat/completions "HTTP/1.1 200 OK"
2026-05-02 00:45:32,521 [INFO] [1728/3993] id=openseek-4-7a26d6a3f GT=Head,twithdDnmHther ✅ (3498ch, 14.3s)
2026-05-02 00:45:36,751 [INFO] HTTP Request: POST http://localhost:2026/v1/chat/completions "HTTP/1.1 200 OK"
2026-05-02 00:45:36,752 [INFO] [1729/3993] id=openseek-4-baab7f063 GT=hNz ✅ (1015ch, 4.2s)
2026-05-02 00:45:38,139 [INFO] HTTP Request: POST http://localhost:2026/v1/chat/completions "HTTP/1.1 200 OK"
2026-05-02 00:45:38,140 [INFO] [1730/3993] id=openseek-4-59454dd0b GT=somecIunmurmuringlyOwentXThenh ✅ (3729ch, 36.0s)
2026-05-02 00:45:44,834 [INFO] HTTP Request: POST http://localhost:2026/v1/chat/completions "HTTP/1.1 200 OK"
2026-05-02 00:45:44,835 [INFO] [1731/3993] id=openseek-4-8e74a429b GT=Iworld.yinVhmthezZngrandp ✅ (3823ch, 58.4s)
2026-05-02 00:45:46,051 [INFO] HTTP Request: POST http://localhost:2026/v1/chat/completions "HTTP/1.1 200 OK"
2026-05-02 00:45:46,053 [INFO] [1732/3993] id=openseek-4-7516984c9 GT=apdxone.db ✅ (1988ch, 7.9s)
2026-05-02 00:45:47,792 [INFO] HTTP Request: POST http://localhost:2026/v1/chat/completions "HTTP/1.1 200 OK"
2026-05-02 00:45:47,793 [INFO] [1733/3993] id=openseek-4-a2d7c4e3c GT=gXaloftFwater,dWS ✅ (2485ch, 11.0s)
2026-05-02 00:45:51,094 [INFO] HTTP Request: POST http://localhost:2026/v1/chat/completions "HTTP/1.1 200 OK"
2026-05-02 00:45:51,096 [INFO] [1734/3993] id=openseek-4-d3ac25a59 GT=pIvV ✅ (1628ch, 6.3s)
2026-05-02 00:45:51,257 [INFO] HTTP Request: POST http://localhost:2026/v1/chat/completions "HTTP/1.1 200 OK"
2026-05-02 00:45:51,258 [INFO] [1735/3993] id=openseek-4-164e671c8 GT=kD ✅ (947ch, 3.5s)
2026-05-02 00:45:51,559 [INFO] HTTP Request: POST http://localhost:2026/v1/chat/completions "HTTP/1.1 200 OK"
2026-05-02 00:45:51,560 [INFO] [1736/3993] id=openseek-4-f15bf3cbe GT=foVz ✅ (1179ch, 5.5s)
2026-05-02 00:45:58,853 [INFO] HTTP Request: POST http://localhost:2026/v1/chat/completions "HTTP/1.1 200 OK"
2026-05-02 00:45:58,854 [INFO] [1737/3993] id=openseek-4-65c57a65b GT=qfandA ✅ (2053ch, 7.6s)
2026-05-02 00:46:03,945 [INFO] HTTP Request: POST http://localhost:2026/v1/chat/completions "HTTP/1.1 200 OK"
2026-05-02 00:46:03,946 [INFO] [1738/3993] id=openseek-4-da351ec87 GT=hisZrYwhatkthetd ✅ (3170ch, 12.4s)
2026-05-02 00:46:04,245 [INFO] HTTP Request: POST http://localhost:2026/v1/chat/completions "HTTP/1.1 200 OK"
2026-05-02 00:46:04,247 [INFO] [1739/3993] id=openseek-4-41c214098 GT=intoeadoesGobject.Qhistrather, ✅ (3333ch, 13.2s)
2026-05-02 00:46:04,396 [INFO] HTTP Request: POST http://localhost:2026/v1/chat/completions "HTTP/1.1 200 OK"
2026-05-02 00:46:04,397 [INFO] [1740/3993] id=openseek-4-9923f570e GT=sharpfmissingofladsvhbkX ✅ (1318ch, 5.5s)
2026-05-02 00:46:09,885 [INFO] HTTP Request: POST http://localhost:2026/v1/chat/completions "HTTP/1.1 200 OK"
2026-05-02 00:46:09,886 [INFO] [1741/3993] id=openseek-4-98c379fe6 GT=andlhimW ✅ (1584ch, 5.9s)
2026-05-02 00:46:13,078 [INFO] HTTP Request: POST http://localhost:2026/v1/chat/completions "HTTP/1.1 200 OK"
2026-05-02 00:46:13,079 [INFO] [1742/3993] id=openseek-4-2cca675d7 GT=frostyqsurestPWi ✅ (2180ch, 8.7s)
2026-05-02 00:46:17,190 [INFO] HTTP Request: POST http://localhost:2026/v1/chat/completions "HTTP/1.1 200 OK"
2026-05-02 00:46:17,191 [INFO] [1743/3993] id=openseek-4-cf3ff4786 GT=JofHEIRaty ✅ (1758ch, 7.3s)
2026-05-02 00:46:19,224 [INFO] HTTP Request: POST http://localhost:2026/v1/chat/completions "HTTP/1.1 200 OK"
2026-05-02 00:46:19,225 [INFO] [1744/3993] id=openseek-4-171c1d473 GT=fthatyeveryRwherefpartBsoonBJc ✅ (3531ch, 15.0s)
2026-05-02 00:46:21,468 [INFO] HTTP Request: POST http://localhost:2026/v1/chat/completions "HTTP/1.1 200 OK"
2026-05-02 00:46:21,470 [INFO] [1745/3993] id=openseek-4-5246051e6 GT=somevdhRosjjs ✅ (1763ch, 8.4s)
2026-05-02 00:46:24,529 [INFO] HTTP Request: POST http://localhost:2026/v1/chat/completions "HTTP/1.1 200 OK"
2026-05-02 00:46:24,530 [INFO] [1746/3993] id=openseek-4-0ae3d1d6d GT=aI ✅ (798ch, 3.1s)
2026-05-02 00:46:26,447 [INFO] HTTP Request: POST http://localhost:2026/v1/chat/completions "HTTP/1.1 200 OK"
2026-05-02 00:46:26,448 [INFO] [1747/3993] id=openseek-4-d2c9a6442 GT=skillNtheyBEbDgboomE ✅ (2469ch, 9.3s)
2026-05-02 00:46:27,692 [INFO] HTTP Request: POST http://localhost:2026/v1/chat/completions "HTTP/1.1 200 OK"
2026-05-02 00:46:27,693 [INFO] [1748/3993] id=openseek-4-3728726ef GT=shouldVWeY ✅ (2191ch, 8.5s)
2026-05-02 00:46:33,778 [INFO] HTTP Request: POST http://localhost:2026/v1/chat/completions "HTTP/1.1 200 OK"
2026-05-02 00:46:33,780 [INFO] [1749/3993] id=openseek-4-6c1c8cf00 GT=SxfromMpen-knife,O ✅ (2297ch, 9.2s)
2026-05-02 00:46:34,904 [INFO] HTTP Request: POST http://localhost:2026/v1/chat/completions "HTTP/1.1 200 OK"
2026-05-02 00:46:34,905 [INFO] [1750/3993] id=openseek-4-454f6dc7d GT=outeqcBoutonOd ✅ (1580ch, 7.2s)
2026-05-02 00:46:35,866 [INFO] HTTP Request: POST http://localhost:2026/v1/chat/completions "HTTP/1.1 200 OK"
2026-05-02 00:46:35,867 [INFO] [1751/3993] id=openseek-4-79436ef7a GT=inbhoweveremKlastnthoseQ ✅ (2402ch, 9.4s)
2026-05-02 00:46:42,426 [INFO] HTTP Request: POST http://localhost:2026/v1/chat/completions "HTTP/1.1 200 OK"
2026-05-02 00:46:42,427 [INFO] [1752/3993] id=openseek-4-19bc7e020 GT=therasSoncruH ✅ (1708ch, 7.5s)
2026-05-02 00:46:42,569 [INFO] HTTP Request: POST http://localhost:2026/v1/chat/completions "HTTP/1.1 200 OK"
2026-05-02 00:46:42,570 [INFO] [1753/3993] id=openseek-4-1c36bdc8c GT=vwasEformC ✅ (1806ch, 6.7s)
2026-05-02 00:46:45,085 [INFO] HTTP Request: POST http://localhost:2026/v1/chat/completions "HTTP/1.1 200 OK"
2026-05-02 00:46:45,086 [INFO] [1754/3993] id=openseek-4-5d5545c6d GT=lBLViuGacruisingjtheN ✅ (2746ch, 11.3s)
2026-05-02 00:46:49,176 [INFO] HTTP Request: POST http://localhost:2026/v1/chat/completions "HTTP/1.1 200 OK"
2026-05-02 00:46:49,177 [INFO] [1755/3993] id=openseek-4-45f40295f GT=broke,gl ✅ (1730ch, 6.8s)
2026-05-02 00:46:55,654 [INFO] HTTP Request: POST http://localhost:2026/v1/chat/completions "HTTP/1.1 200 OK"
2026-05-02 00:46:55,656 [INFO] [1756/3993] id=openseek-4-dcad07dfc GT=light,CpromontoryctheF ✅ (2811ch, 10.6s)
2026-05-02 00:47:01,255 [INFO] HTTP Request: POST http://localhost:2026/v1/chat/completions "HTTP/1.1 200 OK"
2026-05-02 00:47:01,256 [INFO] [1757/3993] id=openseek-4-a3546b9de GT=ofVNtell.qwemcoakenkbendingFco ✅ (3004ch, 12.1s)
2026-05-02 00:47:01,713 [INFO] HTTP Request: POST http://localhost:2026/v1/chat/completions "HTTP/1.1 200 OK"
2026-05-02 00:47:01,714 [WARNING]   [attempt 1 T=0.0] think validate 失败 (len=4785): 'Okay, let's see. I need to concatenate this list of strings into a single line w'
2026-05-02 00:47:06,408 [INFO] HTTP Request: POST http://localhost:2026/v1/chat/completions "HTTP/1.1 200 OK"
2026-05-02 00:47:06,409 [INFO] [1758/3993] id=openseek-4-f85c11fe4 GT=forsQKguns,dLS ✅ (2546ch, 10.8s)
2026-05-02 00:47:07,905 [INFO] HTTP Request: POST http://localhost:2026/v1/chat/completions "HTTP/1.1 200 OK"
2026-05-02 00:47:07,906 [INFO] [1759/3993] id=openseek-4-3048d3823 GT=kjhemisphere.s ✅ (1726ch, 6.6s)
2026-05-02 00:47:13,593 [INFO] HTTP Request: POST http://localhost:2026/v1/chat/completions "HTTP/1.1 200 OK"
2026-05-02 00:47:13,594 [INFO] [1760/3993] id=openseek-4-e8dbe7bdd GT=firewood?4luciferdBwillvHButEm ✅ (2906ch, 31.0s)
2026-05-02 00:47:14,528 [INFO] HTTP Request: POST http://localhost:2026/v1/chat/completions "HTTP/1.1 200 OK"
2026-05-02 00:47:14,529 [INFO] [1761/3993] id=openseek-4-b564474ec GT=considerablehthert ✅ (1762ch, 6.6s)
2026-05-02 00:47:18,138 [INFO] HTTP Request: POST http://localhost:2026/v1/chat/completions "HTTP/1.1 200 OK"
2026-05-02 00:47:18,139 [INFO] [1762/3993] id=openseek-4-f2729bdaf GT=howeverdNantucketer9s.SykIbee ✅ (2779ch, 11.7s)
2026-05-02 00:47:26,744 [INFO] HTTP Request: POST http://localhost:2026/v1/chat/completions "HTTP/1.1 200 OK"
2026-05-02 00:47:26,744 [INFO] HTTP Request: POST http://localhost:2026/v1/chat/completions "HTTP/1.1 200 OK"
2026-05-02 00:47:26,745 [INFO] [1763/3993] id=openseek-4-0d8876d44 GT=Fport.BkBwasRYo ✅ (2941ch, 13.2s)
2026-05-02 00:47:26,746 [INFO] [1764/3993] id=openseek-4-add957bdf GT=NoWhold,xanQbUa ✅ (993ch, 8.6s)
2026-05-02 00:47:31,415 [INFO] HTTP Request: POST http://localhost:2026/v1/chat/completions "HTTP/1.1 200 OK"
2026-05-02 00:47:31,416 [INFO] [1765/3993] id=openseek-4-b0a32abbe GT=RlowerqlongScries.DyzwwhichKTh ✅ (3646ch, 16.9s)
2026-05-02 00:47:32,067 [INFO] HTTP Request: POST http://localhost:2026/v1/chat/completions "HTTP/1.1 200 OK"
2026-05-02 00:47:32,068 [INFO] [1766/3993] id=openseek-4-419b77e2a GT=whichKthislh ✅ (1051ch, 5.3s)
2026-05-02 00:47:34,683 [INFO] HTTP Request: POST http://localhost:2026/v1/chat/completions "HTTP/1.1 200 OK"
2026-05-02 00:47:34,684 [INFO] [1767/3993] id=openseek-4-e744052a9 GT=sgR ✅ (851ch, 3.3s)
2026-05-02 00:47:39,806 [INFO] HTTP Request: POST http://localhost:2026/v1/chat/completions "HTTP/1.1 200 OK"
2026-05-02 00:47:39,807 [INFO] [1768/3993] id=openseek-4-551677914 GT=heGZlikeVJQgorge,AZ ✅ (2275ch, 13.1s)
2026-05-02 00:47:41,944 [INFO] HTTP Request: POST http://localhost:2026/v1/chat/completions "HTTP/1.1 200 OK"
2026-05-02 00:47:41,946 [INFO] [1769/3993] id=openseek-4-28501fd75 GT=CHAPTERJAH ✅ (2042ch, 7.3s)
2026-05-02 00:47:43,348 [INFO] HTTP Request: POST http://localhost:2026/v1/chat/completions "HTTP/1.1 200 OK"
2026-05-02 00:47:43,349 [INFO] [1770/3993] id=openseek-4-50fd22840 GT=betSAILOR.tQocean,mD ✅ (2636ch, 11.3s)
2026-05-02 00:47:47,413 [INFO] HTTP Request: POST http://localhost:2026/v1/chat/completions "HTTP/1.1 200 OK"
2026-05-02 00:47:47,414 [INFO] [1771/3993] id=openseek-4-915157859 GT=CthelzWyh ✅ (1317ch, 5.5s)
2026-05-02 00:47:53,696 [INFO] HTTP Request: POST http://localhost:2026/v1/chat/completions "HTTP/1.1 200 OK"
2026-05-02 00:47:53,697 [INFO] [1772/3993] id=openseek-4-0ff95565f GT=blowingoQYtBryetOnoneuyokes,z ✅ (3538ch, 13.9s)
2026-05-02 00:47:57,075 [INFO] HTTP Request: POST http://localhost:2026/v1/chat/completions "HTTP/1.1 200 OK"
2026-05-02 00:47:57,076 [INFO] [1773/3993] id=openseek-4-85ea04cf7 GT=inOyZInuts,i ✅ (3291ch, 13.7s)
2026-05-02 00:48:00,023 [INFO] HTTP Request: POST http://localhost:2026/v1/chat/completions "HTTP/1.1 200 OK"
2026-05-02 00:48:00,024 [INFO] [1774/3993] id=openseek-4-2ed9e4c02 GT=KofLStubb,RKtheQon.iwakingc ✅ (3125ch, 12.6s)
2026-05-02 00:48:02,085 [INFO] HTTP Request: POST http://localhost:2026/v1/chat/completions "HTTP/1.1 200 OK"
2026-05-02 00:48:02,087 [INFO] [1775/3993] id=openseek-4-b0e2b425f GT=YyLeviathanf ✅ (1322ch, 5.0s)
2026-05-02 00:48:06,727 [INFO] HTTP Request: POST http://localhost:2026/v1/chat/completions "HTTP/1.1 200 OK"
2026-05-02 00:48:06,728 [INFO] [1776/3993] id=openseek-4-07a65e336 GT=uJfhisvuphtheUmean,mtheOQI ✅ (3428ch, 13.0s)
2026-05-02 00:48:09,190 [INFO] HTTP Request: POST http://localhost:2026/v1/chat/completions "HTTP/1.1 200 OK"
2026-05-02 00:48:09,191 [INFO] [1777/3993] id=openseek-4-51eada041 GT=theklhastSZ ✅ (1701ch, 7.1s)
2026-05-02 00:48:11,992 [INFO] HTTP Request: POST http://localhost:2026/v1/chat/completions "HTTP/1.1 200 OK"
2026-05-02 00:48:11,993 [INFO] [1778/3993] id=openseek-4-ecc9a0bbe GT=Ysop ✅ (1375ch, 5.3s)
2026-05-02 00:48:16,214 [INFO] HTTP Request: POST http://localhost:2026/v1/chat/completions "HTTP/1.1 200 OK"
2026-05-02 00:48:16,215 [INFO] [1779/3993] id=openseek-4-3adf44add GT=JGe ✅ (1128ch, 4.2s)
2026-05-02 00:48:17,257 [INFO] HTTP Request: POST http://localhost:2026/v1/chat/completions "HTTP/1.1 200 OK"
2026-05-02 00:48:17,258 [WARNING]   [attempt 1 T=0.0] think validate 失败 (len=4020): 'Okay, let's see. I need to concatenate this list of strings into a single line w'
2026-05-02 00:48:21,910 [INFO] HTTP Request: POST http://localhost:2026/v1/chat/completions "HTTP/1.1 200 OK"
2026-05-02 00:48:21,911 [INFO] [1780/3993] id=openseek-4-e4e89ce11 GT=ygVALHHercules9eUtowni ✅ (2851ch, 12.7s)
2026-05-02 00:48:28,870 [INFO] HTTP Request: POST http://localhost:2026/v1/chat/completions "HTTP/1.1 200 OK"
2026-05-02 00:48:28,871 [INFO] [1781/3993] id=openseek-4-fb7c4f934 GT=mention,tscudGleapsehsAw ✅ (3176ch, 12.7s)
2026-05-02 00:48:31,740 [INFO] HTTP Request: POST http://localhost:2026/v1/chat/completions "HTTP/1.1 200 OK"
2026-05-02 00:48:31,741 [INFO] [1782/3993] id=openseek-4-ca096db8a GT=kharpooneers,SyjthatZmBnumberg ✅ (3223ch, 31.7s)
2026-05-02 00:48:32,325 [INFO] HTTP Request: POST http://localhost:2026/v1/chat/completions "HTTP/1.1 200 OK"
2026-05-02 00:48:32,326 [INFO] [1783/3993] id=openseek-4-9fa25cd66 GT=fg ✅ (897ch, 3.5s)
2026-05-02 00:48:34,638 [INFO] HTTP Request: POST http://localhost:2026/v1/chat/completions "HTTP/1.1 200 OK"
2026-05-02 00:48:34,639 [INFO] [1784/3993] id=openseek-4-b5da356af GT=mme!4hisenotXMquitek ✅ (2927ch, 12.7s)
2026-05-02 00:48:36,158 [INFO] HTTP Request: POST http://localhost:2026/v1/chat/completions "HTTP/1.1 200 OK"
2026-05-02 00:48:36,159 [INFO] [1785/3993] id=openseek-4-195ad6ef8 GT=tsquallso ✅ (816ch, 4.4s)
2026-05-02 00:48:38,285 [INFO] HTTP Request: POST http://localhost:2026/v1/chat/completions "HTTP/1.1 200 OK"
2026-05-02 00:48:38,286 [INFO] [1786/3993] id=openseek-4-f24bcdc4e GT=mV ✅ (1009ch, 3.6s)
2026-05-02 00:48:42,832 [INFO] HTTP Request: POST http://localhost:2026/v1/chat/completions "HTTP/1.1 200 OK"
2026-05-02 00:48:42,833 [INFO] [1787/3993] id=openseek-4-51c5da91a GT=fatKwhichm ✅ (1783ch, 6.7s)
2026-05-02 00:48:44,215 [INFO] HTTP Request: POST http://localhost:2026/v1/chat/completions "HTTP/1.1 200 OK"
2026-05-02 00:48:44,216 [INFO] [1788/3993] id=openseek-4-a4d2c5339 GT=xoar,cmJmuchEoftKGStubb,IE ✅ (2577ch, 11.9s)
2026-05-02 00:48:45,000 [INFO] HTTP Request: POST http://localhost:2026/v1/chat/completions "HTTP/1.1 200 OK"
2026-05-02 00:48:45,002 [INFO] [1789/3993] id=openseek-4-98616d2ae GT=XkmdintoFandz ✅ (1628ch, 6.7s)
2026-05-02 00:48:50,583 [INFO] HTTP Request: POST http://localhost:2026/v1/chat/completions "HTTP/1.1 200 OK"
2026-05-02 00:48:50,584 [INFO] [1790/3993] id=openseek-4-4ce730e35 GT=intoibyMAofZjR ✅ (1847ch, 7.8s)
2026-05-02 00:48:52,784 [INFO] HTTP Request: POST http://localhost:2026/v1/chat/completions "HTTP/1.1 200 OK"
2026-05-02 00:48:52,785 [INFO] [1791/3993] id=openseek-4-4f16544d0 GT=QAfilial,UVmyg ✅ (1927ch, 7.8s)
2026-05-02 00:48:54,002 [INFO] HTTP Request: POST http://localhost:2026/v1/chat/completions "HTTP/1.1 200 OK"
2026-05-02 00:48:54,003 [INFO] [1792/3993] id=openseek-4-982582ee7 GT=power,jCtheresoustU ✅ (2536ch, 9.8s)
2026-05-02 00:48:59,516 [INFO] HTTP Request: POST http://localhost:2026/v1/chat/completions "HTTP/1.1 200 OK"
2026-05-02 00:48:59,517 [INFO] [1793/3993] id=openseek-4-209bc72d2 GT=sRvtokKm ✅ (1504ch, 6.7s)
2026-05-02 00:49:02,377 [INFO] HTTP Request: POST http://localhost:2026/v1/chat/completions "HTTP/1.1 200 OK"
2026-05-02 00:49:02,379 [INFO] [1794/3993] id=openseek-4-17bc2be5f GT=bothBf ✅ (2305ch, 8.4s)
2026-05-02 00:49:03,747 [INFO] HTTP Request: POST http://localhost:2026/v1/chat/completions "HTTP/1.1 200 OK"
2026-05-02 00:49:03,749 [INFO] [1795/3993] id=openseek-4-2ff5b639a GT=lLtheWpouchPH ✅ (3287ch, 13.2s)
2026-05-02 00:49:06,027 [INFO] HTTP Request: POST http://localhost:2026/v1/chat/completions "HTTP/1.1 200 OK"
2026-05-02 00:49:06,028 [INFO] [1796/3993] id=openseek-4-94b2dfda7 GT=bnwRdraggedaXpkthed ✅ (1491ch, 6.5s)
2026-05-02 00:49:09,216 [INFO] HTTP Request: POST http://localhost:2026/v1/chat/completions "HTTP/1.1 200 OK"
2026-05-02 00:49:09,217 [INFO] [1797/3993] id=openseek-4-b56f0523e GT=nrtheh ✅ (1419ch, 5.5s)
2026-05-02 00:49:11,562 [INFO] HTTP Request: POST http://localhost:2026/v1/chat/completions "HTTP/1.1 200 OK"
2026-05-02 00:49:11,563 [INFO] [1798/3993] id=openseek-4-0c687f24f GT=MprovokedfOotoabk ✅ (2159ch, 9.2s)
2026-05-02 00:49:14,626 [INFO] HTTP Request: POST http://localhost:2026/v1/chat/completions "HTTP/1.1 200 OK"
2026-05-02 00:49:14,627 [INFO] [1799/3993] id=openseek-4-9b29bac95 GT=RVtopu ✅ (2217ch, 8.6s)
2026-05-02 00:49:17,559 [INFO] HTTP Request: POST http://localhost:2026/v1/chat/completions "HTTP/1.1 200 OK"
2026-05-02 00:49:17,560 [INFO] [1800/3993] id=openseek-4-61b115515 GT=ttop-gallantBxpy ✅ (1467ch, 6.0s)
2026-05-02 00:49:17,763 [INFO]   💾 已保存 (成功=1792 失败=8) | 3.8s/条均值 | ETA=137min
2026-05-02 00:49:18,113 [INFO] HTTP Request: POST http://localhost:2026/v1/chat/completions "HTTP/1.1 200 OK"
2026-05-02 00:49:18,114 [INFO] [1801/3993] id=openseek-4-9c1cb3d6e GT=NFETnpwho,r ✅ (2174ch, 8.9s)
2026-05-02 00:49:27,753 [INFO] HTTP Request: POST http://localhost:2026/v1/chat/completions "HTTP/1.1 200 OK"
2026-05-02 00:49:27,754 [INFO] [1802/3993] id=openseek-4-874cb35ce GT=toKomVthisaKhthousandsU ✅ (3234ch, 13.1s)
2026-05-02 00:49:33,296 [INFO] HTTP Request: POST http://localhost:2026/v1/chat/completions "HTTP/1.1 200 OK"
2026-05-02 00:49:33,297 [INFO] [1803/3993] id=openseek-4-9feb05e88 GT=GwQgofHhtimesHdownAinA ✅ (3366ch, 15.7s)
2026-05-02 00:49:33,865 [INFO] HTTP Request: POST http://localhost:2026/v1/chat/completions "HTTP/1.1 200 OK"
2026-05-02 00:49:33,867 [INFO] [1804/3993] id=openseek-4-67644fcc3 GT=andWPeleg,cOQFrenchman9stvthat ✅ (3612ch, 15.8s)
2026-05-02 00:49:38,957 [INFO] HTTP Request: POST http://localhost:2026/v1/chat/completions "HTTP/1.1 200 OK"
2026-05-02 00:49:38,959 [INFO] [1805/3993] id=openseek-4-2049a5615 GT=Qpassion;frankcs ✅ (2816ch, 11.2s)
2026-05-02 00:49:39,974 [INFO] HTTP Request: POST http://localhost:2026/v1/chat/completions "HTTP/1.1 200 OK"
2026-05-02 00:49:39,975 [INFO] [1806/3993] id=openseek-4-a5d1bd59d GT=RandfZ ✅ (1577ch, 6.1s)
2026-05-02 00:49:42,085 [INFO] HTTP Request: POST http://localhost:2026/v1/chat/completions "HTTP/1.1 200 OK"
2026-05-02 00:49:42,086 [INFO] [1807/3993] id=openseek-4-1cf9bf24d GT=stoppingujAtwbeyH ✅ (2005ch, 8.8s)
2026-05-02 00:49:47,423 [INFO] HTTP Request: POST http://localhost:2026/v1/chat/completions "HTTP/1.1 200 OK"
2026-05-02 00:49:47,424 [INFO] [1808/3993] id=openseek-4-39bad1bbd GT=astPofdL ✅ (2192ch, 8.5s)
2026-05-02 00:49:51,017 [INFO] HTTP Request: POST http://localhost:2026/v1/chat/completions "HTTP/1.1 200 OK"
2026-05-02 00:49:51,018 [INFO] [1809/3993] id=openseek-4-648dc104e GT=byjnandQRVfromwxgoodz ✅ (2620ch, 11.0s)
2026-05-02 00:49:56,278 [INFO] HTTP Request: POST http://localhost:2026/v1/chat/completions "HTTP/1.1 200 OK"
2026-05-02 00:49:56,279 [INFO] [1810/3993] id=openseek-4-ee1b501eb GT=yPYAhtusks,PcCandKwantsJ ✅ (3381ch, 14.2s)
2026-05-02 00:49:56,943 [INFO] HTTP Request: POST http://localhost:2026/v1/chat/completions "HTTP/1.1 200 OK"
2026-05-02 00:49:56,944 [INFO] [1811/3993] id=openseek-4-fedad7316 GT=horrorsIheardJandWqhelpx ✅ (2391ch, 9.5s)
2026-05-02 00:50:00,918 [INFO] HTTP Request: POST http://localhost:2026/v1/chat/completions "HTTP/1.1 200 OK"
2026-05-02 00:50:00,919 [INFO] [1812/3993] id=openseek-4-06545e306 GT=beams,CCbyaP ✅ (2442ch, 9.9s)
2026-05-02 00:50:06,324 [INFO] HTTP Request: POST http://localhost:2026/v1/chat/completions "HTTP/1.1 200 OK"
2026-05-02 00:50:06,326 [INFO] [1813/3993] id=openseek-4-71babc0da GT=goingrdoomnportableMCitsV ✅ (2404ch, 9.4s)
2026-05-02 00:50:12,135 [INFO] HTTP Request: POST http://localhost:2026/v1/chat/completions "HTTP/1.1 200 OK"
2026-05-02 00:50:12,136 [INFO] [1814/3993] id=openseek-4-860f213da GT=KKOHcSumatrapitspqp ✅ (3550ch, 15.9s)
2026-05-02 00:50:13,212 [INFO] HTTP Request: POST http://localhost:2026/v1/chat/completions "HTTP/1.1 200 OK"
2026-05-02 00:50:13,213 [INFO] [1815/3993] id=openseek-4-f8a4115a2 GT=yellingEjhis,m ✅ (1764ch, 6.9s)
2026-05-02 00:50:16,460 [INFO] HTTP Request: POST http://localhost:2026/v1/chat/completions "HTTP/1.1 200 OK"
2026-05-02 00:50:16,461 [INFO] [1816/3993] id=openseek-4-beb3c43df GT=butzwuagHdpreciselyBhumanjL ✅ (3420ch, 15.5s)
2026-05-02 00:50:18,397 [INFO] HTTP Request: POST http://localhost:2026/v1/chat/completions "HTTP/1.1 200 OK"
2026-05-02 00:50:18,398 [INFO] [1817/3993] id=openseek-4-f23244f19 GT=DLwesAystreetsN ✅ (1559ch, 6.3s)
2026-05-02 00:50:20,623 [INFO] HTTP Request: POST http://localhost:2026/v1/chat/completions "HTTP/1.1 200 OK"
2026-05-02 00:50:20,624 [INFO] [1818/3993] id=openseek-4-f19b3492c GT=Lofd ✅ (1054ch, 4.2s)
2026-05-02 00:50:22,115 [INFO] HTTP Request: POST http://localhost:2026/v1/chat/completions "HTTP/1.1 200 OK"
2026-05-02 00:50:22,116 [INFO] [1819/3993] id=openseek-4-c462972a2 GT=WtheX ✅ (731ch, 3.7s)
2026-05-02 00:50:29,566 [INFO] HTTP Request: POST http://localhost:2026/v1/chat/completions "HTTP/1.1 200 OK"
2026-05-02 00:50:29,568 [INFO] [1820/3993] id=openseek-4-79a7975ec GT=itswupIxsChinaggofpallCmsight, ✅ (3696ch, 16.4s)
2026-05-02 00:50:30,715 [INFO] HTTP Request: POST http://localhost:2026/v1/chat/completions "HTTP/1.1 200 OK"
2026-05-02 00:50:30,716 [INFO] [1821/3993] id=openseek-4-6205c7423 GT=myZroarGconnectedCheVp ✅ (2252ch, 8.6s)
2026-05-02 00:50:31,165 [INFO] HTTP Request: POST http://localhost:2026/v1/chat/completions "HTTP/1.1 200 OK"
2026-05-02 00:50:31,166 [INFO] [1822/3993] id=openseek-4-755d71274 GT=boatsWandisavages,IqaU ✅ (2770ch, 10.5s)
2026-05-02 00:50:33,917 [INFO] HTTP Request: POST http://localhost:2026/v1/chat/completions "HTTP/1.1 200 OK"
2026-05-02 00:50:33,918 [INFO] [1823/3993] id=openseek-4-804c0e051 GT=nKarei ✅ (1142ch, 4.4s)
2026-05-02 00:50:41,747 [INFO] HTTP Request: POST http://localhost:2026/v1/chat/completions "HTTP/1.1 200 OK"
2026-05-02 00:50:41,748 [INFO] [1824/3993] id=openseek-4-d1fdc10d8 GT=hDAOfthatg ✅ (2053ch, 7.8s)
2026-05-02 00:50:41,886 [INFO] HTTP Request: POST http://localhost:2026/v1/chat/completions "HTTP/1.1 200 OK"
2026-05-02 00:50:41,887 [INFO] [1825/3993] id=openseek-4-762e369fb GT=wezPsteepedQinwardfpeople9sFY ✅ (2731ch, 11.2s)
2026-05-02 00:50:42,907 [INFO] HTTP Request: POST http://localhost:2026/v1/chat/completions "HTTP/1.1 200 OK"
2026-05-02 00:50:42,908 [INFO] [1826/3993] id=openseek-4-4164b1ced GT=water,gimostclongHsoTITVItmA ✅ (2540ch, 11.7s)
2026-05-02 00:50:47,343 [INFO] HTTP Request: POST http://localhost:2026/v1/chat/completions "HTTP/1.1 200 OK"
2026-05-02 00:50:47,344 [INFO] [1827/3993] id=openseek-4-3f6211a2d GT=KtheBXquiteihF ✅ (1458ch, 5.6s)
2026-05-02 00:50:52,747 [INFO] HTTP Request: POST http://localhost:2026/v1/chat/completions "HTTP/1.1 200 OK"
2026-05-02 00:50:52,748 [INFO] [1828/3993] id=openseek-4-05649497e GT=ruinBdaintinessC ✅ (1399ch, 5.4s)
2026-05-02 00:50:53,993 [INFO] HTTP Request: POST http://localhost:2026/v1/chat/completions "HTTP/1.1 200 OK"
2026-05-02 00:50:53,994 [INFO] [1829/3993] id=openseek-4-1504805ed GT=beingKthisVheadgtpFthoseHwithP ✅ (3152ch, 12.1s)
2026-05-02 00:50:57,514 [INFO] HTTP Request: POST http://localhost:2026/v1/chat/completions "HTTP/1.1 200 OK"
2026-05-02 00:50:57,515 [INFO] [1830/3993] id=openseek-4-b5b78bfc1 GT=likeSa ✅ (872ch, 3.5s)
2026-05-02 00:50:59,168 [INFO] HTTP Request: POST http://localhost:2026/v1/chat/completions "HTTP/1.1 200 OK"
2026-05-02 00:50:59,169 [WARNING]   [attempt 1 T=0.0] think validate 失败 (len=4187): 'Okay, let's see. I need to concatenate this list of strings into a single line w'
2026-05-02 00:51:04,362 [INFO] HTTP Request: POST http://localhost:2026/v1/chat/completions "HTTP/1.1 200 OK"
2026-05-02 00:51:04,363 [INFO] [1831/3993] id=openseek-4-932ff2bd9 GT=breezebmenthroneNfrommgayJ ✅ (3053ch, 11.6s)
2026-05-02 00:51:12,378 [INFO] HTTP Request: POST http://localhost:2026/v1/chat/completions "HTTP/1.1 200 OK"
2026-05-02 00:51:12,379 [INFO] [1832/3993] id=openseek-4-de26d8fef GT=SXforrMjimmediateVaforethought ✅ (3210ch, 29.5s)
2026-05-02 00:51:14,686 [INFO] HTTP Request: POST http://localhost:2026/v1/chat/completions "HTTP/1.1 200 OK"
2026-05-02 00:51:14,688 [INFO] [1833/3993] id=openseek-4-d69c66db3 GT=thezbeneathzinstancesiLfromtCa ✅ (3919ch, 17.2s)
2026-05-02 00:51:17,557 [INFO] HTTP Request: POST http://localhost:2026/v1/chat/completions "HTTP/1.1 200 OK"
2026-05-02 00:51:17,558 [INFO] [1834/3993] id=openseek-4-0cf831d7e GT=DatTJenny,ycolouredRdtheZdere? ✅ (3162ch, 13.2s)
2026-05-02 00:51:22,148 [INFO] HTTP Request: POST http://localhost:2026/v1/chat/completions "HTTP/1.1 200 OK"
2026-05-02 00:51:22,149 [INFO] [1835/3993] id=openseek-4-d5e60a6d7 GT=Mslumberingy ✅ (875ch, 4.6s)
2026-05-02 00:51:25,723 [INFO] HTTP Request: POST http://localhost:2026/v1/chat/completions "HTTP/1.1 200 OK"
2026-05-02 00:51:25,724 [INFO] [1836/3993] id=openseek-4-1ba6496ca GT=LeviathanGinstances,PNtheRvuth ✅ (3424ch, 13.3s)
2026-05-02 00:51:27,638 [INFO] HTTP Request: POST http://localhost:2026/v1/chat/completions "HTTP/1.1 200 OK"
2026-05-02 00:51:27,640 [INFO] [1837/3993] id=openseek-4-176df7c64 GT=hisfeveryTasleep.UwhichGEEast, ✅ (3028ch, 13.0s)
2026-05-02 00:51:29,431 [INFO] HTTP Request: POST http://localhost:2026/v1/chat/completions "HTTP/1.1 200 OK"
2026-05-02 00:51:29,433 [INFO] [1838/3993] id=openseek-4-cdc8d487c GT=ToLwallH ✅ (1807ch, 7.3s)
2026-05-02 00:51:30,714 [INFO] HTTP Request: POST http://localhost:2026/v1/chat/completions "HTTP/1.1 200 OK"
2026-05-02 00:51:30,715 [INFO] [1839/3993] id=openseek-4-0629901d8 GT=tcreaturesm ✅ (1336ch, 5.0s)
2026-05-02 00:51:35,855 [INFO] HTTP Request: POST http://localhost:2026/v1/chat/completions "HTTP/1.1 200 OK"
2026-05-02 00:51:35,857 [INFO] [1840/3993] id=openseek-4-0791a1ddf GT=rascal.dwBl ✅ (1641ch, 6.4s)
2026-05-02 00:51:38,171 [INFO] HTTP Request: POST http://localhost:2026/v1/chat/completions "HTTP/1.1 200 OK"
2026-05-02 00:51:38,172 [INFO] [1841/3993] id=openseek-4-2e582eb3c GT=thefFthenPglikeN ✅ (2787ch, 10.5s)
2026-05-02 00:51:44,085 [INFO] HTTP Request: POST http://localhost:2026/v1/chat/completions "HTTP/1.1 200 OK"
2026-05-02 00:51:44,086 [INFO] [1842/3993] id=openseek-4-021852ee4 GT=Poatybaleen,qofj ✅ (1849ch, 8.2s)
2026-05-02 00:51:45,814 [INFO] HTTP Request: POST http://localhost:2026/v1/chat/completions "HTTP/1.1 200 OK"
2026-05-02 00:51:45,816 [INFO] [1843/3993] id=openseek-4-6e9835d37 GT=rshouldConegendureRGdifferentM ✅ (3654ch, 15.1s)
2026-05-02 00:51:49,289 [INFO] HTTP Request: POST http://localhost:2026/v1/chat/completions "HTTP/1.1 200 OK"
2026-05-02 00:51:49,290 [INFO] [1844/3993] id=openseek-4-297b821ed GT=cherXGaLlastg ✅ (2571ch, 11.1s)
2026-05-02 00:51:54,671 [INFO] HTTP Request: POST http://localhost:2026/v1/chat/completions "HTTP/1.1 200 OK"
2026-05-02 00:51:54,672 [INFO] [1845/3993] id=openseek-4-3c89265fd GT=cXoakkIzandN ✅ (2465ch, 10.6s)
2026-05-02 00:51:55,635 [INFO] HTTP Request: POST http://localhost:2026/v1/chat/completions "HTTP/1.1 200 OK"
2026-05-02 00:51:55,636 [INFO] [1846/3993] id=openseek-4-039647400 GT=kkKofJ ✅ (1411ch, 6.3s)
2026-05-02 00:51:57,966 [INFO] HTTP Request: POST http://localhost:2026/v1/chat/completions "HTTP/1.1 200 OK"
2026-05-02 00:51:57,968 [INFO] [1847/3993] id=openseek-4-0625100a6 GT=QwhSaturn9sEshowGOBcD ✅ (2719ch, 12.2s)
2026-05-02 00:52:02,748 [INFO] HTTP Request: POST http://localhost:2026/v1/chat/completions "HTTP/1.1 200 OK"
2026-05-02 00:52:02,750 [INFO] [1848/3993] id=openseek-4-79402d7e2 GT=iXv ✅ (1021ch, 4.8s)
2026-05-02 00:52:03,921 [INFO] HTTP Request: POST http://localhost:2026/v1/chat/completions "HTTP/1.1 200 OK"
2026-05-02 00:52:03,922 [INFO] [1849/3993] id=openseek-4-1397ad18c GT=contrarymdiscreditably;efBE ✅ (2499ch, 9.3s)
2026-05-02 00:52:08,932 [INFO] HTTP Request: POST http://localhost:2026/v1/chat/completions "HTTP/1.1 200 OK"
2026-05-02 00:52:08,934 [INFO] [1850/3993] id=openseek-4-8e5173c41 GT=cleansingBbutEAMssendingYg ✅ (3306ch, 13.3s)
2026-05-02 00:52:14,704 [INFO] HTTP Request: POST http://localhost:2026/v1/chat/completions "HTTP/1.1 200 OK"
2026-05-02 00:52:14,705 [INFO] [1851/3993] id=openseek-4-ccc63a675 GT=rzOrodrLWhale.n ✅ (2589ch, 10.8s)
2026-05-02 00:52:17,936 [INFO] HTTP Request: POST http://localhost:2026/v1/chat/completions "HTTP/1.1 200 OK"
2026-05-02 00:52:17,937 [INFO] [1852/3993] id=openseek-4-ba1fe49c4 GT=RofEHOexpression4allfvpgc ✅ (2198ch, 9.0s)
2026-05-02 00:52:18,022 [INFO] HTTP Request: POST http://localhost:2026/v1/chat/completions "HTTP/1.1 200 OK"
2026-05-02 00:52:18,023 [INFO] [1853/3993] id=openseek-4-9453d71ab GT=VZRtheTYDking!dLUcD ✅ (3414ch, 15.3s)
2026-05-02 00:52:23,211 [INFO] HTTP Request: POST http://localhost:2026/v1/chat/completions "HTTP/1.1 200 OK"
2026-05-02 00:52:23,213 [INFO] [1854/3993] id=openseek-4-09285f4e1 GT=aSjJm ✅ (1342ch, 5.2s)
2026-05-02 00:52:24,028 [INFO] HTTP Request: POST http://localhost:2026/v1/chat/completions "HTTP/1.1 200 OK"
2026-05-02 00:52:24,030 [INFO] [1855/3993] id=openseek-4-175a77158 GT=countlessOJH ✅ (1514ch, 6.1s)
2026-05-02 00:52:28,324 [INFO] HTTP Request: POST http://localhost:2026/v1/chat/completions "HTTP/1.1 200 OK"
2026-05-02 00:52:28,325 [INFO] [1856/3993] id=openseek-4-e2e2f3dad GT=thehPUiandlcockedqtsUponTwitho ✅ (3139ch, 13.6s)
2026-05-02 00:52:28,864 [INFO] HTTP Request: POST http://localhost:2026/v1/chat/completions "HTTP/1.1 200 OK"
2026-05-02 00:52:28,866 [INFO] [1857/3993] id=openseek-4-ed55a972c GT=itgtheyC ✅ (1272ch, 4.8s)
2026-05-02 00:52:37,047 [INFO] HTTP Request: POST http://localhost:2026/v1/chat/completions "HTTP/1.1 200 OK"
2026-05-02 00:52:37,048 [INFO] [1858/3993] id=openseek-4-56799d412 GT=KAsharply.uthroughG ✅ (2297ch, 8.7s)
2026-05-02 00:52:38,203 [INFO] HTTP Request: POST http://localhost:2026/v1/chat/completions "HTTP/1.1 200 OK"
2026-05-02 00:52:38,205 [INFO] [1859/3993] id=openseek-4-e911438db GT=FEAtoo,m ✅ (2317ch, 9.3s)
2026-05-02 00:52:43,549 [INFO] HTTP Request: POST http://localhost:2026/v1/chat/completions "HTTP/1.1 200 OK"
2026-05-02 00:52:43,550 [WARNING]   [attempt 1 T=0.0] think validate 失败 (len=4398): 'Okay, let's see. I need to concatenate this list of strings into a single line w'
2026-05-02 00:52:49,612 [INFO] HTTP Request: POST http://localhost:2026/v1/chat/completions "HTTP/1.1 200 OK"
2026-05-02 00:52:49,613 [INFO] [1860/3993] id=openseek-4-b3cc3fd38 GT=What9sIifttheVthem,BaAtheC ✅ (3013ch, 12.6s)
2026-05-02 00:52:49,992 [INFO] HTTP Request: POST http://localhost:2026/v1/chat/completions "HTTP/1.1 200 OK"
2026-05-02 00:52:49,993 [INFO] [1861/3993] id=openseek-4-f2a2ad937 GT=VandGForUpHFthusquncompromised ✅ (2883ch, 11.8s)
2026-05-02 00:52:55,980 [INFO] HTTP Request: POST http://localhost:2026/v1/chat/completions "HTTP/1.1 200 OK"
2026-05-02 00:52:55,981 [INFO] [1862/3993] id=openseek-4-50f619345 GT=wereXskthemulinebiQR ✅ (1405ch, 6.4s)
2026-05-02 00:52:57,901 [INFO] HTTP Request: POST http://localhost:2026/v1/chat/completions "HTTP/1.1 200 OK"
2026-05-02 00:52:57,903 [INFO] [1863/3993] id=openseek-4-28a0a279e GT=etheWKcthrustQPbone,cinJbread, ✅ (3115ch, 34.7s)
2026-05-02 00:53:00,520 [INFO] HTTP Request: POST http://localhost:2026/v1/chat/completions "HTTP/1.1 200 OK"
2026-05-02 00:53:00,521 [INFO] [1864/3993] id=openseek-4-2d2286fb7 GT=fearrPacificuhonorFCandXMdisqu ✅ (2571ch, 10.5s)
2026-05-02 00:53:01,935 [INFO] HTTP Request: POST http://localhost:2026/v1/chat/completions "HTTP/1.1 200 OK"
2026-05-02 00:53:01,936 [INFO] [1865/3993] id=openseek-4-11d7b935e GT=end,BPSpVON ✅ (1569ch, 6.0s)
2026-05-02 00:53:07,356 [INFO] HTTP Request: POST http://localhost:2026/v1/chat/completions "HTTP/1.1 200 OK"
2026-05-02 00:53:07,357 [INFO] [1866/3993] id=openseek-4-e054b5a3e GT=XhthoseSthatNofd ✅ (2560ch, 9.5s)
2026-05-02 00:53:07,407 [INFO] HTTP Request: POST http://localhost:2026/v1/chat/completions "HTTP/1.1 200 OK"
2026-05-02 00:53:07,408 [INFO] [1867/3993] id=openseek-4-630062984 GT=lAW ✅ (1853ch, 6.9s)
2026-05-02 00:53:11,832 [INFO] HTTP Request: POST http://localhost:2026/v1/chat/completions "HTTP/1.1 200 OK"
2026-05-02 00:53:11,833 [INFO] [1868/3993] id=openseek-4-95defeabe GT=YsheGownzwoodenJp ✅ (2301ch, 9.9s)
2026-05-02 00:53:19,007 [INFO] HTTP Request: POST http://localhost:2026/v1/chat/completions "HTTP/1.1 200 OK"
2026-05-02 00:53:19,008 [INFO] [1869/3993] id=openseek-4-809ad670e GT=eonlylGandmconfidentialHqiseY ✅ (2721ch, 11.6s)
2026-05-02 00:53:20,503 [INFO] HTTP Request: POST http://localhost:2026/v1/chat/completions "HTTP/1.1 200 OK"
2026-05-02 00:53:20,504 [INFO] [1870/3993] id=openseek-4-57adca239 GT=BsolidxveryaheccruisingN ✅ (2082ch, 8.7s)
2026-05-02 00:53:22,493 [INFO] HTTP Request: POST http://localhost:2026/v1/chat/completions "HTTP/1.1 200 OK"
2026-05-02 00:53:22,494 [INFO] [1871/3993] id=openseek-4-141c56987 GT=hAfloatuwivnbThevc ✅ (3421ch, 15.1s)
2026-05-02 00:53:30,788 [INFO] HTTP Request: POST http://localhost:2026/v1/chat/completions "HTTP/1.1 200 OK"
2026-05-02 00:53:30,789 [INFO] [1872/3993] id=openseek-4-c4a718c5a GT=BshouteditoHbxtocc ✅ (2503ch, 10.3s)
2026-05-02 00:53:31,451 [INFO] HTTP Request: POST http://localhost:2026/v1/chat/completions "HTTP/1.1 200 OK"
2026-05-02 00:53:31,452 [INFO] [1873/3993] id=openseek-4-e458c9ecd GT=untilOthatXcwhichohcontentedly ✅ (2948ch, 12.4s)
2026-05-02 00:53:36,960 [INFO] HTTP Request: POST http://localhost:2026/v1/chat/completions "HTTP/1.1 200 OK"
2026-05-02 00:53:36,961 [INFO] [1874/3993] id=openseek-4-c263d924c GT=turnMa ✅ (1691ch, 6.2s)
2026-05-02 00:53:37,521 [INFO] HTTP Request: POST http://localhost:2026/v1/chat/completions "HTTP/1.1 200 OK"
2026-05-02 00:53:37,522 [INFO] [1875/3993] id=openseek-4-12f1e6f8d GT=fromMteachings,iOpickrtheyhwre ✅ (3501ch, 15.0s)
2026-05-02 00:53:39,491 [INFO] HTTP Request: POST http://localhost:2026/v1/chat/completions "HTTP/1.1 200 OK"
2026-05-02 00:53:39,492 [INFO] [1876/3993] id=openseek-4-7ce299d02 GT=zlietbexplainedhpoundFony ✅ (1972ch, 8.0s)
2026-05-02 00:53:45,883 [INFO] HTTP Request: POST http://localhost:2026/v1/chat/completions "HTTP/1.1 200 OK"
2026-05-02 00:53:45,884 [INFO] [1877/3993] id=openseek-4-b3ab2dc71 GT=kAvictoryLnSPminda ✅ (2436ch, 8.9s)
2026-05-02 00:53:47,638 [INFO] HTTP Request: POST http://localhost:2026/v1/chat/completions "HTTP/1.1 200 OK"
2026-05-02 00:53:47,639 [INFO] [1878/3993] id=openseek-4-0df5c8aa3 GT=SuddenlyXCmtheMIflights,efwhil ✅ (2632ch, 10.1s)
2026-05-02 00:53:49,637 [INFO] HTTP Request: POST http://localhost:2026/v1/chat/completions "HTTP/1.1 200 OK"
2026-05-02 00:53:49,638 [INFO] [1879/3993] id=openseek-4-09d4861ee GT=PZsideHEmiroboundisuccession,L ✅ (2634ch, 10.1s)
2026-05-02 00:53:52,356 [INFO] HTTP Request: POST http://localhost:2026/v1/chat/completions "HTTP/1.1 200 OK"
2026-05-02 00:53:52,357 [INFO] [1880/3993] id=openseek-4-2c0e74f55 GT=Wime,e ✅ (1154ch, 4.7s)
2026-05-02 00:53:54,004 [INFO] HTTP Request: POST http://localhost:2026/v1/chat/completions "HTTP/1.1 200 OK"
2026-05-02 00:53:54,005 [INFO] [1881/3993] id=openseek-4-8fb95cbfa GT=craftbmyiorpfullestH ✅ (2103ch, 8.1s)
2026-05-02 00:54:01,220 [INFO] HTTP Request: POST http://localhost:2026/v1/chat/completions "HTTP/1.1 200 OK"
2026-05-02 00:54:01,221 [INFO] [1882/3993] id=openseek-4-e6a4fb24a GT=downssublimityTisAK ✅ (2398ch, 8.9s)
2026-05-02 00:54:02,543 [INFO] HTTP Request: POST http://localhost:2026/v1/chat/completions "HTTP/1.1 200 OK"
2026-05-02 00:54:02,544 [INFO] [1883/3993] id=openseek-4-dc35f7eba GT=WvNMcoursetthetWx ✅ (3061ch, 12.9s)
2026-05-02 00:54:08,179 [INFO] HTTP Request: POST http://localhost:2026/v1/chat/completions "HTTP/1.1 200 OK"
2026-05-02 00:54:08,181 [INFO] [1884/3993] id=openseek-4-fa49c7989 GT=aboveFgreenaveryCjXgmates,A ✅ (3490ch, 14.2s)
2026-05-02 00:54:09,705 [INFO] HTTP Request: POST http://localhost:2026/v1/chat/completions "HTTP/1.1 200 OK"
2026-05-02 00:54:09,706 [INFO] [1885/3993] id=openseek-4-892e6a892 GT=I9dLsThisS ✅ (1956ch, 8.5s)
2026-05-02 00:54:10,881 [INFO] HTTP Request: POST http://localhost:2026/v1/chat/completions "HTTP/1.1 200 OK"
2026-05-02 00:54:10,882 [INFO] [1886/3993] id=openseek-4-331d8cc53 GT=thepbearingIujerkingghere,D ✅ (2262ch, 8.3s)
2026-05-02 00:54:14,086 [INFO] HTTP Request: POST http://localhost:2026/v1/chat/completions "HTTP/1.1 200 OK"
2026-05-02 00:54:14,087 [INFO] [1887/3993] id=openseek-4-9e897a4fc GT=gi ✅ (878ch, 3.2s)
2026-05-02 00:54:14,465 [INFO] HTTP Request: POST http://localhost:2026/v1/chat/completions "HTTP/1.1 200 OK"
2026-05-02 00:54:14,467 [INFO] [1888/3993] id=openseek-4-28cd19593 GT=theXKG ✅ (1573ch, 6.3s)
2026-05-02 00:54:24,959 [INFO] HTTP Request: POST http://localhost:2026/v1/chat/completions "HTTP/1.1 200 OK"
2026-05-02 00:54:24,960 [INFO] [1889/3993] id=openseek-4-dc080421e GT=tofAbRundone;BUVoO ✅ (3812ch, 15.3s)
2026-05-02 00:54:28,452 [INFO] HTTP Request: POST http://localhost:2026/v1/chat/completions "HTTP/1.1 200 OK"
2026-05-02 00:54:28,453 [INFO] [1890/3993] id=openseek-4-8352e7f99 GT=YstrangelyPhdays,vitJreefcAoth ✅ (3492ch, 14.4s)
2026-05-02 00:54:28,454 [INFO] HTTP Request: POST http://localhost:2026/v1/chat/completions "HTTP/1.1 200 OK"
2026-05-02 00:54:28,454 [INFO] [1891/3993] id=openseek-4-617a24215 GT=cdSaWlikeAjlztcryZ ✅ (3157ch, 14.0s)
2026-05-02 00:54:32,378 [INFO] HTTP Request: POST http://localhost:2026/v1/chat/completions "HTTP/1.1 200 OK"
2026-05-02 00:54:32,379 [INFO] [1892/3993] id=openseek-4-9425a2fbc GT=VxZ ✅ (1014ch, 3.9s)
2026-05-02 00:54:37,252 [INFO] HTTP Request: POST http://localhost:2026/v1/chat/completions "HTTP/1.1 200 OK"
2026-05-02 00:54:37,253 [INFO] [1893/3993] id=openseek-4-738d1045b GT=tgqnw ✅ (1307ch, 4.9s)
2026-05-02 00:54:37,936 [INFO] HTTP Request: POST http://localhost:2026/v1/chat/completions "HTTP/1.1 200 OK"
2026-05-02 00:54:37,937 [INFO] [1894/3993] id=openseek-4-690038310 GT=winDsfancymeJallmtickledWtoZ ✅ (3327ch, 13.0s)
2026-05-02 00:54:38,942 [INFO] HTTP Request: POST http://localhost:2026/v1/chat/completions "HTTP/1.1 200 OK"
2026-05-02 00:54:38,943 [INFO] [1895/3993] id=openseek-4-1a620d7d5 GT=HTXpalmyKtheKxC ✅ (2416ch, 10.5s)
2026-05-02 00:54:43,814 [INFO] HTTP Request: POST http://localhost:2026/v1/chat/completions "HTTP/1.1 200 OK"
2026-05-02 00:54:43,815 [INFO] [1896/3993] id=openseek-4-29cdc3830 GT=hadts ✅ (1034ch, 4.9s)
2026-05-02 00:54:51,004 [INFO] HTTP Request: POST http://localhost:2026/v1/chat/completions "HTTP/1.1 200 OK"
2026-05-02 00:54:51,005 [INFO] [1897/3993] id=openseek-4-3a57a1df3 GT=rnBtaQTsspermXsomethingF ✅ (3324ch, 13.8s)
2026-05-02 00:54:54,211 [INFO] HTTP Request: POST http://localhost:2026/v1/chat/completions "HTTP/1.1 200 OK"
2026-05-02 00:54:54,212 [WARNING]   [attempt 1 T=0.0] think validate 失败 (len=4096): 'Okay, let's see. I need to concatenate this list of strings into a single line w'
2026-05-02 00:54:55,078 [INFO] HTTP Request: POST http://localhost:2026/v1/chat/completions "HTTP/1.1 200 OK"
2026-05-02 00:54:55,079 [INFO] [1898/3993] id=openseek-4-eb8f006ae GT=shipFbeHoneydoesdXX ✅ (2730ch, 11.3s)
2026-05-02 00:55:00,560 [INFO] HTTP Request: POST http://localhost:2026/v1/chat/completions "HTTP/1.1 200 OK"
2026-05-02 00:55:00,561 [INFO] [1899/3993] id=openseek-4-9b57e1d80 GT=andutoLwerey ✅ (1406ch, 5.5s)
2026-05-02 00:55:04,624 [INFO] HTTP Request: POST http://localhost:2026/v1/chat/completions "HTTP/1.1 200 OK"
2026-05-02 00:55:04,626 [INFO] [1900/3993] id=openseek-4-700a59b24 GT=oHTcutting-spade,hew ✅ (2480ch, 26.7s)
2026-05-02 00:55:04,781 [INFO]   💾 已保存 (成功=1892 失败=8) | 3.7s/条均值 | ETA=131min
2026-05-02 00:55:05,641 [INFO] HTTP Request: POST http://localhost:2026/v1/chat/completions "HTTP/1.1 200 OK"
2026-05-02 00:55:05,642 [INFO] [1901/3993] id=openseek-4-5dc8a0861 GT=ofwNpoints,nforetellLdHeUwall, ✅ (3521ch, 14.6s)
2026-05-02 00:55:08,803 [INFO] HTTP Request: POST http://localhost:2026/v1/chat/completions "HTTP/1.1 200 OK"
2026-05-02 00:55:08,804 [INFO] [1902/3993] id=openseek-4-c16871937 GT=MstartedPoutFthanLTl ✅ (1924ch, 8.2s)
2026-05-02 00:55:11,727 [INFO] HTTP Request: POST http://localhost:2026/v1/chat/completions "HTTP/1.1 200 OK"
2026-05-02 00:55:11,729 [INFO] [1903/3993] id=openseek-4-d2169d353 GT=XsofNibothCthesepW ✅ (1563ch, 6.1s)
2026-05-02 00:55:16,471 [INFO] HTTP Request: POST http://localhost:2026/v1/chat/completions "HTTP/1.1 200 OK"
2026-05-02 00:55:16,473 [INFO] [1904/3993] id=openseek-4-8e8368d9e GT=anguishmdollars;PsituationYYtl ✅ (3013ch, 11.8s)
2026-05-02 00:55:17,569 [INFO] HTTP Request: POST http://localhost:2026/v1/chat/completions "HTTP/1.1 200 OK"
2026-05-02 00:55:17,571 [INFO] [1905/3993] id=openseek-4-947119b2a GT=Butiwhitem ✅ (1543ch, 5.8s)
2026-05-02 00:55:18,856 [INFO] HTTP Request: POST http://localhost:2026/v1/chat/completions "HTTP/1.1 200 OK"
2026-05-02 00:55:18,857 [INFO] [1906/3993] id=openseek-4-93db5a6f0 GT=see?dcstainedNqMOYthatulastv ✅ (2525ch, 10.1s)
2026-05-02 00:55:23,028 [INFO] HTTP Request: POST http://localhost:2026/v1/chat/completions "HTTP/1.1 200 OK"
2026-05-02 00:55:23,029 [INFO] [1907/3993] id=openseek-4-7cddde153 GT=WcertainR ✅ (1112ch, 4.2s)
2026-05-02 00:55:31,441 [INFO] HTTP Request: POST http://localhost:2026/v1/chat/completions "HTTP/1.1 200 OK"
2026-05-02 00:55:31,443 [INFO] [1908/3993] id=openseek-4-7446186af GT=ZImEman;rother.iSethrowni ✅ (3346ch, 15.0s)
2026-05-02 00:55:35,395 [INFO] HTTP Request: POST http://localhost:2026/v1/chat/completions "HTTP/1.1 200 OK"
2026-05-02 00:55:35,397 [INFO] [1909/3993] id=openseek-4-a5033d77b GT=Eartisticmfunny.ytoWbwaskthevP ✅ (3770ch, 17.8s)
2026-05-02 00:55:35,563 [INFO] HTTP Request: POST http://localhost:2026/v1/chat/completions "HTTP/1.1 200 OK"
2026-05-02 00:55:35,564 [INFO] [1910/3993] id=openseek-4-f2778b6fc GT=EthelfavouriteWvsuchQFxy ✅ (3172ch, 12.5s)
2026-05-02 00:55:42,301 [INFO] HTTP Request: POST http://localhost:2026/v1/chat/completions "HTTP/1.1 200 OK"
2026-05-02 00:55:42,302 [INFO] [1911/3993] id=openseek-4-b89160b4d GT=vCachthedI ✅ (2427ch, 10.9s)
2026-05-02 00:55:46,033 [INFO] HTTP Request: POST http://localhost:2026/v1/chat/completions "HTTP/1.1 200 OK"
2026-05-02 00:55:46,035 [INFO] [1912/3993] id=openseek-4-6df54d8bd GT=dgoodChisdmatesnMsouytheGshoul ✅ (2660ch, 10.6s)
2026-05-02 00:55:50,732 [INFO] HTTP Request: POST http://localhost:2026/v1/chat/completions "HTTP/1.1 200 OK"
2026-05-02 00:55:50,733 [INFO] [1913/3993] id=openseek-4-d8f7aa61d GT=someIqintellectualyPmair,hs ✅ (3645ch, 15.2s)
2026-05-02 00:55:57,007 [INFO] HTTP Request: POST http://localhost:2026/v1/chat/completions "HTTP/1.1 200 OK"
2026-05-02 00:55:57,009 [INFO] [1914/3993] id=openseek-4-ef9ae638e GT=ForWRgoodrV ✅ (1695ch, 6.3s)
2026-05-02 00:55:57,245 [INFO] HTTP Request: POST http://localhost:2026/v1/chat/completions "HTTP/1.1 200 OK"
2026-05-02 00:55:57,246 [INFO] [1915/3993] id=openseek-4-066dd4464 GT=inferredbaVitqAloft,qupv ✅ (2832ch, 11.2s)
2026-05-02 00:56:02,375 [INFO] HTTP Request: POST http://localhost:2026/v1/chat/completions "HTTP/1.1 200 OK"
2026-05-02 00:56:02,375 [WARNING]   [attempt 1 T=0.0] think validate 失败 (len=4882): 'Okay, let's see. I need to concatenate this list of strings into a single line w'
2026-05-02 00:56:07,913 [INFO] HTTP Request: POST http://localhost:2026/v1/chat/completions "HTTP/1.1 200 OK"
2026-05-02 00:56:07,914 [INFO] [1916/3993] id=openseek-4-3f7348c0c GT=theUnoxheldmcSeepaccountmyZInc ✅ (2531ch, 10.9s)
2026-05-02 00:56:13,658 [INFO] HTTP Request: POST http://localhost:2026/v1/chat/completions "HTTP/1.1 200 OK"
2026-05-02 00:56:13,659 [INFO] [1917/3993] id=openseek-4-b192c9d06 GT=immenseGover,w ✅ (1445ch, 5.7s)
2026-05-02 00:56:16,106 [INFO] HTTP Request: POST http://localhost:2026/v1/chat/completions "HTTP/1.1 200 OK"
2026-05-02 00:56:16,107 [WARNING]   [attempt 1 T=0.0] think validate 失败 (len=4125): 'Okay, let's see. I need to concatenate this list of strings into a single line w'
2026-05-02 00:56:20,522 [INFO] HTTP Request: POST http://localhost:2026/v1/chat/completions "HTTP/1.1 200 OK"
2026-05-02 00:56:20,523 [INFO] [1918/3993] id=openseek-4-c9a2ceeb2 GT=sblewganduasC ✅ (1614ch, 6.9s)
2026-05-02 00:56:24,154 [INFO] HTTP Request: POST http://localhost:2026/v1/chat/completions "HTTP/1.1 200 OK"
2026-05-02 00:56:24,155 [WARNING]   [attempt 2 T=0.3] think validate 失败 (len=4387): 'Okay, let's see. I need to concatenate this list of strings into a single line w'
2026-05-02 00:56:31,600 [INFO] HTTP Request: POST http://localhost:2026/v1/chat/completions "HTTP/1.1 200 OK"
2026-05-02 00:56:31,601 [INFO] [1919/3993] id=openseek-4-7a185e62f GT=billiard-balls.Ilaugh.Qsaints, ✅ (3463ch, 34.4s)
2026-05-02 00:56:33,144 [INFO] HTTP Request: POST http://localhost:2026/v1/chat/completions "HTTP/1.1 200 OK"
2026-05-02 00:56:33,145 [INFO] [1920/3993] id=openseek-4-3d0256a77 GT=TinQWutherthecSysensezIW ✅ (2617ch, 12.6s)
2026-05-02 00:56:42,344 [INFO] HTTP Request: POST http://localhost:2026/v1/chat/completions "HTTP/1.1 200 OK"
2026-05-02 00:56:42,345 [INFO] [1921/3993] id=openseek-4-21d1f4ff2 GT=LZHvastdj ✅ (2675ch, 10.7s)
2026-05-02 00:56:46,235 [INFO] HTTP Request: POST http://localhost:2026/v1/chat/completions "HTTP/1.1 200 OK"
2026-05-02 00:56:46,235 [WARNING]   [attempt 3 T=0.6] think validate 失败 (len=4818): 'Okay, let's tackle this problem. So the task is to concatenate a list of strings'
2026-05-02 00:56:46,236 [WARNING] [1922/3993] id=openseek-4-5b3a049ec GT=rnNIIzQchaseLknow4notiseeingK ❌ (63.9s)
2026-05-02 00:56:48,179 [INFO] HTTP Request: POST http://localhost:2026/v1/chat/completions "HTTP/1.1 200 OK"
2026-05-02 00:56:48,180 [INFO] [1923/3993] id=openseek-4-656847912 GT=ZhpointedwnoEhoplankseeye,AVg ✅ (3573ch, 15.0s)
2026-05-02 00:56:50,952 [INFO] HTTP Request: POST http://localhost:2026/v1/chat/completions "HTTP/1.1 200 OK"
2026-05-02 00:56:50,953 [INFO] [1924/3993] id=openseek-4-ed349ef49 GT=SoJs ✅ (1234ch, 4.7s)
2026-05-02 00:56:51,690 [INFO] HTTP Request: POST http://localhost:2026/v1/chat/completions "HTTP/1.1 200 OK"
2026-05-02 00:56:51,691 [INFO] [1925/3993] id=openseek-4-77cd8bc3d GT=zkislUiuM ✅ (2269ch, 9.3s)
2026-05-02 00:56:56,306 [INFO] HTTP Request: POST http://localhost:2026/v1/chat/completions "HTTP/1.1 200 OK"
2026-05-02 00:56:56,307 [INFO] [1926/3993] id=openseek-4-927839b31 GT=sybutCr ✅ (1338ch, 5.4s)
2026-05-02 00:56:57,637 [INFO] HTTP Request: POST http://localhost:2026/v1/chat/completions "HTTP/1.1 200 OK"
2026-05-02 00:56:57,639 [INFO] [1927/3993] id=openseek-4-e1ba403ca GT=theirHfallqj ✅ (1334ch, 5.9s)
2026-05-02 00:56:59,973 [INFO] HTTP Request: POST http://localhost:2026/v1/chat/completions "HTTP/1.1 200 OK"
2026-05-02 00:56:59,974 [INFO] [1928/3993] id=openseek-4-f3606ab5c GT=uthis,BUnaKjBiron.D ✅ (2519ch, 11.8s)
2026-05-02 00:57:02,870 [INFO] HTTP Request: POST http://localhost:2026/v1/chat/completions "HTTP/1.1 200 OK"
2026-05-02 00:57:02,871 [INFO] [1929/3993] id=openseek-4-5120845ad GT=vwasHinvolvedG ✅ (1089ch, 5.2s)
2026-05-02 00:57:09,344 [INFO] HTTP Request: POST http://localhost:2026/v1/chat/completions "HTTP/1.1 200 OK"
2026-05-02 00:57:09,345 [INFO] [1930/3993] id=openseek-4-4262a9166 GT=iInRaphenomenonItravellingrmus ✅ (2959ch, 13.0s)
2026-05-02 00:57:10,341 [INFO] HTTP Request: POST http://localhost:2026/v1/chat/completions "HTTP/1.1 200 OK"
2026-05-02 00:57:10,342 [INFO] [1931/3993] id=openseek-4-0b6f3096c GT=ButKunconditionallyZJconsidere ✅ (2818ch, 10.4s)
2026-05-02 00:57:12,976 [INFO] HTTP Request: POST http://localhost:2026/v1/chat/completions "HTTP/1.1 200 OK"
2026-05-02 00:57:12,978 [INFO] [1932/3993] id=openseek-4-43aea4a0e GT=DaoSb ✅ (2568ch, 10.1s)
2026-05-02 00:57:17,534 [INFO] HTTP Request: POST http://localhost:2026/v1/chat/completions "HTTP/1.1 200 OK"
2026-05-02 00:57:17,535 [INFO] [1933/3993] id=openseek-4-863f61224 GT=IhowlingQj ✅ (1190ch, 4.6s)
2026-05-02 00:57:20,662 [INFO] HTTP Request: POST http://localhost:2026/v1/chat/completions "HTTP/1.1 200 OK"
2026-05-02 00:57:20,663 [INFO] [1934/3993] id=openseek-4-1e87288db GT=abouthwkatoSstreamingOandLupon ✅ (2897ch, 11.3s)
2026-05-02 00:57:23,713 [INFO] HTTP Request: POST http://localhost:2026/v1/chat/completions "HTTP/1.1 200 OK"
2026-05-02 00:57:23,715 [INFO] [1935/3993] id=openseek-4-db17f74d5 GT=pursuedItRpOYx ✅ (1603ch, 6.2s)
2026-05-02 00:57:25,590 [INFO] HTTP Request: POST http://localhost:2026/v1/chat/completions "HTTP/1.1 200 OK"
2026-05-02 00:57:25,592 [INFO] [1936/3993] id=openseek-4-ba32ed746 GT=mdayscslidL ✅ (1150ch, 4.9s)
2026-05-02 00:57:28,939 [INFO] HTTP Request: POST http://localhost:2026/v1/chat/completions "HTTP/1.1 200 OK"
2026-05-02 00:57:28,940 [WARNING]   [attempt 1 T=0.0] think validate 失败 (len=4307): 'Okay, let's see. I need to concatenate this list of strings into a single line w'
2026-05-02 00:57:29,885 [INFO] HTTP Request: POST http://localhost:2026/v1/chat/completions "HTTP/1.1 200 OK"
2026-05-02 00:57:29,886 [INFO] [1937/3993] id=openseek-4-f7f50551a GT=obituarysLk ✅ (1637ch, 6.2s)
2026-05-02 00:57:37,850 [INFO] HTTP Request: POST http://localhost:2026/v1/chat/completions "HTTP/1.1 200 OK"
2026-05-02 00:57:37,851 [INFO] [1938/3993] id=openseek-4-df62d9eb8 GT=twasptree,FWHmeddlingQofV ✅ (3055ch, 12.3s)
2026-05-02 00:57:40,085 [INFO] HTTP Request: POST http://localhost:2026/v1/chat/completions "HTTP/1.1 200 OK"
2026-05-02 00:57:40,087 [INFO] [1939/3993] id=openseek-4-972842136 GT=sidedaPYaantiquity;utreeszLand ✅ (2435ch, 10.2s)
2026-05-02 00:57:45,830 [INFO] HTTP Request: POST http://localhost:2026/v1/chat/completions "HTTP/1.1 200 OK"
2026-05-02 00:57:45,831 [INFO] [1940/3993] id=openseek-4-68c4926b3 GT=EstoodnxmyTbranches,I ✅ (1872ch, 8.0s)
2026-05-02 00:57:48,692 [INFO] HTTP Request: POST http://localhost:2026/v1/chat/completions "HTTP/1.1 200 OK"
2026-05-02 00:57:48,692 [WARNING]   [attempt 2 T=0.3] think validate 失败 (len=4623): 'Okay, let's see. I need to concatenate this list of strings into a single line w'
2026-05-02 00:57:51,503 [INFO] HTTP Request: POST http://localhost:2026/v1/chat/completions "HTTP/1.1 200 OK"
2026-05-02 00:57:51,505 [INFO] [1941/3993] id=openseek-4-b76a99bc4 GT=iszajxwastDextendingD ✅ (2575ch, 11.4s)
2026-05-02 00:57:51,664 [INFO] HTTP Request: POST http://localhost:2026/v1/chat/completions "HTTP/1.1 200 OK"
2026-05-02 00:57:51,665 [INFO] [1942/3993] id=openseek-4-f986189dc GT=gAboys!j ✅ (1416ch, 5.8s)
2026-05-02 00:57:58,998 [INFO] HTTP Request: POST http://localhost:2026/v1/chat/completions "HTTP/1.1 200 OK"
2026-05-02 00:57:58,999 [INFO] [1943/3993] id=openseek-4-573995ae4 GT=NQZointolerablewdirectMk ✅ (1844ch, 7.5s)
2026-05-02 00:58:04,252 [INFO] HTTP Request: POST http://localhost:2026/v1/chat/completions "HTTP/1.1 200 OK"
2026-05-02 00:58:04,253 [INFO] [1944/3993] id=openseek-4-6283d42ec GT=myBbutHTheyzzz ✅ (3010ch, 12.6s)
2026-05-02 00:58:08,936 [INFO] HTTP Request: POST http://localhost:2026/v1/chat/completions "HTTP/1.1 200 OK"
2026-05-02 00:58:08,936 [WARNING]   [attempt 3 T=0.6] think validate 失败 (len=4747): 'Okay, let's see. I need to concatenate this list of strings into a single line w'
2026-05-02 00:58:08,937 [WARNING] [1945/3993] id=openseek-4-7d588b1db GT=thoughmmeet,XGofolksZOwen;awit ❌ (58.6s)
2026-05-02 00:58:09,836 [INFO] HTTP Request: POST http://localhost:2026/v1/chat/completions "HTTP/1.1 200 OK"
2026-05-02 00:58:09,837 [INFO] [1946/3993] id=openseek-4-4c7c19828 GT=afshipDtheAdampq ✅ (2494ch, 10.8s)
2026-05-02 00:58:14,956 [INFO] HTTP Request: POST http://localhost:2026/v1/chat/completions "HTTP/1.1 200 OK"
2026-05-02 00:58:14,957 [INFO] [1947/3993] id=openseek-4-b711293e2 GT=xDtlT ✅ (1316ch, 5.1s)
2026-05-02 00:58:21,708 [INFO] HTTP Request: POST http://localhost:2026/v1/chat/completions "HTTP/1.1 200 OK"
2026-05-02 00:58:21,709 [WARNING]   [attempt 1 T=0.0] think validate 失败 (len=4204): 'Okay, let's see. I need to concatenate this list of strings into a single line w'
2026-05-02 00:58:22,131 [INFO] HTTP Request: POST http://localhost:2026/v1/chat/completions "HTTP/1.1 200 OK"
2026-05-02 00:58:22,132 [INFO] [1948/3993] id=openseek-4-1578fd8c9 GT=indefinitelye_Sleet9sAhaveAhaz ✅ (3284ch, 13.2s)
2026-05-02 00:58:28,585 [INFO] HTTP Request: POST http://localhost:2026/v1/chat/completions "HTTP/1.1 200 OK"
2026-05-02 00:58:28,586 [INFO] [1949/3993] id=openseek-4-a17691663 GT=andshefsuicide,EalreadyPtwhere ✅ (3009ch, 13.6s)
2026-05-02 00:58:32,599 [INFO] HTTP Request: POST http://localhost:2026/v1/chat/completions "HTTP/1.1 200 OK"
2026-05-02 00:58:32,600 [INFO] [1950/3993] id=openseek-4-f3c8ab0e2 GT=KJ ✅ (1031ch, 4.0s)
2026-05-02 00:58:36,977 [INFO] HTTP Request: POST http://localhost:2026/v1/chat/completions "HTTP/1.1 200 OK"
2026-05-02 00:58:36,979 [INFO] [1951/3993] id=openseek-4-60c7d64ca GT=mjZforenoonGignitingOuassented ✅ (3636ch, 32.7s)
2026-05-02 00:58:38,477 [INFO] HTTP Request: POST http://localhost:2026/v1/chat/completions "HTTP/1.1 200 OK"
2026-05-02 00:58:38,478 [INFO] [1952/3993] id=openseek-4-ff817dc48 GT=jiSblanknessOsettingqobyltonI ✅ (3699ch, 16.3s)
2026-05-02 00:58:46,022 [INFO] HTTP Request: POST http://localhost:2026/v1/chat/completions "HTTP/1.1 200 OK"
2026-05-02 00:58:46,023 [INFO] [1953/3993] id=openseek-4-7069946e6 GT=thatqzdry,klzJQDX ✅ (3228ch, 13.4s)
2026-05-02 00:58:49,968 [INFO] HTTP Request: POST http://localhost:2026/v1/chat/completions "HTTP/1.1 200 OK"
2026-05-02 00:58:49,970 [INFO] [1954/3993] id=openseek-4-9bbc8a3fe GT=AhandsNkaMiYBottomrorderothezN ✅ (3125ch, 13.0s)
2026-05-02 00:58:52,116 [INFO] HTTP Request: POST http://localhost:2026/v1/chat/completions "HTTP/1.1 200 OK"
2026-05-02 00:58:52,117 [INFO] [1955/3993] id=openseek-4-574af87c8 GT=barbs;KutaboutAgtoQ ✅ (3049ch, 13.6s)
2026-05-02 00:58:58,173 [INFO] HTTP Request: POST http://localhost:2026/v1/chat/completions "HTTP/1.1 200 OK"
2026-05-02 00:58:58,174 [INFO] [1956/3993] id=openseek-4-27e5842e4 GT=woodenLaort ✅ (1553ch, 6.1s)
2026-05-02 00:58:59,479 [INFO] HTTP Request: POST http://localhost:2026/v1/chat/completions "HTTP/1.1 200 OK"
2026-05-02 00:58:59,480 [INFO] [1957/3993] id=openseek-4-aaafdbfe4 GT=XmtheAgiganticTRdon9tolowyratr ✅ (3319ch, 13.5s)
2026-05-02 00:59:04,594 [INFO] HTTP Request: POST http://localhost:2026/v1/chat/completions "HTTP/1.1 200 OK"
2026-05-02 00:59:04,595 [INFO] [1958/3993] id=openseek-4-867e4b7a4 GT=nowSQ ✅ (1359ch, 5.1s)
2026-05-02 00:59:06,843 [INFO] HTTP Request: POST http://localhost:2026/v1/chat/completions "HTTP/1.1 200 OK"
2026-05-02 00:59:06,845 [INFO] [1959/3993] id=openseek-4-83cc03f25 GT=pasVIIULtheY ✅ (3941ch, 16.9s)
2026-05-02 00:59:11,296 [INFO] HTTP Request: POST http://localhost:2026/v1/chat/completions "HTTP/1.1 200 OK"
2026-05-02 00:59:11,297 [INFO] [1960/3993] id=openseek-4-5286331d6 GT=Gisgprophecyuv ✅ (1801ch, 6.7s)
2026-05-02 00:59:22,892 [INFO] HTTP Request: POST http://localhost:2026/v1/chat/completions "HTTP/1.1 200 OK"
2026-05-02 00:59:22,892 [WARNING]   [attempt 1 T=0.0] 答案校验失败 pred='clear Y U terrors y u Duke I locksmith,... a Z Fourth-of-July d superstitious Q expect='clear Y U terrors y u Duke I locksmith, a Z Fourth-of-July d superstitious Q'
2026-05-02 00:59:25,205 [INFO] HTTP Request: POST http://localhost:2026/v1/chat/completions "HTTP/1.1 200 OK"
2026-05-02 00:59:25,206 [INFO] [1961/3993] id=openseek-4-43c638c48 GT=toiYDgzintoZonmast-headKjawse ✅ (3219ch, 13.9s)
2026-05-02 00:59:28,927 [INFO] HTTP Request: POST http://localhost:2026/v1/chat/completions "HTTP/1.1 200 OK"
2026-05-02 00:59:29,161 [WARNING]   [attempt 1 T=0.0] 答案校验失败 pred=None expect='J Edmund p F k W (excepting S allowed q O outraged, A J'
2026-05-02 00:59:40,667 [INFO] HTTP Request: POST http://localhost:2026/v1/chat/completions "HTTP/1.1 200 OK"
2026-05-02 00:59:40,668 [WARNING]   [attempt 2 T=0.3] think validate 失败 (len=4088): 'Okay, let's see. I need to concatenate this list of strings into a single line w'
2026-05-02 00:59:45,731 [INFO] HTTP Request: POST http://localhost:2026/v1/chat/completions "HTTP/1.1 200 OK"
2026-05-02 00:59:45,733 [INFO] [1962/3993] id=openseek-4-74ba98e4e GT=JEdmundpFkW(exceptingSallowedq ✅ (3899ch, 47.6s)
2026-05-02 00:59:46,083 [INFO] HTTP Request: POST http://localhost:2026/v1/chat/completions "HTTP/1.1 200 OK"
2026-05-02 00:59:46,083 [WARNING]   [attempt 1 T=0.0] think validate 失败 (len=4316): 'Okay, let's see. I need to concatenate this list of strings into a single line w'
2026-05-02 00:59:51,350 [INFO] HTTP Request: POST http://localhost:2026/v1/chat/completions "HTTP/1.1 200 OK"
2026-05-02 00:59:51,351 [INFO] [1963/3993] id=openseek-4-b459f0182 GT=YhangsV ✅ (1406ch, 5.6s)
2026-05-02 00:59:54,871 [INFO] HTTP Request: POST http://localhost:2026/v1/chat/completions "HTTP/1.1 200 OK"
2026-05-02 00:59:54,872 [INFO] [1964/3993] id=openseek-4-19cab47d3 GT=clearYUterrorsyuDukeIlocksmith ✅ (3460ch, 48.0s)
2026-05-02 00:59:57,184 [INFO] HTTP Request: POST http://localhost:2026/v1/chat/completions "HTTP/1.1 200 OK"
2026-05-02 00:59:57,185 [INFO] [1965/3993] id=openseek-4-80d81787c GT=AhabYcallv ✅ (1502ch, 5.8s)
2026-05-02 00:59:57,489 [INFO] HTTP Request: POST http://localhost:2026/v1/chat/completions "HTTP/1.1 200 OK"
2026-05-02 00:59:57,490 [INFO] [1966/3993] id=openseek-4-2a82f9064 GT=fightiEfboatsrOMtoiledQbehp ✅ (2264ch, 32.3s)
2026-05-02 01:00:04,615 [INFO] HTTP Request: POST http://localhost:2026/v1/chat/completions "HTTP/1.1 200 OK"
2026-05-02 01:00:04,616 [INFO] [1967/3993] id=openseek-4-1782229f0 GT=cool,WwherelpJquiteGZcarpenter ✅ (2350ch, 9.7s)
2026-05-02 01:00:10,436 [INFO] HTTP Request: POST http://localhost:2026/v1/chat/completions "HTTP/1.1 200 OK"
2026-05-02 01:00:10,437 [INFO] [1968/3993] id=openseek-4-be083a063 GT=chimOinD ✅ (1515ch, 5.8s)
2026-05-02 01:00:12,434 [INFO] HTTP Request: POST http://localhost:2026/v1/chat/completions "HTTP/1.1 200 OK"
2026-05-02 01:00:12,435 [INFO] [1969/3993] id=openseek-4-99670b5bf GT=betterjbbthreeBagain.Sfromeall ✅ (3892ch, 15.3s)
2026-05-02 01:00:14,612 [INFO] HTTP Request: POST http://localhost:2026/v1/chat/completions "HTTP/1.1 200 OK"
2026-05-02 01:00:14,613 [INFO] [1970/3993] id=openseek-4-6560b04e7 GT=qzaIknewhhaszathatTtheEtlegsX ✅ (3856ch, 17.1s)
2026-05-02 01:00:17,334 [INFO] HTTP Request: POST http://localhost:2026/v1/chat/completions "HTTP/1.1 200 OK"
2026-05-02 01:00:17,335 [INFO] [1971/3993] id=openseek-4-e5a43a006 GT=interruptedFstroke,wa ✅ (1484ch, 6.9s)
2026-05-02 01:00:21,942 [INFO] HTTP Request: POST http://localhost:2026/v1/chat/completions "HTTP/1.1 200 OK"
2026-05-02 01:00:21,943 [INFO] [1972/3993] id=openseek-4-3a71455d7 GT=ksq ✅ (939ch, 4.6s)
2026-05-02 01:00:22,637 [INFO] HTTP Request: POST http://localhost:2026/v1/chat/completions "HTTP/1.1 200 OK"
2026-05-02 01:00:22,638 [INFO] [1973/3993] id=openseek-4-c68fda41a GT=preternaturalGGSfeetCF ✅ (2793ch, 10.2s)
2026-05-02 01:00:25,094 [INFO] HTTP Request: POST http://localhost:2026/v1/chat/completions "HTTP/1.1 200 OK"
2026-05-02 01:00:25,095 [INFO] [1974/3993] id=openseek-4-a7615bc67 GT=someXtheirCStarbuck,FgT ✅ (2473ch, 10.5s)
2026-05-02 01:00:30,594 [INFO] HTTP Request: POST http://localhost:2026/v1/chat/completions "HTTP/1.1 200 OK"
2026-05-02 01:00:30,595 [INFO] [1975/3993] id=openseek-4-c2db2960e GT=then,uthemh ✅ (1443ch, 5.5s)
2026-05-02 01:00:32,354 [INFO] HTTP Request: POST http://localhost:2026/v1/chat/completions "HTTP/1.1 200 OK"
2026-05-02 01:00:32,355 [INFO] [1976/3993] id=openseek-4-7b3e9a82e GT=Jjsgreader,V ✅ (2788ch, 10.4s)
2026-05-02 01:00:32,355 [INFO] HTTP Request: POST http://localhost:2026/v1/chat/completions "HTTP/1.1 200 OK"
2026-05-02 01:00:32,356 [INFO] [1977/3993] id=openseek-4-812a4efc7 GT=tryoFOGodMWatoG ✅ (2544ch, 9.7s)
2026-05-02 01:00:37,703 [INFO] HTTP Request: POST http://localhost:2026/v1/chat/completions "HTTP/1.1 200 OK"
2026-05-02 01:00:37,704 [INFO] [1978/3993] id=openseek-4-0066b7ab1 GT=whatpV ✅ (1454ch, 5.3s)
2026-05-02 01:00:44,415 [INFO] HTTP Request: POST http://localhost:2026/v1/chat/completions "HTTP/1.1 200 OK"
2026-05-02 01:00:44,416 [INFO] [1979/3993] id=openseek-4-2085b50aa GT=usualPbman,zzthatlitsQD ✅ (3275ch, 13.8s)
2026-05-02 01:00:48,920 [INFO] HTTP Request: POST http://localhost:2026/v1/chat/completions "HTTP/1.1 200 OK"
2026-05-02 01:00:48,921 [INFO] [1980/3993] id=openseek-4-0f306f160 GT=myubutr ✅ (1201ch, 4.5s)
2026-05-02 01:00:53,443 [INFO] HTTP Request: POST http://localhost:2026/v1/chat/completions "HTTP/1.1 200 OK"
2026-05-02 01:00:53,445 [INFO] [1981/3993] id=openseek-4-7290a6831 GT=Iaqhim,PLmoreCthoughMliteralm ✅ (3576ch, 15.7s)
2026-05-02 01:00:54,073 [INFO] HTTP Request: POST http://localhost:2026/v1/chat/completions "HTTP/1.1 200 OK"
2026-05-02 01:00:54,074 [WARNING]   [attempt 1 T=0.0] think validate 失败 (len=4928): 'Okay, let's see. I need to concatenate this list of strings into a single line w'
2026-05-02 01:01:00,235 [INFO] HTTP Request: POST http://localhost:2026/v1/chat/completions "HTTP/1.1 200 OK"
2026-05-02 01:01:00,236 [INFO] [1982/3993] id=openseek-4-eca61bbb7 GT=IAsgrowdGallChls ✅ (2481ch, 11.3s)
2026-05-02 01:01:04,777 [INFO] HTTP Request: POST http://localhost:2026/v1/chat/completions "HTTP/1.1 200 OK"
2026-05-02 01:01:04,779 [INFO] [1983/3993] id=openseek-4-2c7598068 GT=ThevwfiswandRinRZfabhorring,DA ✅ (2694ch, 11.3s)
2026-05-02 01:01:08,764 [INFO] HTTP Request: POST http://localhost:2026/v1/chat/completions "HTTP/1.1 200 OK"
2026-05-02 01:01:08,765 [INFO] [1984/3993] id=openseek-4-5db4d8de0 GT=vPv ✅ (974ch, 4.0s)
2026-05-02 01:01:09,928 [INFO] HTTP Request: POST http://localhost:2026/v1/chat/completions "HTTP/1.1 200 OK"
2026-05-02 01:01:09,929 [INFO] [1985/3993] id=openseek-4-7fa9c44f4 GT=myeveryYbedWdITfromjstealjAwil ✅ (3470ch, 37.6s)
2026-05-02 01:01:12,009 [INFO] HTTP Request: POST http://localhost:2026/v1/chat/completions "HTTP/1.1 200 OK"
2026-05-02 01:01:12,010 [INFO] [1986/3993] id=openseek-4-b0b867bc5 GT=Zimpetuously,nSwhichssSx ✅ (2889ch, 11.8s)
2026-05-02 01:01:18,800 [INFO] HTTP Request: POST http://localhost:2026/v1/chat/completions "HTTP/1.1 200 OK"
2026-05-02 01:01:18,802 [INFO] [1987/3993] id=openseek-4-33e4f4d1b GT=setGFeveryWYwasUandhBF ✅ (2704ch, 10.0s)
2026-05-02 01:01:19,900 [INFO] HTTP Request: POST http://localhost:2026/v1/chat/completions "HTTP/1.1 200 OK"
2026-05-02 01:01:19,901 [INFO] [1988/3993] id=openseek-4-a94274c2b GT=BSsetRJuanYQdaf ✅ (2599ch, 10.0s)
2026-05-02 01:01:20,574 [INFO] HTTP Request: POST http://localhost:2026/v1/chat/completions "HTTP/1.1 200 OK"
2026-05-02 01:01:20,575 [INFO] [1989/3993] id=openseek-4-77cd3578e GT=What9sFgodsythey ✅ (2035ch, 8.6s)
2026-05-02 01:01:28,089 [INFO] HTTP Request: POST http://localhost:2026/v1/chat/completions "HTTP/1.1 200 OK"
2026-05-02 01:01:28,091 [INFO] [1990/3993] id=openseek-4-83edad090 GT=wwhereKDwildv ✅ (2178ch, 8.2s)
2026-05-02 01:01:34,133 [INFO] HTTP Request: POST http://localhost:2026/v1/chat/completions "HTTP/1.1 200 OK"
2026-05-02 01:01:34,134 [INFO] [1991/3993] id=openseek-4-3734c9ba5 GT=RSeeingCyKit?4wait.lBbE ✅ (3206ch, 15.3s)
2026-05-02 01:01:34,717 [INFO] HTTP Request: POST http://localhost:2026/v1/chat/completions "HTTP/1.1 200 OK"
2026-05-02 01:01:34,718 [INFO] [1992/3993] id=openseek-4-be3038694 GT=ofWinjGOF ✅ (1342ch, 6.6s)
2026-05-02 01:01:37,247 [INFO] HTTP Request: POST http://localhost:2026/v1/chat/completions "HTTP/1.1 200 OK"
2026-05-02 01:01:37,248 [INFO] [1993/3993] id=openseek-4-7a78b7074 GT=WPlieeflame,CRmorekimpunity,Rt ✅ (3876ch, 16.7s)
2026-05-02 01:01:43,330 [INFO] HTTP Request: POST http://localhost:2026/v1/chat/completions "HTTP/1.1 200 OK"
2026-05-02 01:01:43,331 [INFO] [1994/3993] id=openseek-4-ac5131718 GT=AndrwhoeWtIXn ✅ (1923ch, 8.6s)
2026-05-02 01:01:43,694 [INFO] HTTP Request: POST http://localhost:2026/v1/chat/completions "HTTP/1.1 200 OK"
2026-05-02 01:01:43,695 [INFO] [1995/3993] id=openseek-4-709c7b0c4 GT=haveptower,NOltL ✅ (1619ch, 6.4s)
2026-05-02 01:01:46,145 [INFO] HTTP Request: POST http://localhost:2026/v1/chat/completions "HTTP/1.1 200 OK"
2026-05-02 01:01:46,146 [INFO] [1996/3993] id=openseek-4-1b4379050 GT=Zanguish;jseemedqwoYwithbmadeg ✅ (2776ch, 12.0s)
2026-05-02 01:01:51,106 [INFO] HTTP Request: POST http://localhost:2026/v1/chat/completions "HTTP/1.1 200 OK"
2026-05-02 01:01:51,107 [INFO] [1997/3993] id=openseek-4-0ed73967c GT=clearCz ✅ (2082ch, 7.8s)
2026-05-02 01:02:00,122 [INFO] HTTP Request: POST http://localhost:2026/v1/chat/completions "HTTP/1.1 200 OK"
2026-05-02 01:02:00,124 [INFO] [1998/3993] id=openseek-4-e2bfaffdf GT=harpooneerEthemselvesIzwhichCb ✅ (3604ch, 14.0s)
2026-05-02 01:02:00,817 [INFO] HTTP Request: POST http://localhost:2026/v1/chat/completions "HTTP/1.1 200 OK"
2026-05-02 01:02:00,818 [INFO] [1999/3993] id=openseek-4-dc7c9cd53 GT=fis,YAunaccountablej ✅ (2463ch, 9.7s)
2026-05-02 01:02:01,775 [INFO] HTTP Request: POST http://localhost:2026/v1/chat/completions "HTTP/1.1 200 OK"
2026-05-02 01:02:01,776 [INFO] [2000/3993] id=openseek-4-675523697 GT=nSGreekFofJIfortHMasuchJ ✅ (3974ch, 18.1s)
2026-05-02 01:02:01,929 [INFO]   💾 已保存 (成功=1990 失败=10) | 3.8s/条均值 | ETA=125min
2026-05-02 01:02:08,187 [INFO] HTTP Request: POST http://localhost:2026/v1/chat/completions "HTTP/1.1 200 OK"
2026-05-02 01:02:08,188 [INFO] [2001/3993] id=openseek-4-b70a6ed31 GT=IkTuc9TisG ✅ (1955ch, 7.4s)
2026-05-02 01:02:11,429 [INFO] HTTP Request: POST http://localhost:2026/v1/chat/completions "HTTP/1.1 200 OK"
2026-05-02 01:02:11,431 [INFO] [2002/3993] id=openseek-4-0f4144193 GT=andHfandjhemJTg ✅ (2271ch, 9.7s)
2026-05-02 01:02:14,107 [INFO] HTTP Request: POST http://localhost:2026/v1/chat/completions "HTTP/1.1 200 OK"
2026-05-02 01:02:14,108 [INFO] [2003/3993] id=openseek-4-8e31c6521 GT=BUnurturedki ✅ (1491ch, 5.9s)
2026-05-02 01:02:14,549 [INFO] HTTP Request: POST http://localhost:2026/v1/chat/completions "HTTP/1.1 200 OK"
2026-05-02 01:02:14,550 [INFO] [2004/3993] id=openseek-4-3fda2d950 GT=oysterscBshoalEhimpaZFU ✅ (3342ch, 14.4s)
2026-05-02 01:02:19,963 [INFO] HTTP Request: POST http://localhost:2026/v1/chat/completions "HTTP/1.1 200 OK"
2026-05-02 01:02:19,965 [INFO] [2005/3993] id=openseek-4-69f384466 GT=RAnoEU1807n ✅ (2101ch, 8.5s)
2026-05-02 01:02:25,886 [INFO] HTTP Request: POST http://localhost:2026/v1/chat/completions "HTTP/1.1 200 OK"
2026-05-02 01:02:25,887 [INFO] [2006/3993] id=openseek-4-0c12699a3 GT=on,uzpockets,4chearZorJn ✅ (2776ch, 11.3s)
2026-05-02 01:02:30,052 [INFO] HTTP Request: POST http://localhost:2026/v1/chat/completions "HTTP/1.1 200 OK"
2026-05-02 01:02:30,053 [WARNING]   [attempt 1 T=0.0] think validate 失败 (len=4094): 'Okay, let's see. I need to concatenate this list of strings into a single line w'
2026-05-02 01:02:30,986 [INFO] HTTP Request: POST http://localhost:2026/v1/chat/completions "HTTP/1.1 200 OK"
2026-05-02 01:02:30,987 [INFO] [2007/3993] id=openseek-4-1ce668b49 GT=uoneY ✅ (1292ch, 5.1s)
2026-05-02 01:02:32,856 [INFO] HTTP Request: POST http://localhost:2026/v1/chat/completions "HTTP/1.1 200 OK"
2026-05-02 01:02:32,858 [INFO] [2008/3993] id=openseek-4-8dc1d0ee8 GT=browHmyIfbucketLHdeclinelRcnV ✅ (2917ch, 12.9s)
2026-05-02 01:02:42,651 [INFO] HTTP Request: POST http://localhost:2026/v1/chat/completions "HTTP/1.1 200 OK"
2026-05-02 01:02:42,653 [INFO] [2009/3993] id=openseek-4-b73ecfa55 GT=pcouldjevening4itcvesselsAMfas ✅ (2324ch, 9.8s)
2026-05-02 01:02:43,177 [INFO] HTTP Request: POST http://localhost:2026/v1/chat/completions "HTTP/1.1 200 OK"
2026-05-02 01:02:43,178 [INFO] [2010/3993] id=openseek-4-b6b6636a2 GT=zofIsowofDpavement,4ratherNJ ✅ (2956ch, 29.1s)
2026-05-02 01:02:45,110 [INFO] HTTP Request: POST http://localhost:2026/v1/chat/completions "HTTP/1.1 200 OK"
2026-05-02 01:02:45,112 [INFO] [2011/3993] id=openseek-4-8a017b8b9 GT=zwhaleaWdesirousuwhatJBIUAngel ✅ (2262ch, 14.1s)
2026-05-02 01:02:50,277 [INFO] HTTP Request: POST http://localhost:2026/v1/chat/completions "HTTP/1.1 200 OK"
2026-05-02 01:02:50,278 [INFO] [2012/3993] id=openseek-4-9c7a8e11e GT=MleQfoodNIcutow ✅ (1892ch, 7.6s)
2026-05-02 01:02:53,641 [INFO] HTTP Request: POST http://localhost:2026/v1/chat/completions "HTTP/1.1 200 OK"
2026-05-02 01:02:53,643 [INFO] [2013/3993] id=openseek-4-f978a1821 GT=KXCguXfromNfloweryuPF ✅ (2658ch, 10.5s)
2026-05-02 01:02:57,384 [INFO] HTTP Request: POST http://localhost:2026/v1/chat/completions "HTTP/1.1 200 OK"
2026-05-02 01:02:57,386 [INFO] [2014/3993] id=openseek-4-1dda3cd90 GT=bhisMordinarilybisowthatp ✅ (3140ch, 12.3s)
2026-05-02 01:03:00,500 [INFO] HTTP Request: POST http://localhost:2026/v1/chat/completions "HTTP/1.1 200 OK"
2026-05-02 01:03:00,501 [INFO] [2015/3993] id=openseek-4-cc914db19 GT=lookQAeither,cktoT ✅ (2728ch, 10.2s)
2026-05-02 01:03:01,690 [INFO] HTTP Request: POST http://localhost:2026/v1/chat/completions "HTTP/1.1 200 OK"
2026-05-02 01:03:01,692 [INFO] [2016/3993] id=openseek-4-a5a9a7973 GT=DX ✅ (957ch, 4.3s)
2026-05-02 01:03:06,710 [INFO] HTTP Request: POST http://localhost:2026/v1/chat/completions "HTTP/1.1 200 OK"
2026-05-02 01:03:06,712 [INFO] [2017/3993] id=openseek-4-ebb6f07e6 GT=wood;OtwelveUidea,Z ✅ (3327ch, 13.1s)
2026-05-02 01:03:11,840 [INFO] HTTP Request: POST http://localhost:2026/v1/chat/completions "HTTP/1.1 200 OK"
2026-05-02 01:03:11,842 [INFO] [2018/3993] id=openseek-4-a7455062f GT=Ssavage,NCforkgratingtX ✅ (2817ch, 11.3s)
2026-05-02 01:03:14,397 [INFO] HTTP Request: POST http://localhost:2026/v1/chat/completions "HTTP/1.1 200 OK"
2026-05-02 01:03:14,398 [INFO] [2019/3993] id=openseek-4-3d9dd4c40 GT=billetedVSiamese!pQjA ✅ (2831ch, 12.7s)
2026-05-02 01:03:17,419 [INFO] HTTP Request: POST http://localhost:2026/v1/chat/completions "HTTP/1.1 200 OK"
2026-05-02 01:03:17,421 [INFO] [2020/3993] id=openseek-4-b262f1f34 GT=accidentsGplikeEXocLv ✅ (2912ch, 10.7s)
2026-05-02 01:03:17,702 [INFO] HTTP Request: POST http://localhost:2026/v1/chat/completions "HTTP/1.1 200 OK"
2026-05-02 01:03:17,703 [INFO] [2021/3993] id=openseek-4-0d7b0cafb GT=thePud ✅ (1531ch, 5.9s)
2026-05-02 01:03:20,300 [INFO] HTTP Request: POST http://localhost:2026/v1/chat/completions "HTTP/1.1 200 OK"
2026-05-02 01:03:20,302 [INFO] [2022/3993] id=openseek-4-69c7f4c96 GT=BtimeliestEforS ✅ (1548ch, 5.9s)
2026-05-02 01:03:30,806 [INFO] HTTP Request: POST http://localhost:2026/v1/chat/completions "HTTP/1.1 200 OK"
2026-05-02 01:03:30,807 [INFO] [2023/3993] id=openseek-4-305bd7e58 GT=withHFacknowledgesttheFvarious ✅ (3235ch, 13.4s)
2026-05-02 01:03:33,261 [INFO] HTTP Request: POST http://localhost:2026/v1/chat/completions "HTTP/1.1 200 OK"
2026-05-02 01:03:33,263 [INFO] [2024/3993] id=openseek-4-fe75a2b27 GT=theLCwhenvibetween.qXsKCthef ✅ (2897ch, 13.0s)
2026-05-02 01:03:33,577 [INFO] HTTP Request: POST http://localhost:2026/v1/chat/completions "HTTP/1.1 200 OK"
2026-05-02 01:03:33,579 [INFO] [2025/3993] id=openseek-4-fe99b982d GT=wwaslcZsomePminutesslOhimselfc ✅ (3547ch, 15.9s)
2026-05-02 01:03:36,070 [INFO] HTTP Request: POST http://localhost:2026/v1/chat/completions "HTTP/1.1 200 OK"
2026-05-02 01:03:36,072 [INFO] [2026/3993] id=openseek-4-5dce204e1 GT=Dopenzw ✅ (1420ch, 5.3s)
2026-05-02 01:03:43,755 [INFO] HTTP Request: POST http://localhost:2026/v1/chat/completions "HTTP/1.1 200 OK"
2026-05-02 01:03:43,757 [INFO] [2027/3993] id=openseek-4-1238b2460 GT=crunched,FSthatgepfd ✅ (1685ch, 10.5s)
2026-05-02 01:03:49,932 [INFO] HTTP Request: POST http://localhost:2026/v1/chat/completions "HTTP/1.1 200 OK"
2026-05-02 01:03:49,934 [INFO] [2028/3993] id=openseek-4-aba342f73 GT=ebyJSisKxXahThatxBZ ✅ (3644ch, 16.4s)
2026-05-02 01:03:50,199 [INFO] HTTP Request: POST http://localhost:2026/v1/chat/completions "HTTP/1.1 200 OK"
2026-05-02 01:03:50,201 [INFO] [2029/3993] id=openseek-4-33132d6d4 GT=strikeszthemselveszoveraswhale ✅ (3726ch, 14.1s)
2026-05-02 01:03:56,225 [INFO] HTTP Request: POST http://localhost:2026/v1/chat/completions "HTTP/1.1 200 OK"
2026-05-02 01:03:56,227 [INFO] [2030/3993] id=openseek-4-1f1f802a0 GT=wasshuGpointedhwerexJWWtheres ✅ (2775ch, 12.5s)
2026-05-02 01:04:00,020 [INFO] HTTP Request: POST http://localhost:2026/v1/chat/completions "HTTP/1.1 200 OK"
2026-05-02 01:04:00,021 [INFO] [2031/3993] id=openseek-4-3762b2371 GT=Re ✅ (986ch, 3.8s)
2026-05-02 01:04:01,524 [INFO] HTTP Request: POST http://localhost:2026/v1/chat/completions "HTTP/1.1 200 OK"
2026-05-02 01:04:01,525 [INFO] [2032/3993] id=openseek-4-a9e6cc38d GT=sHEObutqwhatNpQkE ✅ (2451ch, 11.3s)
2026-05-02 01:04:04,292 [INFO] HTTP Request: POST http://localhost:2026/v1/chat/completions "HTTP/1.1 200 OK"
2026-05-02 01:04:04,294 [INFO] [2033/3993] id=openseek-4-49200f737 GT=intoZspoutRLIfJnhead9sehiskele ✅ (3181ch, 14.4s)
2026-05-02 01:04:14,611 [INFO] HTTP Request: POST http://localhost:2026/v1/chat/completions "HTTP/1.1 200 OK"
2026-05-02 01:04:14,612 [INFO] [2034/3993] id=openseek-4-ece62b440 GT=waswrofYsubmissionhhour,epmb ✅ (3081ch, 13.1s)
2026-05-02 01:04:16,070 [INFO] HTTP Request: POST http://localhost:2026/v1/chat/completions "HTTP/1.1 200 OK"
2026-05-02 01:04:16,072 [INFO] [2035/3993] id=openseek-4-225c263c4 GT=nwhisperedbsoft,yEp ✅ (2908ch, 11.8s)
2026-05-02 01:04:17,495 [INFO] HTTP Request: POST http://localhost:2026/v1/chat/completions "HTTP/1.1 200 OK"
2026-05-02 01:04:17,497 [INFO] [2036/3993] id=openseek-4-14c58603a GT=youngTEit,PMeWbpUu ✅ (3991ch, 17.5s)
2026-05-02 01:04:27,295 [INFO] HTTP Request: POST http://localhost:2026/v1/chat/completions "HTTP/1.1 200 OK"
2026-05-02 01:04:27,296 [INFO] [2037/3993] id=openseek-4-5549ca735 GT=Dick!dNwdiscountXiJthatiUT ✅ (2851ch, 12.7s)
2026-05-02 01:04:30,907 [INFO] HTTP Request: POST http://localhost:2026/v1/chat/completions "HTTP/1.1 200 OK"
2026-05-02 01:04:30,909 [INFO] [2038/3993] id=openseek-4-a4c71d8bf GT=xOyeQNorvIThengoWL ✅ (3277ch, 13.4s)
2026-05-02 01:04:35,064 [INFO] HTTP Request: POST http://localhost:2026/v1/chat/completions "HTTP/1.1 200 OK"
2026-05-02 01:04:35,065 [WARNING]   [attempt 1 T=0.0] think validate 失败 (len=4696): 'Okay, let's see. I need to concatenate this list of strings into a single line w'
2026-05-02 01:04:39,199 [INFO] HTTP Request: POST http://localhost:2026/v1/chat/completions "HTTP/1.1 200 OK"
2026-05-02 01:04:39,200 [INFO] [2039/3993] id=openseek-4-bd6df6212 GT=otherBlikezNfiveK ✅ (2103ch, 8.3s)
2026-05-02 01:04:41,025 [INFO] HTTP Request: POST http://localhost:2026/v1/chat/completions "HTTP/1.1 200 OK"
2026-05-02 01:04:41,026 [INFO] [2040/3993] id=openseek-4-8efc0c339 GT=ygrimGworldLsoYthroughctheWfwe ✅ (3321ch, 13.7s)
2026-05-02 01:04:42,710 [INFO] HTTP Request: POST http://localhost:2026/v1/chat/completions "HTTP/1.1 200 OK"
2026-05-02 01:04:42,712 [INFO] [2041/3993] id=openseek-4-6e5ccb6d8 GT=yT ✅ (892ch, 3.5s)
2026-05-02 01:04:47,209 [INFO] HTTP Request: POST http://localhost:2026/v1/chat/completions "HTTP/1.1 200 OK"
2026-05-02 01:04:47,210 [INFO] [2042/3993] id=openseek-4-2b194edeb GT=youYsawLO ✅ (1518ch, 6.2s)
2026-05-02 01:04:49,194 [INFO] HTTP Request: POST http://localhost:2026/v1/chat/completions "HTTP/1.1 200 OK"
2026-05-02 01:04:49,196 [INFO] [2043/3993] id=openseek-4-c43342cc3 GT=WswimmingLQwithypresently.ltry ✅ (3248ch, 33.1s)
2026-05-02 01:04:53,519 [INFO] HTTP Request: POST http://localhost:2026/v1/chat/completions "HTTP/1.1 200 OK"
2026-05-02 01:04:53,520 [INFO] [2044/3993] id=openseek-4-6381361db GT=Odfleast,qsoPbXthee ✅ (1426ch, 6.3s)
2026-05-02 01:04:58,346 [INFO] HTTP Request: POST http://localhost:2026/v1/chat/completions "HTTP/1.1 200 OK"
2026-05-02 01:04:58,349 [INFO] [2045/3993] id=openseek-4-0f4b7554d GT=zsled-likedtocforrwenGsoul;dNR ✅ (3609ch, 15.6s)
2026-05-02 01:05:00,190 [INFO] HTTP Request: POST http://localhost:2026/v1/chat/completions "HTTP/1.1 200 OK"
2026-05-02 01:05:00,192 [INFO] [2046/3993] id=openseek-4-56c1cb262 GT=HornXhomewandrmayrincanq ✅ (2726ch, 11.0s)
2026-05-02 01:05:01,671 [INFO] HTTP Request: POST http://localhost:2026/v1/chat/completions "HTTP/1.1 200 OK"
2026-05-02 01:05:01,672 [INFO] [2047/3993] id=openseek-4-3a36278e3 GT=iEPmuchQTheT ✅ (1981ch, 8.2s)
2026-05-02 01:05:07,424 [INFO] HTTP Request: POST http://localhost:2026/v1/chat/completions "HTTP/1.1 200 OK"
2026-05-02 01:05:07,426 [INFO] [2048/3993] id=openseek-4-63cf96c19 GT=ninJoldLPJ ✅ (2128ch, 9.1s)
2026-05-02 01:05:12,356 [INFO] HTTP Request: POST http://localhost:2026/v1/chat/completions "HTTP/1.1 200 OK"
2026-05-02 01:05:12,358 [INFO] [2049/3993] id=openseek-4-2122ef159 GT=andsEhumorouslyehaveFthesmC ✅ (2748ch, 10.7s)
2026-05-02 01:05:12,855 [INFO] HTTP Request: POST http://localhost:2026/v1/chat/completions "HTTP/1.1 200 OK"
2026-05-02 01:05:12,856 [INFO] [2050/3993] id=openseek-4-6ad27cc69 GT=sGthatfDOD ✅ (3151ch, 12.7s)
2026-05-02 01:05:13,353 [INFO] HTTP Request: POST http://localhost:2026/v1/chat/completions "HTTP/1.1 200 OK"
2026-05-02 01:05:13,355 [INFO] [2051/3993] id=openseek-4-7345c4cbb GT=thisUe ✅ (1598ch, 5.9s)
2026-05-02 01:05:19,127 [INFO] HTTP Request: POST http://localhost:2026/v1/chat/completions "HTTP/1.1 200 OK"
2026-05-02 01:05:19,129 [INFO] [2052/3993] id=openseek-4-63c2077e1 GT=JdhisT ✅ (1646ch, 6.3s)
2026-05-02 01:05:22,565 [INFO] HTTP Request: POST http://localhost:2026/v1/chat/completions "HTTP/1.1 200 OK"
2026-05-02 01:05:22,567 [INFO] [2053/3993] id=openseek-4-a1ffef29e GT=lcabin.Hwild,ZN ✅ (2292ch, 9.2s)
2026-05-02 01:05:24,841 [INFO] HTTP Request: POST http://localhost:2026/v1/chat/completions "HTTP/1.1 200 OK"
2026-05-02 01:05:24,842 [INFO] [2054/3993] id=openseek-4-475ef6753 GT=Ufw ✅ (1519ch, 5.7s)
2026-05-02 01:05:25,972 [INFO] HTTP Request: POST http://localhost:2026/v1/chat/completions "HTTP/1.1 200 OK"
2026-05-02 01:05:25,973 [INFO] [2055/3993] id=openseek-4-30f9d0778 GT=ghisMwebpstillxupLn ✅ (3303ch, 13.6s)
2026-05-02 01:05:30,200 [INFO] HTTP Request: POST http://localhost:2026/v1/chat/completions "HTTP/1.1 200 OK"
2026-05-02 01:05:30,202 [INFO] [2056/3993] id=openseek-4-b154680f5 GT=moreeO ✅ (1471ch, 5.4s)
2026-05-02 01:05:32,684 [INFO] HTTP Request: POST http://localhost:2026/v1/chat/completions "HTTP/1.1 200 OK"
2026-05-02 01:05:32,686 [INFO] [2057/3993] id=openseek-4-9ce153f5c GT=aYthoughHbfvtheqshiveringX ✅ (2575ch, 10.1s)
2026-05-02 01:05:37,129 [INFO] HTTP Request: POST http://localhost:2026/v1/chat/completions "HTTP/1.1 200 OK"
2026-05-02 01:05:37,130 [INFO] [2058/3993] id=openseek-4-e08ff8d74 GT=sheadFback.Sx ✅ (1601ch, 6.9s)
2026-05-02 01:05:41,285 [INFO] HTTP Request: POST http://localhost:2026/v1/chat/completions "HTTP/1.1 200 OK"
2026-05-02 01:05:41,287 [INFO] [2059/3993] id=openseek-4-804aa1aa3 GT=newlystheOAlikeCsoV ✅ (2129ch, 8.6s)
2026-05-02 01:05:45,028 [INFO] HTTP Request: POST http://localhost:2026/v1/chat/completions "HTTP/1.1 200 OK"
2026-05-02 01:05:45,028 [WARNING]   [attempt 1 T=0.0] think validate 失败 (len=4132): 'Okay, let's see. I need to concatenate this list of strings into a single line w'
2026-05-02 01:05:47,076 [INFO] HTTP Request: POST http://localhost:2026/v1/chat/completions "HTTP/1.1 200 OK"
2026-05-02 01:05:47,077 [INFO] [2060/3993] id=openseek-4-50ec7a6dd GT=wasJtozthepandjsx ✅ (2277ch, 9.9s)
2026-05-02 01:05:48,660 [INFO] HTTP Request: POST http://localhost:2026/v1/chat/completions "HTTP/1.1 200 OK"
2026-05-02 01:05:48,661 [INFO] [2061/3993] id=openseek-4-40e87c375 GT=sleepsmostgmadeCQ ✅ (1881ch, 7.4s)
2026-05-02 01:05:57,004 [INFO] HTTP Request: POST http://localhost:2026/v1/chat/completions "HTTP/1.1 200 OK"
2026-05-02 01:05:57,005 [INFO] [2062/3993] id=openseek-4-9196dbf9c GT=gTlantern,vbAGGrandgtheLsilent ✅ (2810ch, 31.0s)
2026-05-02 01:05:58,759 [INFO] HTTP Request: POST http://localhost:2026/v1/chat/completions "HTTP/1.1 200 OK"
2026-05-02 01:05:58,760 [INFO] [2063/3993] id=openseek-4-e68508164 GT=dvUheaduggthatJKe ✅ (1787ch, 10.1s)
2026-05-02 01:06:01,479 [INFO] HTTP Request: POST http://localhost:2026/v1/chat/completions "HTTP/1.1 200 OK"
2026-05-02 01:06:01,480 [INFO] [2064/3993] id=openseek-4-1decc9948 GT=beggarjwhat9skPstory,Denchante ✅ (3517ch, 14.4s)
2026-05-02 01:06:07,235 [INFO] HTTP Request: POST http://localhost:2026/v1/chat/completions "HTTP/1.1 200 OK"
2026-05-02 01:06:07,236 [INFO] [2065/3993] id=openseek-4-1ad3a9fa2 GT=plainFf ✅ (1522ch, 5.8s)
2026-05-02 01:06:08,591 [INFO] HTTP Request: POST http://localhost:2026/v1/chat/completions "HTTP/1.1 200 OK"
2026-05-02 01:06:08,592 [INFO] [2066/3993] id=openseek-4-69ea9586b GT=theELyourbinspireOsuchhH ✅ (2660ch, 9.8s)
2026-05-02 01:06:10,821 [INFO] HTTP Request: POST http://localhost:2026/v1/chat/completions "HTTP/1.1 200 OK"
2026-05-02 01:06:10,823 [INFO] [2067/3993] id=openseek-4-534587306 GT=XPThatiissueduheeandicontrasti ✅ (3268ch, 13.8s)
2026-05-02 01:06:16,179 [INFO] HTTP Request: POST http://localhost:2026/v1/chat/completions "HTTP/1.1 200 OK"
2026-05-02 01:06:16,181 [INFO] [2068/3993] id=openseek-4-3e4d24cf3 GT=althesagainstsi ✅ (2027ch, 7.6s)
2026-05-02 01:06:16,983 [INFO] HTTP Request: POST http://localhost:2026/v1/chat/completions "HTTP/1.1 200 OK"
2026-05-02 01:06:16,984 [INFO] [2069/3993] id=openseek-4-58447bdbe GT=buthnf ✅ (1615ch, 6.2s)
2026-05-02 01:06:17,713 [INFO] HTTP Request: POST http://localhost:2026/v1/chat/completions "HTTP/1.1 200 OK"
2026-05-02 01:06:17,714 [INFO] [2070/3993] id=openseek-4-404505320 GT=danddgold,knotJt ✅ (2401ch, 10.5s)
2026-05-02 01:06:26,038 [INFO] HTTP Request: POST http://localhost:2026/v1/chat/completions "HTTP/1.1 200 OK"
2026-05-02 01:06:26,039 [INFO] [2071/3993] id=openseek-4-cebafb2b3 GT=here,cjbhadnhammocktUJPl ✅ (2426ch, 9.9s)
2026-05-02 01:06:35,411 [INFO] HTTP Request: POST http://localhost:2026/v1/chat/completions "HTTP/1.1 200 OK"
2026-05-02 01:06:35,412 [WARNING]   [attempt 1 T=0.0] think validate 失败 (len=4614): 'Okay, let's see. I need to concatenate this list of strings into a single line w'
2026-05-02 01:06:35,731 [INFO] HTTP Request: POST http://localhost:2026/v1/chat/completions "HTTP/1.1 200 OK"
2026-05-02 01:06:35,732 [WARNING]   [attempt 1 T=0.0] think validate 失败 (len=4381): 'Okay, let's see. I need to concatenate this list of strings into a single line w'
2026-05-02 01:06:37,977 [INFO] HTTP Request: POST http://localhost:2026/v1/chat/completions "HTTP/1.1 200 OK"
2026-05-02 01:06:37,979 [INFO] [2072/3993] id=openseek-4-ecf949a4e GT=uponETherOhimXbulk,uyoun ✅ (2851ch, 11.9s)
2026-05-02 01:06:43,836 [INFO] HTTP Request: POST http://localhost:2026/v1/chat/completions "HTTP/1.1 200 OK"
2026-05-02 01:06:43,837 [INFO] [2073/3993] id=openseek-4-d433fdb47 GT=VandqkKay ✅ (1262ch, 5.9s)
2026-05-02 01:06:50,721 [INFO] HTTP Request: POST http://localhost:2026/v1/chat/completions "HTTP/1.1 200 OK"
2026-05-02 01:06:50,722 [INFO] [2074/3993] id=openseek-4-9e1f17cba GT=wpOQDWall._)ix ✅ (3250ch, 33.7s)
2026-05-02 01:06:52,747 [INFO] HTTP Request: POST http://localhost:2026/v1/chat/completions "HTTP/1.1 200 OK"
2026-05-02 01:06:52,749 [INFO] [2075/3993] id=openseek-4-903066bf7 GT=minLno,FevenCtisLclothing,D ✅ (3896ch, 35.0s)
2026-05-02 01:06:57,747 [INFO] HTTP Request: POST http://localhost:2026/v1/chat/completions "HTTP/1.1 200 OK"
2026-05-02 01:06:57,749 [INFO] [2076/3993] id=openseek-4-262556ca1 GT=Now,Ppulpit;dfivesinAqinq ✅ (2810ch, 13.9s)
2026-05-02 01:06:59,512 [INFO] HTTP Request: POST http://localhost:2026/v1/chat/completions "HTTP/1.1 200 OK"
2026-05-02 01:06:59,513 [INFO] [2077/3993] id=openseek-4-5e5168da6 GT=heartyQmyMI ✅ (1768ch, 6.8s)
2026-05-02 01:07:00,078 [INFO] HTTP Request: POST http://localhost:2026/v1/chat/completions "HTTP/1.1 200 OK"
2026-05-02 01:07:00,079 [INFO] [2078/3993] id=openseek-4-f12526c07 GT=crownZmtouMosayJ ✅ (2241ch, 9.4s)
2026-05-02 01:07:05,732 [INFO] HTTP Request: POST http://localhost:2026/v1/chat/completions "HTTP/1.1 200 OK"
2026-05-02 01:07:05,734 [INFO] [2079/3993] id=openseek-4-c1f714f10 GT=yet,LtidesoP ✅ (1605ch, 6.2s)
2026-05-02 01:07:08,341 [INFO] HTTP Request: POST http://localhost:2026/v1/chat/completions "HTTP/1.1 200 OK"
2026-05-02 01:07:08,342 [INFO] [2080/3993] id=openseek-4-7803db08c GT=jlettinHlittleDboatsd ✅ (2141ch, 8.3s)
2026-05-02 01:07:11,334 [INFO] HTTP Request: POST http://localhost:2026/v1/chat/completions "HTTP/1.1 200 OK"
2026-05-02 01:07:11,335 [INFO] [2081/3993] id=openseek-4-100b4aa2a GT=notqGhaveVrobqLitheiwhatmchari ✅ (2952ch, 13.6s)
2026-05-02 01:07:14,500 [INFO] HTTP Request: POST http://localhost:2026/v1/chat/completions "HTTP/1.1 200 OK"
2026-05-02 01:07:14,501 [INFO] [2082/3993] id=openseek-4-0ef980a4e GT=didBoflXg ✅ (1701ch, 6.2s)
2026-05-02 01:07:16,879 [INFO] HTTP Request: POST http://localhost:2026/v1/chat/completions "HTTP/1.1 200 OK"
2026-05-02 01:07:16,879 [INFO] [2083/3993] id=openseek-4-59c8d8c62 GT=mseatedeZc ✅ (1439ch, 5.5s)
2026-05-02 01:07:23,640 [INFO] HTTP Request: POST http://localhost:2026/v1/chat/completions "HTTP/1.1 200 OK"
2026-05-02 01:07:23,641 [WARNING]   [attempt 1 T=0.0] think validate 失败 (len=4158): 'Okay, let's see. I need to concatenate this list of strings into a single line w'
2026-05-02 01:07:25,969 [INFO] HTTP Request: POST http://localhost:2026/v1/chat/completions "HTTP/1.1 200 OK"
2026-05-02 01:07:25,970 [INFO] [2084/3993] id=openseek-4-97c511da1 GT=shcursedqfaith,CforIinzuj ✅ (1997ch, 9.1s)
2026-05-02 01:07:26,555 [INFO] HTTP Request: POST http://localhost:2026/v1/chat/completions "HTTP/1.1 200 OK"
2026-05-02 01:07:26,556 [INFO] [2085/3993] id=openseek-4-2400679ce GT=active.WofncTruth,PyNbusinesss ✅ (2931ch, 12.1s)
2026-05-02 01:07:35,149 [INFO] HTTP Request: POST http://localhost:2026/v1/chat/completions "HTTP/1.1 200 OK"
2026-05-02 01:07:35,150 [INFO] [2086/3993] id=openseek-4-87d9e1483 GT=lthatjtoBitZwf ✅ (2073ch, 9.2s)
2026-05-02 01:07:35,951 [INFO] HTTP Request: POST http://localhost:2026/v1/chat/completions "HTTP/1.1 200 OK"
2026-05-02 01:07:35,953 [INFO] [2087/3993] id=openseek-4-f198fd3e6 GT=yseemsdisLburnishqormforcpinn ✅ (2723ch, 30.2s)
2026-05-02 01:07:40,211 [INFO] HTTP Request: POST http://localhost:2026/v1/chat/completions "HTTP/1.1 200 OK"
2026-05-02 01:07:40,212 [INFO] [2088/3993] id=openseek-4-8df0d661b GT=thatWYagony,ZcAvastwB ✅ (3288ch, 13.7s)
2026-05-02 01:07:43,123 [INFO] HTTP Request: POST http://localhost:2026/v1/chat/completions "HTTP/1.1 200 OK"
2026-05-02 01:07:43,124 [INFO] [2089/3993] id=openseek-4-542d0e41d GT=HwithOmpassion.PthatVstopRJfor ✅ (2021ch, 8.0s)
2026-05-02 01:07:49,457 [INFO] HTTP Request: POST http://localhost:2026/v1/chat/completions "HTTP/1.1 200 OK"
2026-05-02 01:07:49,459 [INFO] [2090/3993] id=openseek-4-2cba5943d GT=keepingKLRGgaZupebandDyouu ✅ (3373ch, 13.5s)
2026-05-02 01:07:53,192 [INFO] HTTP Request: POST http://localhost:2026/v1/chat/completions "HTTP/1.1 200 OK"
2026-05-02 01:07:53,194 [INFO] [2091/3993] id=openseek-4-816d143b9 GT=yeistern?workIbmyhgrandqpxt ✅ (2945ch, 13.0s)
2026-05-02 01:07:56,190 [INFO] HTTP Request: POST http://localhost:2026/v1/chat/completions "HTTP/1.1 200 OK"
2026-05-02 01:07:56,191 [INFO] [2092/3993] id=openseek-4-a9cdd6376 GT=UvengefulNfisptcircumstances,p ✅ (3149ch, 13.1s)
2026-05-02 01:08:01,145 [INFO] HTTP Request: POST http://localhost:2026/v1/chat/completions "HTTP/1.1 200 OK"
2026-05-02 01:08:01,147 [INFO] [2093/3993] id=openseek-4-4a2057466 GT=zthoughtbwhaleektheDxqhR ✅ (2838ch, 11.7s)
2026-05-02 01:08:03,380 [INFO] HTTP Request: POST http://localhost:2026/v1/chat/completions "HTTP/1.1 200 OK"
2026-05-02 01:08:03,381 [INFO] [2094/3993] id=openseek-4-0e63e168f GT=whethercjatrstillTlsIAthem.x ✅ (2597ch, 10.2s)
2026-05-02 01:08:08,386 [INFO] HTTP Request: POST http://localhost:2026/v1/chat/completions "HTTP/1.1 200 OK"
2026-05-02 01:08:08,387 [INFO] [2095/3993] id=openseek-4-fad45d9e2 GT=gsaidG ✅ (1294ch, 5.0s)
2026-05-02 01:08:08,957 [INFO] HTTP Request: POST http://localhost:2026/v1/chat/completions "HTTP/1.1 200 OK"
2026-05-02 01:08:08,958 [INFO] [2096/3993] id=openseek-4-0cccd4639 GT=Theofound.TpleasantBbleachingQ ✅ (3117ch, 12.8s)
2026-05-02 01:08:14,888 [INFO] HTTP Request: POST http://localhost:2026/v1/chat/completions "HTTP/1.1 200 OK"
2026-05-02 01:08:14,890 [INFO] [2097/3993] id=openseek-4-ba691601b GT=YTheBc ✅ (1546ch, 5.9s)
2026-05-02 01:08:15,270 [INFO] HTTP Request: POST http://localhost:2026/v1/chat/completions "HTTP/1.1 200 OK"
2026-05-02 01:08:15,272 [INFO] [2098/3993] id=openseek-4-b410778dd GT=cIiaVtrunkQSdmanb ✅ (3549ch, 14.1s)
2026-05-02 01:08:22,853 [INFO] HTTP Request: POST http://localhost:2026/v1/chat/completions "HTTP/1.1 200 OK"
2026-05-02 01:08:22,854 [INFO] [2099/3993] id=openseek-4-c757dea9e GT=feltSTmeaning.IconsideringTWha ✅ (3366ch, 14.5s)
2026-05-02 01:08:24,017 [INFO] HTTP Request: POST http://localhost:2026/v1/chat/completions "HTTP/1.1 200 OK"
2026-05-02 01:08:24,018 [INFO] [2100/3993] id=openseek-4-15087b890 GT=things,oHBBhimQKeepS ✅ (2294ch, 9.1s)
2026-05-02 01:08:24,177 [INFO]   💾 已保存 (成功=2090 失败=10) | 3.8s/条均值 | ETA=119min
2026-05-02 01:08:26,277 [INFO] HTTP Request: POST http://localhost:2026/v1/chat/completions "HTTP/1.1 200 OK"
2026-05-02 01:08:26,278 [INFO] [2101/3993] id=openseek-4-b89a84085 GT=jvaRtheeAhpplace,k ✅ (2630ch, 11.0s)
2026-05-02 01:08:33,319 [INFO] HTTP Request: POST http://localhost:2026/v1/chat/completions "HTTP/1.1 200 OK"
2026-05-02 01:08:33,320 [INFO] [2102/3993] id=openseek-4-9b4c29bc9 GT=FanddLBinGtheJ ✅ (2221ch, 9.3s)
2026-05-02 01:08:36,294 [INFO] HTTP Request: POST http://localhost:2026/v1/chat/completions "HTTP/1.1 200 OK"
2026-05-02 01:08:36,296 [INFO] [2103/3993] id=openseek-4-440479cd6 GT=fromAGodpthereround.uisB ✅ (3425ch, 13.4s)
2026-05-02 01:08:38,784 [INFO] HTTP Request: POST http://localhost:2026/v1/chat/completions "HTTP/1.1 200 OK"
2026-05-02 01:08:38,786 [INFO] [2104/3993] id=openseek-4-c221257b2 GT=iGeminiatheTEFoutUoflitU ✅ (2934ch, 12.5s)
2026-05-02 01:08:43,500 [INFO] HTTP Request: POST http://localhost:2026/v1/chat/completions "HTTP/1.1 200 OK"
2026-05-02 01:08:43,501 [INFO] [2105/3993] id=openseek-4-495a6a813 GT=YindeedeYoverzWL ✅ (1742ch, 7.2s)
2026-05-02 01:08:43,595 [INFO] HTTP Request: POST http://localhost:2026/v1/chat/completions "HTTP/1.1 200 OK"
2026-05-02 01:08:43,596 [INFO] [2106/3993] id=openseek-4-58d70aedf GT=greenness,BjagainECsf ✅ (2622ch, 10.3s)
2026-05-02 01:08:45,420 [INFO] HTTP Request: POST http://localhost:2026/v1/chat/completions "HTTP/1.1 200 OK"
2026-05-02 01:08:45,422 [INFO] [2107/3993] id=openseek-4-36778e69d GT=trioSOwkCY ✅ (1696ch, 6.6s)
2026-05-02 01:08:49,658 [INFO] HTTP Request: POST http://localhost:2026/v1/chat/completions "HTTP/1.1 200 OK"
2026-05-02 01:08:49,659 [INFO] [2108/3993] id=openseek-4-7ca8bdba4 GT=rZh ✅ (1683ch, 6.1s)
2026-05-02 01:08:54,897 [INFO] HTTP Request: POST http://localhost:2026/v1/chat/completions "HTTP/1.1 200 OK"
2026-05-02 01:08:54,899 [INFO] [2109/3993] id=openseek-4-1ae403999 GT=ytearsqEThewgythec ✅ (2290ch, 9.5s)
2026-05-02 01:08:55,569 [INFO] HTTP Request: POST http://localhost:2026/v1/chat/completions "HTTP/1.1 200 OK"
2026-05-02 01:08:55,571 [INFO] [2110/3993] id=openseek-4-0794e31fe GT=mbutndistance,dijzN ✅ (2885ch, 12.1s)
2026-05-02 01:08:56,013 [INFO] HTTP Request: POST http://localhost:2026/v1/chat/completions "HTTP/1.1 200 OK"
2026-05-02 01:08:56,014 [INFO] [2111/3993] id=openseek-4-7764b3607 GT=InFWkb ✅ (1450ch, 6.4s)
2026-05-02 01:09:04,019 [INFO] HTTP Request: POST http://localhost:2026/v1/chat/completions "HTTP/1.1 200 OK"
2026-05-02 01:09:04,020 [INFO] [2112/3993] id=openseek-4-58bb2ec15 GT=ofcW ✅ (2270ch, 8.4s)
2026-05-02 01:09:04,326 [INFO] HTTP Request: POST http://localhost:2026/v1/chat/completions "HTTP/1.1 200 OK"
2026-05-02 01:09:04,327 [INFO] [2113/3993] id=openseek-4-b7eb72b94 GT=VIofsindeed,V ✅ (2115ch, 8.3s)
2026-05-02 01:09:07,471 [INFO] HTTP Request: POST http://localhost:2026/v1/chat/completions "HTTP/1.1 200 OK"
2026-05-02 01:09:07,472 [INFO] [2114/3993] id=openseek-4-aa5561b0e GT=tofthedyouEMfallenwHandHdragsZ ✅ (3041ch, 12.6s)
2026-05-02 01:09:12,742 [INFO] HTTP Request: POST http://localhost:2026/v1/chat/completions "HTTP/1.1 200 OK"
2026-05-02 01:09:12,744 [INFO] [2115/3993] id=openseek-4-c2229eb98 GT=JUZrandpc ✅ (2190ch, 8.7s)
2026-05-02 01:09:14,958 [INFO] HTTP Request: POST http://localhost:2026/v1/chat/completions "HTTP/1.1 200 OK"
2026-05-02 01:09:14,960 [INFO] [2116/3993] id=openseek-4-98a970bd4 GT=theSasE ✅ (1969ch, 7.5s)
2026-05-02 01:09:18,009 [INFO] HTTP Request: POST http://localhost:2026/v1/chat/completions "HTTP/1.1 200 OK"
2026-05-02 01:09:18,010 [INFO] [2117/3993] id=openseek-4-d3c59726e GT=hadQthatsmXOLDeywhale9sNQNa ✅ (3399ch, 13.7s)
2026-05-02 01:09:23,752 [INFO] HTTP Request: POST http://localhost:2026/v1/chat/completions "HTTP/1.1 200 OK"
2026-05-02 01:09:23,753 [INFO] [2118/3993] id=openseek-4-7b6663e31 GT=spermTainPCHbeadsorN ✅ (2758ch, 11.0s)
2026-05-02 01:09:26,832 [INFO] HTTP Request: POST http://localhost:2026/v1/chat/completions "HTTP/1.1 200 OK"
2026-05-02 01:09:26,833 [INFO] [2119/3993] id=openseek-4-961942587 GT=NoflDszthisV ✅ (2148ch, 8.8s)
2026-05-02 01:09:28,204 [INFO] HTTP Request: POST http://localhost:2026/v1/chat/completions "HTTP/1.1 200 OK"
2026-05-02 01:09:28,205 [INFO] [2120/3993] id=openseek-4-2df6bab2d GT=withChimself.dbd9yexHstrickenb ✅ (3135ch, 13.2s)
2026-05-02 01:09:30,551 [INFO] HTTP Request: POST http://localhost:2026/v1/chat/completions "HTTP/1.1 200 OK"
2026-05-02 01:09:30,552 [INFO] [2121/3993] id=openseek-4-90e34947f GT=Bildad,XW ✅ (1761ch, 6.8s)
2026-05-02 01:09:32,224 [INFO] HTTP Request: POST http://localhost:2026/v1/chat/completions "HTTP/1.1 200 OK"
2026-05-02 01:09:32,225 [INFO] [2122/3993] id=openseek-4-b2e1d6afe GT=LallU ✅ (1354ch, 5.4s)
2026-05-02 01:09:33,354 [INFO] HTTP Request: POST http://localhost:2026/v1/chat/completions "HTTP/1.1 200 OK"
2026-05-02 01:09:33,356 [INFO] [2123/3993] id=openseek-4-a7f8390aa GT=withEQXr ✅ (1338ch, 5.2s)
2026-05-02 01:09:40,211 [INFO] HTTP Request: POST http://localhost:2026/v1/chat/completions "HTTP/1.1 200 OK"
2026-05-02 01:09:40,212 [INFO] [2124/3993] id=openseek-4-b1eadf3a2 GT=ReaubulkYblankq ✅ (2440ch, 9.7s)
2026-05-02 01:09:41,524 [INFO] HTTP Request: POST http://localhost:2026/v1/chat/completions "HTTP/1.1 200 OK"
2026-05-02 01:09:41,526 [INFO] [2125/3993] id=openseek-4-c017a110d GT=isolatedUoneZYJwmistakenmintoy ✅ (2136ch, 8.2s)
2026-05-02 01:09:42,490 [INFO] HTTP Request: POST http://localhost:2026/v1/chat/completions "HTTP/1.1 200 OK"
2026-05-02 01:09:42,492 [INFO] [2126/3993] id=openseek-4-7b6d5f3d2 GT=neverKwithjifMhasslittlecrule; ✅ (2583ch, 10.3s)
2026-05-02 01:09:51,566 [INFO] HTTP Request: POST http://localhost:2026/v1/chat/completions "HTTP/1.1 200 OK"
2026-05-02 01:09:51,568 [INFO] [2127/3993] id=openseek-4-99a686634 GT=jnitrRycrewqtheghandsx ✅ (2819ch, 11.4s)
2026-05-02 01:09:55,008 [INFO] HTTP Request: POST http://localhost:2026/v1/chat/completions "HTTP/1.1 200 OK"
2026-05-02 01:09:55,009 [INFO] [2128/3993] id=openseek-4-f79294545 GT=iG ✅ (899ch, 3.4s)
2026-05-02 01:09:55,927 [INFO] HTTP Request: POST http://localhost:2026/v1/chat/completions "HTTP/1.1 200 OK"
2026-05-02 01:09:55,928 [INFO] [2129/3993] id=openseek-4-0b625cfaf GT=LGalternatelySwtimeBofHfueyesy ✅ (3064ch, 13.4s)
2026-05-02 01:09:57,544 [INFO] HTTP Request: POST http://localhost:2026/v1/chat/completions "HTTP/1.1 200 OK"
2026-05-02 01:09:57,546 [INFO] [2130/3993] id=openseek-4-7bf60a149 GT=bewaresMinTanothertJtoIgsdLoos ✅ (3636ch, 16.0s)
2026-05-02 01:10:01,186 [INFO] HTTP Request: POST http://localhost:2026/v1/chat/completions "HTTP/1.1 200 OK"
2026-05-02 01:10:01,187 [INFO] [2131/3993] id=openseek-4-fd8bb3460 GT=HthatQ ✅ (943ch, 3.6s)
2026-05-02 01:10:06,233 [INFO] HTTP Request: POST http://localhost:2026/v1/chat/completions "HTTP/1.1 200 OK"
2026-05-02 01:10:06,234 [INFO] [2132/3993] id=openseek-4-eeb509b95 GT=fromJa9em;MUoften,simagination ✅ (2470ch, 10.3s)
2026-05-02 01:10:06,821 [INFO] HTTP Request: POST http://localhost:2026/v1/chat/completions "HTTP/1.1 200 OK"
2026-05-02 01:10:06,822 [INFO] [2133/3993] id=openseek-4-988e1e5e4 GT=RForMgsoulEfinishedzXSnaturali ✅ (2868ch, 11.8s)
2026-05-02 01:10:09,677 [INFO] HTTP Request: POST http://localhost:2026/v1/chat/completions "HTTP/1.1 200 OK"
2026-05-02 01:10:09,679 [INFO] [2134/3993] id=openseek-4-16bd88335 GT=WasuUalliLandechaseSPHh ✅ (2179ch, 8.5s)
2026-05-02 01:10:15,992 [INFO] HTTP Request: POST http://localhost:2026/v1/chat/completions "HTTP/1.1 200 OK"
2026-05-02 01:10:15,993 [INFO] [2135/3993] id=openseek-4-9d35ca485 GT=YWithctKdamN ✅ (2176ch, 9.2s)
2026-05-02 01:10:17,094 [INFO] HTTP Request: POST http://localhost:2026/v1/chat/completions "HTTP/1.1 200 OK"
2026-05-02 01:10:17,095 [INFO] [2136/3993] id=openseek-4-82280a4db GT=thevprolonged,W ✅ (1941ch, 7.4s)
2026-05-02 01:10:18,723 [INFO] HTTP Request: POST http://localhost:2026/v1/chat/completions "HTTP/1.1 200 OK"
2026-05-02 01:10:18,724 [INFO] [2137/3993] id=openseek-4-ed79d1faf GT=goIafterXxxtheAvfewTaso ✅ (2867ch, 12.5s)
2026-05-02 01:10:26,983 [INFO] HTTP Request: POST http://localhost:2026/v1/chat/completions "HTTP/1.1 200 OK"
2026-05-02 01:10:26,984 [INFO] [2138/3993] id=openseek-4-26f148b8a GT=sellPtheyZbandsTofESpermOsY ✅ (2726ch, 11.0s)
2026-05-02 01:10:27,425 [INFO] HTTP Request: POST http://localhost:2026/v1/chat/completions "HTTP/1.1 200 OK"
2026-05-02 01:10:27,427 [INFO] [2139/3993] id=openseek-4-2b8a6451d GT=amongqTonvsup,JZQc ✅ (2255ch, 8.7s)
2026-05-02 01:10:32,310 [INFO] HTTP Request: POST http://localhost:2026/v1/chat/completions "HTTP/1.1 200 OK"
2026-05-02 01:10:32,311 [INFO] [2140/3993] id=openseek-4-d6fa60a07 GT=ancientpGakmyDomnipotent.zGpus ✅ (3822ch, 15.2s)
2026-05-02 01:10:33,908 [INFO] HTTP Request: POST http://localhost:2026/v1/chat/completions "HTTP/1.1 200 OK"
2026-05-02 01:10:33,909 [INFO] [2141/3993] id=openseek-4-b927aa61c GT=thusBnVreply,S ✅ (1794ch, 6.9s)
2026-05-02 01:10:39,312 [INFO] HTTP Request: POST http://localhost:2026/v1/chat/completions "HTTP/1.1 200 OK"
2026-05-02 01:10:39,313 [INFO] [2142/3993] id=openseek-4-d915f01be GT=UaHhunters,leknowOisVpulpita ✅ (3058ch, 11.9s)
2026-05-02 01:10:41,435 [INFO] HTTP Request: POST http://localhost:2026/v1/chat/completions "HTTP/1.1 200 OK"
2026-05-02 01:10:41,436 [INFO] [2143/3993] id=openseek-4-7e66732f1 GT=kjOOcriedCs ✅ (1916ch, 7.5s)
2026-05-02 01:10:44,998 [INFO] HTTP Request: POST http://localhost:2026/v1/chat/completions "HTTP/1.1 200 OK"
2026-05-02 01:10:44,999 [INFO] [2144/3993] id=openseek-4-4fe425da9 GT=JkdearlyKitIlustreSknownKXforR ✅ (2915ch, 12.7s)
2026-05-02 01:10:46,607 [INFO] HTTP Request: POST http://localhost:2026/v1/chat/completions "HTTP/1.1 200 OK"
2026-05-02 01:10:46,608 [INFO] [2145/3993] id=openseek-4-8e218017f GT=capableIwhenJM ✅ (1437ch, 5.2s)
2026-05-02 01:10:47,350 [INFO] HTTP Request: POST http://localhost:2026/v1/chat/completions "HTTP/1.1 200 OK"
2026-05-02 01:10:47,351 [INFO] [2146/3993] id=openseek-4-932bbfc1e GT=mnplainZtheEG ✅ (2003ch, 8.0s)
2026-05-02 01:10:52,276 [INFO] HTTP Request: POST http://localhost:2026/v1/chat/completions "HTTP/1.1 200 OK"
2026-05-02 01:10:52,277 [INFO] [2147/3993] id=openseek-4-e1c320fae GT=faceWofLmQt ✅ (1893ch, 7.3s)
2026-05-02 01:10:56,042 [INFO] HTTP Request: POST http://localhost:2026/v1/chat/completions "HTTP/1.1 200 OK"
2026-05-02 01:10:56,043 [INFO] [2148/3993] id=openseek-4-4c5a7dcc7 GT=osubordinateAhlordT ✅ (2561ch, 9.4s)
2026-05-02 01:10:57,455 [INFO] HTTP Request: POST http://localhost:2026/v1/chat/completions "HTTP/1.1 200 OK"
2026-05-02 01:10:57,457 [INFO] [2149/3993] id=openseek-4-f276512d4 GT=andTfromhandTbeducheapPsaltedK ✅ (2817ch, 10.1s)
2026-05-02 01:11:03,544 [INFO] HTTP Request: POST http://localhost:2026/v1/chat/completions "HTTP/1.1 200 OK"
2026-05-02 01:11:03,546 [INFO] [2150/3993] id=openseek-4-2e4b9be12 GT=GzdartingASiAofAsurmisings;J ✅ (2749ch, 11.3s)
2026-05-02 01:11:09,300 [INFO] HTTP Request: POST http://localhost:2026/v1/chat/completions "HTTP/1.1 200 OK"
2026-05-02 01:11:09,301 [INFO] [2151/3993] id=openseek-4-46210d538 GT=severylitsJhim,CaEdroopingNjpa ✅ (2914ch, 11.8s)
2026-05-02 01:11:10,928 [INFO] HTTP Request: POST http://localhost:2026/v1/chat/completions "HTTP/1.1 200 OK"
2026-05-02 01:11:10,929 [INFO] [2152/3993] id=openseek-4-451e62ba8 GT=oye,tfinelfvigilance,Ftouinr ✅ (3278ch, 14.9s)
2026-05-02 01:11:11,493 [INFO] HTTP Request: POST http://localhost:2026/v1/chat/completions "HTTP/1.1 200 OK"
2026-05-02 01:11:11,495 [INFO] [2153/3993] id=openseek-4-8b2db9f4d GT=cKDZdeck,LG ✅ (1692ch, 7.9s)
2026-05-02 01:11:16,520 [INFO] HTTP Request: POST http://localhost:2026/v1/chat/completions "HTTP/1.1 200 OK"
2026-05-02 01:11:16,521 [INFO] [2154/3993] id=openseek-4-eb9996239 GT=moreRxC ✅ (1351ch, 5.0s)
2026-05-02 01:11:24,575 [INFO] HTTP Request: POST http://localhost:2026/v1/chat/completions "HTTP/1.1 200 OK"
2026-05-02 01:11:24,576 [INFO] [2155/3993] id=openseek-4-3c9131bd4 GT=twistedbcirclekatAmAndKherTaAc ✅ (3509ch, 15.3s)
2026-05-02 01:11:30,840 [INFO] HTTP Request: POST http://localhost:2026/v1/chat/completions "HTTP/1.1 200 OK"
2026-05-02 01:11:30,842 [INFO] [2156/3993] id=openseek-4-93653ef3c GT=do,JheRandZandbwhoRisMtiaratnh ✅ (3708ch, 19.9s)
2026-05-02 01:11:30,955 [INFO] HTTP Request: POST http://localhost:2026/v1/chat/completions "HTTP/1.1 200 OK"
2026-05-02 01:11:30,956 [INFO] [2157/3993] id=openseek-4-374694b54 GT=rySiDJ ✅ (1373ch, 6.4s)
2026-05-02 01:11:31,529 [INFO] HTTP Request: POST http://localhost:2026/v1/chat/completions "HTTP/1.1 200 OK"
2026-05-02 01:11:31,530 [INFO] [2158/3993] id=openseek-4-6e84b1f80 GT=mtoHtKplacechGtheyV ✅ (3153ch, 15.0s)
2026-05-02 01:11:36,713 [INFO] HTTP Request: POST http://localhost:2026/v1/chat/completions "HTTP/1.1 200 OK"
2026-05-02 01:11:36,714 [INFO] [2159/3993] id=openseek-4-8a96d35d7 GT=roundqatt ✅ (1563ch, 5.9s)
2026-05-02 01:11:37,023 [INFO] HTTP Request: POST http://localhost:2026/v1/chat/completions "HTTP/1.1 200 OK"
2026-05-02 01:11:37,024 [INFO] [2160/3993] id=openseek-4-616585c35 GT=commander9sUlrollickingPv ✅ (1067ch, 6.1s)
2026-05-02 01:11:38,970 [INFO] HTTP Request: POST http://localhost:2026/v1/chat/completions "HTTP/1.1 200 OK"
2026-05-02 01:11:38,971 [INFO] [2161/3993] id=openseek-4-0ed4ab41b GT=HAtheK ✅ (1749ch, 7.4s)
2026-05-02 01:11:41,541 [INFO] HTTP Request: POST http://localhost:2026/v1/chat/completions "HTTP/1.1 200 OK"
2026-05-02 01:11:41,542 [INFO] [2162/3993] id=openseek-4-4fffce1f8 GT=likesje ✅ (1015ch, 4.5s)
2026-05-02 01:11:44,203 [INFO] HTTP Request: POST http://localhost:2026/v1/chat/completions "HTTP/1.1 200 OK"
2026-05-02 01:11:44,204 [INFO] [2163/3993] id=openseek-4-e236a4b38 GT=Xsaw9stbisrwondrousw ✅ (1847ch, 7.5s)
2026-05-02 01:11:50,467 [INFO] HTTP Request: POST http://localhost:2026/v1/chat/completions "HTTP/1.1 200 OK"
2026-05-02 01:11:50,468 [INFO] [2164/3993] id=openseek-4-3e163dab4 GT=gearth9sCtheGksomeU ✅ (2924ch, 11.5s)
2026-05-02 01:11:53,327 [INFO] HTTP Request: POST http://localhost:2026/v1/chat/completions "HTTP/1.1 200 OK"
2026-05-02 01:11:53,328 [INFO] [2165/3993] id=openseek-4-aa22cb661 GT=toPbacksMathoseEaq ✅ (2362ch, 9.1s)
2026-05-02 01:11:54,069 [INFO] HTTP Request: POST http://localhost:2026/v1/chat/completions "HTTP/1.1 200 OK"
2026-05-02 01:11:54,070 [INFO] [2166/3993] id=openseek-4-45db1bd8b GT=stillKswingsCnNYWhenzpleasingZ ✅ (3304ch, 12.5s)
2026-05-02 01:12:01,183 [INFO] HTTP Request: POST http://localhost:2026/v1/chat/completions "HTTP/1.1 200 OK"
2026-05-02 01:12:01,184 [INFO] [2167/3993] id=openseek-4-040e3754c GT=jkmoJnearqmeYGYK ✅ (2493ch, 10.7s)
2026-05-02 01:12:01,201 [INFO] HTTP Request: POST http://localhost:2026/v1/chat/completions "HTTP/1.1 200 OK"
2026-05-02 01:12:01,202 [INFO] [2168/3993] id=openseek-4-562070681 GT=andfsthoseaneverAS ✅ (1871ch, 7.1s)
2026-05-02 01:12:06,900 [INFO] HTTP Request: POST http://localhost:2026/v1/chat/completions "HTTP/1.1 200 OK"
2026-05-02 01:12:06,920 [INFO] [2169/3993] id=openseek-4-8862632d7 GT=gatherjwellnoasNPSRightRY ✅ (3449ch, 13.6s)
2026-05-02 01:12:07,585 [INFO] HTTP Request: POST http://localhost:2026/v1/chat/completions "HTTP/1.1 200 OK"
2026-05-02 01:12:07,586 [INFO] [2170/3993] id=openseek-4-b685e2888 GT=strongerNiseYK ✅ (1689ch, 6.4s)
2026-05-02 01:12:11,900 [INFO] HTTP Request: POST http://localhost:2026/v1/chat/completions "HTTP/1.1 200 OK"
2026-05-02 01:12:11,901 [INFO] [2171/3993] id=openseek-4-f1bfc33b4 GT=wXgintoTYSpanishZfL ✅ (2791ch, 10.7s)
2026-05-02 01:12:14,604 [INFO] HTTP Request: POST http://localhost:2026/v1/chat/completions "HTTP/1.1 200 OK"
2026-05-02 01:12:14,605 [INFO] [2172/3993] id=openseek-4-a28964079 GT=CoinBThec ✅ (1511ch, 7.0s)
2026-05-02 01:12:15,774 [INFO] HTTP Request: POST http://localhost:2026/v1/chat/completions "HTTP/1.1 200 OK"
2026-05-02 01:12:15,775 [INFO] [2173/3993] id=openseek-4-cbead2be6 GT=wayLEythings.IhidingW ✅ (2257ch, 8.9s)
2026-05-02 01:12:18,933 [INFO] HTTP Request: POST http://localhost:2026/v1/chat/completions "HTTP/1.1 200 OK"
2026-05-02 01:12:18,934 [INFO] [2174/3993] id=openseek-4-196745339 GT=TdftaperingaN ✅ (1914ch, 7.0s)
2026-05-02 01:12:21,155 [INFO] HTTP Request: POST http://localhost:2026/v1/chat/completions "HTTP/1.1 200 OK"
2026-05-02 01:12:21,156 [INFO] [2175/3993] id=openseek-4-a71f03151 GT=withdofRVE ✅ (1391ch, 5.4s)
2026-05-02 01:12:24,975 [INFO] HTTP Request: POST http://localhost:2026/v1/chat/completions "HTTP/1.1 200 OK"
2026-05-02 01:12:24,976 [INFO] [2176/3993] id=openseek-4-0704c9cfd GT=veachP ✅ (1007ch, 3.8s)
2026-05-02 01:12:26,023 [INFO] HTTP Request: POST http://localhost:2026/v1/chat/completions "HTTP/1.1 200 OK"
2026-05-02 01:12:26,024 [INFO] [2177/3993] id=openseek-4-11caed2d0 GT=DdrivingRleadingeon,a ✅ (2928ch, 11.4s)
2026-05-02 01:12:26,850 [INFO] HTTP Request: POST http://localhost:2026/v1/chat/completions "HTTP/1.1 200 OK"
2026-05-02 01:12:26,851 [INFO] [2178/3993] id=openseek-4-3092ee3f3 GT=xhowVatnfU ✅ (1838ch, 7.9s)
2026-05-02 01:12:35,452 [INFO] HTTP Request: POST http://localhost:2026/v1/chat/completions "HTTP/1.1 200 OK"
2026-05-02 01:12:35,453 [INFO] [2179/3993] id=openseek-4-8a5fc3e7c GT=thecbutrofrfantasticZofjhomeB ✅ (2789ch, 10.5s)
2026-05-02 01:12:40,478 [INFO] HTTP Request: POST http://localhost:2026/v1/chat/completions "HTTP/1.1 200 OK"
2026-05-02 01:12:40,480 [INFO] [2180/3993] id=openseek-4-0f043bf86 GT=SwillinglyWXsideMnotoIassociat ✅ (3808ch, 14.5s)
2026-05-02 01:12:41,389 [INFO] HTTP Request: POST http://localhost:2026/v1/chat/completions "HTTP/1.1 200 OK"
2026-05-02 01:12:41,390 [INFO] [2181/3993] id=openseek-4-fa763bbef GT=hadhkI ✅ (1621ch, 5.9s)
2026-05-02 01:12:44,000 [INFO] HTTP Request: POST http://localhost:2026/v1/chat/completions "HTTP/1.1 200 OK"
2026-05-02 01:12:44,000 [WARNING]   [attempt 1 T=0.0] think validate 失败 (len=4174): 'Okay, let's see. I need to concatenate this list of strings into a single line w'
2026-05-02 01:12:44,155 [INFO] HTTP Request: POST http://localhost:2026/v1/chat/completions "HTTP/1.1 200 OK"
2026-05-02 01:12:44,156 [INFO] [2182/3993] id=openseek-4-c2432d42e GT=bel ✅ (938ch, 3.7s)
2026-05-02 01:12:47,460 [INFO] HTTP Request: POST http://localhost:2026/v1/chat/completions "HTTP/1.1 200 OK"
2026-05-02 01:12:47,461 [INFO] [2183/3993] id=openseek-4-447d746ee GT=forjbgetTRtryingVonp ✅ (1135ch, 6.1s)
2026-05-02 01:12:54,430 [INFO] HTTP Request: POST http://localhost:2026/v1/chat/completions "HTTP/1.1 200 OK"
2026-05-02 01:12:54,431 [INFO] [2184/3993] id=openseek-4-a3dd7771a GT=heYIr ✅ (1660ch, 7.0s)
2026-05-02 01:12:57,799 [INFO] HTTP Request: POST http://localhost:2026/v1/chat/completions "HTTP/1.1 200 OK"
2026-05-02 01:12:57,801 [INFO] [2185/3993] id=openseek-4-524e4be3e GT=EWwasZnocThoughpnwhismJ ✅ (3047ch, 30.9s)
2026-05-02 01:12:58,510 [INFO] HTTP Request: POST http://localhost:2026/v1/chat/completions "HTTP/1.1 200 OK"
2026-05-02 01:12:58,511 [INFO] [2186/3993] id=openseek-4-2f12029f6 GT=atSEhisptheWccwhichBitrsoul.X ✅ (3358ch, 14.4s)
2026-05-02 01:12:59,149 [INFO] HTTP Request: POST http://localhost:2026/v1/chat/completions "HTTP/1.1 200 OK"
2026-05-02 01:12:59,150 [INFO] [2187/3993] id=openseek-4-93a1474cd GT=ABOOKYL ✅ (1178ch, 4.7s)
2026-05-02 01:13:04,280 [INFO] HTTP Request: POST http://localhost:2026/v1/chat/completions "HTTP/1.1 200 OK"
2026-05-02 01:13:04,281 [INFO] [2188/3993] id=openseek-4-b32d5ecf1 GT=mightSIndianqaz ✅ (1527ch, 5.8s)
2026-05-02 01:13:07,715 [INFO] HTTP Request: POST http://localhost:2026/v1/chat/completions "HTTP/1.1 200 OK"
2026-05-02 01:13:07,716 [INFO] [2189/3993] id=openseek-4-93bb32677 GT=itsUJEbeenRwrath.Xz ✅ (1971ch, 8.6s)
2026-05-02 01:13:08,060 [INFO] HTTP Request: POST http://localhost:2026/v1/chat/completions "HTTP/1.1 200 OK"
2026-05-02 01:13:08,061 [INFO] [2190/3993] id=openseek-4-51d8f3611 GT=spendkmtanIrgfirstK ✅ (2592ch, 10.3s)
2026-05-02 01:13:10,349 [INFO] HTTP Request: POST http://localhost:2026/v1/chat/completions "HTTP/1.1 200 OK"
2026-05-02 01:13:10,350 [INFO] [2191/3993] id=openseek-4-f571c14b9 GT=dhsaS ✅ (1563ch, 6.1s)
2026-05-02 01:13:11,936 [INFO] HTTP Request: POST http://localhost:2026/v1/chat/completions "HTTP/1.1 200 OK"
2026-05-02 01:13:11,938 [INFO] [2192/3993] id=openseek-4-c8754abc0 GT=Jtor ✅ (799ch, 4.2s)
2026-05-02 01:13:18,167 [INFO] HTTP Request: POST http://localhost:2026/v1/chat/completions "HTTP/1.1 200 OK"
2026-05-02 01:13:18,169 [INFO] [2193/3993] id=openseek-4-68081dc96 GT=fightmIE ✅ (1722ch, 6.2s)
2026-05-02 01:13:18,719 [INFO] HTTP Request: POST http://localhost:2026/v1/chat/completions "HTTP/1.1 200 OK"
2026-05-02 01:13:18,720 [INFO] [2194/3993] id=openseek-4-e2ffaa161 GT=agentYYOhammockKI,f ✅ (2637ch, 10.7s)
2026-05-02 01:13:19,676 [INFO] HTTP Request: POST http://localhost:2026/v1/chat/completions "HTTP/1.1 200 OK"
2026-05-02 01:13:19,678 [INFO] [2195/3993] id=openseek-4-7acb882c3 GT=XxjoinedbZinrp ✅ (2259ch, 9.3s)
2026-05-02 01:13:24,763 [INFO] HTTP Request: POST http://localhost:2026/v1/chat/completions "HTTP/1.1 200 OK"
2026-05-02 01:13:24,764 [INFO] [2196/3993] id=openseek-4-4e4fa427e GT=vnB_has_U ✅ (1528ch, 6.6s)
2026-05-02 01:13:31,019 [INFO] HTTP Request: POST http://localhost:2026/v1/chat/completions "HTTP/1.1 200 OK"
2026-05-02 01:13:31,020 [INFO] [2197/3993] id=openseek-4-bc9842f43 GT=recurred,gacTISx ✅ (2797ch, 11.3s)
2026-05-02 01:13:31,328 [INFO] HTTP Request: POST http://localhost:2026/v1/chat/completions "HTTP/1.1 200 OK"
2026-05-02 01:13:31,330 [INFO] [2198/3993] id=openseek-4-73d359567 GT=ofqwasoxJworshipsneyeingIB ✅ (3107ch, 12.6s)
2026-05-02 01:13:35,330 [INFO] HTTP Request: POST http://localhost:2026/v1/chat/completions "HTTP/1.1 200 OK"
2026-05-02 01:13:35,332 [INFO] [2199/3993] id=openseek-4-9cd9c42e3 GT=ogonettheLKtheFL ✅ (2438ch, 10.6s)
2026-05-02 01:13:39,473 [INFO] HTTP Request: POST http://localhost:2026/v1/chat/completions "HTTP/1.1 200 OK"
2026-05-02 01:13:39,474 [INFO] [2200/3993] id=openseek-4-2069c72ff GT=gXsakeBrecalledEK ✅ (1892ch, 8.1s)
2026-05-02 01:13:39,633 [INFO]   💾 已保存 (成功=2190 失败=10) | 3.7s/条均值 | ETA=112min
2026-05-02 01:13:45,331 [INFO] HTTP Request: POST http://localhost:2026/v1/chat/completions "HTTP/1.1 200 OK"
2026-05-02 01:13:45,332 [INFO] [2201/3993] id=openseek-4-f2ea797f8 GT=IVPelegLthegproperNLtheSgCapta ✅ (3302ch, 14.3s)
2026-05-02 01:13:47,529 [INFO] HTTP Request: POST http://localhost:2026/v1/chat/completions "HTTP/1.1 200 OK"
2026-05-02 01:13:47,530 [INFO] [2202/3993] id=openseek-4-4be5d6d0a GT=jotherYXMwithGshaggyLtheBaO ✅ (2843ch, 12.2s)
2026-05-02 01:13:54,462 [INFO] HTTP Request: POST http://localhost:2026/v1/chat/completions "HTTP/1.1 200 OK"
2026-05-02 01:13:54,463 [INFO] [2203/3993] id=openseek-4-22b124cf4 GT=sentLfeelingswT ✅ (1828ch, 6.9s)
2026-05-02 01:13:55,471 [INFO] HTTP Request: POST http://localhost:2026/v1/chat/completions "HTTP/1.1 200 OK"
2026-05-02 01:13:55,472 [INFO] [2204/3993] id=openseek-4-8ea820b8c GT=placedHPtoOahthereQsea.Bbe,EHi ✅ (3966ch, 16.0s)
2026-05-02 01:13:57,996 [INFO] HTTP Request: POST http://localhost:2026/v1/chat/completions "HTTP/1.1 200 OK"
2026-05-02 01:13:57,997 [INFO] [2205/3993] id=openseek-4-4449886ab GT=jKItTathywdofnasm ✅ (3210ch, 12.7s)
2026-05-02 01:13:58,202 [INFO] HTTP Request: POST http://localhost:2026/v1/chat/completions "HTTP/1.1 200 OK"
2026-05-02 01:13:58,203 [INFO] [2206/3993] id=openseek-4-80103a7c5 GT=tb ✅ (918ch, 3.7s)
2026-05-02 01:14:03,497 [INFO] HTTP Request: POST http://localhost:2026/v1/chat/completions "HTTP/1.1 200 OK"
2026-05-02 01:14:03,499 [INFO] [2207/3993] id=openseek-4-be48c7ba8 GT=Ntookyboata ✅ (1378ch, 5.3s)
2026-05-02 01:14:04,506 [INFO] HTTP Request: POST http://localhost:2026/v1/chat/completions "HTTP/1.1 200 OK"
2026-05-02 01:14:04,508 [INFO] [2208/3993] id=openseek-4-9e1d599c0 GT=theJtheYbelieveoc ✅ (1340ch, 6.5s)
2026-05-02 01:14:08,083 [INFO] HTTP Request: POST http://localhost:2026/v1/chat/completions "HTTP/1.1 200 OK"
2026-05-02 01:14:08,084 [INFO] [2209/3993] id=openseek-4-43d72966b GT=lordilong,UhwasUE ✅ (3137ch, 12.6s)
2026-05-02 01:14:12,857 [INFO] HTTP Request: POST http://localhost:2026/v1/chat/completions "HTTP/1.1 200 OK"
2026-05-02 01:14:12,859 [INFO] [2210/3993] id=openseek-4-1d3dee6e3 GT=toVthingsUdistrictsenow?upwhat ✅ (2352ch, 9.4s)
2026-05-02 01:14:19,751 [INFO] HTTP Request: POST http://localhost:2026/v1/chat/completions "HTTP/1.1 200 OK"
2026-05-02 01:14:19,753 [INFO] [2211/3993] id=openseek-4-60c96656c GT=VqwideKnowuAllZ ✅ (1750ch, 6.9s)
2026-05-02 01:14:23,113 [INFO] HTTP Request: POST http://localhost:2026/v1/chat/completions "HTTP/1.1 200 OK"
2026-05-02 01:14:23,115 [INFO] [2212/3993] id=openseek-4-ade31f4ae GT=it,XbeenjCcould,aVinucheNzJ ✅ (3662ch, 15.0s)
2026-05-02 01:14:24,545 [INFO] HTTP Request: POST http://localhost:2026/v1/chat/completions "HTTP/1.1 200 OK"
2026-05-02 01:14:24,546 [WARNING]   [attempt 1 T=0.0] think validate 失败 (len=4883): 'Okay, let's see. I need to concatenate this list of strings into a single line w'
2026-05-02 01:14:24,688 [INFO] HTTP Request: POST http://localhost:2026/v1/chat/completions "HTTP/1.1 200 OK"
2026-05-02 01:14:24,689 [INFO] [2213/3993] id=openseek-4-70cafd100 GT=onkthatz ✅ (1193ch, 4.9s)
2026-05-02 01:14:32,965 [INFO] HTTP Request: POST http://localhost:2026/v1/chat/completions "HTTP/1.1 200 OK"
2026-05-02 01:14:32,967 [INFO] [2214/3993] id=openseek-4-d33265570 GT=atzwhalersCyouVsubstituteOhisc ✅ (2408ch, 9.9s)
2026-05-02 01:14:35,202 [INFO] HTTP Request: POST http://localhost:2026/v1/chat/completions "HTTP/1.1 200 OK"
2026-05-02 01:14:35,203 [INFO] [2215/3993] id=openseek-4-9f17183dc GT=uLBulkington!InotAywavesBonatu ✅ (2705ch, 10.5s)
2026-05-02 01:14:38,133 [INFO] HTTP Request: POST http://localhost:2026/v1/chat/completions "HTTP/1.1 200 OK"
2026-05-02 01:14:38,134 [INFO] [2216/3993] id=openseek-4-9eb0dd6cc GT=memberHsightsmystery.odiscreti ✅ (3279ch, 33.6s)
2026-05-02 01:14:42,702 [INFO] HTTP Request: POST http://localhost:2026/v1/chat/completions "HTTP/1.1 200 OK"
2026-05-02 01:14:42,703 [INFO] [2217/3993] id=openseek-4-ba831e1a7 GT=itsxO ✅ (1209ch, 4.6s)
2026-05-02 01:14:44,360 [INFO] HTTP Request: POST http://localhost:2026/v1/chat/completions "HTTP/1.1 200 OK"
2026-05-02 01:14:44,361 [INFO] [2218/3993] id=openseek-4-0f0085c6b GT=JtheirppersonQofGxvicinityUHNl ✅ (2875ch, 11.4s)
2026-05-02 01:14:47,233 [INFO] HTTP Request: POST http://localhost:2026/v1/chat/completions "HTTP/1.1 200 OK"
2026-05-02 01:14:47,235 [INFO] [2219/3993] id=openseek-4-e911bac96 GT=oYwhaleRandUoqJ ✅ (2802ch, 12.0s)
2026-05-02 01:14:48,786 [INFO] HTTP Request: POST http://localhost:2026/v1/chat/completions "HTTP/1.1 200 OK"
2026-05-02 01:14:48,787 [INFO] [2220/3993] id=openseek-4-fc6edaaa4 GT=youtJV ✅ (1133ch, 4.4s)
2026-05-02 01:14:55,057 [INFO] HTTP Request: POST http://localhost:2026/v1/chat/completions "HTTP/1.1 200 OK"
2026-05-02 01:14:55,058 [INFO] [2221/3993] id=openseek-4-22e5abe5b GT=everdburnedVI ✅ (2028ch, 7.8s)
2026-05-02 01:14:56,436 [INFO] HTTP Request: POST http://localhost:2026/v1/chat/completions "HTTP/1.1 200 OK"
2026-05-02 01:14:56,437 [INFO] [2222/3993] id=openseek-4-ccfaeceda GT=thePscwhileYrstjshortMw ✅ (3141ch, 13.7s)
2026-05-02 01:15:00,202 [INFO] HTTP Request: POST http://localhost:2026/v1/chat/completions "HTTP/1.1 200 OK"
2026-05-02 01:15:00,203 [INFO] [2223/3993] id=openseek-4-ed4fdb819 GT=vyetO ✅ (972ch, 3.8s)
2026-05-02 01:15:02,954 [INFO] HTTP Request: POST http://localhost:2026/v1/chat/completions "HTTP/1.1 200 OK"
2026-05-02 01:15:02,955 [INFO] [2224/3993] id=openseek-4-4dcaf8c26 GT=hbyVChisIdputHb48.Mbchipsf ✅ (2917ch, 14.2s)
2026-05-02 01:15:03,476 [INFO] HTTP Request: POST http://localhost:2026/v1/chat/completions "HTTP/1.1 200 OK"
2026-05-02 01:15:03,477 [INFO] [2225/3993] id=openseek-4-8fe946b4d GT=possible.OtheNConstablehexpres ✅ (2127ch, 8.4s)
2026-05-02 01:15:07,745 [INFO] HTTP Request: POST http://localhost:2026/v1/chat/completions "HTTP/1.1 200 OK"
2026-05-02 01:15:07,746 [INFO] [2226/3993] id=openseek-4-6c6ed3e4c GT=vtendC ✅ (1835ch, 7.5s)
2026-05-02 01:15:09,759 [INFO] HTTP Request: POST http://localhost:2026/v1/chat/completions "HTTP/1.1 200 OK"
2026-05-02 01:15:09,760 [INFO] [2227/3993] id=openseek-4-c45a028c5 GT=infHevButf ✅ (1645ch, 6.3s)
2026-05-02 01:15:13,022 [INFO] HTTP Request: POST http://localhost:2026/v1/chat/completions "HTTP/1.1 200 OK"
2026-05-02 01:15:13,023 [INFO] [2228/3993] id=openseek-4-81d54ec89 GT=theKXpobePseemedlnowIQp ✅ (2388ch, 10.1s)
2026-05-02 01:15:13,538 [INFO] HTTP Request: POST http://localhost:2026/v1/chat/completions "HTTP/1.1 200 OK"
2026-05-02 01:15:13,540 [INFO] [2229/3993] id=openseek-4-bea7156b4 GT=xP ✅ (1005ch, 3.8s)
2026-05-02 01:15:18,832 [INFO] HTTP Request: POST http://localhost:2026/v1/chat/completions "HTTP/1.1 200 OK"
2026-05-02 01:15:18,833 [INFO] [2230/3993] id=openseek-4-e5736f6e8 GT=ainc ✅ (1090ch, 5.3s)
2026-05-02 01:15:22,413 [INFO] HTTP Request: POST http://localhost:2026/v1/chat/completions "HTTP/1.1 200 OK"
2026-05-02 01:15:22,414 [INFO] [2231/3993] id=openseek-4-82073b80a GT=lwithoutuhKLwratherLdtheiwhite ✅ (3604ch, 14.7s)
2026-05-02 01:15:25,696 [INFO] HTTP Request: POST http://localhost:2026/v1/chat/completions "HTTP/1.1 200 OK"
2026-05-02 01:15:25,697 [INFO] [2232/3993] id=openseek-4-44ca5b58f GT=ofqLessLthep ✅ (1690ch, 6.9s)
2026-05-02 01:15:26,503 [INFO] HTTP Request: POST http://localhost:2026/v1/chat/completions "HTTP/1.1 200 OK"
2026-05-02 01:15:26,504 [INFO] [2233/3993] id=openseek-4-de4e91463 GT=hthingswtimesAhavepEb ✅ (3675ch, 13.5s)
2026-05-02 01:15:34,618 [INFO] HTTP Request: POST http://localhost:2026/v1/chat/completions "HTTP/1.1 200 OK"
2026-05-02 01:15:34,619 [INFO] [2234/3993] id=openseek-4-73c6e63ba GT=IWfromBandYheadFNlastWthevBlPi ✅ (3058ch, 12.2s)
2026-05-02 01:15:38,440 [INFO] HTTP Request: POST http://localhost:2026/v1/chat/completions "HTTP/1.1 200 OK"
2026-05-02 01:15:38,441 [INFO] [2235/3993] id=openseek-4-54b66b380 GT=BwhenlJeye.cvertical,Vr ✅ (2983ch, 12.7s)
2026-05-02 01:15:40,949 [INFO] HTTP Request: POST http://localhost:2026/v1/chat/completions "HTTP/1.1 200 OK"
2026-05-02 01:15:40,950 [INFO] [2236/3993] id=openseek-4-920db8e46 GT=theFQwhichGD ✅ (1421ch, 6.3s)
2026-05-02 01:15:41,833 [INFO] HTTP Request: POST http://localhost:2026/v1/chat/completions "HTTP/1.1 200 OK"
2026-05-02 01:15:41,834 [INFO] [2237/3993] id=openseek-4-03d3aa8c9 GT=twistedJpInn._)LknowinggHmat,K ✅ (3786ch, 15.3s)
2026-05-02 01:15:47,600 [INFO] HTTP Request: POST http://localhost:2026/v1/chat/completions "HTTP/1.1 200 OK"
2026-05-02 01:15:47,601 [INFO] [2238/3993] id=openseek-4-c3596bdce GT=needsEemindstheseP ✅ (1734ch, 6.7s)
2026-05-02 01:15:51,683 [INFO] HTTP Request: POST http://localhost:2026/v1/chat/completions "HTTP/1.1 200 OK"
2026-05-02 01:15:51,684 [INFO] [2239/3993] id=openseek-4-45093f882 GT=outfitsdsayvKfromjynfoolishlyp ✅ (3369ch, 13.2s)
2026-05-02 01:15:54,211 [INFO] HTTP Request: POST http://localhost:2026/v1/chat/completions "HTTP/1.1 200 OK"
2026-05-02 01:15:54,212 [INFO] [2240/3993] id=openseek-4-edce18509 GT=AISKairHhdonlyfc ✅ (3024ch, 12.4s)
2026-05-02 01:15:59,317 [INFO] HTTP Request: POST http://localhost:2026/v1/chat/completions "HTTP/1.1 200 OK"
2026-05-02 01:15:59,318 [INFO] [2241/3993] id=openseek-4-f60afa53f GT=gtellin9sToeV ✅ (3100ch, 11.7s)
2026-05-02 01:15:59,793 [INFO] HTTP Request: POST http://localhost:2026/v1/chat/completions "HTTP/1.1 200 OK"
2026-05-02 01:15:59,794 [INFO] [2242/3993] id=openseek-4-26296fc93 GT=MfpoorfstillN ✅ (2124ch, 8.1s)
2026-05-02 01:16:00,724 [INFO] HTTP Request: POST http://localhost:2026/v1/chat/completions "HTTP/1.1 200 OK"
2026-05-02 01:16:00,725 [INFO] [2243/3993] id=openseek-4-9bf6de1f1 GT=whomHx ✅ (1703ch, 6.5s)
2026-05-02 01:16:05,322 [INFO] HTTP Request: POST http://localhost:2026/v1/chat/completions "HTTP/1.1 200 OK"
2026-05-02 01:16:05,323 [INFO] [2244/3993] id=openseek-4-f866ca6c3 GT=RwithLV ✅ (1604ch, 6.0s)
2026-05-02 01:16:09,524 [INFO] HTTP Request: POST http://localhost:2026/v1/chat/completions "HTTP/1.1 200 OK"
2026-05-02 01:16:09,526 [INFO] [2245/3993] id=openseek-4-7d51da9fb GT=Tfinda ✅ (802ch, 4.2s)
2026-05-02 01:16:14,359 [INFO] HTTP Request: POST http://localhost:2026/v1/chat/completions "HTTP/1.1 200 OK"
2026-05-02 01:16:14,360 [INFO] [2246/3993] id=openseek-4-98f2d9b68 GT=ytwoaIcarnationmseemNthenthePh ✅ (3237ch, 14.6s)
2026-05-02 01:16:14,702 [INFO] HTTP Request: POST http://localhost:2026/v1/chat/completions "HTTP/1.1 200 OK"
2026-05-02 01:16:14,703 [INFO] [2247/3993] id=openseek-4-c53a2b305 GT=indMotherImightVqrOholdy ✅ (3338ch, 14.0s)
2026-05-02 01:16:17,581 [INFO] HTTP Request: POST http://localhost:2026/v1/chat/completions "HTTP/1.1 200 OK"
2026-05-02 01:16:17,582 [INFO] [2248/3993] id=openseek-4-c8812f0de GT=UtPJonahEandY ✅ (1860ch, 8.1s)
2026-05-02 01:16:24,313 [INFO] HTTP Request: POST http://localhost:2026/v1/chat/completions "HTTP/1.1 200 OK"
2026-05-02 01:16:24,314 [INFO] [2249/3993] id=openseek-4-79f518141 GT=MasQofHLenmmyjW ✅ (2110ch, 10.0s)
2026-05-02 01:16:28,274 [INFO] HTTP Request: POST http://localhost:2026/v1/chat/completions "HTTP/1.1 200 OK"
2026-05-02 01:16:28,276 [INFO] [2250/3993] id=openseek-4-12b04eef6 GT=i_BlackdhsomeYunalterableFY ✅ (3341ch, 13.6s)
2026-05-02 01:16:28,649 [INFO] HTTP Request: POST http://localhost:2026/v1/chat/completions "HTTP/1.1 200 OK"
2026-05-02 01:16:28,650 [INFO] [2251/3993] id=openseek-4-2e55570d1 GT=oOuheaBIrYCO ✅ (2675ch, 11.1s)
2026-05-02 01:16:29,520 [INFO] HTTP Request: POST http://localhost:2026/v1/chat/completions "HTTP/1.1 200 OK"
2026-05-02 01:16:29,521 [INFO] [2252/3993] id=openseek-4-4fabf5bb0 GT=usleeper.H ✅ (1297ch, 5.2s)
2026-05-02 01:16:38,119 [INFO] HTTP Request: POST http://localhost:2026/v1/chat/completions "HTTP/1.1 200 OK"
2026-05-02 01:16:38,120 [INFO] [2253/3993] id=openseek-4-921c7d7e1 GT=nandhhaveukafarom ✅ (2345ch, 9.8s)
2026-05-02 01:16:38,923 [INFO] HTTP Request: POST http://localhost:2026/v1/chat/completions "HTTP/1.1 200 OK"
2026-05-02 01:16:38,924 [INFO] [2254/3993] id=openseek-4-7ecfb0841 GT=somethingSdegree,YL ✅ (2517ch, 9.4s)
2026-05-02 01:16:41,740 [INFO] HTTP Request: POST http://localhost:2026/v1/chat/completions "HTTP/1.1 200 OK"
2026-05-02 01:16:41,741 [INFO] [2255/3993] id=openseek-4-8325df7e1 GT=oldTthisPWObutnmightSyaWfoldsf ✅ (3258ch, 13.1s)
2026-05-02 01:16:45,087 [INFO] HTTP Request: POST http://localhost:2026/v1/chat/completions "HTTP/1.1 200 OK"
2026-05-02 01:16:45,088 [INFO] [2256/3993] id=openseek-4-4d1d0ddec GT=Oa ✅ (924ch, 3.3s)
2026-05-02 01:16:49,530 [INFO] HTTP Request: POST http://localhost:2026/v1/chat/completions "HTTP/1.1 200 OK"
2026-05-02 01:16:49,531 [INFO] [2257/3993] id=openseek-4-215272c93 GT=rAloft!tIrKwhichqc ✅ (2444ch, 10.6s)
2026-05-02 01:16:53,580 [INFO] HTTP Request: POST http://localhost:2026/v1/chat/completions "HTTP/1.1 200 OK"
2026-05-02 01:16:53,582 [INFO] [2258/3993] id=openseek-4-34aaaebc1 GT=qwhatH ✅ (1044ch, 4.1s)
2026-05-02 01:16:54,112 [INFO] HTTP Request: POST http://localhost:2026/v1/chat/completions "HTTP/1.1 200 OK"
2026-05-02 01:16:54,113 [INFO] [2259/3993] id=openseek-4-63aba8201 GT=mtheSthem,Gcame,DthepIV ✅ (3703ch, 16.0s)
2026-05-02 01:16:55,179 [INFO] HTTP Request: POST http://localhost:2026/v1/chat/completions "HTTP/1.1 200 OK"
2026-05-02 01:16:55,180 [INFO] [2260/3993] id=openseek-4-88a2b16dc GT=comesLUsoWYjudgingF ✅ (2728ch, 10.1s)
2026-05-02 01:17:00,476 [INFO] HTTP Request: POST http://localhost:2026/v1/chat/completions "HTTP/1.1 200 OK"
2026-05-02 01:17:00,477 [INFO] [2261/3993] id=openseek-4-63d8d6f10 GT=edart.Pking;C ✅ (1694ch, 6.4s)
2026-05-02 01:17:06,875 [INFO] HTTP Request: POST http://localhost:2026/v1/chat/completions "HTTP/1.1 200 OK"
2026-05-02 01:17:06,877 [INFO] [2262/3993] id=openseek-4-24982b069 GT=crYdroppedboldAuasithisUofX ✅ (2538ch, 11.7s)
2026-05-02 01:17:07,390 [INFO] HTTP Request: POST http://localhost:2026/v1/chat/completions "HTTP/1.1 200 OK"
2026-05-02 01:17:07,391 [INFO] [2263/3993] id=openseek-4-878e4ddfd GT=hisOWanWUqexceedinglyreU ✅ (3158ch, 13.8s)
2026-05-02 01:17:12,573 [INFO] HTTP Request: POST http://localhost:2026/v1/chat/completions "HTTP/1.1 200 OK"
2026-05-02 01:17:12,575 [INFO] [2264/3993] id=openseek-4-19fb668d9 GT=AfaceJconcubinesyI ✅ (1560ch, 5.7s)
2026-05-02 01:17:13,667 [INFO] HTTP Request: POST http://localhost:2026/v1/chat/completions "HTTP/1.1 200 OK"
2026-05-02 01:17:13,668 [INFO] [2265/3993] id=openseek-4-d5c561c59 GT=anQPeruviandq ✅ (1436ch, 6.3s)
2026-05-02 01:17:16,353 [INFO] HTTP Request: POST http://localhost:2026/v1/chat/completions "HTTP/1.1 200 OK"
2026-05-02 01:17:16,354 [INFO] [2266/3993] id=openseek-4-0340f7490 GT=ijDick,GvthoseRhoveringJnearly ✅ (3917ch, 15.9s)
2026-05-02 01:17:18,942 [INFO] HTTP Request: POST http://localhost:2026/v1/chat/completions "HTTP/1.1 200 OK"
2026-05-02 01:17:18,943 [INFO] [2267/3993] id=openseek-4-ea651a70d GT=injgivenR ✅ (1432ch, 6.4s)
2026-05-02 01:17:24,211 [INFO] HTTP Request: POST http://localhost:2026/v1/chat/completions "HTTP/1.1 200 OK"
2026-05-02 01:17:24,212 [INFO] [2268/3993] id=openseek-4-03b81162d GT=mind,yjk ✅ (2147ch, 7.9s)
2026-05-02 01:17:24,636 [INFO] HTTP Request: POST http://localhost:2026/v1/chat/completions "HTTP/1.1 200 OK"
2026-05-02 01:17:24,637 [INFO] [2269/3993] id=openseek-4-a1cf07bae GT=Uthem;DAaakxbrow,z ✅ (2728ch, 11.0s)
2026-05-02 01:17:34,421 [INFO] HTTP Request: POST http://localhost:2026/v1/chat/completions "HTTP/1.1 200 OK"
2026-05-02 01:17:34,422 [INFO] [2270/3993] id=openseek-4-b16b640c1 GT=Sinxembodied;ieNowBhisPinsandJ ✅ (3681ch, 15.5s)
2026-05-02 01:17:42,497 [INFO] HTTP Request: POST http://localhost:2026/v1/chat/completions "HTTP/1.1 200 OK"
2026-05-02 01:17:42,497 [WARNING]   [attempt 1 T=0.0] think validate 失败 (len=4077): 'Okay, let's see. I need to concatenate this list of strings into a single line w'
2026-05-02 01:17:42,825 [INFO] HTTP Request: POST http://localhost:2026/v1/chat/completions "HTTP/1.1 200 OK"
2026-05-02 01:17:42,826 [WARNING]   [attempt 1 T=0.0] think validate 失败 (len=4151): 'Okay, let's see. I need to concatenate this list of strings into a single line w'
2026-05-02 01:17:43,060 [INFO] HTTP Request: POST http://localhost:2026/v1/chat/completions "HTTP/1.1 200 OK"
2026-05-02 01:17:43,062 [INFO] [2271/3993] id=openseek-4-fa86f76ad GT=orUHbroad,wallj ✅ (2057ch, 8.6s)
2026-05-02 01:17:47,446 [INFO] HTTP Request: POST http://localhost:2026/v1/chat/completions "HTTP/1.1 200 OK"
2026-05-02 01:17:47,447 [INFO] [2272/3993] id=openseek-4-9ee145765 GT=Pkindk ✅ (802ch, 4.4s)
2026-05-02 01:17:52,419 [INFO] HTTP Request: POST http://localhost:2026/v1/chat/completions "HTTP/1.1 200 OK"
2026-05-02 01:17:52,420 [INFO] [2273/3993] id=openseek-4-e1a0ed952 GT=Ilitsx ✅ (1262ch, 5.0s)
2026-05-02 01:17:53,517 [INFO] HTTP Request: POST http://localhost:2026/v1/chat/completions "HTTP/1.1 200 OK"
2026-05-02 01:17:53,518 [INFO] [2274/3993] id=openseek-4-352c3d96c GT=haddswear,usaw,Fvofkoverhangin ✅ (2412ch, 28.9s)
2026-05-02 01:18:01,193 [INFO] HTTP Request: POST http://localhost:2026/v1/chat/completions "HTTP/1.1 200 OK"
2026-05-02 01:18:01,195 [INFO] [2275/3993] id=openseek-4-dcacd3f87 GT=hothouRgFT ✅ (2162ch, 8.8s)
2026-05-02 01:18:03,032 [INFO] HTTP Request: POST http://localhost:2026/v1/chat/completions "HTTP/1.1 200 OK"
2026-05-02 01:18:03,033 [WARNING]   [attempt 2 T=0.3] think validate 失败 (len=4266): 'Okay, let's see. I need to concatenate this list of strings into a single line w'
2026-05-02 01:18:11,402 [INFO] HTTP Request: POST http://localhost:2026/v1/chat/completions "HTTP/1.1 200 OK"
2026-05-02 01:18:11,403 [INFO] [2276/3993] id=openseek-4-15af530ce GT=throughnlKntherTreignoByKzz ✅ (3918ch, 17.9s)
2026-05-02 01:18:13,193 [INFO] HTTP Request: POST http://localhost:2026/v1/chat/completions "HTTP/1.1 200 OK"
2026-05-02 01:18:13,195 [INFO] [2277/3993] id=openseek-4-048036c85 GT=QthelloudMsbones,vBqvicissitud ✅ (2716ch, 12.0s)
2026-05-02 01:18:17,775 [INFO] HTTP Request: POST http://localhost:2026/v1/chat/completions "HTTP/1.1 200 OK"
2026-05-02 01:18:17,776 [INFO] [2278/3993] id=openseek-4-1880b083f GT=ghostlinessmandW ✅ (1382ch, 6.4s)
2026-05-02 01:18:21,071 [INFO] HTTP Request: POST http://localhost:2026/v1/chat/completions "HTTP/1.1 200 OK"
2026-05-02 01:18:21,072 [INFO] [2279/3993] id=openseek-4-20d5f3568 GT=inzvacanttjso.Fxmsleeping-time ✅ (3998ch, 56.9s)
2026-05-02 01:18:25,669 [INFO] HTTP Request: POST http://localhost:2026/v1/chat/completions "HTTP/1.1 200 OK"
2026-05-02 01:18:25,670 [INFO] [2280/3993] id=openseek-4-6849e1122 GT=fromdYttheo ✅ (1904ch, 7.9s)
2026-05-02 01:18:27,862 [INFO] HTTP Request: POST http://localhost:2026/v1/chat/completions "HTTP/1.1 200 OK"
2026-05-02 01:18:27,863 [INFO] [2281/3993] id=openseek-4-be21b2442 GT=intoAus,UcommunicatingODcartha ✅ (3400ch, 14.7s)
2026-05-02 01:18:31,624 [INFO] HTTP Request: POST http://localhost:2026/v1/chat/completions "HTTP/1.1 200 OK"
2026-05-02 01:18:31,625 [INFO] [2282/3993] id=openseek-4-5db70c306 GT=immutablyHthemasdeverPcandidat ✅ (2588ch, 10.6s)
2026-05-02 01:18:31,992 [INFO] HTTP Request: POST http://localhost:2026/v1/chat/completions "HTTP/1.1 200 OK"
2026-05-02 01:18:31,993 [INFO] [2283/3993] id=openseek-4-5ae9520f7 GT=HflikelWO ✅ (1567ch, 6.3s)
2026-05-02 01:18:46,167 [INFO] HTTP Request: POST http://localhost:2026/v1/chat/completions "HTTP/1.1 200 OK"
2026-05-02 01:18:46,169 [INFO] [2284/3993] id=openseek-4-373fc1548 GT=itOtakejQhisPVtthempP ✅ (3232ch, 14.2s)
2026-05-02 01:18:47,905 [INFO] HTTP Request: POST http://localhost:2026/v1/chat/completions "HTTP/1.1 200 OK"
2026-05-02 01:18:47,906 [WARNING]   [attempt 1 T=0.0] think validate 失败 (len=4891): 'Okay, let's see. I need to concatenate this list of strings into a single line w'
2026-05-02 01:18:49,947 [INFO] HTTP Request: POST http://localhost:2026/v1/chat/completions "HTTP/1.1 200 OK"
2026-05-02 01:18:49,948 [WARNING]   [attempt 1 T=0.0] think validate 失败 (len=4172): 'Okay, let's see. I need to concatenate this list of strings into a single line w'
2026-05-02 01:18:54,083 [INFO] HTTP Request: POST http://localhost:2026/v1/chat/completions "HTTP/1.1 200 OK"
2026-05-02 01:18:54,084 [INFO] [2285/3993] id=openseek-4-b53121f55 GT=blowing,RExj ✅ (1857ch, 7.9s)
2026-05-02 01:19:00,421 [INFO] HTTP Request: POST http://localhost:2026/v1/chat/completions "HTTP/1.1 200 OK"
2026-05-02 01:19:00,423 [INFO] [2286/3993] id=openseek-4-6d88bec11 GT=shiveringwThus,yh ✅ (1585ch, 6.3s)
2026-05-02 01:19:00,476 [INFO] HTTP Request: POST http://localhost:2026/v1/chat/completions "HTTP/1.1 200 OK"
2026-05-02 01:19:00,477 [INFO] [2287/3993] id=openseek-4-a4027f4f5 GT=that,funwontedywPaskkeepgdd ✅ (2748ch, 32.6s)
2026-05-02 01:19:00,607 [INFO] HTTP Request: POST http://localhost:2026/v1/chat/completions "HTTP/1.1 200 OK"
2026-05-02 01:19:00,609 [INFO] [2288/3993] id=openseek-4-44bd84606 GT=dtheMthusoanyoVisnwhichDbitsl ✅ (2114ch, 29.0s)
2026-05-02 01:19:06,025 [INFO] HTTP Request: POST http://localhost:2026/v1/chat/completions "HTTP/1.1 200 OK"
2026-05-02 01:19:06,027 [INFO] [2289/3993] id=openseek-4-9be0e108d GT=YhXLGR ✅ (1326ch, 5.6s)
2026-05-02 01:19:08,488 [INFO] HTTP Request: POST http://localhost:2026/v1/chat/completions "HTTP/1.1 200 OK"
2026-05-02 01:19:08,489 [INFO] [2290/3993] id=openseek-4-cf5fff546 GT=LBesides,CPap ✅ (2069ch, 7.9s)
2026-05-02 01:19:10,430 [INFO] HTTP Request: POST http://localhost:2026/v1/chat/completions "HTTP/1.1 200 OK"
2026-05-02 01:19:10,432 [INFO] [2291/3993] id=openseek-4-ad2016691 GT=Irm ✅ (1136ch, 4.4s)
2026-05-02 01:19:12,922 [INFO] HTTP Request: POST http://localhost:2026/v1/chat/completions "HTTP/1.1 200 OK"
2026-05-02 01:19:12,923 [INFO] [2292/3993] id=openseek-4-4442633f7 GT=AisYEthersailors,mdFqlaidathem ✅ (2980ch, 12.4s)
2026-05-02 01:19:18,565 [INFO] HTTP Request: POST http://localhost:2026/v1/chat/completions "HTTP/1.1 200 OK"
2026-05-02 01:19:18,566 [INFO] [2293/3993] id=openseek-4-eb1d0ea9f GT=HbeforesvhimayX ✅ (2622ch, 10.1s)
2026-05-02 01:19:19,399 [INFO] HTTP Request: POST http://localhost:2026/v1/chat/completions "HTTP/1.1 200 OK"
2026-05-02 01:19:19,400 [INFO] [2294/3993] id=openseek-4-2485ee1f0 GT=byeuatA ✅ (1693ch, 6.5s)
2026-05-02 01:19:20,960 [INFO] HTTP Request: POST http://localhost:2026/v1/chat/completions "HTTP/1.1 200 OK"
2026-05-02 01:19:20,961 [INFO] [2295/3993] id=openseek-4-8d12a5abc GT=blessqhere9sZSo ✅ (2663ch, 10.5s)
2026-05-02 01:19:27,230 [INFO] HTTP Request: POST http://localhost:2026/v1/chat/completions "HTTP/1.1 200 OK"
2026-05-02 01:19:27,231 [INFO] [2296/3993] id=openseek-4-8bcebd788 GT=theohardlyEsthoughBVgDA ✅ (2152ch, 8.7s)
2026-05-02 01:19:29,363 [INFO] HTTP Request: POST http://localhost:2026/v1/chat/completions "HTTP/1.1 200 OK"
2026-05-02 01:19:29,364 [INFO] [2297/3993] id=openseek-4-428ed5d86 GT=inginywondrouswT ✅ (2045ch, 8.4s)
2026-05-02 01:19:35,507 [INFO] HTTP Request: POST http://localhost:2026/v1/chat/completions "HTTP/1.1 200 OK"
2026-05-02 01:19:35,508 [WARNING]   [attempt 1 T=0.0] think validate 失败 (len=4013): 'Okay, let's see. I need to concatenate this list of strings into a single line w'
2026-05-02 01:19:40,711 [INFO] HTTP Request: POST http://localhost:2026/v1/chat/completions "HTTP/1.1 200 OK"
2026-05-02 01:19:40,712 [INFO] [2298/3993] id=openseek-4-46fa540a2 GT=ntimbers,itoSMr.Fhangingub ✅ (2677ch, 11.3s)
2026-05-02 01:19:41,246 [INFO] HTTP Request: POST http://localhost:2026/v1/chat/completions "HTTP/1.1 200 OK"
2026-05-02 01:19:41,247 [INFO] [2299/3993] id=openseek-4-1873af8d9 GT=powertdofButyaGiOoandE ✅ (3127ch, 14.0s)
2026-05-02 01:19:47,269 [INFO] HTTP Request: POST http://localhost:2026/v1/chat/completions "HTTP/1.1 200 OK"
2026-05-02 01:19:47,271 [INFO] [2300/3993] id=openseek-4-8a8975de6 GT=seamenonDoutn ✅ (1517ch, 6.6s)
2026-05-02 01:19:47,433 [INFO]   💾 已保存 (成功=2290 失败=10) | 3.7s/条均值 | ETA=106min
2026-05-02 01:19:52,957 [INFO] HTTP Request: POST http://localhost:2026/v1/chat/completions "HTTP/1.1 200 OK"
2026-05-02 01:19:52,959 [INFO] [2301/3993] id=openseek-4-41e790095 GT=xfinger-glass.SelucidatingZthe ✅ (2600ch, 11.7s)
2026-05-02 01:19:54,256 [INFO] HTTP Request: POST http://localhost:2026/v1/chat/completions "HTTP/1.1 200 OK"
2026-05-02 01:19:54,257 [WARNING]   [attempt 2 T=0.3] think validate 失败 (len=4268): 'Okay, let's see. I need to concatenate this list of strings into a single line w'
2026-05-02 01:20:04,521 [INFO] HTTP Request: POST http://localhost:2026/v1/chat/completions "HTTP/1.1 200 OK"
2026-05-02 01:20:04,522 [INFO] [2302/3993] id=openseek-4-ce0bccec0 GT=XkjtheKheoTyswhenBV ✅ (3488ch, 17.3s)
2026-05-02 01:20:05,493 [INFO] HTTP Request: POST http://localhost:2026/v1/chat/completions "HTTP/1.1 200 OK"
2026-05-02 01:20:05,494 [INFO] [2303/3993] id=openseek-4-0f2780fa5 GT=zyedSwasfhasJX ✅ (3045ch, 12.5s)
2026-05-02 01:20:09,251 [INFO] HTTP Request: POST http://localhost:2026/v1/chat/completions "HTTP/1.1 200 OK"
2026-05-02 01:20:09,252 [INFO] [2304/3993] id=openseek-4-bc26f5d67 GT=MYofguponqthatAtAndSn ✅ (3555ch, 49.9s)
2026-05-02 01:20:16,839 [INFO] HTTP Request: POST http://localhost:2026/v1/chat/completions "HTTP/1.1 200 OK"
2026-05-02 01:20:16,841 [INFO] [2305/3993] id=openseek-4-adde1b725 GT=andyNZfewxcoercingUqinferiorgo ✅ (2625ch, 11.3s)
2026-05-02 01:20:19,312 [INFO] HTTP Request: POST http://localhost:2026/v1/chat/completions "HTTP/1.1 200 OK"
2026-05-02 01:20:19,314 [INFO] [2306/3993] id=openseek-4-5eb92c09b GT=fixed,GDfashion.aLbesides,hsub ✅ (3461ch, 14.8s)
2026-05-02 01:20:23,674 [INFO] HTTP Request: POST http://localhost:2026/v1/chat/completions "HTTP/1.1 200 OK"
2026-05-02 01:20:23,675 [INFO] [2307/3993] id=openseek-4-ed52b00c0 GT=theWN ✅ (1765ch, 6.8s)
2026-05-02 01:20:23,740 [INFO] HTTP Request: POST http://localhost:2026/v1/chat/completions "HTTP/1.1 200 OK"
2026-05-02 01:20:23,741 [INFO] [2308/3993] id=openseek-4-efb623082 GT=KGsongsRday,NTstandingmconsecr ✅ (3500ch, 14.5s)
2026-05-02 01:20:31,486 [INFO] HTTP Request: POST http://localhost:2026/v1/chat/completions "HTTP/1.1 200 OK"
2026-05-02 01:20:31,487 [INFO] [2309/3993] id=openseek-4-90454f940 GT=thereRGnaturalqfatsOagainstpvd ✅ (3089ch, 12.2s)
2026-05-02 01:20:36,551 [INFO] HTTP Request: POST http://localhost:2026/v1/chat/completions "HTTP/1.1 200 OK"
2026-05-02 01:20:36,552 [INFO] [2310/3993] id=openseek-4-aa70db3ba GT=YtheascompletelyGofQYtheGEngli ✅ (3091ch, 12.9s)
2026-05-02 01:20:39,498 [INFO] HTTP Request: POST http://localhost:2026/v1/chat/completions "HTTP/1.1 200 OK"
2026-05-02 01:20:39,499 [INFO] [2311/3993] id=openseek-4-0b58e0163 GT=mfortQsureYapple-dumpling;ihlo ✅ (3602ch, 15.8s)
2026-05-02 01:20:44,586 [INFO] HTTP Request: POST http://localhost:2026/v1/chat/completions "HTTP/1.1 200 OK"
2026-05-02 01:20:44,587 [INFO] [2312/3993] id=openseek-4-5f743df48 GT=me,eSouth-Sea-men9sBonlyVidest ✅ (3006ch, 13.1s)
2026-05-02 01:20:45,364 [INFO] HTTP Request: POST http://localhost:2026/v1/chat/completions "HTTP/1.1 200 OK"
2026-05-02 01:20:45,365 [INFO] [2313/3993] id=openseek-4-a5e55f4be GT=lholdsU ✅ (1509ch, 5.9s)
2026-05-02 01:20:50,216 [INFO] HTTP Request: POST http://localhost:2026/v1/chat/completions "HTTP/1.1 200 OK"
2026-05-02 01:20:50,217 [INFO] [2314/3993] id=openseek-4-e9b76c69d GT=despair;cInowJdraggedju ✅ (3292ch, 13.7s)
2026-05-02 01:20:55,421 [INFO] HTTP Request: POST http://localhost:2026/v1/chat/completions "HTTP/1.1 200 OK"
2026-05-02 01:20:55,422 [INFO] [2315/3993] id=openseek-4-dfd4dcea7 GT=qmoreRNow,ypkelementepbyCz ✅ (2456ch, 10.1s)
2026-05-02 01:20:57,778 [INFO] HTTP Request: POST http://localhost:2026/v1/chat/completions "HTTP/1.1 200 OK"
2026-05-02 01:20:57,779 [INFO] [2316/3993] id=openseek-4-973b6e5a2 GT=pplayBoncerblackShthisY ✅ (3272ch, 13.2s)
2026-05-02 01:20:58,723 [INFO] HTTP Request: POST http://localhost:2026/v1/chat/completions "HTTP/1.1 200 OK"
2026-05-02 01:20:58,724 [INFO] [2317/3993] id=openseek-4-913ee0f0f GT=ye,UheT ✅ (1938ch, 8.5s)
2026-05-02 01:21:03,167 [INFO] HTTP Request: POST http://localhost:2026/v1/chat/completions "HTTP/1.1 200 OK"
2026-05-02 01:21:03,168 [INFO] [2318/3993] id=openseek-4-c0a155976 GT=beingRJkQsilentAI ✅ (1948ch, 7.7s)
2026-05-02 01:21:07,857 [INFO] HTTP Request: POST http://localhost:2026/v1/chat/completions "HTTP/1.1 200 OK"
2026-05-02 01:21:07,858 [INFO] [2319/3993] id=openseek-4-1e9d70594 GT=andbS ✅ (1234ch, 4.7s)
2026-05-02 01:21:11,426 [INFO] HTTP Request: POST http://localhost:2026/v1/chat/completions "HTTP/1.1 200 OK"
2026-05-02 01:21:11,428 [INFO] [2320/3993] id=openseek-4-6d4d2bec0 GT=kadjoining,oreplied.piunconsci ✅ (3476ch, 13.6s)
2026-05-02 01:21:14,532 [INFO] HTTP Request: POST http://localhost:2026/v1/chat/completions "HTTP/1.1 200 OK"
2026-05-02 01:21:14,533 [INFO] [2321/3993] id=openseek-4-8efbe05b8 GT=thisvjzwhen,tHthefwek ✅ (3944ch, 15.8s)
2026-05-02 01:21:18,499 [INFO] HTTP Request: POST http://localhost:2026/v1/chat/completions "HTTP/1.1 200 OK"
2026-05-02 01:21:18,501 [INFO] [2322/3993] id=openseek-4-90f2ff412 GT=YfSmountedJCagain,Kvertebra.Ns ✅ (2484ch, 10.6s)
2026-05-02 01:21:18,786 [INFO] HTTP Request: POST http://localhost:2026/v1/chat/completions "HTTP/1.1 200 OK"
2026-05-02 01:21:18,787 [INFO] [2323/3993] id=openseek-4-6f69942ec GT=enoughelTBbaxNA ✅ (1723ch, 7.4s)
2026-05-02 01:21:25,612 [INFO] HTTP Request: POST http://localhost:2026/v1/chat/completions "HTTP/1.1 200 OK"
2026-05-02 01:21:25,613 [INFO] [2324/3993] id=openseek-4-0c109d970 GT=least,OopenZ ✅ (1769ch, 6.8s)
2026-05-02 01:21:30,436 [INFO] HTTP Request: POST http://localhost:2026/v1/chat/completions "HTTP/1.1 200 OK"
2026-05-02 01:21:30,437 [INFO] [2325/3993] id=openseek-4-00c8df3c3 GT=muchtm ✅ (1276ch, 4.8s)
2026-05-02 01:21:31,806 [INFO] HTTP Request: POST http://localhost:2026/v1/chat/completions "HTTP/1.1 200 OK"
2026-05-02 01:21:31,808 [INFO] [2326/3993] id=openseek-4-13e670335 GT=fforhYmheartEisElordUher ✅ (3025ch, 13.3s)
2026-05-02 01:21:34,049 [INFO] HTTP Request: POST http://localhost:2026/v1/chat/completions "HTTP/1.1 200 OK"
2026-05-02 01:21:34,049 [WARNING]   [attempt 1 T=0.0] think validate 失败 (len=4363): 'Okay, let's see. I need to concatenate this list of strings into a single line w'
2026-05-02 01:21:36,173 [INFO] HTTP Request: POST http://localhost:2026/v1/chat/completions "HTTP/1.1 200 OK"
2026-05-02 01:21:36,175 [INFO] [2327/3993] id=openseek-4-64963f6a5 GT=YV ✅ (1128ch, 4.4s)
2026-05-02 01:21:40,716 [INFO] HTTP Request: POST http://localhost:2026/v1/chat/completions "HTTP/1.1 200 OK"
2026-05-02 01:21:40,717 [INFO] [2328/3993] id=openseek-4-9e6e26646 GT=andTShisjgPpKk ✅ (2491ch, 10.3s)
2026-05-02 01:21:49,148 [INFO] HTTP Request: POST http://localhost:2026/v1/chat/completions "HTTP/1.1 200 OK"
2026-05-02 01:21:49,149 [INFO] [2329/3993] id=openseek-4-cb81eda91 GT=KinkwaysXandi ✅ (2007ch, 8.4s)
2026-05-02 01:21:49,407 [INFO] HTTP Request: POST http://localhost:2026/v1/chat/completions "HTTP/1.1 200 OK"
2026-05-02 01:21:49,409 [INFO] [2330/3993] id=openseek-4-fa32808db GT=timeGmeetOz(ILlVz ✅ (3026ch, 13.2s)
2026-05-02 01:21:56,294 [INFO] HTTP Request: POST http://localhost:2026/v1/chat/completions "HTTP/1.1 200 OK"
2026-05-02 01:21:56,295 [INFO] [2331/3993] id=openseek-4-cd56086f6 GT=OjustOw ✅ (1638ch, 7.1s)
2026-05-02 01:21:57,027 [INFO] HTTP Request: POST http://localhost:2026/v1/chat/completions "HTTP/1.1 200 OK"
2026-05-02 01:21:57,028 [INFO] [2332/3993] id=openseek-4-047826b98 GT=atKC ✅ (1950ch, 7.6s)
2026-05-02 01:21:57,373 [INFO] HTTP Request: POST http://localhost:2026/v1/chat/completions "HTTP/1.1 200 OK"
2026-05-02 01:21:57,374 [WARNING]   [attempt 2 T=0.3] think validate 失败 (len=4751): 'Okay, let's see. I need to concatenate this list of strings into a single line w'
2026-05-02 01:22:00,476 [INFO] HTTP Request: POST http://localhost:2026/v1/chat/completions "HTTP/1.1 200 OK"
2026-05-02 01:22:00,477 [INFO] [2333/3993] id=openseek-4-f12a378d3 GT=aKQ ✅ (1000ch, 4.2s)
2026-05-02 01:22:05,939 [INFO] HTTP Request: POST http://localhost:2026/v1/chat/completions "HTTP/1.1 200 OK"
2026-05-02 01:22:05,940 [INFO] [2334/3993] id=openseek-4-019979d83 GT=AwithzoPwithH ✅ (2090ch, 8.9s)
2026-05-02 01:22:11,645 [INFO] HTTP Request: POST http://localhost:2026/v1/chat/completions "HTTP/1.1 200 OK"
2026-05-02 01:22:11,646 [INFO] [2335/3993] id=openseek-4-e13c91ab1 GT=tfAbrahamGfriddleycoupleVZthat ✅ (2673ch, 57.1s)
2026-05-02 01:22:11,696 [INFO] HTTP Request: POST http://localhost:2026/v1/chat/completions "HTTP/1.1 200 OK"
2026-05-02 01:22:11,698 [INFO] [2336/3993] id=openseek-4-5929c4fd3 GT=PxSnoSJ ✅ (2418ch, 11.2s)
2026-05-02 01:22:17,038 [INFO] HTTP Request: POST http://localhost:2026/v1/chat/completions "HTTP/1.1 200 OK"
2026-05-02 01:22:17,039 [INFO] [2337/3993] id=openseek-4-5b8251bb2 GT=Qoorv ✅ (1382ch, 5.3s)
2026-05-02 01:22:17,317 [INFO] HTTP Request: POST http://localhost:2026/v1/chat/completions "HTTP/1.1 200 OK"
2026-05-02 01:22:17,319 [INFO] [2338/3993] id=openseek-4-e304d7e94 GT=Zsurgeon.CofIsomegci ✅ (2732ch, 11.4s)
2026-05-02 01:22:20,776 [INFO] HTTP Request: POST http://localhost:2026/v1/chat/completions "HTTP/1.1 200 OK"
2026-05-02 01:22:20,777 [INFO] [2339/3993] id=openseek-4-e4be4bc46 GT=stander-of-mast-heads;dDaathou ✅ (2326ch, 9.1s)
2026-05-02 01:22:24,320 [INFO] HTTP Request: POST http://localhost:2026/v1/chat/completions "HTTP/1.1 200 OK"
2026-05-02 01:22:24,322 [INFO] [2340/3993] id=openseek-4-699e7e674 GT=joagoCQZ ✅ (1739ch, 7.0s)
2026-05-02 01:22:30,849 [INFO] HTTP Request: POST http://localhost:2026/v1/chat/completions "HTTP/1.1 200 OK"
2026-05-02 01:22:30,850 [INFO] [2341/3993] id=openseek-4-b4b0b85ee GT=oVqonlyEobscurelyKstepsYstands ✅ (3480ch, 13.8s)
2026-05-02 01:22:34,551 [INFO] HTTP Request: POST http://localhost:2026/v1/chat/completions "HTTP/1.1 200 OK"
2026-05-02 01:22:34,552 [INFO] [2342/3993] id=openseek-4-5f11371ea GT=YCHAPTERNYRsame,eAndDbtot ✅ (3373ch, 13.8s)
2026-05-02 01:22:36,507 [INFO] HTTP Request: POST http://localhost:2026/v1/chat/completions "HTTP/1.1 200 OK"
2026-05-02 01:22:36,508 [INFO] [2343/3993] id=openseek-4-a91e86800 GT=cVMpartfseaCshipVRLthece ✅ (2833ch, 12.2s)
2026-05-02 01:22:42,392 [INFO] HTTP Request: POST http://localhost:2026/v1/chat/completions "HTTP/1.1 200 OK"
2026-05-02 01:22:42,393 [INFO] [2344/3993] id=openseek-4-8545d6457 GT=wontedKBetweenOJorLusXh ✅ (2940ch, 11.5s)
2026-05-02 01:22:42,635 [INFO] HTTP Request: POST http://localhost:2026/v1/chat/completions "HTTP/1.1 200 OK"
2026-05-02 01:22:42,636 [INFO] [2345/3993] id=openseek-4-d8230cb59 GT=SEfE ✅ (1401ch, 6.1s)
2026-05-02 01:22:44,990 [INFO] HTTP Request: POST http://localhost:2026/v1/chat/completions "HTTP/1.1 200 OK"
2026-05-02 01:22:44,991 [INFO] [2346/3993] id=openseek-4-55470f5cf GT=amongZYrUdim,uandpc ✅ (2729ch, 10.4s)
2026-05-02 01:22:47,700 [INFO] HTTP Request: POST http://localhost:2026/v1/chat/completions "HTTP/1.1 200 OK"
2026-05-02 01:22:47,701 [INFO] [2347/3993] id=openseek-4-17045b990 GT=TheeH ✅ (1382ch, 5.3s)
2026-05-02 01:22:50,628 [INFO] HTTP Request: POST http://localhost:2026/v1/chat/completions "HTTP/1.1 200 OK"
2026-05-02 01:22:50,629 [INFO] [2348/3993] id=openseek-4-a5f253ae0 GT=aloft;Tbyw ✅ (1996ch, 8.0s)
2026-05-02 01:22:52,575 [INFO] HTTP Request: POST http://localhost:2026/v1/chat/completions "HTTP/1.1 200 OK"
2026-05-02 01:22:52,576 [INFO] [2349/3993] id=openseek-4-693920920 GT=bmatoQJ ✅ (1936ch, 7.6s)
2026-05-02 01:22:53,589 [INFO] HTTP Request: POST http://localhost:2026/v1/chat/completions "HTTP/1.1 200 OK"
2026-05-02 01:22:53,590 [INFO] [2350/3993] id=openseek-4-b690a8ef4 GT=thineYtheRtheZ ✅ (1575ch, 5.9s)
2026-05-02 01:22:55,725 [INFO] HTTP Request: POST http://localhost:2026/v1/chat/completions "HTTP/1.1 200 OK"
2026-05-02 01:22:55,726 [INFO] [2351/3993] id=openseek-4-4e1828be2 GT=downKdhimy ✅ (1314ch, 5.1s)
2026-05-02 01:23:04,716 [INFO] HTTP Request: POST http://localhost:2026/v1/chat/completions "HTTP/1.1 200 OK"
2026-05-02 01:23:04,717 [INFO] [2352/3993] id=openseek-4-df15b57de GT=xtheHAvsee!4avastiexclaimed4cA ✅ (2900ch, 12.1s)
2026-05-02 01:23:05,719 [INFO] HTTP Request: POST http://localhost:2026/v1/chat/completions "HTTP/1.1 200 OK"
2026-05-02 01:23:05,720 [INFO] [2353/3993] id=openseek-4-dc4c090af GT=thecEocean,kprofoundwbYist ✅ (3009ch, 12.1s)
2026-05-02 01:23:10,007 [INFO] HTTP Request: POST http://localhost:2026/v1/chat/completions "HTTP/1.1 200 OK"
2026-05-02 01:23:10,008 [INFO] [2354/3993] id=openseek-4-9e1bb0596 GT=Lup.DhThecFor,xofPBtouchingV ✅ (3378ch, 14.3s)
2026-05-02 01:23:12,766 [INFO] HTTP Request: POST http://localhost:2026/v1/chat/completions "HTTP/1.1 200 OK"
2026-05-02 01:23:12,767 [INFO] [2355/3993] id=openseek-4-b223bd13a GT=levelledfKAhabG ✅ (1797ch, 7.0s)
2026-05-02 01:23:14,727 [INFO] HTTP Request: POST http://localhost:2026/v1/chat/completions "HTTP/1.1 200 OK"
2026-05-02 01:23:14,729 [INFO] [2356/3993] id=openseek-4-657f3df71 GT=GjwlsaidYfreshc ✅ (2433ch, 10.0s)
2026-05-02 01:23:22,005 [INFO] HTTP Request: POST http://localhost:2026/v1/chat/completions "HTTP/1.1 200 OK"
2026-05-02 01:23:22,006 [INFO] [2357/3993] id=openseek-4-1f1b3b741 GT=horrorsNlbutOYHJE ✅ (3047ch, 12.0s)
2026-05-02 01:23:25,556 [INFO] HTTP Request: POST http://localhost:2026/v1/chat/completions "HTTP/1.1 200 OK"
2026-05-02 01:23:25,558 [INFO] [2358/3993] id=openseek-4-6e1cd9b60 GT=uIsnow-storm4clandlord,UdenseQ ✅ (2675ch, 10.8s)
2026-05-02 01:23:26,393 [INFO] HTTP Request: POST http://localhost:2026/v1/chat/completions "HTTP/1.1 200 OK"
2026-05-02 01:23:26,394 [INFO] [2359/3993] id=openseek-4-566b6f9e0 GT=doing,KseeJyBewarewbeinga ✅ (3351ch, 13.6s)
2026-05-02 01:23:29,262 [INFO] HTTP Request: POST http://localhost:2026/v1/chat/completions "HTTP/1.1 200 OK"
2026-05-02 01:23:29,263 [INFO] [2360/3993] id=openseek-4-35f739e1b GT=FtheO ✅ (731ch, 3.7s)
2026-05-02 01:23:29,966 [INFO] HTTP Request: POST http://localhost:2026/v1/chat/completions "HTTP/1.1 200 OK"
2026-05-02 01:23:29,967 [INFO] [2361/3993] id=openseek-4-5ca17540b GT=UR ✅ (652ch, 3.6s)
2026-05-02 01:23:32,348 [INFO] HTTP Request: POST http://localhost:2026/v1/chat/completions "HTTP/1.1 200 OK"
2026-05-02 01:23:32,349 [INFO] [2362/3993] id=openseek-4-1fea1c661 GT=aamBeZorIseemedqorH ✅ (2177ch, 10.3s)
2026-05-02 01:23:39,658 [INFO] HTTP Request: POST http://localhost:2026/v1/chat/completions "HTTP/1.1 200 OK"
2026-05-02 01:23:39,659 [INFO] [2363/3993] id=openseek-4-7c23f5119 GT=LeAndgtsmilingFiEdignityWlittl ✅ (2167ch, 9.7s)
2026-05-02 01:23:41,282 [INFO] HTTP Request: POST http://localhost:2026/v1/chat/completions "HTTP/1.1 200 OK"
2026-05-02 01:23:41,283 [INFO] [2364/3993] id=openseek-4-2c7b902c4 GT=onBskickingAtime,fc ✅ (3161ch, 12.0s)
2026-05-02 01:23:46,605 [INFO] HTTP Request: POST http://localhost:2026/v1/chat/completions "HTTP/1.1 200 OK"
2026-05-02 01:23:46,606 [INFO] [2365/3993] id=openseek-4-93e878e36 GT=NByIwo ✅ (1274ch, 5.3s)
2026-05-02 01:23:50,735 [INFO] HTTP Request: POST http://localhost:2026/v1/chat/completions "HTTP/1.1 200 OK"
2026-05-02 01:23:50,737 [INFO] [2366/3993] id=openseek-4-6d95af977 GT=willaWthere.adBN ✅ (2768ch, 11.1s)
2026-05-02 01:23:52,116 [INFO] HTTP Request: POST http://localhost:2026/v1/chat/completions "HTTP/1.1 200 OK"
2026-05-02 01:23:52,117 [WARNING]   [attempt 1 T=0.0] think validate 失败 (len=4376): 'Okay, let's see. I need to concatenate this list of strings into a single line w'
2026-05-02 01:23:54,566 [INFO] HTTP Request: POST http://localhost:2026/v1/chat/completions "HTTP/1.1 200 OK"
2026-05-02 01:23:54,567 [INFO] [2367/3993] id=openseek-4-f643218f8 GT=CtheHhearsed,La ✅ (2040ch, 8.0s)
2026-05-02 01:24:04,031 [INFO] HTTP Request: POST http://localhost:2026/v1/chat/completions "HTTP/1.1 200 OK"
2026-05-02 01:24:04,033 [INFO] [2368/3993] id=openseek-4-7e5fe5bd0 GT=totNantucket,gLcarving-knivesP ✅ (3065ch, 13.3s)
2026-05-02 01:24:05,524 [INFO] HTTP Request: POST http://localhost:2026/v1/chat/completions "HTTP/1.1 200 OK"
2026-05-02 01:24:05,525 [INFO] [2369/3993] id=openseek-4-740f7383f GT=mdoubtsYso,XyoungishXz ✅ (2637ch, 11.0s)
2026-05-02 01:24:08,404 [INFO] HTTP Request: POST http://localhost:2026/v1/chat/completions "HTTP/1.1 200 OK"
2026-05-02 01:24:08,405 [INFO] [2370/3993] id=openseek-4-c496c1dff GT=LPotluckgofomonlySXHhimhabtheh ✅ (3320ch, 36.1s)
2026-05-02 01:24:09,526 [INFO] HTTP Request: POST http://localhost:2026/v1/chat/completions "HTTP/1.1 200 OK"
2026-05-02 01:24:09,527 [INFO] [2371/3993] id=openseek-4-273d2c359 GT=Lx ✅ (1012ch, 4.0s)
2026-05-02 01:24:18,410 [INFO] HTTP Request: POST http://localhost:2026/v1/chat/completions "HTTP/1.1 200 OK"
2026-05-02 01:24:18,411 [INFO] [2372/3993] id=openseek-4-ab46b43be GT=byKandlonpmosthremorselesslydz ✅ (2515ch, 10.0s)
2026-05-02 01:24:19,334 [INFO] HTTP Request: POST http://localhost:2026/v1/chat/completions "HTTP/1.1 200 OK"
2026-05-02 01:24:19,336 [INFO] [2373/3993] id=openseek-4-2e5f04e86 GT=hheolateoKmuchLhim,nlivingtv ✅ (3638ch, 15.3s)
2026-05-02 01:24:20,675 [INFO] HTTP Request: POST http://localhost:2026/v1/chat/completions "HTTP/1.1 200 OK"
2026-05-02 01:24:20,676 [INFO] [2374/3993] id=openseek-4-e6f0fe34a GT=theiyetWzznoYOZ ✅ (2526ch, 11.1s)
2026-05-02 01:24:28,767 [INFO] HTTP Request: POST http://localhost:2026/v1/chat/completions "HTTP/1.1 200 OK"
2026-05-02 01:24:28,769 [INFO] [2375/3993] id=openseek-4-af870eeb8 GT=Narm,JtheENbeakedk ✅ (2698ch, 10.4s)
2026-05-02 01:24:29,342 [INFO] HTTP Request: POST http://localhost:2026/v1/chat/completions "HTTP/1.1 200 OK"
2026-05-02 01:24:29,343 [INFO] [2376/3993] id=openseek-4-855300673 GT=areanQhadYthathA ✅ (2165ch, 8.7s)
2026-05-02 01:24:36,575 [INFO] HTTP Request: POST http://localhost:2026/v1/chat/completions "HTTP/1.1 200 OK"
2026-05-02 01:24:36,577 [INFO] [2377/3993] id=openseek-4-8f6a452fc GT=overpandlbowsprit,s ✅ (2074ch, 7.8s)
2026-05-02 01:24:37,485 [INFO] HTTP Request: POST http://localhost:2026/v1/chat/completions "HTTP/1.1 200 OK"
2026-05-02 01:24:37,486 [INFO] [2378/3993] id=openseek-4-730c07df2 GT=xbscenes,o ✅ (2121ch, 8.1s)
2026-05-02 01:24:42,156 [INFO] HTTP Request: POST http://localhost:2026/v1/chat/completions "HTTP/1.1 200 OK"
2026-05-02 01:24:42,157 [WARNING]   [attempt 1 T=0.0] think validate 失败 (len=5079): 'Okay, let's see. I need to concatenate this list of strings into a single line w'
2026-05-02 01:24:46,672 [INFO] HTTP Request: POST http://localhost:2026/v1/chat/completions "HTTP/1.1 200 OK"
2026-05-02 01:24:46,673 [INFO] [2379/3993] id=openseek-4-9e9c04ee6 GT=aPuironvzfeark ✅ (2516ch, 10.1s)
2026-05-02 01:24:49,486 [INFO] HTTP Request: POST http://localhost:2026/v1/chat/completions "HTTP/1.1 200 OK"
2026-05-02 01:24:49,487 [INFO] [2380/3993] id=openseek-4-93a5a6241 GT=prefervxdOVbeforemXandtA ✅ (2887ch, 12.0s)
2026-05-02 01:24:55,296 [INFO] HTTP Request: POST http://localhost:2026/v1/chat/completions "HTTP/1.1 200 OK"
2026-05-02 01:24:55,298 [INFO] [2381/3993] id=openseek-4-6209e15e8 GT=yet,wsea,oyisnitvOg ✅ (2978ch, 36.0s)
2026-05-02 01:24:59,338 [INFO] HTTP Request: POST http://localhost:2026/v1/chat/completions "HTTP/1.1 200 OK"
2026-05-02 01:24:59,339 [INFO] [2382/3993] id=openseek-4-1245bc983 GT=presentedAinHkandmbaXzR ✅ (3028ch, 12.7s)
2026-05-02 01:25:00,996 [INFO] HTTP Request: POST http://localhost:2026/v1/chat/completions "HTTP/1.1 200 OK"
2026-05-02 01:25:00,997 [INFO] [2383/3993] id=openseek-4-956264930 GT=stood,XnuSagainstOexclaimedg ✅ (2848ch, 11.5s)
2026-05-02 01:25:04,897 [INFO] HTTP Request: POST http://localhost:2026/v1/chat/completions "HTTP/1.1 200 OK"
2026-05-02 01:25:04,898 [INFO] [2384/3993] id=openseek-4-d438e04ec GT=inXUconcludedm ✅ (1478ch, 5.6s)
2026-05-02 01:25:13,868 [INFO] HTTP Request: POST http://localhost:2026/v1/chat/completions "HTTP/1.1 200 OK"
2026-05-02 01:25:13,869 [WARNING]   [attempt 1 T=0.0] think validate 失败 (len=4544): 'Okay, let's see. I need to concatenate this list of strings into a single line w'
2026-05-02 01:25:16,571 [INFO] HTTP Request: POST http://localhost:2026/v1/chat/completions "HTTP/1.1 200 OK"
2026-05-02 01:25:16,572 [INFO] [2385/3993] id=openseek-4-1235d0bdc GT=RxtoXIbX ✅ (3840ch, 15.6s)
2026-05-02 01:25:21,239 [INFO] HTTP Request: POST http://localhost:2026/v1/chat/completions "HTTP/1.1 200 OK"
2026-05-02 01:25:21,240 [INFO] [2386/3993] id=openseek-4-559b79074 GT=torefPworld?wwthemUA8TheQ ✅ (3888ch, 16.3s)
2026-05-02 01:25:34,291 [INFO] HTTP Request: POST http://localhost:2026/v1/chat/completions "HTTP/1.1 200 OK"
2026-05-02 01:25:34,292 [INFO] [2387/3993] id=openseek-4-27f873e77 GT=VcAscrews,Vwatch,znaughtZitxvt ✅ (3709ch, 17.7s)
2026-05-02 01:25:34,445 [INFO] HTTP Request: POST http://localhost:2026/v1/chat/completions "HTTP/1.1 200 OK"
2026-05-02 01:25:34,446 [WARNING]   [attempt 2 T=0.3] think validate 失败 (len=4374): 'Okay, let's see. I need to concatenate this list of strings into a single line w'
2026-05-02 01:25:36,231 [INFO] HTTP Request: POST http://localhost:2026/v1/chat/completions "HTTP/1.1 200 OK"
2026-05-02 01:25:36,233 [INFO] [2388/3993] id=openseek-4-85819b90c GT=ordisomyfGdesertiBiographical. ✅ (3432ch, 15.0s)
2026-05-02 01:25:45,462 [INFO] HTTP Request: POST http://localhost:2026/v1/chat/completions "HTTP/1.1 200 OK"
2026-05-02 01:25:45,463 [INFO] [2389/3993] id=openseek-4-9a6b58ab4 GT=jdartingelIbyfstand4hisR ✅ (2505ch, 11.2s)
2026-05-02 01:25:48,865 [INFO] HTTP Request: POST http://localhost:2026/v1/chat/completions "HTTP/1.1 200 OK"
2026-05-02 01:25:48,866 [INFO] [2390/3993] id=openseek-4-b0c468c19 GT=speak-e,Wrtorshort,Tseemedvdof ✅ (3312ch, 53.6s)
2026-05-02 01:25:51,292 [INFO] HTTP Request: POST http://localhost:2026/v1/chat/completions "HTTP/1.1 200 OK"
2026-05-02 01:25:51,293 [INFO] [2391/3993] id=openseek-4-174945591 GT=soberfwxYGthejwhalesDhim.T ✅ (3217ch, 15.1s)
2026-05-02 01:25:55,901 [INFO] HTTP Request: POST http://localhost:2026/v1/chat/completions "HTTP/1.1 200 OK"
2026-05-02 01:25:55,903 [INFO] [2392/3993] id=openseek-4-7250a4bb6 GT=SofiLmutinyuatouC ✅ (2434ch, 10.4s)
2026-05-02 01:26:03,702 [INFO] HTTP Request: POST http://localhost:2026/v1/chat/completions "HTTP/1.1 200 OK"
2026-05-02 01:26:03,704 [INFO] [2393/3993] id=openseek-4-382472d6f GT=waypZhEeasyGhisY ✅ (3571ch, 14.8s)
2026-05-02 01:26:10,949 [INFO] HTTP Request: POST http://localhost:2026/v1/chat/completions "HTTP/1.1 200 OK"
2026-05-02 01:26:10,950 [WARNING]   [attempt 1 T=0.0] 答案校验失败 pred='the J p he Q relentlessly s as p they F one F last T p' expect='the J p he Q recklessly s as p they F one F last T p'
2026-05-02 01:26:13,402 [INFO] HTTP Request: POST http://localhost:2026/v1/chat/completions "HTTP/1.1 200 OK"
2026-05-02 01:26:13,404 [INFO] [2394/3993] id=openseek-4-7e752d59c GT=ringedaJzqhimselfTvqIvI ✅ (3840ch, 17.5s)
2026-05-02 01:26:17,207 [INFO] HTTP Request: POST http://localhost:2026/v1/chat/completions "HTTP/1.1 200 OK"
2026-05-02 01:26:17,208 [INFO] [2395/3993] id=openseek-4-591cae42f GT=overayellowwFamfqNTcentralBhad ✅ (3455ch, 13.5s)
2026-05-02 01:26:20,053 [INFO] HTTP Request: POST http://localhost:2026/v1/chat/completions "HTTP/1.1 200 OK"
2026-05-02 01:26:20,054 [INFO] [2396/3993] id=openseek-4-3f5bad09d GT=jMNcAwayJ ✅ (1682ch, 6.7s)
2026-05-02 01:26:21,587 [INFO] HTTP Request: POST http://localhost:2026/v1/chat/completions "HTTP/1.1 200 OK"
2026-05-02 01:26:21,589 [INFO] [2397/3993] id=openseek-4-2e96a11f3 GT=YhisY ✅ (939ch, 4.4s)
2026-05-02 01:26:27,630 [INFO] HTTP Request: POST http://localhost:2026/v1/chat/completions "HTTP/1.1 200 OK"
2026-05-02 01:26:27,631 [INFO] [2398/3993] id=openseek-4-58a92f205 GT=VonSspineP ✅ (1727ch, 7.6s)
2026-05-02 01:26:27,930 [INFO] HTTP Request: POST http://localhost:2026/v1/chat/completions "HTTP/1.1 200 OK"
2026-05-02 01:26:27,930 [WARNING]   [attempt 2 T=0.3] 答案校验失败 pred='the J p he Q relentlessly s as p they F one F last T p' expect='the J p he Q recklessly s as p they F one F last T p'
2026-05-02 01:26:33,015 [INFO] HTTP Request: POST http://localhost:2026/v1/chat/completions "HTTP/1.1 200 OK"
2026-05-02 01:26:33,016 [INFO] [2399/3993] id=openseek-4-fe54e265d GT=awayHbeUHeY ✅ (1396ch, 5.4s)
2026-05-02 01:26:34,811 [INFO] HTTP Request: POST http://localhost:2026/v1/chat/completions "HTTP/1.1 200 OK"
2026-05-02 01:26:34,813 [INFO] [2400/3993] id=openseek-4-d920dd0f4 GT=thinkAAreceivedqseenVcountryro ✅ (3254ch, 13.2s)
2026-05-02 01:26:34,982 [INFO]   💾 已保存 (成功=2390 失败=10) | 3.8s/条均值 | ETA=100min
2026-05-02 01:26:43,721 [INFO] HTTP Request: POST http://localhost:2026/v1/chat/completions "HTTP/1.1 200 OK"
2026-05-02 01:26:43,721 [WARNING]   [attempt 3 T=0.6] 答案校验失败 pred='the J p he Q relentlessly s as p they F one F last T p' expect='the J p he Q recklessly s as p they F one F last T p'
2026-05-02 01:26:43,722 [WARNING] [2401/3993] id=openseek-4-cde395ac6 GT=theJpheQrecklesslysasptheyFone ❌ (52.4s)
2026-05-02 01:26:47,113 [INFO] HTTP Request: POST http://localhost:2026/v1/chat/completions "HTTP/1.1 200 OK"
2026-05-02 01:26:47,115 [INFO] [2402/3993] id=openseek-4-ebe840f7b GT=lowerupVSharpoonaseemstK ✅ (2904ch, 12.3s)
2026-05-02 01:26:50,088 [INFO] HTTP Request: POST http://localhost:2026/v1/chat/completions "HTTP/1.1 200 OK"
2026-05-02 01:26:50,088 [WARNING]   [attempt 1 T=0.0] think validate 失败 (len=4037): 'Okay, let's see. I need to concatenate this list of strings into a single line w'
2026-05-02 01:26:50,350 [INFO] HTTP Request: POST http://localhost:2026/v1/chat/completions "HTTP/1.1 200 OK"
2026-05-02 01:26:50,352 [INFO] [2403/3993] id=openseek-4-eab6570e8 GT=Pqkthej ✅ (1739ch, 6.6s)
2026-05-02 01:26:54,944 [INFO] HTTP Request: POST http://localhost:2026/v1/chat/completions "HTTP/1.1 200 OK"
2026-05-02 01:26:54,946 [INFO] [2404/3993] id=openseek-4-94e6b1b7e GT=dtooakthei ✅ (1069ch, 4.6s)
2026-05-02 01:26:58,324 [INFO] HTTP Request: POST http://localhost:2026/v1/chat/completions "HTTP/1.1 200 OK"
2026-05-02 01:26:58,326 [INFO] [2405/3993] id=openseek-4-5cc167b3c GT=WeWWhyNworkmen.azvoyageg ✅ (2678ch, 11.2s)
2026-05-02 01:27:05,143 [INFO] HTTP Request: POST http://localhost:2026/v1/chat/completions "HTTP/1.1 200 OK"
2026-05-02 01:27:05,144 [INFO] [2406/3993] id=openseek-4-9e185e2e6 GT=byjsmanJhearingVtobprayediAtta ✅ (3311ch, 32.1s)
2026-05-02 01:27:11,127 [INFO] HTTP Request: POST http://localhost:2026/v1/chat/completions "HTTP/1.1 200 OK"
2026-05-02 01:27:11,129 [INFO] [2407/3993] id=openseek-4-48ccaeb51 GT=ofVouponISeofjold,d ✅ (3593ch, 16.2s)
2026-05-02 01:27:16,616 [INFO] HTTP Request: POST http://localhost:2026/v1/chat/completions "HTTP/1.1 200 OK"
2026-05-02 01:27:16,618 [INFO] [2408/3993] id=openseek-4-f70ea0665 GT=havebanduaWherejfgweight,Skmas ✅ (2841ch, 11.5s)
2026-05-02 01:27:17,087 [INFO] HTTP Request: POST http://localhost:2026/v1/chat/completions "HTTP/1.1 200 OK"
2026-05-02 01:27:17,089 [INFO] [2409/3993] id=openseek-4-d44ae899b GT=foldCVforwhearty,bwouldVsoamyh ✅ (3825ch, 18.8s)
2026-05-02 01:27:22,156 [INFO] HTTP Request: POST http://localhost:2026/v1/chat/completions "HTTP/1.1 200 OK"
2026-05-02 01:27:22,157 [INFO] [2410/3993] id=openseek-4-d74b2b591 GT=dnumberCvmadeZSthePof,yexactly ✅ (2628ch, 11.0s)
2026-05-02 01:27:23,082 [INFO] HTTP Request: POST http://localhost:2026/v1/chat/completions "HTTP/1.1 200 OK"
2026-05-02 01:27:23,083 [INFO] [2411/3993] id=openseek-4-295625d81 GT=qgodNO ✅ (1732ch, 6.5s)
2026-05-02 01:27:29,945 [INFO] HTTP Request: POST http://localhost:2026/v1/chat/completions "HTTP/1.1 200 OK"
2026-05-02 01:27:29,947 [INFO] [2412/3993] id=openseek-4-a5099bb27 GT=tSouthernfFxnupc ✅ (1709ch, 6.9s)
2026-05-02 01:27:31,063 [INFO] HTTP Request: POST http://localhost:2026/v1/chat/completions "HTTP/1.1 200 OK"
2026-05-02 01:27:31,064 [INFO] [2413/3993] id=openseek-4-bee57f2f2 GT=drawnaifrlnsocketFtheogaleeQ ✅ (2124ch, 8.9s)
2026-05-02 01:27:32,323 [INFO] HTTP Request: POST http://localhost:2026/v1/chat/completions "HTTP/1.1 200 OK"
2026-05-02 01:27:32,324 [INFO] [2414/3993] id=openseek-4-6cda66ee1 GT=belongBbuoy;gMhandpp ✅ (3572ch, 15.2s)
2026-05-02 01:27:37,546 [INFO] HTTP Request: POST http://localhost:2026/v1/chat/completions "HTTP/1.1 200 OK"
2026-05-02 01:27:37,548 [INFO] [2415/3993] id=openseek-4-a3a0ef3a0 GT=well,imJMdug ✅ (1531ch, 6.5s)
2026-05-02 01:27:39,353 [INFO] HTTP Request: POST http://localhost:2026/v1/chat/completions "HTTP/1.1 200 OK"
2026-05-02 01:27:39,355 [INFO] [2416/3993] id=openseek-4-6593e1a64 GT=head-and-head,4thatIsVET ✅ (1700ch, 9.4s)
2026-05-02 01:27:42,369 [INFO] HTTP Request: POST http://localhost:2026/v1/chat/completions "HTTP/1.1 200 OK"
2026-05-02 01:27:42,370 [INFO] [2417/3993] id=openseek-4-4a52d3628 GT=over-cloudedZQwrespondedgwise, ✅ (2674ch, 10.0s)
2026-05-02 01:27:45,457 [INFO] HTTP Request: POST http://localhost:2026/v1/chat/completions "HTTP/1.1 200 OK"
2026-05-02 01:27:45,459 [INFO] [2418/3993] id=openseek-4-fa5fbe908 GT=aWcaptain9seW ✅ (1588ch, 6.1s)
2026-05-02 01:27:48,860 [INFO] HTTP Request: POST http://localhost:2026/v1/chat/completions "HTTP/1.1 200 OK"
2026-05-02 01:27:48,862 [INFO] [2419/3993] id=openseek-4-2280691f4 GT=theOagainstQklon,l ✅ (2738ch, 11.3s)
2026-05-02 01:27:51,303 [INFO] HTTP Request: POST http://localhost:2026/v1/chat/completions "HTTP/1.1 200 OK"
2026-05-02 01:27:51,305 [INFO] [2420/3993] id=openseek-4-b86530a39 GT=BUTwhereMkeel,xC ✅ (2309ch, 8.9s)
2026-05-02 01:27:54,054 [INFO] HTTP Request: POST http://localhost:2026/v1/chat/completions "HTTP/1.1 200 OK"
2026-05-02 01:27:54,056 [INFO] [2421/3993] id=openseek-4-03ce44256 GT=tonlikeOhb ✅ (1906ch, 8.6s)
2026-05-02 01:27:54,202 [INFO] HTTP Request: POST http://localhost:2026/v1/chat/completions "HTTP/1.1 200 OK"
2026-05-02 01:27:54,204 [INFO] [2422/3993] id=openseek-4-885cd25e0 GT=hishbewilderedf ✅ (1391ch, 5.3s)
2026-05-02 01:28:02,730 [INFO] HTTP Request: POST http://localhost:2026/v1/chat/completions "HTTP/1.1 200 OK"
2026-05-02 01:28:02,732 [INFO] [2423/3993] id=openseek-4-08cf5b49d GT=piercedstSemiramis,xoJl ✅ (2055ch, 8.7s)
2026-05-02 01:28:02,871 [INFO] HTTP Request: POST http://localhost:2026/v1/chat/completions "HTTP/1.1 200 OK"
2026-05-02 01:28:02,873 [INFO] [2424/3993] id=openseek-4-368604fbe GT=someIofvjthefPas ✅ (2204ch, 8.7s)
2026-05-02 01:28:03,978 [INFO] HTTP Request: POST http://localhost:2026/v1/chat/completions "HTTP/1.1 200 OK"
2026-05-02 01:28:03,980 [INFO] [2425/3993] id=openseek-4-36cc688c0 GT=familiardhwheredbeenwPDjappalY ✅ (3108ch, 12.7s)
2026-05-02 01:28:09,858 [INFO] HTTP Request: POST http://localhost:2026/v1/chat/completions "HTTP/1.1 200 OK"
2026-05-02 01:28:09,859 [INFO] [2426/3993] id=openseek-4-b12a4f038 GT=TheKanv ✅ (1926ch, 7.0s)
2026-05-02 01:28:10,165 [INFO] HTTP Request: POST http://localhost:2026/v1/chat/completions "HTTP/1.1 200 OK"
2026-05-02 01:28:10,167 [INFO] [2427/3993] id=openseek-4-953e4bb47 GT=btowSo ✅ (1401ch, 6.2s)
2026-05-02 01:28:16,300 [INFO] HTTP Request: POST http://localhost:2026/v1/chat/completions "HTTP/1.1 200 OK"
2026-05-02 01:28:16,302 [INFO] [2428/3993] id=openseek-4-13023875e GT=fDatCnoblyxDdrawingalength,kcl ✅ (3292ch, 13.6s)
2026-05-02 01:28:22,254 [INFO] HTTP Request: POST http://localhost:2026/v1/chat/completions "HTTP/1.1 200 OK"
2026-05-02 01:28:22,255 [INFO] [2429/3993] id=openseek-4-2605f1c0c GT=lItmbwouldU ✅ (1531ch, 6.0s)
2026-05-02 01:28:22,609 [INFO] HTTP Request: POST http://localhost:2026/v1/chat/completions "HTTP/1.1 200 OK"
2026-05-02 01:28:22,611 [INFO] [2430/3993] id=openseek-4-75f6aa6bb GT=cherishQrefused.IoldestNhimDon ✅ (3049ch, 12.8s)
2026-05-02 01:28:26,140 [INFO] HTTP Request: POST http://localhost:2026/v1/chat/completions "HTTP/1.1 200 OK"
2026-05-02 01:28:26,141 [INFO] [2431/3993] id=openseek-4-89ec45e5b GT=coverCGvtitXJXand,aButA ✅ (3873ch, 16.0s)
2026-05-02 01:28:29,977 [INFO] HTTP Request: POST http://localhost:2026/v1/chat/completions "HTTP/1.1 200 OK"
2026-05-02 01:28:29,979 [INFO] [2432/3993] id=openseek-4-09f8d63ea GT=martyr,TW ✅ (1746ch, 7.4s)
2026-05-02 01:28:34,683 [INFO] HTTP Request: POST http://localhost:2026/v1/chat/completions "HTTP/1.1 200 OK"
2026-05-02 01:28:34,685 [INFO] [2433/3993] id=openseek-4-7c473c3ff GT=teeth,jCnnJkcompassaj ✅ (3060ch, 12.4s)
2026-05-02 01:28:38,778 [INFO] HTTP Request: POST http://localhost:2026/v1/chat/completions "HTTP/1.1 200 OK"
2026-05-02 01:28:38,779 [INFO] [2434/3993] id=openseek-4-aa7df7b79 GT=tight,RofywillYvoyage;Gstars!v ✅ (2963ch, 12.6s)
2026-05-02 01:28:40,312 [INFO] HTTP Request: POST http://localhost:2026/v1/chat/completions "HTTP/1.1 200 OK"
2026-05-02 01:28:40,313 [INFO] [2435/3993] id=openseek-4-b162f507e GT=cofSapfthat.Tonemocean.M ✅ (2431ch, 10.3s)
2026-05-02 01:28:43,005 [INFO] HTTP Request: POST http://localhost:2026/v1/chat/completions "HTTP/1.1 200 OK"
2026-05-02 01:28:43,007 [INFO] [2436/3993] id=openseek-4-88c77bed9 GT=kTt ✅ (1070ch, 4.2s)
2026-05-02 01:28:43,612 [INFO] HTTP Request: POST http://localhost:2026/v1/chat/completions "HTTP/1.1 200 OK"
2026-05-02 01:28:43,613 [INFO] [2437/3993] id=openseek-4-dd8540a7f GT=boat,htheixCommodoreu ✅ (2410ch, 8.9s)
2026-05-02 01:28:51,041 [INFO] HTTP Request: POST http://localhost:2026/v1/chat/completions "HTTP/1.1 200 OK"
2026-05-02 01:28:51,042 [INFO] [2438/3993] id=openseek-4-e6e1fea6c GT=wUg ✅ (1891ch, 7.4s)
2026-05-02 01:28:53,314 [INFO] HTTP Request: POST http://localhost:2026/v1/chat/completions "HTTP/1.1 200 OK"
2026-05-02 01:28:53,315 [INFO] [2439/3993] id=openseek-4-217550f9c GT=oldOtheikareGWloweredTzfRnote ✅ (3401ch, 13.0s)
2026-05-02 01:28:56,613 [INFO] HTTP Request: POST http://localhost:2026/v1/chat/completions "HTTP/1.1 200 OK"
2026-05-02 01:28:56,614 [INFO] [2440/3993] id=openseek-4-1e8741ba7 GT=zit?deinPwe,GnMpcapturedWeh ✅ (2960ch, 13.6s)
2026-05-02 01:28:56,927 [INFO] HTTP Request: POST http://localhost:2026/v1/chat/completions "HTTP/1.1 200 OK"
2026-05-02 01:28:56,928 [INFO] [2441/3993] id=openseek-4-10f091d1f GT=rVyhad ✅ (1422ch, 5.9s)
2026-05-02 01:29:02,897 [INFO] HTTP Request: POST http://localhost:2026/v1/chat/completions "HTTP/1.1 200 OK"
2026-05-02 01:29:02,899 [INFO] [2442/3993] id=openseek-4-0e08699e7 GT=nineGqwellxk ✅ (1200ch, 6.0s)
2026-05-02 01:29:05,919 [INFO] HTTP Request: POST http://localhost:2026/v1/chat/completions "HTTP/1.1 200 OK"
2026-05-02 01:29:05,921 [INFO] [2443/3993] id=openseek-4-ba1eec48a GT=gblindlyRforFGmyUstern?a ✅ (3426ch, 12.6s)
2026-05-02 01:29:08,570 [INFO] HTTP Request: POST http://localhost:2026/v1/chat/completions "HTTP/1.1 200 OK"
2026-05-02 01:29:08,571 [INFO] [2444/3993] id=openseek-4-7124e5391 GT=voyageMwhatu ✅ (1205ch, 5.7s)
2026-05-02 01:29:08,571 [INFO] HTTP Request: POST http://localhost:2026/v1/chat/completions "HTTP/1.1 200 OK"
2026-05-02 01:29:08,572 [INFO] [2445/3993] id=openseek-4-e0b959d8d GT=couldBVyouBadministeringEy ✅ (3333ch, 12.0s)
2026-05-02 01:29:12,865 [INFO] HTTP Request: POST http://localhost:2026/v1/chat/completions "HTTP/1.1 200 OK"
2026-05-02 01:29:12,867 [INFO] [2446/3993] id=openseek-4-77724e0a3 GT=ntheZMmonthsXO ✅ (1841ch, 6.9s)
2026-05-02 01:29:14,063 [INFO] HTTP Request: POST http://localhost:2026/v1/chat/completions "HTTP/1.1 200 OK"
2026-05-02 01:29:14,073 [INFO] [2447/3993] id=openseek-4-498070b64 GT=GGreencKdShardh ✅ (1318ch, 5.5s)
2026-05-02 01:29:21,105 [INFO] HTTP Request: POST http://localhost:2026/v1/chat/completions "HTTP/1.1 200 OK"
2026-05-02 01:29:21,106 [INFO] [2448/3993] id=openseek-4-81489277c GT=DsunWdrawingJpfoundHesoulWaaE ✅ (3030ch, 12.5s)
2026-05-02 01:29:22,279 [INFO] HTTP Request: POST http://localhost:2026/v1/chat/completions "HTTP/1.1 200 OK"
2026-05-02 01:29:22,281 [INFO] [2449/3993] id=openseek-4-95d7cca41 GT=SBoutweighJIFu ✅ (2131ch, 8.2s)
2026-05-02 01:29:26,435 [INFO] HTTP Request: POST http://localhost:2026/v1/chat/completions "HTTP/1.1 200 OK"
2026-05-02 01:29:26,436 [INFO] [2450/3993] id=openseek-4-57d3284e2 GT=forVorouAofEpreachddifebitterd ✅ (3238ch, 13.6s)
2026-05-02 01:29:31,974 [INFO] HTTP Request: POST http://localhost:2026/v1/chat/completions "HTTP/1.1 200 OK"
2026-05-02 01:29:31,976 [INFO] [2451/3993] id=openseek-4-5ddad83eb GT=peremptorilyXcCaptainRlupheld, ✅ (2988ch, 10.9s)
2026-05-02 01:29:36,414 [INFO] HTTP Request: POST http://localhost:2026/v1/chat/completions "HTTP/1.1 200 OK"
2026-05-02 01:29:36,416 [INFO] [2452/3993] id=openseek-4-4044b67cd GT=tgiilaidAButuvastD ✅ (3129ch, 14.1s)
2026-05-02 01:29:36,433 [INFO] HTTP Request: POST http://localhost:2026/v1/chat/completions "HTTP/1.1 200 OK"
2026-05-02 01:29:36,434 [INFO] [2453/3993] id=openseek-4-5fb9f76f6 GT=toQgooaall;FYWheo ✅ (2498ch, 10.0s)
2026-05-02 01:29:41,828 [INFO] HTTP Request: POST http://localhost:2026/v1/chat/completions "HTTP/1.1 200 OK"
2026-05-02 01:29:41,829 [INFO] [2454/3993] id=openseek-4-5a30a9b81 GT=addCfxhisUstart,JthishwShallAa ✅ (2460ch, 9.9s)
2026-05-02 01:29:48,247 [INFO] HTTP Request: POST http://localhost:2026/v1/chat/completions "HTTP/1.1 200 OK"
2026-05-02 01:29:48,248 [INFO] [2455/3993] id=openseek-4-b4fa99663 GT=InQfishery,hDOzownt ✅ (2832ch, 11.8s)
2026-05-02 01:29:49,118 [INFO] HTTP Request: POST http://localhost:2026/v1/chat/completions "HTTP/1.1 200 OK"
2026-05-02 01:29:49,120 [INFO] [2456/3993] id=openseek-4-402608e28 GT=xBadtokAhabaisPIshmael?gL ✅ (3014ch, 12.7s)
2026-05-02 01:29:56,847 [INFO] HTTP Request: POST http://localhost:2026/v1/chat/completions "HTTP/1.1 200 OK"
2026-05-02 01:29:56,849 [INFO] [2457/3993] id=openseek-4-f48be1188 GT=mDAsttheeandgyouj ✅ (1978ch, 8.6s)
2026-05-02 01:30:02,700 [INFO] HTTP Request: POST http://localhost:2026/v1/chat/completions "HTTP/1.1 200 OK"
2026-05-02 01:30:02,701 [WARNING]   [attempt 1 T=0.0] think validate 失败 (len=4642): 'Okay, let's see. I need to concatenate this list of strings into a single line w'
2026-05-02 01:30:06,256 [INFO] HTTP Request: POST http://localhost:2026/v1/chat/completions "HTTP/1.1 200 OK"
2026-05-02 01:30:06,258 [INFO] [2458/3993] id=openseek-4-8a8a94703 GT=bydhourszQUWthere,JthatRforcib ✅ (3823ch, 17.1s)
2026-05-02 01:30:09,919 [INFO] HTTP Request: POST http://localhost:2026/v1/chat/completions "HTTP/1.1 200 OK"
2026-05-02 01:30:09,921 [INFO] [2459/3993] id=openseek-4-347bf8208 GT=UheDinHQusky,u ✅ (2908ch, 13.1s)
2026-05-02 01:30:12,694 [INFO] HTTP Request: POST http://localhost:2026/v1/chat/completions "HTTP/1.1 200 OK"
2026-05-02 01:30:12,695 [INFO] [2460/3993] id=openseek-4-e6b580582 GT=bymthatibz ✅ (1505ch, 6.4s)
2026-05-02 01:30:16,900 [INFO] HTTP Request: POST http://localhost:2026/v1/chat/completions "HTTP/1.1 200 OK"
2026-05-02 01:30:16,901 [INFO] [2461/3993] id=openseek-4-65047a452 GT=seeAtilesTIlZandvthisYwhatpo ✅ (3483ch, 35.1s)
2026-05-02 01:30:18,001 [INFO] HTTP Request: POST http://localhost:2026/v1/chat/completions "HTTP/1.1 200 OK"
2026-05-02 01:30:18,002 [INFO] [2462/3993] id=openseek-4-5eb07bbcf GT=otherbrbhangingYBtheD ✅ (1982ch, 8.1s)
2026-05-02 01:30:24,510 [INFO] HTTP Request: POST http://localhost:2026/v1/chat/completions "HTTP/1.1 200 OK"
2026-05-02 01:30:24,512 [INFO] [2463/3993] id=openseek-4-fb087b45c GT=someMthewmorecUlongerGreekscin ✅ (2695ch, 11.8s)
2026-05-02 01:30:27,907 [INFO] HTTP Request: POST http://localhost:2026/v1/chat/completions "HTTP/1.1 200 OK"
2026-05-02 01:30:27,908 [INFO] [2464/3993] id=openseek-4-beff34cdc GT=Rtime.trascal.)kholykofw ✅ (2660ch, 11.0s)
2026-05-02 01:30:30,474 [INFO] HTTP Request: POST http://localhost:2026/v1/chat/completions "HTTP/1.1 200 OK"
2026-05-02 01:30:30,476 [INFO] [2465/3993] id=openseek-4-afab94c6d GT=desertifBrbowsH ✅ (1628ch, 6.0s)
2026-05-02 01:30:32,930 [INFO] HTTP Request: POST http://localhost:2026/v1/chat/completions "HTTP/1.1 200 OK"
2026-05-02 01:30:32,931 [INFO] [2466/3993] id=openseek-4-73060818c GT=zjhim,GmustGStov ✅ (3544ch, 14.9s)
2026-05-02 01:30:36,675 [INFO] HTTP Request: POST http://localhost:2026/v1/chat/completions "HTTP/1.1 200 OK"
2026-05-02 01:30:36,676 [INFO] [2467/3993] id=openseek-4-61961f503 GT=AthroughE ✅ (1001ch, 3.7s)
2026-05-02 01:30:40,915 [INFO] HTTP Request: POST http://localhost:2026/v1/chat/completions "HTTP/1.1 200 OK"
2026-05-02 01:30:40,916 [INFO] [2468/3993] id=openseek-4-20a1f88c3 GT=ofahlxPUthenLtheAmarks;m ✅ (3277ch, 13.0s)
2026-05-02 01:30:43,788 [INFO] HTTP Request: POST http://localhost:2026/v1/chat/completions "HTTP/1.1 200 OK"
2026-05-02 01:30:43,790 [INFO] [2469/3993] id=openseek-4-d8ecd7f66 GT=HsplitKNKdrenchvandRbutUqaBQ ✅ (3169ch, 13.3s)
2026-05-02 01:30:44,819 [INFO] HTTP Request: POST http://localhost:2026/v1/chat/completions "HTTP/1.1 200 OK"
2026-05-02 01:30:44,820 [INFO] [2470/3993] id=openseek-4-3e5e9c981 GT=amazeSpnshatteredtiR ✅ (1807ch, 8.1s)
2026-05-02 01:30:50,725 [INFO] HTTP Request: POST http://localhost:2026/v1/chat/completions "HTTP/1.1 200 OK"
2026-05-02 01:30:50,727 [INFO] [2471/3993] id=openseek-4-59864e2e7 GT=isNqdeliriouskhPwhichx ✅ (2241ch, 9.8s)
2026-05-02 01:30:53,446 [INFO] HTTP Request: POST http://localhost:2026/v1/chat/completions "HTTP/1.1 200 OK"
2026-05-02 01:30:53,447 [INFO] [2472/3993] id=openseek-4-b6575ad2a GT=saidOhisrdccrown,dl ✅ (2356ch, 9.7s)
2026-05-02 01:30:53,464 [INFO] HTTP Request: POST http://localhost:2026/v1/chat/completions "HTTP/1.1 200 OK"
2026-05-02 01:30:53,466 [INFO] [2473/3993] id=openseek-4-746c0453a GT=nearmBtheVhasYd ✅ (2097ch, 8.6s)
2026-05-02 01:31:01,668 [INFO] HTTP Request: POST http://localhost:2026/v1/chat/completions "HTTP/1.1 200 OK"
2026-05-02 01:31:01,669 [INFO] [2474/3993] id=openseek-4-11c9e639b GT=hasponeNbutAdinlarmLgsinvented ✅ (2640ch, 10.9s)
2026-05-02 01:31:03,920 [INFO] HTTP Request: POST http://localhost:2026/v1/chat/completions "HTTP/1.1 200 OK"
2026-05-02 01:31:03,921 [INFO] [2475/3993] id=openseek-4-1760cc847 GT=HasCofslastXinbshipweu ✅ (2537ch, 10.5s)
2026-05-02 01:31:04,838 [INFO] HTTP Request: POST http://localhost:2026/v1/chat/completions "HTTP/1.1 200 OK"
2026-05-02 01:31:04,839 [INFO] [2476/3993] id=openseek-4-f23a3a649 GT=toilingOGdstillhmoreh ✅ (2655ch, 11.4s)
2026-05-02 01:31:15,335 [INFO] HTTP Request: POST http://localhost:2026/v1/chat/completions "HTTP/1.1 200 OK"
2026-05-02 01:31:15,336 [INFO] [2477/3993] id=openseek-4-361924f97 GT=EytoRseedtonboftb ✅ (2599ch, 11.4s)
2026-05-02 01:31:15,687 [INFO] HTTP Request: POST http://localhost:2026/v1/chat/completions "HTTP/1.1 200 OK"
2026-05-02 01:31:15,689 [INFO] [2478/3993] id=openseek-4-03e12ce36 GT=owisPfurtherPandwway,Uexplaine ✅ (2522ch, 10.8s)
2026-05-02 01:31:16,418 [INFO] HTTP Request: POST http://localhost:2026/v1/chat/completions "HTTP/1.1 200 OK"
2026-05-02 01:31:16,420 [INFO] [2479/3993] id=openseek-4-ca4c0a5ee GT=ButrofIGdevilpabased,JglittleA ✅ (3422ch, 14.8s)
2026-05-02 01:31:22,957 [INFO] HTTP Request: POST http://localhost:2026/v1/chat/completions "HTTP/1.1 200 OK"
2026-05-02 01:31:22,959 [INFO] [2480/3993] id=openseek-4-2d62eb271 GT=WIt9slzround;t ✅ (1870ch, 7.6s)
2026-05-02 01:31:27,016 [INFO] HTTP Request: POST http://localhost:2026/v1/chat/completions "HTTP/1.1 200 OK"
2026-05-02 01:31:27,017 [INFO] [2481/3993] id=openseek-4-d4b2aa21a GT=otherZThisvfromMBplacedP ✅ (2761ch, 10.6s)
2026-05-02 01:31:29,759 [INFO] HTTP Request: POST http://localhost:2026/v1/chat/completions "HTTP/1.1 200 OK"
2026-05-02 01:31:29,760 [INFO] [2482/3993] id=openseek-4-e3de9f1c4 GT=StarbuckxGMobyNW ✅ (1683ch, 6.8s)
2026-05-02 01:31:34,172 [INFO] HTTP Request: POST http://localhost:2026/v1/chat/completions "HTTP/1.1 200 OK"
2026-05-02 01:31:34,173 [WARNING]   [attempt 1 T=0.0] think validate 失败 (len=4358): 'Okay, let's see. I need to concatenate this list of strings into a single line w'
2026-05-02 01:31:41,118 [INFO] HTTP Request: POST http://localhost:2026/v1/chat/completions "HTTP/1.1 200 OK"
2026-05-02 01:31:41,119 [INFO] [2483/3993] id=openseek-4-2838a1c90 GT=hadcForjthePIorScanKrHuponV ✅ (3209ch, 14.1s)
2026-05-02 01:31:44,960 [INFO] HTTP Request: POST http://localhost:2026/v1/chat/completions "HTTP/1.1 200 OK"
2026-05-02 01:31:44,962 [INFO] [2484/3993] id=openseek-4-d48b3b0c6 GT=seemedTCTchatTsquall.WDbthere. ✅ (3613ch, 15.2s)
2026-05-02 01:31:53,385 [INFO] HTTP Request: POST http://localhost:2026/v1/chat/completions "HTTP/1.1 200 OK"
2026-05-02 01:31:53,386 [WARNING]   [attempt 2 T=0.3] think validate 失败 (len=4109): 'Okay, let's see. I need to concatenate this list of strings into a single line w'
2026-05-02 01:31:58,210 [INFO] HTTP Request: POST http://localhost:2026/v1/chat/completions "HTTP/1.1 200 OK"
2026-05-02 01:31:58,212 [INFO] [2485/3993] id=openseek-4-88d5c0b4e GT=sbasenHalloa!MknitFctheZynow;l ✅ (3509ch, 17.1s)
2026-05-02 01:31:59,884 [INFO] HTTP Request: POST http://localhost:2026/v1/chat/completions "HTTP/1.1 200 OK"
2026-05-02 01:31:59,887 [INFO] [2486/3993] id=openseek-4-5b5d8a813 GT=RmorexnDasgbutotyoungEofu ✅ (3567ch, 14.9s)
2026-05-02 01:32:04,720 [INFO] HTTP Request: POST http://localhost:2026/v1/chat/completions "HTTP/1.1 200 OK"
2026-05-02 01:32:04,722 [INFO] [2487/3993] id=openseek-4-79e3ca248 GT=blindsYconcealedJplacedH ✅ (1303ch, 4.8s)
2026-05-02 01:32:08,359 [INFO] HTTP Request: POST http://localhost:2026/v1/chat/completions "HTTP/1.1 200 OK"
2026-05-02 01:32:08,361 [INFO] [2488/3993] id=openseek-4-be31dd74b GT=formationsnYwererIczR ✅ (2357ch, 10.1s)
2026-05-02 01:32:11,831 [INFO] HTTP Request: POST http://localhost:2026/v1/chat/completions "HTTP/1.1 200 OK"
2026-05-02 01:32:11,833 [INFO] [2489/3993] id=openseek-4-4d295cba7 GT=butQintoTintoo ✅ (1598ch, 7.1s)
2026-05-02 01:32:16,631 [INFO] HTTP Request: POST http://localhost:2026/v1/chat/completions "HTTP/1.1 200 OK"
2026-05-02 01:32:16,631 [WARNING]   [attempt 3 T=0.6] think validate 失败 (len=5147): 'Okay, let's see. I need to concatenate this list of strings into a single line w'
2026-05-02 01:32:16,632 [WARNING] [2490/3993] id=openseek-4-46f4a1e38 GT=theMamain,Gkingdoms,RhadfmzPwa ❌ (60.9s)
2026-05-02 01:32:22,431 [INFO] HTTP Request: POST http://localhost:2026/v1/chat/completions "HTTP/1.1 200 OK"
2026-05-02 01:32:22,433 [INFO] [2491/3993] id=openseek-4-345b0be9e GT=But,tjSpermxacomeLunknownvzWGd ✅ (3291ch, 14.1s)
2026-05-02 01:32:24,019 [INFO] HTTP Request: POST http://localhost:2026/v1/chat/completions "HTTP/1.1 200 OK"
2026-05-02 01:32:24,021 [INFO] [2492/3993] id=openseek-4-042e6b41d GT=MdidbItcbrightBwanHpointedvowe ✅ (2852ch, 12.2s)
2026-05-02 01:32:27,545 [INFO] HTTP Request: POST http://localhost:2026/v1/chat/completions "HTTP/1.1 200 OK"
2026-05-02 01:32:27,546 [INFO] [2493/3993] id=openseek-4-88cb6c598 GT=I9veYsheetsNmyehowever,WQgotx ✅ (2635ch, 10.9s)
2026-05-02 01:32:30,971 [INFO] HTTP Request: POST http://localhost:2026/v1/chat/completions "HTTP/1.1 200 OK"
2026-05-02 01:32:30,972 [INFO] [2494/3993] id=openseek-4-0e945fcc3 GT=ereRIwCyflikej ✅ (1681ch, 7.0s)
2026-05-02 01:32:34,775 [INFO] HTTP Request: POST http://localhost:2026/v1/chat/completions "HTTP/1.1 200 OK"
2026-05-02 01:32:34,776 [WARNING]   [attempt 1 T=0.0] 答案校验失败 pred='laws d of P tall, t h o never d o and b' expect='laws d of O P tall, t h o never d o and b'
2026-05-02 01:32:36,674 [INFO] HTTP Request: POST http://localhost:2026/v1/chat/completions "HTTP/1.1 200 OK"
2026-05-02 01:32:36,675 [INFO] [2495/3993] id=openseek-4-8858c456b GT=PthinglVLC ✅ (2315ch, 9.1s)
2026-05-02 01:32:39,926 [INFO] HTTP Request: POST http://localhost:2026/v1/chat/completions "HTTP/1.1 200 OK"
2026-05-02 01:32:39,927 [INFO] [2496/3993] id=openseek-4-086724810 GT=shouldFmedMthatv ✅ (2306ch, 9.0s)
2026-05-02 01:32:43,117 [INFO] HTTP Request: POST http://localhost:2026/v1/chat/completions "HTTP/1.1 200 OK"
2026-05-02 01:32:43,118 [INFO] [2497/3993] id=openseek-4-a07102ae2 GT=LUNinB ✅ (1574ch, 6.4s)
2026-05-02 01:32:49,870 [INFO] HTTP Request: POST http://localhost:2026/v1/chat/completions "HTTP/1.1 200 OK"
2026-05-02 01:32:49,871 [INFO] [2498/3993] id=openseek-4-ff5eff827 GT=cInuofHhisI ✅ (2462ch, 9.9s)
2026-05-02 01:32:51,237 [INFO] HTTP Request: POST http://localhost:2026/v1/chat/completions "HTTP/1.1 200 OK"
2026-05-02 01:32:51,239 [INFO] [2499/3993] id=openseek-4-04fc7178b GT=jVemsprunghmeansYT ✅ (1777ch, 8.1s)
2026-05-02 01:32:58,232 [INFO] HTTP Request: POST http://localhost:2026/v1/chat/completions "HTTP/1.1 200 OK"
2026-05-02 01:32:58,233 [WARNING]   [attempt 2 T=0.3] think validate 失败 (len=4912): 'Okay, let's tackle this problem. So, I need to concatenate a list of strings int'
2026-05-02 01:33:02,729 [INFO] HTTP Request: POST http://localhost:2026/v1/chat/completions "HTTP/1.1 200 OK"
2026-05-02 01:33:02,730 [INFO] [2500/3993] id=openseek-4-81b3bfdb6 GT=Japan.DnotPikULditx ✅ (2834ch, 12.9s)
2026-05-02 01:33:02,916 [INFO]   💾 已保存 (成功=2488 失败=12) | 3.8s/条均值 | ETA=94min
2026-05-02 01:33:07,646 [INFO] HTTP Request: POST http://localhost:2026/v1/chat/completions "HTTP/1.1 200 OK"
2026-05-02 01:33:07,648 [INFO] [2501/3993] id=openseek-4-23cbdda1c GT=KifEactive.dbackedgworkHTTGXZ ✅ (3612ch, 16.4s)
2026-05-02 01:33:13,227 [INFO] HTTP Request: POST http://localhost:2026/v1/chat/completions "HTTP/1.1 200 OK"
2026-05-02 01:33:13,228 [INFO] [2502/3993] id=openseek-4-e20a5f09c GT=dyputTjkAsb ✅ (2352ch, 10.5s)
2026-05-02 01:33:15,521 [INFO] HTTP Request: POST http://localhost:2026/v1/chat/completions "HTTP/1.1 200 OK"
2026-05-02 01:33:15,521 [WARNING]   [attempt 3 T=0.6] 答案校验失败 pred='laws d of P tall, t h o never d o and b' expect='laws d of O P tall, t h o never d o and b'
2026-05-02 01:33:15,522 [WARNING] [2503/3993] id=openseek-4-30a1fd468 GT=lawsdofOPtall,thoneverdoandb ❌ (53.1s)
2026-05-02 01:33:18,219 [INFO] HTTP Request: POST http://localhost:2026/v1/chat/completions "HTTP/1.1 200 OK"
2026-05-02 01:33:18,220 [INFO] [2504/3993] id=openseek-4-b0b069d9a GT=AOSHegiluckyyx ✅ (2244ch, 10.6s)
2026-05-02 01:33:19,762 [INFO] HTTP Request: POST http://localhost:2026/v1/chat/completions "HTTP/1.1 200 OK"
2026-05-02 01:33:19,763 [INFO] [2505/3993] id=openseek-4-dffad8053 GT=ofHnotJZOB ✅ (1148ch, 4.2s)
2026-05-02 01:33:27,571 [INFO] HTTP Request: POST http://localhost:2026/v1/chat/completions "HTTP/1.1 200 OK"
2026-05-02 01:33:27,572 [INFO] [2506/3993] id=openseek-4-51898cdcf GT=inGwandRyea,ahalfmBhimself,Kwa ✅ (3154ch, 14.3s)
2026-05-02 01:33:29,101 [INFO] HTTP Request: POST http://localhost:2026/v1/chat/completions "HTTP/1.1 200 OK"
2026-05-02 01:33:29,102 [INFO] [2507/3993] id=openseek-4-6154bb36f GT=thinknzhcalvesDthejqVaffection ✅ (2695ch, 10.9s)
2026-05-02 01:33:29,907 [INFO] HTTP Request: POST http://localhost:2026/v1/chat/completions "HTTP/1.1 200 OK"
2026-05-02 01:33:29,908 [INFO] [2508/3993] id=openseek-4-c5c84f487 GT=14.risvnotZinterlinkedQKgo_).A ✅ (2401ch, 10.1s)
2026-05-02 01:33:39,509 [INFO] HTTP Request: POST http://localhost:2026/v1/chat/completions "HTTP/1.1 200 OK"
2026-05-02 01:33:39,511 [INFO] [2509/3993] id=openseek-4-830d07d47 GT=fxrher,RtoeYZ ✅ (2705ch, 11.9s)
2026-05-02 01:33:42,463 [INFO] HTTP Request: POST http://localhost:2026/v1/chat/completions "HTTP/1.1 200 OK"
2026-05-02 01:33:42,464 [INFO] [2510/3993] id=openseek-4-368862db9 GT=mayudsaidDhGerman,THsun,wSrsig ✅ (3193ch, 13.4s)
2026-05-02 01:33:43,096 [INFO] HTTP Request: POST http://localhost:2026/v1/chat/completions "HTTP/1.1 200 OK"
2026-05-02 01:33:43,097 [INFO] [2511/3993] id=openseek-4-86e8b1973 GT=LGgoesehimEs ✅ (3313ch, 13.2s)
2026-05-02 01:33:47,358 [INFO] HTTP Request: POST http://localhost:2026/v1/chat/completions "HTTP/1.1 200 OK"
2026-05-02 01:33:47,359 [INFO] [2512/3993] id=openseek-4-8d2dbd06c GT=vhumI ✅ (1129ch, 4.3s)
2026-05-02 01:33:50,600 [INFO] HTTP Request: POST http://localhost:2026/v1/chat/completions "HTTP/1.1 200 OK"
2026-05-02 01:33:50,601 [INFO] [2513/3993] id=openseek-4-112608536 GT=captainHaDygtheuspine.R ✅ (2873ch, 11.1s)
2026-05-02 01:33:54,290 [INFO] HTTP Request: POST http://localhost:2026/v1/chat/completions "HTTP/1.1 200 OK"
2026-05-02 01:33:54,291 [INFO] [2514/3993] id=openseek-4-7bf4c37ca GT=Lgildedthumorous,Wthej ✅ (3043ch, 11.8s)
2026-05-02 01:33:59,620 [INFO] HTTP Request: POST http://localhost:2026/v1/chat/completions "HTTP/1.1 200 OK"
2026-05-02 01:33:59,621 [INFO] [2515/3993] id=openseek-4-6b47c3e3e GT=hebJmcalm,yisGinBu ✅ (2949ch, 12.3s)
2026-05-02 01:34:02,931 [INFO] HTTP Request: POST http://localhost:2026/v1/chat/completions "HTTP/1.1 200 OK"
2026-05-02 01:34:02,932 [INFO] [2516/3993] id=openseek-4-0d48dec2b GT=reposetravedTnpsinfulJoffconsi ✅ (2904ch, 12.3s)
2026-05-02 01:34:03,945 [INFO] HTTP Request: POST http://localhost:2026/v1/chat/completions "HTTP/1.1 200 OK"
2026-05-02 01:34:03,946 [INFO] [2517/3993] id=openseek-4-1b588ef94 GT=thingfpcMTheOO ✅ (2304ch, 9.7s)
2026-05-02 01:34:06,618 [INFO] HTTP Request: POST http://localhost:2026/v1/chat/completions "HTTP/1.1 200 OK"
2026-05-02 01:34:06,619 [INFO] [2518/3993] id=openseek-4-5ae488ddd GT=comesDfroMWhitep ✅ (1851ch, 7.0s)
2026-05-02 01:34:08,692 [INFO] HTTP Request: POST http://localhost:2026/v1/chat/completions "HTTP/1.1 200 OK"
2026-05-02 01:34:08,693 [INFO] [2519/3993] id=openseek-4-f4ef12928 GT=CHTesomeF ✅ (1414ch, 5.8s)
2026-05-02 01:34:10,865 [INFO] HTTP Request: POST http://localhost:2026/v1/chat/completions "HTTP/1.1 200 OK"
2026-05-02 01:34:10,866 [INFO] [2520/3993] id=openseek-4-b32a6e4b5 GT=theriandPGH ✅ (1640ch, 6.9s)
2026-05-02 01:34:15,839 [INFO] HTTP Request: POST http://localhost:2026/v1/chat/completions "HTTP/1.1 200 OK"
2026-05-02 01:34:15,840 [INFO] [2521/3993] id=openseek-4-4d9c7b5ae GT=chests,panxiousirj ✅ (1828ch, 7.1s)
2026-05-02 01:34:19,051 [INFO] HTTP Request: POST http://localhost:2026/v1/chat/completions "HTTP/1.1 200 OK"
2026-05-02 01:34:19,052 [INFO] [2522/3993] id=openseek-4-bdb9229dd GT=ofOzthathm ✅ (1973ch, 8.2s)
2026-05-02 01:34:19,192 [INFO] HTTP Request: POST http://localhost:2026/v1/chat/completions "HTTP/1.1 200 OK"
2026-05-02 01:34:19,193 [INFO] [2523/3993] id=openseek-4-9d2cb4af6 GT=thatOltowersKwallow,Pcenough.d ✅ (3083ch, 12.6s)
2026-05-02 01:34:21,605 [INFO] HTTP Request: POST http://localhost:2026/v1/chat/completions "HTTP/1.1 200 OK"
2026-05-02 01:34:21,606 [INFO] [2524/3993] id=openseek-4-83f471116 GT=theMPalbsZZ ✅ (1422ch, 5.8s)
2026-05-02 01:34:28,178 [INFO] HTTP Request: POST http://localhost:2026/v1/chat/completions "HTTP/1.1 200 OK"
2026-05-02 01:34:28,179 [INFO] [2525/3993] id=openseek-4-801750f12 GT=sparebchokedmButzlR ✅ (2434ch, 9.1s)
2026-05-02 01:34:29,778 [INFO] HTTP Request: POST http://localhost:2026/v1/chat/completions "HTTP/1.1 200 OK"
2026-05-02 01:34:29,780 [INFO] [2526/3993] id=openseek-4-93ed3bb10 GT=rest.dAmynwatch,t ✅ (2765ch, 10.6s)
2026-05-02 01:34:33,664 [INFO] HTTP Request: POST http://localhost:2026/v1/chat/completions "HTTP/1.1 200 OK"
2026-05-02 01:34:33,665 [INFO] [2527/3993] id=openseek-4-f6038fbd8 GT=OaTofBq ✅ (3029ch, 12.1s)
2026-05-02 01:34:34,227 [INFO] HTTP Request: POST http://localhost:2026/v1/chat/completions "HTTP/1.1 200 OK"
2026-05-02 01:34:34,228 [INFO] [2528/3993] id=openseek-4-4c64facda GT=hundredthdGwxk ✅ (1477ch, 6.0s)
2026-05-02 01:34:36,537 [INFO] HTTP Request: POST http://localhost:2026/v1/chat/completions "HTTP/1.1 200 OK"
2026-05-02 01:34:36,539 [INFO] [2529/3993] id=openseek-4-489bb683a GT=winterpretxQT ✅ (1837ch, 6.8s)
2026-05-02 01:34:41,583 [INFO] HTTP Request: POST http://localhost:2026/v1/chat/completions "HTTP/1.1 200 OK"
2026-05-02 01:34:41,584 [INFO] [2530/3993] id=openseek-4-4f5798fd5 GT=ofAyarofM ✅ (1822ch, 7.9s)
2026-05-02 01:34:41,753 [INFO] HTTP Request: POST http://localhost:2026/v1/chat/completions "HTTP/1.1 200 OK"
2026-05-02 01:34:41,754 [INFO] [2531/3993] id=openseek-4-b7e3c2191 GT=ioWbornO ✅ (1931ch, 7.5s)
2026-05-02 01:34:42,283 [INFO] HTTP Request: POST http://localhost:2026/v1/chat/completions "HTTP/1.1 200 OK"
2026-05-02 01:34:42,285 [INFO] [2532/3993] id=openseek-4-a7369d9cb GT=Bwoeq ✅ (1449ch, 5.7s)
2026-05-02 01:34:46,833 [INFO] HTTP Request: POST http://localhost:2026/v1/chat/completions "HTTP/1.1 200 OK"
2026-05-02 01:34:46,834 [INFO] [2533/3993] id=openseek-4-42ba8f3b9 GT=andmf ✅ (959ch, 5.1s)
2026-05-02 01:34:49,405 [INFO] HTTP Request: POST http://localhost:2026/v1/chat/completions "HTTP/1.1 200 OK"
2026-05-02 01:34:49,406 [INFO] [2534/3993] id=openseek-4-c66f41218 GT=atBHyXwasp ✅ (1575ch, 7.1s)
2026-05-02 01:34:55,081 [INFO] HTTP Request: POST http://localhost:2026/v1/chat/completions "HTTP/1.1 200 OK"
2026-05-02 01:34:55,082 [INFO] [2535/3993] id=openseek-4-be45d6b78 GT=FtoPcoinsVUpear-rings:u ✅ (1935ch, 8.2s)
2026-05-02 01:34:55,899 [INFO] HTTP Request: POST http://localhost:2026/v1/chat/completions "HTTP/1.1 200 OK"
2026-05-02 01:34:55,900 [INFO] [2536/3993] id=openseek-4-3ef47535c GT=spout-hole;eESwuponIwasS ✅ (3352ch, 14.3s)
2026-05-02 01:34:56,085 [INFO] HTTP Request: POST http://localhost:2026/v1/chat/completions "HTTP/1.1 200 OK"
2026-05-02 01:34:56,086 [INFO] [2537/3993] id=openseek-4-d18d65e58 GT=khisqQthepCT ✅ (1584ch, 6.7s)
2026-05-02 01:35:01,985 [INFO] HTTP Request: POST http://localhost:2026/v1/chat/completions "HTTP/1.1 200 OK"
2026-05-02 01:35:01,986 [INFO] [2538/3993] id=openseek-4-efb0870fe GT=oneULoghostlyd ✅ (1512ch, 5.9s)
2026-05-02 01:35:02,662 [INFO] HTTP Request: POST http://localhost:2026/v1/chat/completions "HTTP/1.1 200 OK"
2026-05-02 01:35:02,663 [INFO] [2539/3993] id=openseek-4-9bb16072d GT=aboutdhomage-renderingzA ✅ (1667ch, 6.8s)
2026-05-02 01:35:03,597 [INFO] HTTP Request: POST http://localhost:2026/v1/chat/completions "HTTP/1.1 200 OK"
2026-05-02 01:35:03,598 [INFO] [2540/3993] id=openseek-4-4265505e5 GT=SremindtGofOwasTsea,v ✅ (2070ch, 8.5s)
2026-05-02 01:35:08,986 [INFO] HTTP Request: POST http://localhost:2026/v1/chat/completions "HTTP/1.1 200 OK"
2026-05-02 01:35:08,987 [INFO] [2541/3993] id=openseek-4-d3bf08b33 GT=CetaceanfMKTY ✅ (1360ch, 7.0s)
2026-05-02 01:35:14,955 [INFO] HTTP Request: POST http://localhost:2026/v1/chat/completions "HTTP/1.1 200 OK"
2026-05-02 01:35:14,957 [INFO] [2542/3993] id=openseek-4-deeacbb7d GT=JofBoverCmoreeXhenbutXhollows; ✅ (2838ch, 12.3s)
2026-05-02 01:35:15,265 [INFO] HTTP Request: POST http://localhost:2026/v1/chat/completions "HTTP/1.1 200 OK"
2026-05-02 01:35:15,267 [INFO] [2543/3993] id=openseek-4-8106e4f43 GT=HcUhintyCannibals;uSVinert,x ✅ (2800ch, 11.7s)
2026-05-02 01:35:18,989 [INFO] HTTP Request: POST http://localhost:2026/v1/chat/completions "HTTP/1.1 200 OK"
2026-05-02 01:35:18,991 [INFO] [2544/3993] id=openseek-4-aff25a999 GT=Khmostsanybxt ✅ (2388ch, 10.0s)
2026-05-02 01:35:23,327 [INFO] HTTP Request: POST http://localhost:2026/v1/chat/completions "HTTP/1.1 200 OK"
2026-05-02 01:35:23,329 [INFO] [2545/3993] id=openseek-4-cae920cae GT=anGhairyRBGodM ✅ (2073ch, 8.1s)
2026-05-02 01:35:23,587 [INFO] HTTP Request: POST http://localhost:2026/v1/chat/completions "HTTP/1.1 200 OK"
2026-05-02 01:35:23,588 [INFO] [2546/3993] id=openseek-4-7ae0cf24e GT=wasRtellCzVcO ✅ (2124ch, 8.6s)
2026-05-02 01:35:28,788 [INFO] HTTP Request: POST http://localhost:2026/v1/chat/completions "HTTP/1.1 200 OK"
2026-05-02 01:35:28,789 [INFO] [2547/3993] id=openseek-4-0dc4ed3c4 GT=OMehaveWtokyouh ✅ (2475ch, 9.8s)
2026-05-02 01:35:35,644 [INFO] HTTP Request: POST http://localhost:2026/v1/chat/completions "HTTP/1.1 200 OK"
2026-05-02 01:35:35,645 [INFO] [2548/3993] id=openseek-4-40c5b126b GT=OXthisbVxqueer;jtoofullaabsent ✅ (2926ch, 12.1s)
2026-05-02 01:35:35,716 [INFO] HTTP Request: POST http://localhost:2026/v1/chat/completions "HTTP/1.1 200 OK"
2026-05-02 01:35:35,717 [INFO] [2549/3993] id=openseek-4-2615c5392 GT=beDhowjbetweeniweQgbrain9ssvra ✅ (3092ch, 12.4s)
2026-05-02 01:35:37,442 [INFO] HTTP Request: POST http://localhost:2026/v1/chat/completions "HTTP/1.1 200 OK"
2026-05-02 01:35:37,444 [INFO] [2550/3993] id=openseek-4-7703c3bef GT=CVthatfpbyUq ✅ (1998ch, 8.7s)
2026-05-02 01:35:41,010 [INFO] HTTP Request: POST http://localhost:2026/v1/chat/completions "HTTP/1.1 200 OK"
2026-05-02 01:35:41,011 [INFO] [2551/3993] id=openseek-4-dec19971c GT=systemKIU ✅ (1493ch, 5.4s)
2026-05-02 01:35:45,664 [INFO] HTTP Request: POST http://localhost:2026/v1/chat/completions "HTTP/1.1 200 OK"
2026-05-02 01:35:45,665 [INFO] [2552/3993] id=openseek-4-12eda89c9 GT=aHcoffee-mill.Wme,V ✅ (2204ch, 8.2s)
2026-05-02 01:35:45,775 [INFO] HTTP Request: POST http://localhost:2026/v1/chat/completions "HTTP/1.1 200 OK"
2026-05-02 01:35:45,777 [INFO] [2553/3993] id=openseek-4-303ead468 GT=seen.wmandefslashingJO ✅ (2618ch, 10.1s)
2026-05-02 01:35:49,440 [INFO] HTTP Request: POST http://localhost:2026/v1/chat/completions "HTTP/1.1 200 OK"
2026-05-02 01:35:49,441 [INFO] [2554/3993] id=openseek-4-a40e5c1b6 GT=fkthatrRtouchingFaiGaQ ✅ (2156ch, 8.4s)
2026-05-02 01:35:50,858 [INFO] HTTP Request: POST http://localhost:2026/v1/chat/completions "HTTP/1.1 200 OK"
2026-05-02 01:35:50,860 [INFO] [2555/3993] id=openseek-4-5a4d9f576 GT=fbutf ✅ (1337ch, 5.1s)
2026-05-02 01:35:55,734 [INFO] HTTP Request: POST http://localhost:2026/v1/chat/completions "HTTP/1.1 200 OK"
2026-05-02 01:35:55,736 [INFO] [2556/3993] id=openseek-4-b54ceefc2 GT=andzn ✅ (1308ch, 4.9s)
2026-05-02 01:36:00,103 [INFO] HTTP Request: POST http://localhost:2026/v1/chat/completions "HTTP/1.1 200 OK"
2026-05-02 01:36:00,104 [INFO] [2557/3993] id=openseek-4-d06b7048f GT=twohLtheJblood,xallVN ✅ (3602ch, 14.4s)
2026-05-02 01:36:03,533 [INFO] HTTP Request: POST http://localhost:2026/v1/chat/completions "HTTP/1.1 200 OK"
2026-05-02 01:36:03,535 [INFO] [2558/3993] id=openseek-4-de4f7dfee GT=themHwhenxwhatLbygomhim,Q ✅ (3566ch, 14.1s)
2026-05-02 01:36:07,476 [INFO] HTTP Request: POST http://localhost:2026/v1/chat/completions "HTTP/1.1 200 OK"
2026-05-02 01:36:07,477 [INFO] [2559/3993] id=openseek-4-1ab1d57ca GT=ofJcircumpolarv ✅ (1979ch, 7.4s)
2026-05-02 01:36:12,451 [INFO] HTTP Request: POST http://localhost:2026/v1/chat/completions "HTTP/1.1 200 OK"
2026-05-02 01:36:12,453 [INFO] [2560/3993] id=openseek-4-70211d755 GT=dwillphenibNantucket!ehasmuZn ✅ (3480ch, 16.7s)
2026-05-02 01:36:16,640 [INFO] HTTP Request: POST http://localhost:2026/v1/chat/completions "HTTP/1.1 200 OK"
2026-05-02 01:36:16,641 [INFO] [2561/3993] id=openseek-4-a71f066fa GT=pommelPtonechoEthevorcdetached ✅ (3185ch, 13.1s)
2026-05-02 01:36:19,160 [INFO] HTTP Request: POST http://localhost:2026/v1/chat/completions "HTTP/1.1 200 OK"
2026-05-02 01:36:19,161 [INFO] [2562/3993] id=openseek-4-cc4bdb884 GT=ArecLfj ✅ (1504ch, 6.7s)
2026-05-02 01:36:23,339 [INFO] HTTP Request: POST http://localhost:2026/v1/chat/completions "HTTP/1.1 200 OK"
2026-05-02 01:36:23,341 [INFO] [2563/3993] id=openseek-4-53ae27a14 GT=ublubberwhwater,jintoLntheLabo ✅ (3829ch, 15.9s)
2026-05-02 01:36:23,553 [INFO] HTTP Request: POST http://localhost:2026/v1/chat/completions "HTTP/1.1 200 OK"
2026-05-02 01:36:23,554 [INFO] [2564/3993] id=openseek-4-62ce1de83 GT=notxmayv ✅ (937ch, 4.4s)
2026-05-02 01:36:34,500 [INFO] HTTP Request: POST http://localhost:2026/v1/chat/completions "HTTP/1.1 200 OK"
2026-05-02 01:36:34,502 [INFO] [2565/3993] id=openseek-4-bdbed6c66 GT=mercyqBKBhell94whenOZbroadOY ✅ (2720ch, 11.2s)
2026-05-02 01:36:34,747 [INFO] HTTP Request: POST http://localhost:2026/v1/chat/completions "HTTP/1.1 200 OK"
2026-05-02 01:36:34,748 [INFO] [2566/3993] id=openseek-4-2f9b2890f GT=ofhTheYVbutYClip,URXe ✅ (3951ch, 18.1s)
2026-05-02 01:36:35,164 [INFO] HTTP Request: POST http://localhost:2026/v1/chat/completions "HTTP/1.1 200 OK"
2026-05-02 01:36:35,166 [INFO] [2567/3993] id=openseek-4-39b425287 GT=isoil;KxuhisDvZ ✅ (2920ch, 11.6s)
2026-05-02 01:36:41,771 [INFO] HTTP Request: POST http://localhost:2026/v1/chat/completions "HTTP/1.1 200 OK"
2026-05-02 01:36:41,772 [INFO] [2568/3993] id=openseek-4-c29ed6208 GT=SIJwincesRdumbO ✅ (1837ch, 7.3s)
2026-05-02 01:36:42,367 [INFO] HTTP Request: POST http://localhost:2026/v1/chat/completions "HTTP/1.1 200 OK"
2026-05-02 01:36:42,369 [INFO] [2569/3993] id=openseek-4-2a5352480 GT=thatptheu ✅ (1872ch, 7.2s)
2026-05-02 01:36:52,292 [INFO] HTTP Request: POST http://localhost:2026/v1/chat/completions "HTTP/1.1 200 OK"
2026-05-02 01:36:52,293 [WARNING]   [attempt 1 T=0.0] think validate 失败 (len=4180): 'Okay, let's see. I need to concatenate this list of strings into a single line w'
2026-05-02 01:36:56,998 [INFO] HTTP Request: POST http://localhost:2026/v1/chat/completions "HTTP/1.1 200 OK"
2026-05-02 01:36:57,000 [INFO] [2570/3993] id=openseek-4-e3974d220 GT=unmomentousHIendsjButhFkSoforg ✅ (3480ch, 14.6s)
2026-05-02 01:36:57,596 [INFO] HTTP Request: POST http://localhost:2026/v1/chat/completions "HTTP/1.1 200 OK"
2026-05-02 01:36:57,598 [INFO] [2571/3993] id=openseek-4-56ad64377 GT=ontTforaharpooneersihighxbook- ✅ (3593ch, 15.8s)
2026-05-02 01:37:06,298 [INFO] HTTP Request: POST http://localhost:2026/v1/chat/completions "HTTP/1.1 200 OK"
2026-05-02 01:37:06,299 [INFO] [2572/3993] id=openseek-4-dbe7a970e GT=IHtheiraCapeIDD ✅ (1767ch, 8.7s)
2026-05-02 01:37:08,319 [INFO] HTTP Request: POST http://localhost:2026/v1/chat/completions "HTTP/1.1 200 OK"
2026-05-02 01:37:08,321 [INFO] [2573/3993] id=openseek-4-64a0d2852 GT=SandCthewovtheUSmilitaryOh ✅ (2671ch, 11.3s)
2026-05-02 01:37:12,947 [INFO] HTTP Request: POST http://localhost:2026/v1/chat/completions "HTTP/1.1 200 OK"
2026-05-02 01:37:12,948 [WARNING]   [attempt 2 T=0.3] think validate 失败 (len=4595): 'Okay, let's see. I need to concatenate this list of strings into a single line w'
2026-05-02 01:37:14,898 [INFO] HTTP Request: POST http://localhost:2026/v1/chat/completions "HTTP/1.1 200 OK"
2026-05-02 01:37:14,899 [INFO] [2574/3993] id=openseek-4-1ae443376 GT=lthemwhopxthistbvh ✅ (1441ch, 6.6s)
2026-05-02 01:37:25,854 [INFO] HTTP Request: POST http://localhost:2026/v1/chat/completions "HTTP/1.1 200 OK"
2026-05-02 01:37:25,855 [INFO] [2575/3993] id=openseek-4-1378d29ca GT=toihadmtoQgatheredQ ✅ (2760ch, 11.0s)
2026-05-02 01:37:28,381 [INFO] HTTP Request: POST http://localhost:2026/v1/chat/completions "HTTP/1.1 200 OK"
2026-05-02 01:37:28,382 [WARNING]   [attempt 1 T=0.0] think validate 失败 (len=4616): 'Okay, let's see. I need to concatenate this list of strings into a single line w'
2026-05-02 01:37:30,719 [INFO] HTTP Request: POST http://localhost:2026/v1/chat/completions "HTTP/1.1 200 OK"
2026-05-02 01:37:30,721 [INFO] [2576/3993] id=openseek-4-500b80b61 GT=mofvpassageUWhatgany,dsAtSP ✅ (3703ch, 56.0s)
2026-05-02 01:37:38,480 [INFO] HTTP Request: POST http://localhost:2026/v1/chat/completions "HTTP/1.1 200 OK"
2026-05-02 01:37:38,481 [INFO] [2577/3993] id=openseek-4-a76cd0fa2 GT=itvcountrypZintobDBW ✅ (3236ch, 12.6s)
2026-05-02 01:37:43,525 [INFO] HTTP Request: POST http://localhost:2026/v1/chat/completions "HTTP/1.1 200 OK"
2026-05-02 01:37:43,526 [INFO] [2578/3993] id=openseek-4-2ef1cc952 GT=WYdherstakebosofrroaringYofF ✅ (3319ch, 37.2s)
2026-05-02 01:37:43,938 [INFO] HTTP Request: POST http://localhost:2026/v1/chat/completions "HTTP/1.1 200 OK"
2026-05-02 01:37:43,939 [INFO] [2579/3993] id=openseek-4-d949673f7 GT=fromhJpXrtakellarriveJu ✅ (2939ch, 13.2s)
2026-05-02 01:37:50,360 [INFO] HTTP Request: POST http://localhost:2026/v1/chat/completions "HTTP/1.1 200 OK"
2026-05-02 01:37:50,362 [INFO] [2580/3993] id=openseek-4-b5d475204 GT=more,SeandgIDweW ✅ (2815ch, 11.9s)
2026-05-02 01:37:53,077 [INFO] HTTP Request: POST http://localhost:2026/v1/chat/completions "HTTP/1.1 200 OK"
2026-05-02 01:37:53,079 [INFO] [2581/3993] id=openseek-4-553d5c2b5 GT=FallGStarbuckKShish ✅ (2420ch, 9.6s)
2026-05-02 01:37:54,704 [INFO] HTTP Request: POST http://localhost:2026/v1/chat/completions "HTTP/1.1 200 OK"
2026-05-02 01:37:54,705 [INFO] [2582/3993] id=openseek-4-c04d0d6d5 GT=fjokerN ✅ (1096ch, 4.3s)
2026-05-02 01:37:59,496 [INFO] HTTP Request: POST http://localhost:2026/v1/chat/completions "HTTP/1.1 200 OK"
2026-05-02 01:37:59,498 [INFO] [2583/3993] id=openseek-4-baa3ac9f7 GT=asoundsWOknowinghAhabEAwhaleme ✅ (3687ch, 15.6s)
2026-05-02 01:37:59,580 [INFO] HTTP Request: POST http://localhost:2026/v1/chat/completions "HTTP/1.1 200 OK"
2026-05-02 01:37:59,581 [INFO] [2584/3993] id=openseek-4-1618f568b GT=asleep.Sh ✅ (994ch, 4.9s)
2026-05-02 01:38:05,564 [INFO] HTTP Request: POST http://localhost:2026/v1/chat/completions "HTTP/1.1 200 OK"
2026-05-02 01:38:05,566 [INFO] [2585/3993] id=openseek-4-e459519dd GT=ggeologicalirIshmael;dspermZQS ✅ (3304ch, 12.5s)
2026-05-02 01:38:06,003 [INFO] HTTP Request: POST http://localhost:2026/v1/chat/completions "HTTP/1.1 200 OK"
2026-05-02 01:38:06,005 [INFO] [2586/3993] id=openseek-4-685b0b559 GT=ZrtheG ✅ (1733ch, 6.5s)
2026-05-02 01:38:06,568 [INFO] HTTP Request: POST http://localhost:2026/v1/chat/completions "HTTP/1.1 200 OK"
2026-05-02 01:38:06,569 [INFO] [2587/3993] id=openseek-4-045a2eeba GT=deadlhtblubbero ✅ (1860ch, 7.0s)
2026-05-02 01:38:14,014 [INFO] HTTP Request: POST http://localhost:2026/v1/chat/completions "HTTP/1.1 200 OK"
2026-05-02 01:38:14,015 [INFO] [2588/3993] id=openseek-4-c9652fe5c GT=EthisKsJy ✅ (1821ch, 8.0s)
2026-05-02 01:38:14,458 [INFO] HTTP Request: POST http://localhost:2026/v1/chat/completions "HTTP/1.1 200 OK"
2026-05-02 01:38:14,459 [INFO] [2589/3993] id=openseek-4-c4e318165 GT=mofuyouGLvandkdesirableO ✅ (2188ch, 8.9s)
2026-05-02 01:38:17,161 [INFO] HTTP Request: POST http://localhost:2026/v1/chat/completions "HTTP/1.1 200 OK"
2026-05-02 01:38:17,162 [INFO] [2590/3993] id=openseek-4-9eede8f56 GT=theeMain-top,gxme;d ✅ (2554ch, 10.6s)
2026-05-02 01:38:17,978 [INFO] HTTP Request: POST http://localhost:2026/v1/chat/completions "HTTP/1.1 200 OK"
2026-05-02 01:38:17,979 [INFO] [2591/3993] id=openseek-4-b22f2c4dc GT=tI ✅ (1023ch, 4.0s)
2026-05-02 01:38:27,630 [INFO] HTTP Request: POST http://localhost:2026/v1/chat/completions "HTTP/1.1 200 OK"
2026-05-02 01:38:27,631 [INFO] [2592/3993] id=openseek-4-82e67e6c1 GT=upartsmdayPthewvJAnW ✅ (3299ch, 13.2s)
2026-05-02 01:38:28,240 [INFO] HTTP Request: POST http://localhost:2026/v1/chat/completions "HTTP/1.1 200 OK"
2026-05-02 01:38:28,241 [INFO] [2593/3993] id=openseek-4-e9cc825e8 GT=castaways,AYmayhatv ✅ (2868ch, 11.1s)
2026-05-02 01:38:28,617 [INFO] HTTP Request: POST http://localhost:2026/v1/chat/completions "HTTP/1.1 200 OK"
2026-05-02 01:38:28,619 [INFO] [2594/3993] id=openseek-4-ce4723d64 GT=DukeqBsun-riseBLuJE ✅ (2712ch, 10.6s)
2026-05-02 01:38:33,865 [INFO] HTTP Request: POST http://localhost:2026/v1/chat/completions "HTTP/1.1 200 OK"
2026-05-02 01:38:33,866 [INFO] [2595/3993] id=openseek-4-24fe9f019 GT=thoseqWbtoY ✅ (1681ch, 6.2s)
2026-05-02 01:38:37,022 [INFO] HTTP Request: POST http://localhost:2026/v1/chat/completions "HTTP/1.1 200 OK"
2026-05-02 01:38:37,023 [INFO] [2596/3993] id=openseek-4-b01d0249c GT=qbeenh ✅ (2406ch, 8.8s)
2026-05-02 01:38:43,853 [INFO] HTTP Request: POST http://localhost:2026/v1/chat/completions "HTTP/1.1 200 OK"
2026-05-02 01:38:43,854 [INFO] [2597/3993] id=openseek-4-2e9a9ed3b GT=NRbxaYB ✅ (1703ch, 6.8s)
2026-05-02 01:38:44,488 [INFO] HTTP Request: POST http://localhost:2026/v1/chat/completions "HTTP/1.1 200 OK"
2026-05-02 01:38:44,489 [WARNING]   [attempt 1 T=0.0] think validate 失败 (len=4211): 'Okay, let's see. I need to concatenate this list of strings into a single line w'
2026-05-02 01:38:46,474 [INFO] HTTP Request: POST http://localhost:2026/v1/chat/completions "HTTP/1.1 200 OK"
2026-05-02 01:38:46,475 [INFO] [2598/3993] id=openseek-4-63e793911 GT=WstepsWDidnwasr ✅ (3137ch, 12.6s)
2026-05-02 01:38:56,841 [INFO] HTTP Request: POST http://localhost:2026/v1/chat/completions "HTTP/1.1 200 OK"
2026-05-02 01:38:56,842 [INFO] [2599/3993] id=openseek-4-e0360c291 GT=itVjisbUrighteLetj ✅ (2998ch, 13.0s)
2026-05-02 01:38:58,945 [INFO] HTTP Request: POST http://localhost:2026/v1/chat/completions "HTTP/1.1 200 OK"
2026-05-02 01:38:58,946 [INFO] [2600/3993] id=openseek-4-5bca43a92 GT=wEWLjeyes,TvacatingAregarded,j ✅ (2798ch, 12.5s)
2026-05-02 01:38:59,191 [INFO]   💾 已保存 (成功=2587 失败=13) | 3.8s/条均值 | ETA=87min
2026-05-02 01:39:02,244 [INFO] HTTP Request: POST http://localhost:2026/v1/chat/completions "HTTP/1.1 200 OK"
2026-05-02 01:39:02,245 [WARNING]   [attempt 2 T=0.3] think validate 失败 (len=4083): 'Okay, let's see. I need to concatenate this list of strings into a single line w'
2026-05-02 01:39:04,764 [INFO] HTTP Request: POST http://localhost:2026/v1/chat/completions "HTTP/1.1 200 OK"
2026-05-02 01:39:04,765 [INFO] [2601/3993] id=openseek-4-5b98b7ab3 GT=BasawhitekmbisMLOy ✅ (1694ch, 7.9s)
2026-05-02 01:39:10,118 [INFO] HTTP Request: POST http://localhost:2026/v1/chat/completions "HTTP/1.1 200 OK"
2026-05-02 01:39:10,119 [INFO] [2602/3993] id=openseek-4-15c9196de GT=downgtomcarpenteri ✅ (1365ch, 5.4s)
2026-05-02 01:39:16,792 [INFO] HTTP Request: POST http://localhost:2026/v1/chat/completions "HTTP/1.1 200 OK"
2026-05-02 01:39:16,792 [WARNING]   [attempt 1 T=0.0] think validate 失败 (len=4341): 'Okay, let's see. I need to concatenate this list of strings into a single line w'
2026-05-02 01:39:20,490 [INFO] HTTP Request: POST http://localhost:2026/v1/chat/completions "HTTP/1.1 200 OK"
2026-05-02 01:39:20,491 [INFO] [2603/3993] id=openseek-4-aa6c02150 GT=wspout-holeazC ✅ (2442ch, 10.4s)
2026-05-02 01:39:22,940 [INFO] HTTP Request: POST http://localhost:2026/v1/chat/completions "HTTP/1.1 200 OK"
2026-05-02 01:39:22,941 [WARNING]   [attempt 3 T=0.6] think validate 失败 (len=4781): 'Okay, let's tackle this problem. The task is to concatenate a list of strings in'
2026-05-02 01:39:22,941 [WARNING] [2604/3993] id=openseek-4-199058720 GT=itEmembrane,PXmindsItheodroopi ❌ (54.3s)
2026-05-02 01:39:26,688 [INFO] HTTP Request: POST http://localhost:2026/v1/chat/completions "HTTP/1.1 200 OK"
2026-05-02 01:39:26,689 [INFO] [2605/3993] id=openseek-4-49ed6cc20 GT=zCbutJseaqd ✅ (1508ch, 6.2s)
2026-05-02 01:39:32,455 [INFO] HTTP Request: POST http://localhost:2026/v1/chat/completions "HTTP/1.1 200 OK"
2026-05-02 01:39:32,457 [INFO] [2606/3993] id=openseek-4-20d885676 GT=SeverWaSofuPIHR ✅ (2132ch, 9.5s)
2026-05-02 01:39:32,635 [INFO] HTTP Request: POST http://localhost:2026/v1/chat/completions "HTTP/1.1 200 OK"
2026-05-02 01:39:32,636 [INFO] [2607/3993] id=openseek-4-ed7357587 GT=qppleasingC ✅ (1529ch, 5.9s)
2026-05-02 01:39:36,172 [INFO] HTTP Request: POST http://localhost:2026/v1/chat/completions "HTTP/1.1 200 OK"
2026-05-02 01:39:36,173 [WARNING]   [attempt 2 T=0.3] think validate 失败 (len=4124): 'Okay, let's tackle this problem. So, I need to concatenate a list of strings int'
2026-05-02 01:39:38,422 [INFO] HTTP Request: POST http://localhost:2026/v1/chat/completions "HTTP/1.1 200 OK"
2026-05-02 01:39:38,423 [INFO] [2608/3993] id=openseek-4-b642f12a0 GT=do,Fe ✅ (1389ch, 5.8s)
2026-05-02 01:39:46,180 [INFO] HTTP Request: POST http://localhost:2026/v1/chat/completions "HTTP/1.1 200 OK"
2026-05-02 01:39:46,182 [INFO] [2609/3993] id=openseek-4-408d6e9e9 GT=iqPpracticaldoutdeheufCB ✅ (3251ch, 13.7s)
2026-05-02 01:39:53,674 [INFO] HTTP Request: POST http://localhost:2026/v1/chat/completions "HTTP/1.1 200 OK"
2026-05-02 01:39:53,674 [WARNING]   [attempt 3 T=0.6] think validate 失败 (len=4338): 'Okay, let's tackle this problem. So, I need to concatenate a list of strings int'
2026-05-02 01:39:53,675 [WARNING] [2610/3993] id=openseek-4-8e9c68a71 GT=Jwsubstancelotherztillugood.dC ❌ (54.7s)
2026-05-02 01:39:56,839 [INFO] HTTP Request: POST http://localhost:2026/v1/chat/completions "HTTP/1.1 200 OK"
2026-05-02 01:39:56,840 [WARNING]   [attempt 1 T=0.0] think validate 失败 (len=4083): 'Okay, let's see. I need to concatenate this list of strings into a single line w'
2026-05-02 01:39:57,610 [INFO] HTTP Request: POST http://localhost:2026/v1/chat/completions "HTTP/1.1 200 OK"
2026-05-02 01:39:57,612 [INFO] [2611/3993] id=openseek-4-eb0c2d106 GT=ofSlwja9ready,dQ ✅ (2030ch, 11.4s)
2026-05-02 01:40:00,287 [INFO] HTTP Request: POST http://localhost:2026/v1/chat/completions "HTTP/1.1 200 OK"
2026-05-02 01:40:00,288 [INFO] [2612/3993] id=openseek-4-18fa956e7 GT=magainstz ✅ (1515ch, 6.6s)
2026-05-02 01:40:11,691 [INFO] HTTP Request: POST http://localhost:2026/v1/chat/completions "HTTP/1.1 200 OK"
2026-05-02 01:40:11,692 [INFO] [2613/3993] id=openseek-4-dc107645b GT=FbeingXeXuCRDelightJline4allRv ✅ (2586ch, 11.4s)
2026-05-02 01:40:12,729 [INFO] HTTP Request: POST http://localhost:2026/v1/chat/completions "HTTP/1.1 200 OK"
2026-05-02 01:40:12,731 [INFO] [2614/3993] id=openseek-4-c682fe440 GT=roundApEJwayTserpents.tdQpartZ ✅ (3570ch, 15.1s)
2026-05-02 01:40:14,826 [INFO] HTTP Request: POST http://localhost:2026/v1/chat/completions "HTTP/1.1 200 OK"
2026-05-02 01:40:14,827 [INFO] [2615/3993] id=openseek-4-b637e9d4a GT=wdunlessdNheztcknow;i ✅ (3876ch, 36.4s)
2026-05-02 01:40:21,581 [INFO] HTTP Request: POST http://localhost:2026/v1/chat/completions "HTTP/1.1 200 OK"
2026-05-02 01:40:21,583 [INFO] [2616/3993] id=openseek-4-878750bc7 GT=obliteratedmwerevMmanyqP ✅ (2312ch, 9.9s)
2026-05-02 01:40:26,908 [INFO] HTTP Request: POST http://localhost:2026/v1/chat/completions "HTTP/1.1 200 OK"
2026-05-02 01:40:26,910 [INFO] [2617/3993] id=openseek-4-5218a4dba GT=wigwam.UWfhisYqEFgriefGbeA ✅ (2809ch, 12.1s)
2026-05-02 01:40:27,699 [INFO] HTTP Request: POST http://localhost:2026/v1/chat/completions "HTTP/1.1 200 OK"
2026-05-02 01:40:27,701 [INFO] [2618/3993] id=openseek-4-0e1ccd697 GT=xtoFHhimntheILlhimtburnth ✅ (3209ch, 15.0s)
2026-05-02 01:40:28,126 [INFO] HTTP Request: POST http://localhost:2026/v1/chat/completions "HTTP/1.1 200 OK"
2026-05-02 01:40:28,127 [INFO] [2619/3993] id=openseek-4-ec49cf922 GT=inHmusteringDp ✅ (1692ch, 6.5s)
2026-05-02 01:40:32,470 [INFO] HTTP Request: POST http://localhost:2026/v1/chat/completions "HTTP/1.1 200 OK"
2026-05-02 01:40:32,471 [INFO] [2620/3993] id=openseek-4-ba44c2d0b GT=SfourS ✅ (1486ch, 5.6s)
2026-05-02 01:40:34,055 [INFO] HTTP Request: POST http://localhost:2026/v1/chat/completions "HTTP/1.1 200 OK"
2026-05-02 01:40:34,057 [INFO] [2621/3993] id=openseek-4-8427e0ef2 GT=kAhzq ✅ (1565ch, 6.4s)
2026-05-02 01:40:42,238 [INFO] HTTP Request: POST http://localhost:2026/v1/chat/completions "HTTP/1.1 200 OK"
2026-05-02 01:40:42,239 [INFO] [2622/3993] id=openseek-4-1518bf49b GT=hoisted.YEXheadOZ ✅ (2306ch, 9.8s)
2026-05-02 01:40:42,415 [INFO] HTTP Request: POST http://localhost:2026/v1/chat/completions "HTTP/1.1 200 OK"
2026-05-02 01:40:42,416 [INFO] [2623/3993] id=openseek-4-37ca21c4d GT=OUCtaperingDown;Ptbeforew ✅ (3551ch, 14.3s)
2026-05-02 01:40:46,037 [INFO] HTTP Request: POST http://localhost:2026/v1/chat/completions "HTTP/1.1 200 OK"
2026-05-02 01:40:46,038 [INFO] [2624/3993] id=openseek-4-7f35a3ec0 GT=loadsUwview.uLAIallNanywhereEc ✅ (2880ch, 12.0s)
2026-05-02 01:40:48,265 [INFO] HTTP Request: POST http://localhost:2026/v1/chat/completions "HTTP/1.1 200 OK"
2026-05-02 01:40:48,266 [INFO] [2625/3993] id=openseek-4-71cc85cf1 GT=inmjonei ✅ (1425ch, 6.0s)
2026-05-02 01:40:53,232 [INFO] HTTP Request: POST http://localhost:2026/v1/chat/completions "HTTP/1.1 200 OK"
2026-05-02 01:40:53,234 [INFO] [2626/3993] id=openseek-4-57d6654d6 GT=youGqL ✅ (1297ch, 5.0s)
2026-05-02 01:40:58,613 [INFO] HTTP Request: POST http://localhost:2026/v1/chat/completions "HTTP/1.1 200 OK"
2026-05-02 01:40:58,614 [INFO] [2627/3993] id=openseek-4-9976b4311 GT=carpenterkWonKHteethrall;Yserv ✅ (3028ch, 12.6s)
2026-05-02 01:40:59,170 [INFO] HTTP Request: POST http://localhost:2026/v1/chat/completions "HTTP/1.1 200 OK"
2026-05-02 01:40:59,171 [INFO] [2628/3993] id=openseek-4-af3d1995b GT=ptoSleadSlarge,zandsnFat-Cutte ✅ (3881ch, 16.8s)
2026-05-02 01:41:02,122 [INFO] HTTP Request: POST http://localhost:2026/v1/chat/completions "HTTP/1.1 200 OK"
2026-05-02 01:41:02,123 [INFO] [2629/3993] id=openseek-4-b0657bd95 GT=PT ✅ (951ch, 3.5s)
2026-05-02 01:41:03,887 [INFO] HTTP Request: POST http://localhost:2026/v1/chat/completions "HTTP/1.1 200 OK"
2026-05-02 01:41:03,888 [INFO] [2630/3993] id=openseek-4-0e6fdbb65 GT=Vprobable,d ✅ (1233ch, 4.7s)
2026-05-02 01:41:07,408 [INFO] HTTP Request: POST http://localhost:2026/v1/chat/completions "HTTP/1.1 200 OK"
2026-05-02 01:41:07,410 [INFO] [2631/3993] id=openseek-4-5649208df GT=Zpertaininglpoor,finterveningt ✅ (3359ch, 14.2s)
2026-05-02 01:41:10,127 [INFO] HTTP Request: POST http://localhost:2026/v1/chat/completions "HTTP/1.1 200 OK"
2026-05-02 01:41:10,128 [INFO] [2632/3993] id=openseek-4-11cf43777 GT=Aptheire ✅ (1643ch, 6.2s)
2026-05-02 01:41:13,364 [INFO] HTTP Request: POST http://localhost:2026/v1/chat/completions "HTTP/1.1 200 OK"
2026-05-02 01:41:13,365 [INFO] [2633/3993] id=openseek-4-e0a517768 GT=indlieLhisItimes4thisiWbl ✅ (2230ch, 11.2s)
2026-05-02 01:41:14,145 [INFO] HTTP Request: POST http://localhost:2026/v1/chat/completions "HTTP/1.1 200 OK"
2026-05-02 01:41:14,146 [INFO] [2634/3993] id=openseek-4-fdc97bb2e GT=nHtheNonA ✅ (1722ch, 6.7s)
2026-05-02 01:41:21,253 [INFO] HTTP Request: POST http://localhost:2026/v1/chat/completions "HTTP/1.1 200 OK"
2026-05-02 01:41:21,254 [INFO] [2635/3993] id=openseek-4-8b8101df5 GT=kcoast.vofLBtoDngb ✅ (2690ch, 11.1s)
2026-05-02 01:41:22,486 [INFO] HTTP Request: POST http://localhost:2026/v1/chat/completions "HTTP/1.1 200 OK"
2026-05-02 01:41:22,487 [INFO] [2636/3993] id=openseek-4-6ead4f0e5 GT=SZonqyombyR ✅ (2198ch, 9.1s)
2026-05-02 01:41:26,775 [INFO] HTTP Request: POST http://localhost:2026/v1/chat/completions "HTTP/1.1 200 OK"
2026-05-02 01:41:26,776 [INFO] [2637/3993] id=openseek-4-afcddd1e8 GT=UlleewardMw ✅ (1402ch, 5.5s)
2026-05-02 01:41:33,913 [INFO] HTTP Request: POST http://localhost:2026/v1/chat/completions "HTTP/1.1 200 OK"
2026-05-02 01:41:33,913 [WARNING]   [attempt 1 T=0.0] think validate 失败 (len=4398): 'Okay, let's see. I need to concatenate this list of strings into a single line w'
2026-05-02 01:41:36,044 [INFO] HTTP Request: POST http://localhost:2026/v1/chat/completions "HTTP/1.1 200 OK"
2026-05-02 01:41:36,045 [INFO] [2638/3993] id=openseek-4-be055eec7 GT=dvMXBtoAWambition,rmen,Y ✅ (3268ch, 13.6s)
2026-05-02 01:41:43,206 [INFO] HTTP Request: POST http://localhost:2026/v1/chat/completions "HTTP/1.1 200 OK"
2026-05-02 01:41:43,206 [WARNING]   [attempt 1 T=0.0] think validate 失败 (len=4005): 'Okay, let's see. I need to concatenate this list of strings into a single line w'
2026-05-02 01:41:43,774 [INFO] HTTP Request: POST http://localhost:2026/v1/chat/completions "HTTP/1.1 200 OK"
2026-05-02 01:41:43,775 [INFO] [2639/3993] id=openseek-4-9e6c00494 GT=LtheiwhomEthis,N ✅ (1905ch, 7.7s)
2026-05-02 01:41:53,195 [INFO] HTTP Request: POST http://localhost:2026/v1/chat/completions "HTTP/1.1 200 OK"
2026-05-02 01:41:53,197 [WARNING]   [attempt 2 T=0.3] think validate 失败 (len=4459): 'Okay, let's see. I need to concatenate this list of strings into a single line w'
2026-05-02 01:41:55,458 [INFO] HTTP Request: POST http://localhost:2026/v1/chat/completions "HTTP/1.1 200 OK"
2026-05-02 01:41:55,459 [INFO] [2640/3993] id=openseek-4-9c5fd3a3c GT=jwhaleDmodernbnDcalledNOhazig- ✅ (2701ch, 11.7s)
2026-05-02 01:42:01,873 [INFO] HTTP Request: POST http://localhost:2026/v1/chat/completions "HTTP/1.1 200 OK"
2026-05-02 01:42:01,873 [WARNING]   [attempt 2 T=0.3] think validate 失败 (len=4261): 'Okay, let's see. I need to concatenate this list of strings into a single line w'
2026-05-02 01:42:06,318 [INFO] HTTP Request: POST http://localhost:2026/v1/chat/completions "HTTP/1.1 200 OK"
2026-05-02 01:42:06,319 [INFO] [2641/3993] id=openseek-4-0723259e9 GT=foughtNasqofVthefbline,FOiship ✅ (3156ch, 52.2s)
2026-05-02 01:42:12,641 [INFO] HTTP Request: POST http://localhost:2026/v1/chat/completions "HTTP/1.1 200 OK"
2026-05-02 01:42:12,642 [WARNING]   [attempt 1 T=0.0] think validate 失败 (len=4015): 'Okay, let's see. I need to concatenate this list of strings into a single line w'
2026-05-02 01:42:13,394 [INFO] HTTP Request: POST http://localhost:2026/v1/chat/completions "HTTP/1.1 200 OK"
2026-05-02 01:42:13,396 [INFO] [2642/3993] id=openseek-4-8474be821 GT=ZdoublexpropheciesS ✅ (1767ch, 7.1s)
2026-05-02 01:42:19,316 [INFO] HTTP Request: POST http://localhost:2026/v1/chat/completions "HTTP/1.1 200 OK"
2026-05-02 01:42:19,318 [INFO] [2643/3993] id=openseek-4-06c9e04b4 GT=GEbedsmoke;vcooperetail.dNmain ✅ (3768ch, 52.5s)
2026-05-02 01:42:23,619 [INFO] HTTP Request: POST http://localhost:2026/v1/chat/completions "HTTP/1.1 200 OK"
2026-05-02 01:42:23,620 [INFO] [2644/3993] id=openseek-4-f3145a8ce GT=abhorredLKaXandFreasonE ✅ (2685ch, 28.2s)
2026-05-02 01:42:26,044 [INFO] HTTP Request: POST http://localhost:2026/v1/chat/completions "HTTP/1.1 200 OK"
2026-05-02 01:42:26,045 [INFO] [2645/3993] id=openseek-4-0153ece90 GT=daN ✅ (1547ch, 6.7s)
2026-05-02 01:42:27,627 [INFO] HTTP Request: POST http://localhost:2026/v1/chat/completions "HTTP/1.1 200 OK"
2026-05-02 01:42:27,628 [INFO] [2646/3993] id=openseek-4-e0fc88760 GT=left.TorientalqVsJfather;M ✅ (3542ch, 14.2s)
2026-05-02 01:42:35,132 [INFO] HTTP Request: POST http://localhost:2026/v1/chat/completions "HTTP/1.1 200 OK"
2026-05-02 01:42:35,133 [INFO] [2647/3993] id=openseek-4-14d6f5b1a GT=duskoflukes,AsoonT ✅ (2246ch, 9.1s)
2026-05-02 01:42:38,800 [INFO] HTTP Request: POST http://localhost:2026/v1/chat/completions "HTTP/1.1 200 OK"
2026-05-02 01:42:38,802 [INFO] [2648/3993] id=openseek-4-fcf89b506 GT=onegbucket,JperformxNysoftlywt ✅ (3843ch, 15.2s)
2026-05-02 01:42:40,631 [INFO] HTTP Request: POST http://localhost:2026/v1/chat/completions "HTTP/1.1 200 OK"
2026-05-02 01:42:40,632 [INFO] [2649/3993] id=openseek-4-f05bd6592 GT=withsspareO ✅ (1489ch, 5.5s)
2026-05-02 01:42:44,052 [INFO] HTTP Request: POST http://localhost:2026/v1/chat/completions "HTTP/1.1 200 OK"
2026-05-02 01:42:44,053 [INFO] [2650/3993] id=openseek-4-d09dc01f1 GT=anFbRclenchedktheirjdall,rgbod ✅ (2735ch, 16.4s)
2026-05-02 01:42:46,013 [INFO] HTTP Request: POST http://localhost:2026/v1/chat/completions "HTTP/1.1 200 OK"
2026-05-02 01:42:46,014 [INFO] [2651/3993] id=openseek-4-38dcef7f2 GT=kaX ✅ (1419ch, 5.4s)
2026-05-02 01:42:50,312 [INFO] HTTP Request: POST http://localhost:2026/v1/chat/completions "HTTP/1.1 200 OK"
2026-05-02 01:42:50,314 [INFO] [2652/3993] id=openseek-4-2bd9f41ff GT=gtoqareRagain,cAreO ✅ (2781ch, 11.5s)
2026-05-02 01:42:55,239 [INFO] HTTP Request: POST http://localhost:2026/v1/chat/completions "HTTP/1.1 200 OK"
2026-05-02 01:42:55,240 [INFO] [2653/3993] id=openseek-4-fb0637b07 GT=cassometME ✅ (2053ch, 9.2s)
2026-05-02 01:42:56,827 [INFO] HTTP Request: POST http://localhost:2026/v1/chat/completions "HTTP/1.1 200 OK"
2026-05-02 01:42:56,828 [INFO] [2654/3993] id=openseek-4-9f3ed60c3 GT=hisQxwasU ✅ (1731ch, 6.5s)
2026-05-02 01:43:02,295 [INFO] HTTP Request: POST http://localhost:2026/v1/chat/completions "HTTP/1.1 200 OK"
2026-05-02 01:43:02,296 [WARNING]   [attempt 1 T=0.0] think validate 失败 (len=4471): 'Okay, let's see. I need to concatenate this list of strings into a single line w'
2026-05-02 01:43:08,305 [INFO] HTTP Request: POST http://localhost:2026/v1/chat/completions "HTTP/1.1 200 OK"
2026-05-02 01:43:08,306 [INFO] [2655/3993] id=openseek-4-371230f4e GT=therOstepmother,tQmanyU ✅ (2778ch, 11.5s)
2026-05-02 01:43:10,416 [INFO] HTTP Request: POST http://localhost:2026/v1/chat/completions "HTTP/1.1 200 OK"
2026-05-02 01:43:10,417 [INFO] [2656/3993] id=openseek-4-3d4c81559 GT=o9OBOOKrXkmwhenLHavingP ✅ (2869ch, 15.2s)
2026-05-02 01:43:13,483 [INFO] HTTP Request: POST http://localhost:2026/v1/chat/completions "HTTP/1.1 200 OK"
2026-05-02 01:43:13,485 [INFO] [2657/3993] id=openseek-4-ff681a15d GT=togprofoundOactivityhdirectedm ✅ (2653ch, 29.4s)
2026-05-02 01:43:18,237 [INFO] HTTP Request: POST http://localhost:2026/v1/chat/completions "HTTP/1.1 200 OK"
2026-05-02 01:43:18,238 [INFO] [2658/3993] id=openseek-4-6676ac40c GT=exactmpeculiarQseasGthee ✅ (2581ch, 9.9s)
2026-05-02 01:43:22,233 [INFO] HTTP Request: POST http://localhost:2026/v1/chat/completions "HTTP/1.1 200 OK"
2026-05-02 01:43:22,235 [INFO] [2659/3993] id=openseek-4-1293ffa55 GT=freshetsvQhavekRtransferewhich ✅ (3167ch, 11.8s)
2026-05-02 01:43:25,837 [INFO] HTTP Request: POST http://localhost:2026/v1/chat/completions "HTTP/1.1 200 OK"
2026-05-02 01:43:25,839 [INFO] [2660/3993] id=openseek-4-2b4ea72c7 GT=reignynwFwholeWvsuperiorf ✅ (3177ch, 12.4s)
2026-05-02 01:43:26,274 [INFO] HTTP Request: POST http://localhost:2026/v1/chat/completions "HTTP/1.1 200 OK"
2026-05-02 01:43:26,275 [INFO] [2661/3993] id=openseek-4-d30b143d7 GT=containingIdroughtEUxunearthly ✅ (1840ch, 8.0s)
2026-05-02 01:43:32,126 [INFO] HTTP Request: POST http://localhost:2026/v1/chat/completions "HTTP/1.1 200 OK"
2026-05-02 01:43:32,127 [INFO] [2662/3993] id=openseek-4-213d7be38 GT=forjhand4thatxofpPXw ✅ (2352ch, 9.9s)
2026-05-02 01:43:35,249 [INFO] HTTP Request: POST http://localhost:2026/v1/chat/completions "HTTP/1.1 200 OK"
2026-05-02 01:43:35,250 [INFO] [2663/3993] id=openseek-4-532682fde GT=ZYunpleasing,wG ✅ (2332ch, 9.0s)
2026-05-02 01:43:38,304 [INFO] HTTP Request: POST http://localhost:2026/v1/chat/completions "HTTP/1.1 200 OK"
2026-05-02 01:43:38,306 [INFO] [2664/3993] id=openseek-4-6cba7d046 GT=ioVovereHanfuVwhale-hunterC ✅ (2919ch, 12.5s)
2026-05-02 01:43:38,749 [INFO] HTTP Request: POST http://localhost:2026/v1/chat/completions "HTTP/1.1 200 OK"
2026-05-02 01:43:38,751 [INFO] [2665/3993] id=openseek-4-ed6cd3468 GT=Ip ✅ (929ch, 3.5s)
2026-05-02 01:43:42,171 [INFO] HTTP Request: POST http://localhost:2026/v1/chat/completions "HTTP/1.1 200 OK"
2026-05-02 01:43:42,173 [INFO] [2666/3993] id=openseek-4-3141d2616 GT=theNRkhasEBX ✅ (2394ch, 10.0s)
2026-05-02 01:43:47,664 [INFO] HTTP Request: POST http://localhost:2026/v1/chat/completions "HTTP/1.1 200 OK"
2026-05-02 01:43:47,665 [INFO] [2667/3993] id=openseek-4-697d59487 GT=ofAofmpCz ✅ (2331ch, 9.4s)
2026-05-02 01:43:52,050 [INFO] HTTP Request: POST http://localhost:2026/v1/chat/completions "HTTP/1.1 200 OK"
2026-05-02 01:43:52,051 [INFO] [2668/3993] id=openseek-4-6c366c74e GT=BroadjVyouxualsonofZbWz ✅ (3113ch, 13.3s)
2026-05-02 01:43:52,245 [INFO] HTTP Request: POST http://localhost:2026/v1/chat/completions "HTTP/1.1 200 OK"
2026-05-02 01:43:52,247 [INFO] [2669/3993] id=openseek-4-c0f2e7cbc GT=aVaaway.xQrichrD ✅ (2332ch, 10.1s)
2026-05-02 01:43:58,826 [INFO] HTTP Request: POST http://localhost:2026/v1/chat/completions "HTTP/1.1 200 OK"
2026-05-02 01:43:58,828 [INFO] [2670/3993] id=openseek-4-1660068d5 GT=standard-bearerEthosezstillT ✅ (1847ch, 6.8s)
2026-05-02 01:43:59,459 [INFO] HTTP Request: POST http://localhost:2026/v1/chat/completions "HTTP/1.1 200 OK"
2026-05-02 01:43:59,460 [INFO] [2671/3993] id=openseek-4-8b193e989 GT=FaTheccallvnowJj ✅ (2693ch, 11.8s)
2026-05-02 01:44:03,728 [INFO] HTTP Request: POST http://localhost:2026/v1/chat/completions "HTTP/1.1 200 OK"
2026-05-02 01:44:03,729 [INFO] [2672/3993] id=openseek-4-d093de515 GT=wasvH ✅ (1272ch, 4.9s)
2026-05-02 01:44:07,036 [INFO] HTTP Request: POST http://localhost:2026/v1/chat/completions "HTTP/1.1 200 OK"
2026-05-02 01:44:07,038 [INFO] [2673/3993] id=openseek-4-f665997a3 GT=thickerYcome.QsomexthelLEllike ✅ (3404ch, 14.8s)
2026-05-02 01:44:12,949 [INFO] HTTP Request: POST http://localhost:2026/v1/chat/completions "HTTP/1.1 200 OK"
2026-05-02 01:44:12,950 [INFO] [2674/3993] id=openseek-4-750b89659 GT=toGPusupposedrthegtheQourw ✅ (3280ch, 13.5s)
2026-05-02 01:44:17,455 [INFO] HTTP Request: POST http://localhost:2026/v1/chat/completions "HTTP/1.1 200 OK"
2026-05-02 01:44:17,457 [INFO] [2675/3993] id=openseek-4-316e4d1eb GT=rnHCyitl ✅ (2653ch, 10.4s)
2026-05-02 01:44:18,940 [INFO] HTTP Request: POST http://localhost:2026/v1/chat/completions "HTTP/1.1 200 OK"
2026-05-02 01:44:18,942 [INFO] [2676/3993] id=openseek-4-777a44065 GT=chased,Jwater,RDMmindWwentl_ye ✅ (3665ch, 15.2s)
2026-05-02 01:44:24,558 [INFO] HTTP Request: POST http://localhost:2026/v1/chat/completions "HTTP/1.1 200 OK"
2026-05-02 01:44:24,559 [INFO] [2677/3993] id=openseek-4-299bf296b GT=softlyFtheqd ✅ (1432ch, 5.6s)
2026-05-02 01:44:28,723 [INFO] HTTP Request: POST http://localhost:2026/v1/chat/completions "HTTP/1.1 200 OK"
2026-05-02 01:44:28,724 [INFO] [2678/3993] id=openseek-4-6091b93d4 GT=PtwoCZthou,tinkgaspingsCwasDno ✅ (3609ch, 15.8s)
2026-05-02 01:44:29,507 [INFO] HTTP Request: POST http://localhost:2026/v1/chat/completions "HTTP/1.1 200 OK"
2026-05-02 01:44:29,508 [INFO] [2679/3993] id=openseek-4-9943282c5 GT=shark,NRsamerthebwthisd ✅ (2896ch, 12.1s)
2026-05-02 01:44:36,250 [INFO] HTTP Request: POST http://localhost:2026/v1/chat/completions "HTTP/1.1 200 OK"
2026-05-02 01:44:36,252 [INFO] [2680/3993] id=openseek-4-efc0cf796 GT=bthatTitO ✅ (1619ch, 6.7s)
2026-05-02 01:44:38,035 [INFO] HTTP Request: POST http://localhost:2026/v1/chat/completions "HTTP/1.1 200 OK"
2026-05-02 01:44:38,036 [INFO] [2681/3993] id=openseek-4-457d465c3 GT=SheAhappened,moftunderGjoSZ ✅ (3237ch, 13.5s)
2026-05-02 01:44:38,522 [INFO] HTTP Request: POST http://localhost:2026/v1/chat/completions "HTTP/1.1 200 OK"
2026-05-02 01:44:38,523 [INFO] [2682/3993] id=openseek-4-169240b5c GT=OburglarDAideaXvkneeursupplied ✅ (2541ch, 9.8s)
2026-05-02 01:44:44,013 [INFO] HTTP Request: POST http://localhost:2026/v1/chat/completions "HTTP/1.1 200 OK"
2026-05-02 01:44:44,014 [INFO] [2683/3993] id=openseek-4-f01d995c2 GT=borncnotWvnorMna ✅ (1474ch, 6.0s)
2026-05-02 01:44:44,687 [INFO] HTTP Request: POST http://localhost:2026/v1/chat/completions "HTTP/1.1 200 OK"
2026-05-02 01:44:44,688 [INFO] [2684/3993] id=openseek-4-4fb1856ee GT=thatZNhammeredmQ ✅ (1602ch, 6.2s)
2026-05-02 01:44:45,025 [INFO] HTTP Request: POST http://localhost:2026/v1/chat/completions "HTTP/1.1 200 OK"
2026-05-02 01:44:45,027 [INFO] [2685/3993] id=openseek-4-13ac30f74 GT=andFcaughtlupk ✅ (1807ch, 8.8s)
2026-05-02 01:44:51,513 [INFO] HTTP Request: POST http://localhost:2026/v1/chat/completions "HTTP/1.1 200 OK"
2026-05-02 01:44:51,514 [INFO] [2686/3993] id=openseek-4-8339dcd0f GT=SAsKv ✅ (1864ch, 6.8s)
2026-05-02 01:44:56,011 [INFO] HTTP Request: POST http://localhost:2026/v1/chat/completions "HTTP/1.1 200 OK"
2026-05-02 01:44:56,012 [INFO] [2687/3993] id=openseek-4-f5c26fd37 GT=ofPvelremained,dthere.FWz ✅ (2836ch, 12.0s)
2026-05-02 01:45:00,769 [INFO] HTTP Request: POST http://localhost:2026/v1/chat/completions "HTTP/1.1 200 OK"
2026-05-02 01:45:00,770 [INFO] [2688/3993] id=openseek-4-f9c11244a GT=Cook,ITBaUpLmeGy ✅ (3562ch, 15.7s)
2026-05-02 01:45:01,387 [INFO] HTTP Request: POST http://localhost:2026/v1/chat/completions "HTTP/1.1 200 OK"
2026-05-02 01:45:01,388 [INFO] [2689/3993] id=openseek-4-545ef0a2c GT=CtheosaidqMCrish,R ✅ (2381ch, 9.9s)
2026-05-02 01:45:07,082 [INFO] HTTP Request: POST http://localhost:2026/v1/chat/completions "HTTP/1.1 200 OK"
2026-05-02 01:45:07,083 [INFO] [2690/3993] id=openseek-4-20d6757df GT=preparingQtoaaP ✅ (1286ch, 6.3s)
2026-05-02 01:45:09,159 [INFO] HTTP Request: POST http://localhost:2026/v1/chat/completions "HTTP/1.1 200 OK"
2026-05-02 01:45:09,161 [INFO] [2691/3993] id=openseek-4-899fdc67e GT=compassesqstuckvfarms.cOv ✅ (3418ch, 13.1s)
2026-05-02 01:45:11,118 [INFO] HTTP Request: POST http://localhost:2026/v1/chat/completions "HTTP/1.1 200 OK"
2026-05-02 01:45:11,119 [INFO] [2692/3993] id=openseek-4-165d75c91 GT=jollyvIutterlyKgandq ✅ (2397ch, 9.7s)
2026-05-02 01:45:12,728 [INFO] HTTP Request: POST http://localhost:2026/v1/chat/completions "HTTP/1.1 200 OK"
2026-05-02 01:45:12,729 [INFO] [2693/3993] id=openseek-4-0b918c8b8 GT=happensgsaddedA ✅ (1420ch, 5.6s)
2026-05-02 01:45:13,981 [INFO] HTTP Request: POST http://localhost:2026/v1/chat/completions "HTTP/1.1 200 OK"
2026-05-02 01:45:13,982 [INFO] [2694/3993] id=openseek-4-cf2608fc0 GT=Ytheng ✅ (1236ch, 4.8s)
2026-05-02 01:45:22,340 [INFO] HTTP Request: POST http://localhost:2026/v1/chat/completions "HTTP/1.1 200 OK"
2026-05-02 01:45:22,342 [INFO] [2695/3993] id=openseek-4-3da4cdfc2 GT=DQAbeforeQwhenflessonXQtheF ✅ (2828ch, 11.2s)
2026-05-02 01:45:23,551 [INFO] HTTP Request: POST http://localhost:2026/v1/chat/completions "HTTP/1.1 200 OK"
2026-05-02 01:45:23,552 [INFO] [2696/3993] id=openseek-4-b145a91c6 GT=qrtheseIFkNpCTown-Hofu ✅ (2245ch, 10.8s)
2026-05-02 01:45:24,537 [INFO] HTTP Request: POST http://localhost:2026/v1/chat/completions "HTTP/1.1 200 OK"
2026-05-02 01:45:24,538 [INFO] [2697/3993] id=openseek-4-3d64fc75a GT=moderateGHMkZvface.ZhaveCthatO ✅ (2691ch, 10.6s)
2026-05-02 01:45:31,011 [INFO] HTTP Request: POST http://localhost:2026/v1/chat/completions "HTTP/1.1 200 OK"
2026-05-02 01:45:31,012 [INFO] [2698/3993] id=openseek-4-ebde42d1f GT=inhawObattleP ✅ (2232ch, 8.7s)
2026-05-02 01:45:40,702 [INFO] HTTP Request: POST http://localhost:2026/v1/chat/completions "HTTP/1.1 200 OK"
2026-05-02 01:45:40,704 [INFO] [2699/3993] id=openseek-4-b7ce57d0e GT=wAndZythehXmistakenJh ✅ (3792ch, 17.2s)
2026-05-02 01:45:43,532 [INFO] HTTP Request: POST http://localhost:2026/v1/chat/completions "HTTP/1.1 200 OK"
2026-05-02 01:45:43,532 [INFO] [2700/3993] id=openseek-4-5a5642232 GT=xsuperstition;hgXrcherishzSU ✅ (2993ch, 12.5s)
2026-05-02 01:45:43,694 [INFO]   💾 已保存 (成功=2685 失败=15) | 3.8s/条均值 | ETA=81min
2026-05-02 01:45:44,068 [INFO] HTTP Request: POST http://localhost:2026/v1/chat/completions "HTTP/1.1 200 OK"
2026-05-02 01:45:44,068 [WARNING]   [attempt 1 T=0.0] think validate 失败 (len=4277): 'Okay, let's see. I need to concatenate this list of strings into a single line w'
2026-05-02 01:45:49,549 [INFO] HTTP Request: POST http://localhost:2026/v1/chat/completions "HTTP/1.1 200 OK"
2026-05-02 01:45:49,550 [INFO] [2701/3993] id=openseek-4-07c510e18 GT=WandSforbcutO ✅ (2184ch, 8.8s)
2026-05-02 01:45:53,470 [INFO] HTTP Request: POST http://localhost:2026/v1/chat/completions "HTTP/1.1 200 OK"
2026-05-02 01:45:53,472 [INFO] [2702/3993] id=openseek-4-cce5cfdfd GT=JFortyEn ✅ (2553ch, 9.9s)
2026-05-02 01:46:01,865 [INFO] HTTP Request: POST http://localhost:2026/v1/chat/completions "HTTP/1.1 200 OK"
2026-05-02 01:46:01,867 [INFO] [2703/3993] id=openseek-4-883b9fc65 GT=Bc8Who9sdtatNpinnyDhim,Umaple, ✅ (3709ch, 37.3s)
2026-05-02 01:46:02,445 [INFO] HTTP Request: POST http://localhost:2026/v1/chat/completions "HTTP/1.1 200 OK"
2026-05-02 01:46:02,446 [INFO] [2704/3993] id=openseek-4-589d11a53 GT=cppofsanLq ✅ (2160ch, 9.0s)
2026-05-02 01:46:02,734 [INFO] HTTP Request: POST http://localhost:2026/v1/chat/completions "HTTP/1.1 200 OK"
2026-05-02 01:46:02,735 [INFO] [2705/3993] id=openseek-4-db3d4be8d GT=cmustGoil,ZCIkd ✅ (3136ch, 13.2s)
2026-05-02 01:46:06,600 [INFO] HTTP Request: POST http://localhost:2026/v1/chat/completions "HTTP/1.1 200 OK"
2026-05-02 01:46:06,601 [INFO] [2706/3993] id=openseek-4-5acbc2643 GT=Qa ✅ (888ch, 3.9s)
2026-05-02 01:46:08,286 [INFO] HTTP Request: POST http://localhost:2026/v1/chat/completions "HTTP/1.1 200 OK"
2026-05-02 01:46:08,288 [INFO] [2707/3993] id=openseek-4-02b23614e GT=silverIWN ✅ (1739ch, 6.4s)
2026-05-02 01:46:11,100 [INFO] HTTP Request: POST http://localhost:2026/v1/chat/completions "HTTP/1.1 200 OK"
2026-05-02 01:46:11,101 [INFO] [2708/3993] id=openseek-4-692bacf77 GT=LGeorge9sPoMM ✅ (2133ch, 8.7s)
2026-05-02 01:46:17,480 [INFO] HTTP Request: POST http://localhost:2026/v1/chat/completions "HTTP/1.1 200 OK"
2026-05-02 01:46:17,481 [INFO] [2709/3993] id=openseek-4-5efcf2a2c GT=ropejotdseeingD ✅ (1558ch, 6.4s)
2026-05-02 01:46:19,528 [INFO] HTTP Request: POST http://localhost:2026/v1/chat/completions "HTTP/1.1 200 OK"
2026-05-02 01:46:19,529 [INFO] [2710/3993] id=openseek-4-78aa7c651 GT=TStarbuck.bwillQsmitingLgweZna ✅ (3140ch, 12.9s)
2026-05-02 01:46:24,521 [INFO] HTTP Request: POST http://localhost:2026/v1/chat/completions "HTTP/1.1 200 OK"
2026-05-02 01:46:24,522 [INFO] [2711/3993] id=openseek-4-b6f24688f GT=thevTtoMDon9toqcHandsZunwelcom ✅ (3591ch, 16.2s)
2026-05-02 01:46:30,633 [INFO] HTTP Request: POST http://localhost:2026/v1/chat/completions "HTTP/1.1 200 OK"
2026-05-02 01:46:30,635 [INFO] [2712/3993] id=openseek-4-d95434cdb GT=uhimself,otakenYzcheerfulSuthe ✅ (3176ch, 13.2s)
2026-05-02 01:46:31,859 [INFO] HTTP Request: POST http://localhost:2026/v1/chat/completions "HTTP/1.1 200 OK"
2026-05-02 01:46:31,860 [INFO] [2713/3993] id=openseek-4-6ecbbc606 GT=ByRsalltButs ✅ (1570ch, 7.3s)
2026-05-02 01:46:32,725 [INFO] HTTP Request: POST http://localhost:2026/v1/chat/completions "HTTP/1.1 200 OK"
2026-05-02 01:46:32,727 [INFO] [2714/3993] id=openseek-4-c83599b8f GT=IjXooutterlyqwithNDUasA ✅ (3180ch, 13.2s)
2026-05-02 01:46:43,635 [INFO] HTTP Request: POST http://localhost:2026/v1/chat/completions "HTTP/1.1 200 OK"
2026-05-02 01:46:43,636 [INFO] [2715/3993] id=openseek-4-903f95b13 GT=sea.zitsCbodily,Mreachings ✅ (2642ch, 10.9s)
2026-05-02 01:46:46,084 [INFO] HTTP Request: POST http://localhost:2026/v1/chat/completions "HTTP/1.1 200 OK"
2026-05-02 01:46:46,085 [INFO] [2716/3993] id=openseek-4-2774e249f GT=dusawZLsoAtheFYqnext;cforV ✅ (3494ch, 14.2s)
2026-05-02 01:46:47,260 [INFO] HTTP Request: POST http://localhost:2026/v1/chat/completions "HTTP/1.1 200 OK"
2026-05-02 01:46:47,261 [INFO] [2717/3993] id=openseek-4-41d6a5e6d GT=tI9dLthatFZrofktoadartedmtheDo ✅ (3839ch, 16.6s)
2026-05-02 01:46:51,442 [INFO] HTTP Request: POST http://localhost:2026/v1/chat/completions "HTTP/1.1 200 OK"
2026-05-02 01:46:51,444 [INFO] [2718/3993] id=openseek-4-063fcc68f GT=andEpNsailors,P ✅ (2009ch, 7.8s)
2026-05-02 01:46:52,510 [INFO] HTTP Request: POST http://localhost:2026/v1/chat/completions "HTTP/1.1 200 OK"
2026-05-02 01:46:52,511 [INFO] [2719/3993] id=openseek-4-46b3d9461 GT=kTwhenqc ✅ (1362ch, 5.2s)
2026-05-02 01:46:54,127 [INFO] HTTP Request: POST http://localhost:2026/v1/chat/completions "HTTP/1.1 200 OK"
2026-05-02 01:46:54,128 [INFO] [2720/3993] id=openseek-4-6ff88f1c2 GT=barbsXbutncc ✅ (2070ch, 8.0s)
2026-05-02 01:47:06,924 [INFO] HTTP Request: POST http://localhost:2026/v1/chat/completions "HTTP/1.1 200 OK"
2026-05-02 01:47:06,925 [INFO] [2721/3993] id=openseek-4-1437c8d02 GT=catchkdtoqODeathlwhale-shipnth ✅ (3107ch, 12.8s)
2026-05-02 01:47:09,737 [INFO] HTTP Request: POST http://localhost:2026/v1/chat/completions "HTTP/1.1 200 OK"
2026-05-02 01:47:09,738 [INFO] [2722/3993] id=openseek-4-b2ca3ccc3 GT=topandztheJpHpalpablenessLQoan ✅ (3965ch, 18.3s)
2026-05-02 01:47:10,385 [INFO] HTTP Request: POST http://localhost:2026/v1/chat/completions "HTTP/1.1 200 OK"
2026-05-02 01:47:10,386 [INFO] [2723/3993] id=openseek-4-58fe10c09 GT=Ai ✅ (926ch, 3.5s)
2026-05-02 01:47:14,566 [INFO] HTTP Request: POST http://localhost:2026/v1/chat/completions "HTTP/1.1 200 OK"
2026-05-02 01:47:14,566 [WARNING]   [attempt 1 T=0.0] 答案校验失败 pred='...' expect='the f none H me. Q the e feet i they y voice, D r'
2026-05-02 01:47:19,850 [INFO] HTTP Request: POST http://localhost:2026/v1/chat/completions "HTTP/1.1 200 OK"
2026-05-02 01:47:19,851 [INFO] [2724/3993] id=openseek-4-0154e99b6 GT=ZHrolledxthanFisZe ✅ (2349ch, 9.5s)
2026-05-02 01:47:20,612 [INFO] HTTP Request: POST http://localhost:2026/v1/chat/completions "HTTP/1.1 200 OK"
2026-05-02 01:47:20,613 [INFO] [2725/3993] id=openseek-4-ee4704b1e GT=Bhim,VasQtheyw ✅ (2654ch, 10.9s)
2026-05-02 01:47:26,676 [INFO] HTTP Request: POST http://localhost:2026/v1/chat/completions "HTTP/1.1 200 OK"
2026-05-02 01:47:26,677 [INFO] [2726/3993] id=openseek-4-39c9e2cd3 GT=thefnoneHme.Qtheefeetitheyyvoi ✅ (2856ch, 34.2s)
2026-05-02 01:47:30,294 [INFO] HTTP Request: POST http://localhost:2026/v1/chat/completions "HTTP/1.1 200 OK"
2026-05-02 01:47:30,295 [INFO] [2727/3993] id=openseek-4-130240b6e GT=bzUSpermWdidKhofm ✅ (2415ch, 10.4s)
2026-05-02 01:47:33,154 [INFO] HTTP Request: POST http://localhost:2026/v1/chat/completions "HTTP/1.1 200 OK"
2026-05-02 01:47:33,155 [INFO] [2728/3993] id=openseek-4-be6388b50 GT=likerIaLlittleMxknightsnjCklun ✅ (2936ch, 12.5s)
2026-05-02 01:47:35,462 [INFO] HTTP Request: POST http://localhost:2026/v1/chat/completions "HTTP/1.1 200 OK"
2026-05-02 01:47:35,464 [INFO] [2729/3993] id=openseek-4-8cd639359 GT=ptbadek ✅ (1327ch, 5.2s)
2026-05-02 01:47:38,722 [INFO] HTTP Request: POST http://localhost:2026/v1/chat/completions "HTTP/1.1 200 OK"
2026-05-02 01:47:38,723 [INFO] [2730/3993] id=openseek-4-62a87d409 GT=jHKcEJ ✅ (1292ch, 5.6s)
2026-05-02 01:47:40,537 [INFO] HTTP Request: POST http://localhost:2026/v1/chat/completions "HTTP/1.1 200 OK"
2026-05-02 01:47:40,538 [INFO] [2731/3993] id=openseek-4-50125f882 GT=goodgGEaIHOrods!dW ✅ (3296ch, 13.9s)
2026-05-02 01:47:46,907 [INFO] HTTP Request: POST http://localhost:2026/v1/chat/completions "HTTP/1.1 200 OK"
2026-05-02 01:47:46,909 [INFO] [2732/3993] id=openseek-4-2bbd3cb39 GT=Mrlidvbeen,ktheDlikeX ✅ (2812ch, 11.4s)
2026-05-02 01:47:50,827 [INFO] HTTP Request: POST http://localhost:2026/v1/chat/completions "HTTP/1.1 200 OK"
2026-05-02 01:47:50,829 [INFO] [2733/3993] id=openseek-4-b3fb0ad40 GT=OstuffedyfieldRCsthouM ✅ (3109ch, 12.1s)
2026-05-02 01:47:53,067 [INFO] HTTP Request: POST http://localhost:2026/v1/chat/completions "HTTP/1.1 200 OK"
2026-05-02 01:47:53,068 [INFO] [2734/3993] id=openseek-4-530fa2095 GT=morning;tIPBibles,MironpItRL ✅ (3149ch, 12.5s)
2026-05-02 01:47:55,349 [INFO] HTTP Request: POST http://localhost:2026/v1/chat/completions "HTTP/1.1 200 OK"
2026-05-02 01:47:55,350 [INFO] [2735/3993] id=openseek-4-5948f17af GT=rIfaceOlurkingVFGD ✅ (2112ch, 8.4s)
2026-05-02 01:48:06,237 [INFO] HTTP Request: POST http://localhost:2026/v1/chat/completions "HTTP/1.1 200 OK"
2026-05-02 01:48:06,239 [INFO] [2736/3993] id=openseek-4-b77659a16 GT=cryqwithHhisbbows,gp ✅ (2884ch, 10.9s)
2026-05-02 01:48:08,515 [INFO] HTTP Request: POST http://localhost:2026/v1/chat/completions "HTTP/1.1 200 OK"
2026-05-02 01:48:08,516 [WARNING]   [attempt 1 T=0.0] think validate 失败 (len=4007): 'Okay, let's see. I need to concatenate this list of strings into a single line w'
2026-05-02 01:48:12,604 [INFO] HTTP Request: POST http://localhost:2026/v1/chat/completions "HTTP/1.1 200 OK"
2026-05-02 01:48:12,605 [WARNING]   [attempt 1 T=0.0] think validate 失败 (len=4378): 'Okay, let's see. I need to concatenate this list of strings into a single line w'
2026-05-02 01:48:12,991 [INFO] HTTP Request: POST http://localhost:2026/v1/chat/completions "HTTP/1.1 200 OK"
2026-05-02 01:48:12,993 [INFO] [2737/3993] id=openseek-4-517b5be41 GT=selectesthAmIfn ✅ (1683ch, 6.8s)
2026-05-02 01:48:19,271 [INFO] HTTP Request: POST http://localhost:2026/v1/chat/completions "HTTP/1.1 200 OK"
2026-05-02 01:48:19,273 [INFO] [2738/3993] id=openseek-4-3d13ae336 GT=jnCcbutFissfranklyt ✅ (1373ch, 6.3s)
2026-05-02 01:48:26,451 [INFO] HTTP Request: POST http://localhost:2026/v1/chat/completions "HTTP/1.1 200 OK"
2026-05-02 01:48:26,453 [INFO] [2739/3993] id=openseek-4-6c10a7712 GT=sofas,tAtlanticzthemowPhallies ✅ (3799ch, 35.6s)
2026-05-02 01:48:29,793 [INFO] HTTP Request: POST http://localhost:2026/v1/chat/completions "HTTP/1.1 200 OK"
2026-05-02 01:48:29,795 [INFO] [2740/3993] id=openseek-4-b0d539acd GT=it,Actreacherousbwasrbiandgbof ✅ (3586ch, 36.7s)
2026-05-02 01:48:32,952 [INFO] HTTP Request: POST http://localhost:2026/v1/chat/completions "HTTP/1.1 200 OK"
2026-05-02 01:48:32,953 [INFO] [2741/3993] id=openseek-4-9574e163c GT=Hbs ✅ (1679ch, 6.5s)
2026-05-02 01:48:40,338 [INFO] HTTP Request: POST http://localhost:2026/v1/chat/completions "HTTP/1.1 200 OK"
2026-05-02 01:48:40,339 [WARNING]   [attempt 1 T=0.0] think validate 失败 (len=4610): 'Okay, let's see. I need to concatenate this list of strings into a single line w'
2026-05-02 01:48:46,864 [INFO] HTTP Request: POST http://localhost:2026/v1/chat/completions "HTTP/1.1 200 OK"
2026-05-02 01:48:46,866 [INFO] [2742/3993] id=openseek-4-8d6ee7fe6 GT=aehMrs.hpweregdaysephoY ✅ (2821ch, 13.9s)
2026-05-02 01:48:48,824 [INFO] HTTP Request: POST http://localhost:2026/v1/chat/completions "HTTP/1.1 200 OK"
2026-05-02 01:48:48,824 [WARNING]   [attempt 1 T=0.0] think validate 失败 (len=4161): 'Okay, let's see. I need to concatenate this list of strings into a single line w'
2026-05-02 01:48:51,079 [INFO] HTTP Request: POST http://localhost:2026/v1/chat/completions "HTTP/1.1 200 OK"
2026-05-02 01:48:51,081 [INFO] [2743/3993] id=openseek-4-34c98cd5a GT=StarbuckfuPequodgiszRfsixA ✅ (2230ch, 31.8s)
2026-05-02 01:48:57,566 [INFO] HTTP Request: POST http://localhost:2026/v1/chat/completions "HTTP/1.1 200 OK"
2026-05-02 01:48:57,568 [INFO] [2744/3993] id=openseek-4-cd9a70aab GT=up,udippers;HBfme.F ✅ (2592ch, 10.7s)
2026-05-02 01:49:02,160 [INFO] HTTP Request: POST http://localhost:2026/v1/chat/completions "HTTP/1.1 200 OK"
2026-05-02 01:49:02,161 [INFO] [2745/3993] id=openseek-4-fd04bdec0 GT=ZgDoldaunworshippingwplainlyDp ✅ (2729ch, 11.1s)
2026-05-02 01:49:05,974 [INFO] HTTP Request: POST http://localhost:2026/v1/chat/completions "HTTP/1.1 200 OK"
2026-05-02 01:49:05,975 [INFO] [2746/3993] id=openseek-4-9b0bbeca5 GT=too,GhadYandEfromDpGthedycrede ✅ (3711ch, 36.2s)
2026-05-02 01:49:09,881 [INFO] HTTP Request: POST http://localhost:2026/v1/chat/completions "HTTP/1.1 200 OK"
2026-05-02 01:49:09,883 [INFO] [2747/3993] id=openseek-4-2eccb3801 GT=KujustMIQshallQs ✅ (2985ch, 12.3s)
2026-05-02 01:49:10,470 [INFO] HTTP Request: POST http://localhost:2026/v1/chat/completions "HTTP/1.1 200 OK"
2026-05-02 01:49:10,471 [INFO] [2748/3993] id=openseek-4-700df34a7 GT=rtheRPeleg4that9sHfeUDx ✅ (2043ch, 8.3s)
2026-05-02 01:49:14,162 [INFO] HTTP Request: POST http://localhost:2026/v1/chat/completions "HTTP/1.1 200 OK"
2026-05-02 01:49:14,163 [INFO] [2749/3993] id=openseek-4-a98ec00b9 GT=aUfireside,lWL ✅ (2187ch, 8.2s)
2026-05-02 01:49:17,404 [INFO] HTTP Request: POST http://localhost:2026/v1/chat/completions "HTTP/1.1 200 OK"
2026-05-02 01:49:17,405 [INFO] [2750/3993] id=openseek-4-b0da4ffdb GT=FogoePF ✅ (1847ch, 6.9s)
2026-05-02 01:49:20,819 [INFO] HTTP Request: POST http://localhost:2026/v1/chat/completions "HTTP/1.1 200 OK"
2026-05-02 01:49:20,820 [INFO] [2751/3993] id=openseek-4-654582606 GT=mM ✅ (938ch, 3.4s)
2026-05-02 01:49:23,193 [INFO] HTTP Request: POST http://localhost:2026/v1/chat/completions "HTTP/1.1 200 OK"
2026-05-02 01:49:23,194 [INFO] [2752/3993] id=openseek-4-c1fc7e314 GT=toFHIHthis?o ✅ (2136ch, 9.0s)
2026-05-02 01:49:28,667 [INFO] HTTP Request: POST http://localhost:2026/v1/chat/completions "HTTP/1.1 200 OK"
2026-05-02 01:49:28,669 [INFO] [2753/3993] id=openseek-4-b357d3f14 GT=ivorywYofRTtonQYTthemStarbuckH ✅ (3997ch, 18.8s)
2026-05-02 01:49:31,630 [INFO] HTTP Request: POST http://localhost:2026/v1/chat/completions "HTTP/1.1 200 OK"
2026-05-02 01:49:31,632 [INFO] [2754/3993] id=openseek-4-9a0a3dda9 GT=scatteredDrestcothouifoundZ ✅ (2900ch, 10.8s)
2026-05-02 01:49:37,888 [INFO] HTTP Request: POST http://localhost:2026/v1/chat/completions "HTTP/1.1 200 OK"
2026-05-02 01:49:37,889 [INFO] [2755/3993] id=openseek-4-be9e20b1c GT=Ishmael.Yonationshseveralqmen. ✅ (3429ch, 14.7s)
2026-05-02 01:49:39,924 [INFO] HTTP Request: POST http://localhost:2026/v1/chat/completions "HTTP/1.1 200 OK"
2026-05-02 01:49:39,926 [INFO] [2756/3993] id=openseek-4-baa2b3c63 GT=xbhLofZ ✅ (2161ch, 8.3s)
2026-05-02 01:49:41,266 [INFO] HTTP Request: POST http://localhost:2026/v1/chat/completions "HTTP/1.1 200 OK"
2026-05-02 01:49:41,268 [INFO] [2757/3993] id=openseek-4-3639ada3f GT=jmockatcorrespondingwfoamingkt ✅ (3211ch, 12.6s)
2026-05-02 01:49:48,328 [INFO] HTTP Request: POST http://localhost:2026/v1/chat/completions "HTTP/1.1 200 OK"
2026-05-02 01:49:48,330 [INFO] [2758/3993] id=openseek-4-f33a470be GT=IapfgYt ✅ (2041ch, 8.4s)
2026-05-02 01:49:48,976 [INFO] HTTP Request: POST http://localhost:2026/v1/chat/completions "HTTP/1.1 200 OK"
2026-05-02 01:49:48,978 [INFO] [2759/3993] id=openseek-4-603dcad34 GT=allnsYwasionvextraHsomeG ✅ (2820ch, 11.1s)
2026-05-02 01:49:49,916 [INFO] HTTP Request: POST http://localhost:2026/v1/chat/completions "HTTP/1.1 200 OK"
2026-05-02 01:49:49,917 [INFO] [2760/3993] id=openseek-4-a479b576c GT=PQgreatCcabinsqf ✅ (2182ch, 8.6s)
2026-05-02 01:49:55,682 [INFO] HTTP Request: POST http://localhost:2026/v1/chat/completions "HTTP/1.1 200 OK"
2026-05-02 01:49:55,683 [INFO] [2761/3993] id=openseek-4-36f439fbf GT=cabin.AYf ✅ (1852ch, 7.4s)
2026-05-02 01:50:00,742 [INFO] HTTP Request: POST http://localhost:2026/v1/chat/completions "HTTP/1.1 200 OK"
2026-05-02 01:50:00,744 [INFO] [2762/3993] id=openseek-4-542358a2d GT=zcQbutx ✅ (1280ch, 5.1s)
2026-05-02 01:50:02,801 [INFO] HTTP Request: POST http://localhost:2026/v1/chat/completions "HTTP/1.1 200 OK"
2026-05-02 01:50:02,803 [INFO] [2763/3993] id=openseek-4-d40b70a10 GT=jlife-buoyAXKsequatorialOLinM ✅ (3043ch, 12.9s)
2026-05-02 01:50:02,868 [INFO] HTTP Request: POST http://localhost:2026/v1/chat/completions "HTTP/1.1 200 OK"
2026-05-02 01:50:02,869 [INFO] [2764/3993] id=openseek-4-a5a5428aa GT=MeasurementgaxTZuhandOimposing ✅ (3480ch, 13.9s)
2026-05-02 01:50:03,914 [INFO] HTTP Request: POST http://localhost:2026/v1/chat/completions "HTTP/1.1 200 OK"
2026-05-02 01:50:03,916 [INFO] [2765/3993] id=openseek-4-808ae9464 GT=RF ✅ (815ch, 3.2s)
2026-05-02 01:50:09,841 [INFO] HTTP Request: POST http://localhost:2026/v1/chat/completions "HTTP/1.1 200 OK"
2026-05-02 01:50:09,842 [INFO] [2766/3993] id=openseek-4-8df0f685e GT=HIwAAp ✅ (1748ch, 7.0s)
2026-05-02 01:50:13,439 [INFO] HTTP Request: POST http://localhost:2026/v1/chat/completions "HTTP/1.1 200 OK"
2026-05-02 01:50:13,441 [INFO] [2767/3993] id=openseek-4-190ee9ee7 GT=thatgneed,Lthereof9isneaksVthi ✅ (2381ch, 9.5s)
2026-05-02 01:50:14,968 [INFO] HTTP Request: POST http://localhost:2026/v1/chat/completions "HTTP/1.1 200 OK"
2026-05-02 01:50:14,970 [INFO] [2768/3993] id=openseek-4-0935f5ed4 GT=cLMcreturnsTforJK ✅ (2868ch, 12.1s)
2026-05-02 01:50:19,170 [INFO] HTTP Request: POST http://localhost:2026/v1/chat/completions "HTTP/1.1 200 OK"
2026-05-02 01:50:19,172 [INFO] [2769/3993] id=openseek-4-183b865ef GT=inferiorityOsano ✅ (1170ch, 5.7s)
2026-05-02 01:50:22,529 [INFO] HTTP Request: POST http://localhost:2026/v1/chat/completions "HTTP/1.1 200 OK"
2026-05-02 01:50:22,531 [INFO] [2770/3993] id=openseek-4-4d33a054e GT=gprecedingKldoOaOheQhaveX ✅ (3130ch, 12.7s)
2026-05-02 01:50:32,978 [INFO] HTTP Request: POST http://localhost:2026/v1/chat/completions "HTTP/1.1 200 OK"
2026-05-02 01:50:32,978 [WARNING]   [attempt 1 T=0.0] think validate 失败 (len=4282): 'Okay, let's see. I need to concatenate this list of strings into a single line w'
2026-05-02 01:50:34,113 [INFO] HTTP Request: POST http://localhost:2026/v1/chat/completions "HTTP/1.1 200 OK"
2026-05-02 01:50:34,115 [INFO] [2771/3993] id=openseek-4-1afca7c2d GT=kMCcarefulpgunwale.kfire;ZY ✅ (3479ch, 14.9s)
2026-05-02 01:50:35,594 [INFO] HTTP Request: POST http://localhost:2026/v1/chat/completions "HTTP/1.1 200 OK"
2026-05-02 01:50:35,596 [INFO] [2772/3993] id=openseek-4-69d2feded GT=nothingCthen,AtillOhimCobiscui ✅ (3121ch, 13.1s)
2026-05-02 01:50:40,864 [INFO] HTTP Request: POST http://localhost:2026/v1/chat/completions "HTTP/1.1 200 OK"
2026-05-02 01:50:40,866 [INFO] [2773/3993] id=openseek-4-09929df5f GT=BgreatGSearlierPexceedinglyr ✅ (1686ch, 6.8s)
2026-05-02 01:50:46,304 [INFO] HTTP Request: POST http://localhost:2026/v1/chat/completions "HTTP/1.1 200 OK"
2026-05-02 01:50:46,305 [INFO] [2774/3993] id=openseek-4-dda503a89 GT=thyRthebmanifoldONDjacketcinop ✅ (3217ch, 31.3s)
2026-05-02 01:50:50,054 [INFO] HTTP Request: POST http://localhost:2026/v1/chat/completions "HTTP/1.1 200 OK"
2026-05-02 01:50:50,056 [INFO] [2775/3993] id=openseek-4-1e389b933 GT=hthingJofQplank,xgdTthehFproud ✅ (3311ch, 14.5s)
2026-05-02 01:50:52,944 [INFO] HTTP Request: POST http://localhost:2026/v1/chat/completions "HTTP/1.1 200 OK"
2026-05-02 01:50:52,945 [INFO] [2776/3993] id=openseek-4-dedddac1c GT=edrawingXWrarenstheDa ✅ (3148ch, 12.1s)
2026-05-02 01:50:58,824 [INFO] HTTP Request: POST http://localhost:2026/v1/chat/completions "HTTP/1.1 200 OK"
2026-05-02 01:50:58,825 [INFO] [2777/3993] id=openseek-4-c81fa0f38 GT=TXnight.jVcomforts,OhadTboatr ✅ (2967ch, 12.5s)
2026-05-02 01:51:01,405 [INFO] HTTP Request: POST http://localhost:2026/v1/chat/completions "HTTP/1.1 200 OK"
2026-05-02 01:51:01,407 [INFO] [2778/3993] id=openseek-4-36435bf1b GT=kOVvariousUbMcomeXMa ✅ (2751ch, 11.4s)
2026-05-02 01:51:02,262 [INFO] HTTP Request: POST http://localhost:2026/v1/chat/completions "HTTP/1.1 200 OK"
2026-05-02 01:51:02,263 [INFO] [2779/3993] id=openseek-4-9303d5975 GT=slabsqexasperatingpaNnamedesca ✅ (2377ch, 9.3s)
2026-05-02 01:51:06,041 [INFO] HTTP Request: POST http://localhost:2026/v1/chat/completions "HTTP/1.1 200 OK"
2026-05-02 01:51:06,042 [INFO] [2780/3993] id=openseek-4-94a7c3b2f GT=SeatforkedN ✅ (1114ch, 4.6s)
2026-05-02 01:51:12,770 [INFO] HTTP Request: POST http://localhost:2026/v1/chat/completions "HTTP/1.1 200 OK"
2026-05-02 01:51:12,771 [INFO] [2781/3993] id=openseek-4-6ce879cd5 GT=XI9lliarisenvUqNpresentoUhisNB ✅ (3447ch, 13.9s)
2026-05-02 01:51:13,951 [INFO] HTTP Request: POST http://localhost:2026/v1/chat/completions "HTTP/1.1 200 OK"
2026-05-02 01:51:13,952 [INFO] [2782/3993] id=openseek-4-0fe0c53d8 GT=asHAllKbeT ✅ (1922ch, 7.9s)
2026-05-02 01:51:15,468 [INFO] HTTP Request: POST http://localhost:2026/v1/chat/completions "HTTP/1.1 200 OK"
2026-05-02 01:51:15,469 [INFO] [2783/3993] id=openseek-4-09d480080 GT=gthesgthisjespeciallyKdo?4all? ✅ (3384ch, 13.2s)
2026-05-02 01:51:18,277 [INFO] HTTP Request: POST http://localhost:2026/v1/chat/completions "HTTP/1.1 200 OK"
2026-05-02 01:51:18,278 [INFO] [2784/3993] id=openseek-4-6e2c4c9b9 GT=royalxsoonzDp ✅ (1395ch, 5.5s)
2026-05-02 01:51:18,921 [INFO] HTTP Request: POST http://localhost:2026/v1/chat/completions "HTTP/1.1 200 OK"
2026-05-02 01:51:18,922 [INFO] [2785/3993] id=openseek-4-b0d78f603 GT=hG ✅ (657ch, 3.5s)
2026-05-02 01:51:22,611 [INFO] HTTP Request: POST http://localhost:2026/v1/chat/completions "HTTP/1.1 200 OK"
2026-05-02 01:51:22,612 [INFO] [2786/3993] id=openseek-4-9eb81aa2c GT=Wh ✅ (972ch, 3.7s)
2026-05-02 01:51:24,401 [INFO] HTTP Request: POST http://localhost:2026/v1/chat/completions "HTTP/1.1 200 OK"
2026-05-02 01:51:24,402 [INFO] [2787/3993] id=openseek-4-48409d7d6 GT=anddyuFGtheirnofB ✅ (2703ch, 10.4s)
2026-05-02 01:51:27,484 [INFO] HTTP Request: POST http://localhost:2026/v1/chat/completions "HTTP/1.1 200 OK"
2026-05-02 01:51:27,485 [INFO] [2788/3993] id=openseek-4-9672deaa0 GT=MALface,K ✅ (2219ch, 9.2s)
2026-05-02 01:51:28,197 [INFO] HTTP Request: POST http://localhost:2026/v1/chat/completions "HTTP/1.1 200 OK"
2026-05-02 01:51:28,199 [INFO] [2789/3993] id=openseek-4-2f2e9df0a GT=HeadsvItol ✅ (1389ch, 5.6s)
2026-05-02 01:51:39,886 [INFO] HTTP Request: POST http://localhost:2026/v1/chat/completions "HTTP/1.1 200 OK"
2026-05-02 01:51:39,888 [INFO] [2790/3993] id=openseek-4-c85c2b676 GT=SJfreedomzpgivesAjignorantzsta ✅ (3769ch, 15.5s)
2026-05-02 01:51:42,550 [INFO] HTTP Request: POST http://localhost:2026/v1/chat/completions "HTTP/1.1 200 OK"
2026-05-02 01:51:42,552 [INFO] [2791/3993] id=openseek-4-f35933975 GT=kuayWbethinkingfatUCaptainOy ✅ (3580ch, 15.1s)
2026-05-02 01:51:44,897 [INFO] HTTP Request: POST http://localhost:2026/v1/chat/completions "HTTP/1.1 200 OK"
2026-05-02 01:51:44,898 [WARNING]   [attempt 1 T=0.0] think validate 失败 (len=4090): 'Okay, let's see. I need to concatenate this list of strings into a single line w'
2026-05-02 01:51:49,416 [INFO] HTTP Request: POST http://localhost:2026/v1/chat/completions "HTTP/1.1 200 OK"
2026-05-02 01:51:49,417 [INFO] [2792/3993] id=openseek-4-13d3e8850 GT=otherTMbForYek ✅ (2152ch, 9.5s)
2026-05-02 01:51:55,635 [INFO] HTTP Request: POST http://localhost:2026/v1/chat/completions "HTTP/1.1 200 OK"
2026-05-02 01:51:55,636 [INFO] [2793/3993] id=openseek-4-0a3618f59 GT=PLkwhalebonen ✅ (1227ch, 6.2s)
2026-05-02 01:51:56,289 [INFO] HTTP Request: POST http://localhost:2026/v1/chat/completions "HTTP/1.1 200 OK"
2026-05-02 01:51:56,290 [INFO] [2794/3993] id=openseek-4-f3dce525f GT=ycaughtdfboys,mtensionlbutenor ✅ (3228ch, 13.7s)
2026-05-02 01:51:58,267 [INFO] HTTP Request: POST http://localhost:2026/v1/chat/completions "HTTP/1.1 200 OK"
2026-05-02 01:51:58,269 [INFO] [2795/3993] id=openseek-4-d30f2cfe7 GT=scrapedUvuponsV.ahh ✅ (3199ch, 30.1s)
2026-05-02 01:52:07,908 [INFO] HTTP Request: POST http://localhost:2026/v1/chat/completions "HTTP/1.1 200 OK"
2026-05-02 01:52:07,909 [INFO] [2796/3993] id=openseek-4-40ac1de02 GT=violenceehisDquarterAaUladGisl ✅ (2560ch, 9.6s)
2026-05-02 01:52:08,479 [INFO] HTTP Request: POST http://localhost:2026/v1/chat/completions "HTTP/1.1 200 OK"
2026-05-02 01:52:08,481 [INFO] [2797/3993] id=openseek-4-7618a8801 GT=ifCname;Cansaroma,4literallyFp ✅ (2914ch, 12.2s)
2026-05-02 01:52:09,811 [INFO] HTTP Request: POST http://localhost:2026/v1/chat/completions "HTTP/1.1 200 OK"
2026-05-02 01:52:09,813 [INFO] [2798/3993] id=openseek-4-2f64e64db GT=almostftwo;AancbeWythatG ✅ (3420ch, 14.2s)
2026-05-02 01:52:19,161 [INFO] HTTP Request: POST http://localhost:2026/v1/chat/completions "HTTP/1.1 200 OK"
2026-05-02 01:52:19,162 [INFO] [2799/3993] id=openseek-4-541684b05 GT=eheatoJtheRnqUPz ✅ (2793ch, 11.3s)
2026-05-02 01:52:22,030 [INFO] HTTP Request: POST http://localhost:2026/v1/chat/completions "HTTP/1.1 200 OK"
2026-05-02 01:52:22,031 [INFO] [2800/3993] id=openseek-4-394c05b42 GT=noneNinWfromRZdid.H ✅ (3296ch, 12.2s)
2026-05-02 01:52:22,194 [INFO]   💾 已保存 (成功=2785 失败=15) | 3.8s/条均值 | ETA=75min
2026-05-02 01:52:24,004 [INFO] HTTP Request: POST http://localhost:2026/v1/chat/completions "HTTP/1.1 200 OK"
2026-05-02 01:52:24,005 [INFO] [2801/3993] id=openseek-4-219aee4c9 GT=MJudgmentzHerculaneum,coitUjo ✅ (3559ch, 15.5s)
2026-05-02 01:52:29,655 [INFO] HTTP Request: POST http://localhost:2026/v1/chat/completions "HTTP/1.1 200 OK"
2026-05-02 01:52:29,657 [INFO] [2802/3993] id=openseek-4-b49ce9fac GT=Gcountednq ✅ (1803ch, 7.6s)
2026-05-02 01:52:31,999 [INFO] HTTP Request: POST http://localhost:2026/v1/chat/completions "HTTP/1.1 200 OK"
2026-05-02 01:52:32,000 [INFO] [2803/3993] id=openseek-4-139958ce1 GT=uanqhaspeSheffieldc ✅ (2047ch, 8.0s)
2026-05-02 01:52:36,254 [INFO] HTTP Request: POST http://localhost:2026/v1/chat/completions "HTTP/1.1 200 OK"
2026-05-02 01:52:36,255 [WARNING]   [attempt 1 T=0.0] think validate 失败 (len=4141): 'Okay, let's see. I need to concatenate this list of strings into a single line w'
2026-05-02 01:52:40,340 [INFO] HTTP Request: POST http://localhost:2026/v1/chat/completions "HTTP/1.1 200 OK"
2026-05-02 01:52:40,342 [INFO] [2804/3993] id=openseek-4-44fc54fd5 GT=thesegtheQmquill,Oopublishedtt ✅ (2795ch, 10.7s)
2026-05-02 01:52:42,387 [INFO] HTTP Request: POST http://localhost:2026/v1/chat/completions "HTTP/1.1 200 OK"
2026-05-02 01:52:42,388 [INFO] [2805/3993] id=openseek-4-0b547317c GT=NarticleqqZV ✅ (2638ch, 10.4s)
2026-05-02 01:52:50,814 [INFO] HTTP Request: POST http://localhost:2026/v1/chat/completions "HTTP/1.1 200 OK"
2026-05-02 01:52:50,815 [INFO] [2806/3993] id=openseek-4-6334c0c2a GT=jJtheirCAHleftWm ✅ (2487ch, 10.5s)
2026-05-02 01:52:55,152 [INFO] HTTP Request: POST http://localhost:2026/v1/chat/completions "HTTP/1.1 200 OK"
2026-05-02 01:52:55,154 [INFO] [2807/3993] id=openseek-4-cffc78f02 GT=Eton,prjcThis,pnorbdullwys ✅ (3941ch, 36.0s)
2026-05-02 01:52:55,865 [INFO] HTTP Request: POST http://localhost:2026/v1/chat/completions "HTTP/1.1 200 OK"
2026-05-02 01:52:55,866 [INFO] [2808/3993] id=openseek-4-3341f19c8 GT=zobrowgXadvancedhwhaleytdarkne ✅ (3262ch, 13.5s)
2026-05-02 01:52:55,990 [INFO] HTTP Request: POST http://localhost:2026/v1/chat/completions "HTTP/1.1 200 OK"
2026-05-02 01:52:55,991 [INFO] [2809/3993] id=openseek-4-de9818cf3 GT=ghwasN ✅ (1272ch, 5.2s)
2026-05-02 01:53:01,762 [INFO] HTTP Request: POST http://localhost:2026/v1/chat/completions "HTTP/1.1 200 OK"
2026-05-02 01:53:01,764 [INFO] [2810/3993] id=openseek-4-c89cd6b08 GT=wasKfloatednstrangeQ ✅ (1624ch, 5.9s)
2026-05-02 01:53:04,516 [INFO] HTTP Request: POST http://localhost:2026/v1/chat/completions "HTTP/1.1 200 OK"
2026-05-02 01:53:04,518 [INFO] [2811/3993] id=openseek-4-7a7797f32 GT=memoriesNnow,dutrutha ✅ (2443ch, 9.4s)
2026-05-02 01:53:05,499 [INFO] HTTP Request: POST http://localhost:2026/v1/chat/completions "HTTP/1.1 200 OK"
2026-05-02 01:53:05,501 [INFO] [2812/3993] id=openseek-4-43f562300 GT=easykhowzsaileboardedzKoAlarme ✅ (2552ch, 9.5s)
2026-05-02 01:53:10,917 [INFO] HTTP Request: POST http://localhost:2026/v1/chat/completions "HTTP/1.1 200 OK"
2026-05-02 01:53:10,918 [INFO] [2813/3993] id=openseek-4-d9d5bb33d GT=wholeUlPx ✅ (1680ch, 6.4s)
2026-05-02 01:53:16,916 [INFO] HTTP Request: POST http://localhost:2026/v1/chat/completions "HTTP/1.1 200 OK"
2026-05-02 01:53:16,918 [INFO] [2814/3993] id=openseek-4-78762a062 GT=zheAinKdespair,lz ✅ (2580ch, 11.4s)
2026-05-02 01:53:20,806 [INFO] HTTP Request: POST http://localhost:2026/v1/chat/completions "HTTP/1.1 200 OK"
2026-05-02 01:53:20,806 [WARNING]   [attempt 1 T=0.0] think validate 失败 (len=4456): 'Okay, let's see. I need to concatenate this list of strings into a single line w'
2026-05-02 01:53:23,287 [INFO] HTTP Request: POST http://localhost:2026/v1/chat/completions "HTTP/1.1 200 OK"
2026-05-02 01:53:23,289 [INFO] [2815/3993] id=openseek-4-9927a4d54 GT=KTcontrastinglySironYsimplenme ✅ (3122ch, 12.4s)
2026-05-02 01:53:32,366 [INFO] HTTP Request: POST http://localhost:2026/v1/chat/completions "HTTP/1.1 200 OK"
2026-05-02 01:53:32,368 [INFO] [2816/3993] id=openseek-4-0e0c92010 GT=Dhue;uyards,Whe,Zmark;xWinches ✅ (3331ch, 15.5s)
2026-05-02 01:53:34,018 [INFO] HTTP Request: POST http://localhost:2026/v1/chat/completions "HTTP/1.1 200 OK"
2026-05-02 01:53:34,020 [INFO] [2817/3993] id=openseek-4-bed032baf GT=ntoWlengthwisegandostretchedNF ✅ (3096ch, 32.3s)
2026-05-02 01:53:35,027 [INFO] HTTP Request: POST http://localhost:2026/v1/chat/completions "HTTP/1.1 200 OK"
2026-05-02 01:53:35,028 [INFO] [2818/3993] id=openseek-4-b762399c0 GT=thexheVpWeHYojo9s,HZe ✅ (2871ch, 11.7s)
2026-05-02 01:53:40,512 [INFO] HTTP Request: POST http://localhost:2026/v1/chat/completions "HTTP/1.1 200 OK"
2026-05-02 01:53:40,513 [INFO] [2819/3993] id=openseek-4-e6628bdb0 GT=thegZia ✅ (1431ch, 5.5s)
2026-05-02 01:53:41,421 [INFO] HTTP Request: POST http://localhost:2026/v1/chat/completions "HTTP/1.1 200 OK"
2026-05-02 01:53:41,423 [INFO] [2820/3993] id=openseek-4-11f457b6f GT=bydstreet,uheHtoG ✅ (1535ch, 9.1s)
2026-05-02 01:53:44,686 [INFO] HTTP Request: POST http://localhost:2026/v1/chat/completions "HTTP/1.1 200 OK"
2026-05-02 01:53:44,688 [INFO] [2821/3993] id=openseek-4-a9094479e GT=qm ✅ (896ch, 3.3s)
2026-05-02 01:53:45,485 [INFO] HTTP Request: POST http://localhost:2026/v1/chat/completions "HTTP/1.1 200 OK"
2026-05-02 01:53:45,487 [INFO] [2822/3993] id=openseek-4-8f2e77c00 GT=place;twithynlikeaoneHqmfolder ✅ (2713ch, 11.5s)
2026-05-02 01:53:53,953 [INFO] HTTP Request: POST http://localhost:2026/v1/chat/completions "HTTP/1.1 200 OK"
2026-05-02 01:53:53,954 [INFO] [2823/3993] id=openseek-4-3baec199c GT=gasp,Msocialuemseemedofirmlyet ✅ (3068ch, 13.4s)
2026-05-02 01:53:58,618 [INFO] HTTP Request: POST http://localhost:2026/v1/chat/completions "HTTP/1.1 200 OK"
2026-05-02 01:53:58,620 [INFO] [2824/3993] id=openseek-4-312703965 GT=DGmopentHbyFcaseugMlower,X ✅ (3070ch, 13.9s)
2026-05-02 01:53:59,173 [INFO] HTTP Request: POST http://localhost:2026/v1/chat/completions "HTTP/1.1 200 OK"
2026-05-02 01:53:59,174 [INFO] [2825/3993] id=openseek-4-85cda5c2b GT=oneJlongkyous ✅ (1345ch, 5.2s)
2026-05-02 01:54:03,204 [INFO] HTTP Request: POST http://localhost:2026/v1/chat/completions "HTTP/1.1 200 OK"
2026-05-02 01:54:03,205 [WARNING]   [attempt 1 T=0.0] think validate 失败 (len=4120): 'Okay, let's see. I need to concatenate this list of strings into a single line w'
2026-05-02 01:54:08,903 [INFO] HTTP Request: POST http://localhost:2026/v1/chat/completions "HTTP/1.1 200 OK"
2026-05-02 01:54:08,905 [INFO] [2826/3993] id=openseek-4-ce374692f GT=couldUuFmVwhale,S ✅ (2534ch, 10.3s)
2026-05-02 01:54:16,495 [INFO] HTTP Request: POST http://localhost:2026/v1/chat/completions "HTTP/1.1 200 OK"
2026-05-02 01:54:16,496 [INFO] [2827/3993] id=openseek-4-bd31ee8e1 GT=uPobeys;ltoodUair,Msoft-toedqt ✅ (3928ch, 17.3s)
2026-05-02 01:54:18,221 [INFO] HTTP Request: POST http://localhost:2026/v1/chat/completions "HTTP/1.1 200 OK"
2026-05-02 01:54:18,223 [INFO] [2828/3993] id=openseek-4-cfe471e6a GT=Bandfpresidesraworld.igbrbgrin ✅ (3125ch, 32.7s)
2026-05-02 01:54:21,532 [INFO] HTTP Request: POST http://localhost:2026/v1/chat/completions "HTTP/1.1 200 OK"
2026-05-02 01:54:21,534 [INFO] [2829/3993] id=openseek-4-11cb60280 GT=mostwTrSWherrI ✅ (2950ch, 12.6s)
2026-05-02 01:54:22,313 [INFO] HTTP Request: POST http://localhost:2026/v1/chat/completions "HTTP/1.1 200 OK"
2026-05-02 01:54:22,315 [INFO] [2830/3993] id=openseek-4-d6473d929 GT=underanowRC ✅ (1446ch, 5.8s)
2026-05-02 01:54:28,566 [INFO] HTTP Request: POST http://localhost:2026/v1/chat/completions "HTTP/1.1 200 OK"
2026-05-02 01:54:28,567 [INFO] [2831/3993] id=openseek-4-25dd45c2e GT=delicacycFpInWalmostJcForward, ✅ (2459ch, 10.3s)
2026-05-02 01:54:33,553 [INFO] HTTP Request: POST http://localhost:2026/v1/chat/completions "HTTP/1.1 200 OK"
2026-05-02 01:54:33,554 [INFO] [2832/3993] id=openseek-4-24e82a17d GT=thatmJothersjMbewaytdstillh ✅ (3012ch, 12.0s)
2026-05-02 01:54:38,455 [INFO] HTTP Request: POST http://localhost:2026/v1/chat/completions "HTTP/1.1 200 OK"
2026-05-02 01:54:38,457 [INFO] [2833/3993] id=openseek-4-206e13c22 GT=shipXBmount!ItheWG ✅ (2633ch, 9.9s)
2026-05-02 01:54:39,991 [INFO] HTTP Request: POST http://localhost:2026/v1/chat/completions "HTTP/1.1 200 OK"
2026-05-02 01:54:39,992 [WARNING]   [attempt 1 T=0.0] think validate 失败 (len=4348): 'Okay, let's see. I need to concatenate this list of strings into a single line w'
2026-05-02 01:54:42,160 [INFO] HTTP Request: POST http://localhost:2026/v1/chat/completions "HTTP/1.1 200 OK"
2026-05-02 01:54:42,161 [INFO] [2834/3993] id=openseek-4-a30dc7967 GT=oR ✅ (973ch, 3.7s)
2026-05-02 01:54:46,996 [INFO] HTTP Request: POST http://localhost:2026/v1/chat/completions "HTTP/1.1 200 OK"
2026-05-02 01:54:46,998 [INFO] [2835/3993] id=openseek-4-fe1022fb8 GT=good,hnYkillwjaggedCV ✅ (3046ch, 13.4s)
2026-05-02 01:54:53,217 [INFO] HTTP Request: POST http://localhost:2026/v1/chat/completions "HTTP/1.1 200 OK"
2026-05-02 01:54:53,219 [INFO] [2836/3993] id=openseek-4-74d2d545d GT=yourcmStomahawkgxlowtVwRyoux ✅ (2919ch, 30.9s)
2026-05-02 01:54:53,503 [INFO] HTTP Request: POST http://localhost:2026/v1/chat/completions "HTTP/1.1 200 OK"
2026-05-02 01:54:53,504 [INFO] [2837/3993] id=openseek-4-0d06b4ef6 GT=theTtwin-brother,gbyRgWdreadfu ✅ (2680ch, 11.3s)
2026-05-02 01:55:02,434 [INFO] HTTP Request: POST http://localhost:2026/v1/chat/completions "HTTP/1.1 200 OK"
2026-05-02 01:55:02,436 [INFO] [2838/3993] id=openseek-4-ef3c5a502 GT=euinsurgentscmightnfullLfragme ✅ (3758ch, 15.4s)
2026-05-02 01:55:06,780 [INFO] HTTP Request: POST http://localhost:2026/v1/chat/completions "HTTP/1.1 200 OK"
2026-05-02 01:55:06,782 [INFO] [2839/3993] id=openseek-4-3722df513 GT=jonChailedvPKomthenRyourl ✅ (3191ch, 13.6s)
2026-05-02 01:55:07,751 [INFO] HTTP Request: POST http://localhost:2026/v1/chat/completions "HTTP/1.1 200 OK"
2026-05-02 01:55:07,753 [INFO] [2840/3993] id=openseek-4-ff52cee8f GT=now,drOyTimperiouslypEheadiaXa ✅ (3369ch, 14.2s)
2026-05-02 01:55:14,436 [INFO] HTTP Request: POST http://localhost:2026/v1/chat/completions "HTTP/1.1 200 OK"
2026-05-02 01:55:14,438 [INFO] [2841/3993] id=openseek-4-449fd0287 GT=fbhzyouRweedsKxofk ✅ (2829ch, 12.0s)
2026-05-02 01:55:19,985 [INFO] HTTP Request: POST http://localhost:2026/v1/chat/completions "HTTP/1.1 200 OK"
2026-05-02 01:55:19,986 [INFO] [2842/3993] id=openseek-4-23732341c GT=kyWwhereewrists.ZthatQ ✅ (3216ch, 13.2s)
2026-05-02 01:55:21,072 [INFO] HTTP Request: POST http://localhost:2026/v1/chat/completions "HTTP/1.1 200 OK"
2026-05-02 01:55:21,073 [INFO] [2843/3993] id=openseek-4-5b51849ad GT=fcausesY ✅ (1795ch, 6.6s)
2026-05-02 01:55:24,484 [INFO] HTTP Request: POST http://localhost:2026/v1/chat/completions "HTTP/1.1 200 OK"
2026-05-02 01:55:24,485 [INFO] [2844/3993] id=openseek-4-c9c5fb250 GT=toEtoTsea.JthelsideniitXmydFar ✅ (3953ch, 16.7s)
2026-05-02 01:55:26,576 [INFO] HTTP Request: POST http://localhost:2026/v1/chat/completions "HTTP/1.1 200 OK"
2026-05-02 01:55:26,577 [INFO] [2845/3993] id=openseek-4-094be840f GT=you,zh ✅ (1427ch, 5.5s)
2026-05-02 01:55:29,294 [INFO] HTTP Request: POST http://localhost:2026/v1/chat/completions "HTTP/1.1 200 OK"
2026-05-02 01:55:29,295 [INFO] [2846/3993] id=openseek-4-ae5d6a722 GT=thisgi ✅ (1265ch, 4.8s)
2026-05-02 01:55:30,277 [INFO] HTTP Request: POST http://localhost:2026/v1/chat/completions "HTTP/1.1 200 OK"
2026-05-02 01:55:30,279 [INFO] [2847/3993] id=openseek-4-52c516e8d GT=way,XcDon9tucannotw ✅ (2791ch, 10.3s)
2026-05-02 01:55:36,120 [INFO] HTTP Request: POST http://localhost:2026/v1/chat/completions "HTTP/1.1 200 OK"
2026-05-02 01:55:36,121 [INFO] [2848/3993] id=openseek-4-b5ca8efaa GT=HeGhisthoneycombk ✅ (1789ch, 6.8s)
2026-05-02 01:55:36,801 [INFO] HTTP Request: POST http://localhost:2026/v1/chat/completions "HTTP/1.1 200 OK"
2026-05-02 01:55:36,802 [INFO] [2849/3993] id=openseek-4-b0356c84e GT=wit.GbonesemSQ ✅ (2491ch, 10.2s)
2026-05-02 01:55:40,284 [INFO] HTTP Request: POST http://localhost:2026/v1/chat/completions "HTTP/1.1 200 OK"
2026-05-02 01:55:40,285 [INFO] [2850/3993] id=openseek-4-6e66621b2 GT=hP ✅ (896ch, 3.5s)
2026-05-02 01:55:40,758 [INFO] HTTP Request: POST http://localhost:2026/v1/chat/completions "HTTP/1.1 200 OK"
2026-05-02 01:55:40,760 [INFO] [2851/3993] id=openseek-4-1de231467 GT=AItrthisLxHUoPcCaptainz ✅ (2492ch, 10.5s)
2026-05-02 01:55:43,426 [INFO] HTTP Request: POST http://localhost:2026/v1/chat/completions "HTTP/1.1 200 OK"
2026-05-02 01:55:43,427 [INFO] [2852/3993] id=openseek-4-cfd3c296d GT=asDQcrewwFedallahm ✅ (1889ch, 7.3s)
2026-05-02 01:55:47,959 [INFO] HTTP Request: POST http://localhost:2026/v1/chat/completions "HTTP/1.1 200 OK"
2026-05-02 01:55:47,960 [INFO] [2853/3993] id=openseek-4-95981074e GT=havebsthatCsoulsM ✅ (1743ch, 7.2s)
2026-05-02 01:55:51,258 [INFO] HTTP Request: POST http://localhost:2026/v1/chat/completions "HTTP/1.1 200 OK"
2026-05-02 01:55:51,259 [INFO] [2854/3993] id=openseek-4-924daa2ff GT=mNmissionariesKonAIfG ✅ (2982ch, 11.0s)
2026-05-02 01:55:55,318 [INFO] HTTP Request: POST http://localhost:2026/v1/chat/completions "HTTP/1.1 200 OK"
2026-05-02 01:55:55,320 [INFO] [2855/3993] id=openseek-4-bc3d562d4 GT=thezEIvsthatTsaying,AanyjBbr ✅ (2838ch, 11.9s)
2026-05-02 01:55:55,555 [INFO] HTTP Request: POST http://localhost:2026/v1/chat/completions "HTTP/1.1 200 OK"
2026-05-02 01:55:55,556 [INFO] [2856/3993] id=openseek-4-1fd012b96 GT=xPbreathsF ✅ (1911ch, 7.6s)
2026-05-02 01:56:00,654 [INFO] HTTP Request: POST http://localhost:2026/v1/chat/completions "HTTP/1.1 200 OK"
2026-05-02 01:56:00,656 [INFO] [2857/3993] id=openseek-4-d2dae913c GT=Zencountered,d ✅ (1380ch, 5.1s)
2026-05-02 01:56:05,294 [INFO] HTTP Request: POST http://localhost:2026/v1/chat/completions "HTTP/1.1 200 OK"
2026-05-02 01:56:05,295 [INFO] [2858/3993] id=openseek-4-712098cca GT=andTdecide;nkuCFrenchLscraping ✅ (3315ch, 14.0s)
2026-05-02 01:56:13,347 [INFO] HTTP Request: POST http://localhost:2026/v1/chat/completions "HTTP/1.1 200 OK"
2026-05-02 01:56:13,349 [INFO] [2859/3993] id=openseek-4-75d5f2090 GT=rejoicingfNMhiswcertainEthemfr ✅ (3210ch, 12.7s)
2026-05-02 01:56:16,922 [INFO] HTTP Request: POST http://localhost:2026/v1/chat/completions "HTTP/1.1 200 OK"
2026-05-02 01:56:16,923 [WARNING]   [attempt 1 T=0.0] think validate 失败 (len=4855): 'Okay, let's see. I need to concatenate this list of strings into a single line w'
2026-05-02 01:56:18,531 [INFO] HTTP Request: POST http://localhost:2026/v1/chat/completions "HTTP/1.1 200 OK"
2026-05-02 01:56:18,532 [INFO] [2860/3993] id=openseek-4-cb259d412 GT=TVasReIcThreehAndb ✅ (2625ch, 13.2s)
2026-05-02 01:56:24,459 [INFO] HTTP Request: POST http://localhost:2026/v1/chat/completions "HTTP/1.1 200 OK"
2026-05-02 01:56:24,461 [INFO] [2861/3993] id=openseek-4-bcea939e7 GT=bringHiffpreciousJpryRLthereNH ✅ (2802ch, 11.1s)
2026-05-02 01:56:24,986 [INFO] HTTP Request: POST http://localhost:2026/v1/chat/completions "HTTP/1.1 200 OK"
2026-05-02 01:56:24,987 [INFO] [2862/3993] id=openseek-4-67b4b515c GT=Jthis,uu ✅ (1603ch, 6.5s)
2026-05-02 01:56:28,920 [INFO] HTTP Request: POST http://localhost:2026/v1/chat/completions "HTTP/1.1 200 OK"
2026-05-02 01:56:28,921 [INFO] [2863/3993] id=openseek-4-2dfe349f1 GT=Pa ✅ (1011ch, 3.9s)
2026-05-02 01:56:30,374 [INFO] HTTP Request: POST http://localhost:2026/v1/chat/completions "HTTP/1.1 200 OK"
2026-05-02 01:56:30,376 [INFO] [2864/3993] id=openseek-4-a74fbe879 GT=theufYbutaalongdkanddtheirWgoo ✅ (2975ch, 35.1s)
2026-05-02 01:56:32,526 [INFO] HTTP Request: POST http://localhost:2026/v1/chat/completions "HTTP/1.1 200 OK"
2026-05-02 01:56:32,528 [INFO] [2865/3993] id=openseek-4-18009eca0 GT=allMNe ✅ (2018ch, 8.1s)
2026-05-02 01:56:35,395 [INFO] HTTP Request: POST http://localhost:2026/v1/chat/completions "HTTP/1.1 200 OK"
2026-05-02 01:56:35,396 [INFO] [2866/3993] id=openseek-4-94e99aa65 GT=didxmostC ✅ (1479ch, 6.5s)
2026-05-02 01:56:43,298 [INFO] HTTP Request: POST http://localhost:2026/v1/chat/completions "HTTP/1.1 200 OK"
2026-05-02 01:56:43,299 [INFO] [2867/3993] id=openseek-4-3be36e1c5 GT=wlyhoursdmygcp ✅ (1932ch, 7.9s)
2026-05-02 01:56:49,030 [INFO] HTTP Request: POST http://localhost:2026/v1/chat/completions "HTTP/1.1 200 OK"
2026-05-02 01:56:49,032 [INFO] [2868/3993] id=openseek-4-017d0035b GT=thevZsomeNhervwKdeck,jafterN ✅ (3849ch, 16.5s)
2026-05-02 01:56:56,482 [INFO] HTTP Request: POST http://localhost:2026/v1/chat/completions "HTTP/1.1 200 OK"
2026-05-02 01:56:56,484 [WARNING]   [attempt 1 T=0.0] think validate 失败 (len=6178): 'Okay, let's see. I need to concatenate this list of strings into a single line w'
2026-05-02 01:56:56,622 [INFO] HTTP Request: POST http://localhost:2026/v1/chat/completions "HTTP/1.1 200 OK"
2026-05-02 01:56:56,623 [INFO] [2869/3993] id=openseek-4-f5cd054a8 GT=klGthejisxiofQcombinedj ✅ (3038ch, 13.3s)
2026-05-02 01:56:57,531 [INFO] HTTP Request: POST http://localhost:2026/v1/chat/completions "HTTP/1.1 200 OK"
2026-05-02 01:56:57,532 [INFO] [2870/3993] id=openseek-4-e0f1febe2 GT=SeverJdGGJwithr ✅ (2030ch, 8.5s)
2026-05-02 01:57:02,296 [INFO] HTTP Request: POST http://localhost:2026/v1/chat/completions "HTTP/1.1 200 OK"
2026-05-02 01:57:02,297 [INFO] [2871/3993] id=openseek-4-a5ec39bc8 GT=cLL ✅ (1475ch, 5.7s)
2026-05-02 01:57:05,764 [INFO] HTTP Request: POST http://localhost:2026/v1/chat/completions "HTTP/1.1 200 OK"
2026-05-02 01:57:05,766 [INFO] [2872/3993] id=openseek-4-79bbdd439 GT=TheaotheSAh ✅ (1857ch, 8.2s)
2026-05-02 01:57:08,529 [INFO] HTTP Request: POST http://localhost:2026/v1/chat/completions "HTTP/1.1 200 OK"
2026-05-02 01:57:08,530 [INFO] [2873/3993] id=openseek-4-c0ed0b470 GT=haveztheQthatO ✅ (1601ch, 6.2s)
2026-05-02 01:57:16,138 [INFO] HTTP Request: POST http://localhost:2026/v1/chat/completions "HTTP/1.1 200 OK"
2026-05-02 01:57:16,139 [INFO] [2874/3993] id=openseek-4-04f0d96d6 GT=consideringWbNarwhale,zgXGsJ ✅ (2542ch, 10.4s)
2026-05-02 01:57:18,689 [INFO] HTTP Request: POST http://localhost:2026/v1/chat/completions "HTTP/1.1 200 OK"
2026-05-02 01:57:18,690 [WARNING]   [attempt 2 T=0.3] think validate 失败 (len=5082): 'Okay, let's see. I need to concatenate this list of strings into a single line w'
2026-05-02 01:57:21,388 [INFO] HTTP Request: POST http://localhost:2026/v1/chat/completions "HTTP/1.1 200 OK"
2026-05-02 01:57:21,390 [INFO] [2875/3993] id=openseek-4-1f7fc5e15 GT=ntimeYforw ✅ (1054ch, 5.3s)
2026-05-02 01:57:21,612 [INFO] HTTP Request: POST http://localhost:2026/v1/chat/completions "HTTP/1.1 200 OK"
2026-05-02 01:57:21,614 [INFO] [2876/3993] id=openseek-4-0c702c0d2 GT=mayWcoYpsometimesDy ✅ (3087ch, 13.1s)
2026-05-02 01:57:33,574 [INFO] HTTP Request: POST http://localhost:2026/v1/chat/completions "HTTP/1.1 200 OK"
2026-05-02 01:57:33,575 [INFO] [2877/3993] id=openseek-4-2ab6f54be GT=withdinXRnopPanc ✅ (2798ch, 12.0s)
2026-05-02 01:57:36,060 [INFO] HTTP Request: POST http://localhost:2026/v1/chat/completions "HTTP/1.1 200 OK"
2026-05-02 01:57:36,061 [WARNING]   [attempt 3 T=0.6] think validate 失败 (len=4080): 'Okay, let's tackle this problem. So, I need to concatenate a list of strings int'
2026-05-02 01:57:36,062 [WARNING] [2878/3993] id=openseek-4-58330eb61 GT=Wherefore,RthefEnglishistateme ❌ (65.7s)
2026-05-02 01:57:39,740 [INFO] HTTP Request: POST http://localhost:2026/v1/chat/completions "HTTP/1.1 200 OK"
2026-05-02 01:57:39,741 [INFO] [2879/3993] id=openseek-4-a934a72b0 GT=qu ✅ (962ch, 3.7s)
2026-05-02 01:57:41,292 [INFO] HTTP Request: POST http://localhost:2026/v1/chat/completions "HTTP/1.1 200 OK"
2026-05-02 01:57:41,293 [INFO] [2880/3993] id=openseek-4-14f683c23 GT=CallwytheatheySl ✅ (1861ch, 7.7s)
2026-05-02 01:57:42,572 [INFO] HTTP Request: POST http://localhost:2026/v1/chat/completions "HTTP/1.1 200 OK"
2026-05-02 01:57:42,573 [WARNING]   [attempt 1 T=0.0] think validate 失败 (len=4431): 'Okay, let's see. I need to concatenate this list of strings into a single line w'
2026-05-02 01:57:46,114 [INFO] HTTP Request: POST http://localhost:2026/v1/chat/completions "HTTP/1.1 200 OK"
2026-05-02 01:57:46,116 [INFO] [2881/3993] id=openseek-4-8dd26db68 GT=QyIXonedwhatazB ✅ (1443ch, 6.4s)
2026-05-02 01:57:50,569 [INFO] HTTP Request: POST http://localhost:2026/v1/chat/completions "HTTP/1.1 200 OK"
2026-05-02 01:57:50,571 [INFO] [2882/3993] id=openseek-4-e640f5aec GT=fire.Ma ✅ (1060ch, 4.5s)
2026-05-02 01:58:01,967 [INFO] HTTP Request: POST http://localhost:2026/v1/chat/completions "HTTP/1.1 200 OK"
2026-05-02 01:58:01,969 [INFO] [2883/3993] id=openseek-4-cd8691f80 GT=cfromJbreakingDappearedzland.z ✅ (2817ch, 11.4s)
2026-05-02 01:58:04,771 [INFO] HTTP Request: POST http://localhost:2026/v1/chat/completions "HTTP/1.1 200 OK"
2026-05-02 01:58:04,772 [WARNING]   [attempt 1 T=0.0] think validate 失败 (len=5312): 'Okay, let's see. I need to concatenate this list of strings into a single line w'
2026-05-02 01:58:04,953 [INFO] HTTP Request: POST http://localhost:2026/v1/chat/completions "HTTP/1.1 200 OK"
2026-05-02 01:58:04,955 [WARNING]   [attempt 2 T=0.3] think validate 失败 (len=4509): 'Okay, let's see. I need to concatenate this list of strings into a single line w'
2026-05-02 01:58:16,693 [INFO] HTTP Request: POST http://localhost:2026/v1/chat/completions "HTTP/1.1 200 OK"
2026-05-02 01:58:16,694 [INFO] [2884/3993] id=openseek-4-d8289a762 GT=piledZFromPWhatsLwithvGkLlikeh ✅ (2619ch, 55.3s)
2026-05-02 01:58:22,663 [INFO] HTTP Request: POST http://localhost:2026/v1/chat/completions "HTTP/1.1 200 OK"
2026-05-02 01:58:22,664 [WARNING]   [attempt 1 T=0.0] think validate 失败 (len=5103): 'Okay, let's see. I need to concatenate this list of strings into a single line w'
2026-05-02 01:58:24,783 [INFO] HTTP Request: POST http://localhost:2026/v1/chat/completions "HTTP/1.1 200 OK"
2026-05-02 01:58:24,784 [WARNING]   [attempt 2 T=0.3] think validate 失败 (len=4615): 'Okay, let's see. I need to concatenate this list of strings into a single line w'
2026-05-02 01:58:34,580 [INFO] HTTP Request: POST http://localhost:2026/v1/chat/completions "HTTP/1.1 200 OK"
2026-05-02 01:58:34,582 [INFO] [2885/3993] id=openseek-4-40cef6784 GT=nightTday,bktheuarrowOXvat ✅ (2628ch, 32.6s)
2026-05-02 01:58:37,073 [INFO] HTTP Request: POST http://localhost:2026/v1/chat/completions "HTTP/1.1 200 OK"
2026-05-02 01:58:37,073 [WARNING]   [attempt 1 T=0.0] think validate 失败 (len=4542): 'Okay, let's see. I need to concatenate this list of strings into a single line w'
2026-05-02 01:58:40,070 [INFO] HTTP Request: POST http://localhost:2026/v1/chat/completions "HTTP/1.1 200 OK"
2026-05-02 01:58:40,071 [INFO] [2886/3993] id=openseek-4-20c9a7288 GT=fsacrificialGlodgedpway,Upoord ✅ (3495ch, 58.8s)
2026-05-02 01:58:41,080 [INFO] HTTP Request: POST http://localhost:2026/v1/chat/completions "HTTP/1.1 200 OK"
2026-05-02 01:58:41,082 [INFO] [2887/3993] id=openseek-4-b47ef2266 GT=Hshiphm ✅ (1483ch, 6.5s)
2026-05-02 01:58:49,828 [INFO] HTTP Request: POST http://localhost:2026/v1/chat/completions "HTTP/1.1 200 OK"
2026-05-02 01:58:49,829 [INFO] [2888/3993] id=openseek-4-4214df332 GT=thisWthefHaOcrash!MRin,bk ✅ (2754ch, 33.1s)
2026-05-02 01:58:56,171 [INFO] HTTP Request: POST http://localhost:2026/v1/chat/completions "HTTP/1.1 200 OK"
2026-05-02 01:58:56,172 [INFO] [2889/3993] id=openseek-4-ba88ff0a0 GT=qtheVburstingImutualScbandQPip ✅ (3775ch, 16.1s)
2026-05-02 01:58:56,897 [INFO] HTTP Request: POST http://localhost:2026/v1/chat/completions "HTTP/1.1 200 OK"
2026-05-02 01:58:56,898 [INFO] [2890/3993] id=openseek-4-6dbd44c32 GT=doverpfromSitsibeFuponrfromeN ✅ (3559ch, 15.8s)
2026-05-02 01:59:00,941 [INFO] HTTP Request: POST http://localhost:2026/v1/chat/completions "HTTP/1.1 200 OK"
2026-05-02 01:59:00,943 [INFO] [2891/3993] id=openseek-4-d0d82cabc GT=iquietudei ✅ (1046ch, 4.0s)
2026-05-02 01:59:02,574 [INFO] HTTP Request: POST http://localhost:2026/v1/chat/completions "HTTP/1.1 200 OK"
2026-05-02 01:59:02,575 [INFO] [2892/3993] id=openseek-4-2af819e9e GT=tFairGyourfCwuTh ✅ (2694ch, 12.7s)
2026-05-02 01:59:06,345 [INFO] HTTP Request: POST http://localhost:2026/v1/chat/completions "HTTP/1.1 200 OK"
2026-05-02 01:59:06,347 [INFO] [2893/3993] id=openseek-4-139bdfa62 GT=LjrumorBooutff ✅ (2524ch, 10.2s)
2026-05-02 01:59:06,460 [INFO] HTTP Request: POST http://localhost:2026/v1/chat/completions "HTTP/1.1 200 OK"
2026-05-02 01:59:06,462 [INFO] [2894/3993] id=openseek-4-9d046c570 GT=whichfg ✅ (998ch, 3.9s)
2026-05-02 01:59:12,843 [INFO] HTTP Request: POST http://localhost:2026/v1/chat/completions "HTTP/1.1 200 OK"
2026-05-02 01:59:12,845 [INFO] [2895/3993] id=openseek-4-4d26d1676 GT=him,qs ✅ (1753ch, 6.5s)
2026-05-02 01:59:14,100 [INFO] HTTP Request: POST http://localhost:2026/v1/chat/completions "HTTP/1.1 200 OK"
2026-05-02 01:59:14,102 [INFO] [2896/3993] id=openseek-4-5ff617579 GT=theitheVofBmsfullers,r ✅ (3178ch, 13.2s)
2026-05-02 01:59:20,392 [INFO] HTTP Request: POST http://localhost:2026/v1/chat/completions "HTTP/1.1 200 OK"
2026-05-02 01:59:20,394 [INFO] [2897/3993] id=openseek-4-8b786d331 GT=GfVtheKcomedhadPsometimesghalf ✅ (3609ch, 13.9s)
2026-05-02 01:59:23,743 [INFO] HTTP Request: POST http://localhost:2026/v1/chat/completions "HTTP/1.1 200 OK"
2026-05-02 01:59:23,744 [INFO] [2898/3993] id=openseek-4-69092988d GT=zlodgefdomheedlessMthatJFY ✅ (2695ch, 10.9s)
2026-05-02 01:59:28,260 [INFO] HTTP Request: POST http://localhost:2026/v1/chat/completions "HTTP/1.1 200 OK"
2026-05-02 01:59:28,262 [INFO] [2899/3993] id=openseek-4-641f7d1e6 GT=manydWhiteCstraightCqualities, ✅ (3620ch, 14.2s)
2026-05-02 01:59:30,058 [INFO] HTTP Request: POST http://localhost:2026/v1/chat/completions "HTTP/1.1 200 OK"
2026-05-02 01:59:30,060 [INFO] [2900/3993] id=openseek-4-a44c4c444 GT=AnduobeyBcPz ✅ (1639ch, 6.3s)
2026-05-02 01:59:30,229 [INFO]   💾 已保存 (成功=2884 失败=16) | 3.8s/条均值 | ETA=69min
2026-05-02 01:59:34,468 [INFO] HTTP Request: POST http://localhost:2026/v1/chat/completions "HTTP/1.1 200 OK"
2026-05-02 01:59:34,470 [INFO] [2901/3993] id=openseek-4-605d07d08 GT=ofiyouaOproductiveJtheMthussgs ✅ (3500ch, 14.1s)
2026-05-02 01:59:36,279 [INFO] HTTP Request: POST http://localhost:2026/v1/chat/completions "HTTP/1.1 200 OK"
2026-05-02 01:59:36,281 [INFO] [2902/3993] id=openseek-4-0166683a5 GT=downrBfiveicVz ✅ (1545ch, 6.2s)
2026-05-02 01:59:39,896 [INFO] HTTP Request: POST http://localhost:2026/v1/chat/completions "HTTP/1.1 200 OK"
2026-05-02 01:59:39,898 [INFO] [2903/3993] id=openseek-4-0bd66b2d6 GT=PfVEair;aIhimEEiD ✅ (2680ch, 11.6s)
2026-05-02 01:59:41,879 [INFO] HTTP Request: POST http://localhost:2026/v1/chat/completions "HTTP/1.1 200 OK"
2026-05-02 01:59:41,881 [INFO] [2904/3993] id=openseek-4-8ef804004 GT=compareKis ✅ (2039ch, 7.4s)
2026-05-02 01:59:47,620 [INFO] HTTP Request: POST http://localhost:2026/v1/chat/completions "HTTP/1.1 200 OK"
2026-05-02 01:59:47,621 [INFO] [2905/3993] id=openseek-4-fafa3ff9f GT=ltheHVforDjcontinentgLspeakWm ✅ (2655ch, 11.3s)
2026-05-02 01:59:54,416 [INFO] HTTP Request: POST http://localhost:2026/v1/chat/completions "HTTP/1.1 200 OK"
2026-05-02 01:59:54,417 [INFO] [2906/3993] id=openseek-4-06f75cd36 GT=hXjthetfeQofDLunknownl ✅ (2807ch, 12.5s)
2026-05-02 01:59:54,776 [INFO] HTTP Request: POST http://localhost:2026/v1/chat/completions "HTTP/1.1 200 OK"
2026-05-02 01:59:54,778 [INFO] [2907/3993] id=openseek-4-a27d906ff GT=tcriedluwayYhim?dLButT ✅ (3316ch, 14.9s)
2026-05-02 02:00:00,680 [INFO] HTTP Request: POST http://localhost:2026/v1/chat/completions "HTTP/1.1 200 OK"
2026-05-02 02:00:00,681 [INFO] [2908/3993] id=openseek-4-722425d03 GT=doesjTthatlRMthanBaridhfort ✅ (3073ch, 13.1s)
2026-05-02 02:00:08,998 [INFO] HTTP Request: POST http://localhost:2026/v1/chat/completions "HTTP/1.1 200 OK"
2026-05-02 02:00:08,999 [INFO] [2909/3993] id=openseek-4-aeff0a76e GT=110.lbegetHqwhoIThoughVcan.qas ✅ (3188ch, 14.6s)
2026-05-02 02:00:09,338 [INFO] HTTP Request: POST http://localhost:2026/v1/chat/completions "HTTP/1.1 200 OK"
2026-05-02 02:00:09,340 [INFO] [2910/3993] id=openseek-4-5cdb1b429 GT=spears.BfSsBhe;sroppositecwthe ✅ (3313ch, 14.6s)
2026-05-02 02:00:10,616 [INFO] HTTP Request: POST http://localhost:2026/v1/chat/completions "HTTP/1.1 200 OK"
2026-05-02 02:00:10,617 [INFO] [2911/3993] id=openseek-4-fc6310bc1 GT=andrrmorearound.n ✅ (2482ch, 9.9s)
2026-05-02 02:00:14,366 [INFO] HTTP Request: POST http://localhost:2026/v1/chat/completions "HTTP/1.1 200 OK"
2026-05-02 02:00:14,368 [INFO] [2912/3993] id=openseek-4-bcb505b21 GT=itsjcottageo ✅ (1362ch, 5.0s)
2026-05-02 02:00:19,346 [INFO] HTTP Request: POST http://localhost:2026/v1/chat/completions "HTTP/1.1 200 OK"
2026-05-02 02:00:19,347 [INFO] [2913/3993] id=openseek-4-4dcf0449b GT=cSoothedeoPuwhenM ✅ (2069ch, 8.7s)
2026-05-02 02:00:19,943 [INFO] HTTP Request: POST http://localhost:2026/v1/chat/completions "HTTP/1.1 200 OK"
2026-05-02 02:00:19,944 [INFO] [2914/3993] id=openseek-4-30100e7e5 GT=itself.gZinWtoShimptoL ✅ (2700ch, 10.9s)
2026-05-02 02:00:24,583 [INFO] HTTP Request: POST http://localhost:2026/v1/chat/completions "HTTP/1.1 200 OK"
2026-05-02 02:00:24,584 [INFO] [2915/3993] id=openseek-4-1f51a090b GT=firstEHlosstKfromBBw ✅ (2622ch, 10.2s)
2026-05-02 02:00:27,072 [INFO] HTTP Request: POST http://localhost:2026/v1/chat/completions "HTTP/1.1 200 OK"
2026-05-02 02:00:27,074 [INFO] [2916/3993] id=openseek-4-adc1001bf GT=sandMhwillVthatCy ✅ (1780ch, 7.7s)
2026-05-02 02:00:30,244 [INFO] HTTP Request: POST http://localhost:2026/v1/chat/completions "HTTP/1.1 200 OK"
2026-05-02 02:00:30,245 [INFO] [2917/3993] id=openseek-4-3794a7838 GT=CMANXyarez ✅ (1429ch, 5.7s)
2026-05-02 02:00:31,418 [INFO] HTTP Request: POST http://localhost:2026/v1/chat/completions "HTTP/1.1 200 OK"
2026-05-02 02:00:31,419 [INFO] [2918/3993] id=openseek-4-fcff568d2 GT=morcfromsMOBpridezgiveMh ✅ (2584ch, 11.5s)
2026-05-02 02:00:34,843 [INFO] HTTP Request: POST http://localhost:2026/v1/chat/completions "HTTP/1.1 200 OK"
2026-05-02 02:00:34,844 [INFO] [2919/3993] id=openseek-4-c2c635c00 GT=GwasB ✅ (1100ch, 4.6s)
2026-05-02 02:00:37,867 [INFO] HTTP Request: POST http://localhost:2026/v1/chat/completions "HTTP/1.1 200 OK"
2026-05-02 02:00:37,868 [INFO] [2920/3993] id=openseek-4-42b6daa92 GT=WtheGrthat9saCJI ✅ (2484ch, 10.8s)
2026-05-02 02:00:41,377 [INFO] HTTP Request: POST http://localhost:2026/v1/chat/completions "HTTP/1.1 200 OK"
2026-05-02 02:00:41,379 [INFO] [2921/3993] id=openseek-4-ca80e1bd9 GT=hollowlyBfromPqn ✅ (1635ch, 6.5s)
2026-05-02 02:00:41,984 [INFO] HTTP Request: POST http://localhost:2026/v1/chat/completions "HTTP/1.1 200 OK"
2026-05-02 02:00:41,985 [INFO] [2922/3993] id=openseek-4-c90eaea28 GT=whatfspecimensVhe9sRandrMKwlow ✅ (2766ch, 10.6s)
2026-05-02 02:00:47,234 [INFO] HTTP Request: POST http://localhost:2026/v1/chat/completions "HTTP/1.1 200 OK"
2026-05-02 02:00:47,236 [INFO] [2923/3993] id=openseek-4-c58d77e91 GT=andccOeWo ✅ (1299ch, 5.3s)
2026-05-02 02:00:49,483 [INFO] HTTP Request: POST http://localhost:2026/v1/chat/completions "HTTP/1.1 200 OK"
2026-05-02 02:00:49,484 [INFO] [2924/3993] id=openseek-4-64b911c42 GT=xdqlEChaldeePbytthey ✅ (2485ch, 11.6s)
2026-05-02 02:00:53,497 [INFO] HTTP Request: POST http://localhost:2026/v1/chat/completions "HTTP/1.1 200 OK"
2026-05-02 02:00:53,498 [INFO] [2925/3993] id=openseek-4-b5dc4bc8c GT=AhabdtstrugglingtCoFleviathano ✅ (2971ch, 12.1s)
2026-05-02 02:00:54,479 [INFO] HTTP Request: POST http://localhost:2026/v1/chat/completions "HTTP/1.1 200 OK"
2026-05-02 02:00:54,480 [INFO] [2926/3993] id=openseek-4-a4afa7a7e GT=JamongE ✅ (988ch, 5.0s)
2026-05-02 02:01:00,587 [INFO] HTTP Request: POST http://localhost:2026/v1/chat/completions "HTTP/1.1 200 OK"
2026-05-02 02:01:00,589 [INFO] [2927/3993] id=openseek-4-e6f29ccfa GT=VZrobbedNther ✅ (1911ch, 7.1s)
2026-05-02 02:01:03,800 [INFO] HTTP Request: POST http://localhost:2026/v1/chat/completions "HTTP/1.1 200 OK"
2026-05-02 02:01:03,801 [INFO] [2928/3993] id=openseek-4-49eb511d0 GT=PiiWConsiderkaUl ✅ (2301ch, 9.3s)
2026-05-02 02:01:09,763 [INFO] HTTP Request: POST http://localhost:2026/v1/chat/completions "HTTP/1.1 200 OK"
2026-05-02 02:01:09,764 [WARNING]   [attempt 1 T=0.0] think validate 失败 (len=5285): 'Okay, let's see. I need to concatenate this list of strings into a single line w'
2026-05-02 02:01:12,025 [INFO] HTTP Request: POST http://localhost:2026/v1/chat/completions "HTTP/1.1 200 OK"
2026-05-02 02:01:12,026 [INFO] [2929/3993] id=openseek-4-3b49f2233 GT=INnarrow,Dthei ✅ (2046ch, 8.2s)
2026-05-02 02:01:15,170 [INFO] HTTP Request: POST http://localhost:2026/v1/chat/completions "HTTP/1.1 200 OK"
2026-05-02 02:01:15,171 [INFO] [2930/3993] id=openseek-4-3bb7ca74f GT=theeoTcreaturesiUDofxmxO ✅ (3559ch, 14.6s)
2026-05-02 02:01:24,413 [INFO] HTTP Request: POST http://localhost:2026/v1/chat/completions "HTTP/1.1 200 OK"
2026-05-02 02:01:24,415 [INFO] [2931/3993] id=openseek-4-ba71bcd31 GT=fhswiftlyWb ✅ (2294ch, 9.2s)
2026-05-02 02:01:24,765 [INFO] HTTP Request: POST http://localhost:2026/v1/chat/completions "HTTP/1.1 200 OK"
2026-05-02 02:01:24,767 [INFO] [2932/3993] id=openseek-4-6188b6744 GT=Kutime,DmyootillEpace,XCK ✅ (3153ch, 37.5s)
2026-05-02 02:01:27,454 [INFO] HTTP Request: POST http://localhost:2026/v1/chat/completions "HTTP/1.1 200 OK"
2026-05-02 02:01:27,456 [INFO] [2933/3993] id=openseek-4-1d2a46535 GT=open.dZvgloriestaspout,yEKX ✅ (3370ch, 15.4s)
2026-05-02 02:01:29,858 [INFO] HTTP Request: POST http://localhost:2026/v1/chat/completions "HTTP/1.1 200 OK"
2026-05-02 02:01:29,860 [INFO] [2934/3993] id=openseek-4-6eabbdebc GT=fortf ✅ (1475ch, 5.4s)
2026-05-02 02:01:31,534 [INFO] HTTP Request: POST http://localhost:2026/v1/chat/completions "HTTP/1.1 200 OK"
2026-05-02 02:01:31,535 [INFO] [2935/3993] id=openseek-4-694cb0a23 GT=RofYmQ ✅ (1691ch, 6.8s)
2026-05-02 02:01:33,937 [INFO] HTTP Request: POST http://localhost:2026/v1/chat/completions "HTTP/1.1 200 OK"
2026-05-02 02:01:33,939 [INFO] [2936/3993] id=openseek-4-299ac4ebc GT=aTD ✅ (680ch, 4.1s)
2026-05-02 02:01:38,509 [INFO] HTTP Request: POST http://localhost:2026/v1/chat/completions "HTTP/1.1 200 OK"
2026-05-02 02:01:38,510 [INFO] [2937/3993] id=openseek-4-b59d1e909 GT=EharpooneerLtapped.YU ✅ (2739ch, 11.1s)
2026-05-02 02:01:40,808 [INFO] HTTP Request: POST http://localhost:2026/v1/chat/completions "HTTP/1.1 200 OK"
2026-05-02 02:01:40,810 [INFO] [2938/3993] id=openseek-4-597ea4ef0 GT=Woflofpthee,DC ✅ (1565ch, 6.9s)
2026-05-02 02:01:41,284 [INFO] HTTP Request: POST http://localhost:2026/v1/chat/completions "HTTP/1.1 200 OK"
2026-05-02 02:01:41,286 [INFO] [2939/3993] id=openseek-4-b751dc036 GT=myOfaceMclosedVdim,dvTp ✅ (2438ch, 9.8s)
2026-05-02 02:01:45,418 [INFO] HTTP Request: POST http://localhost:2026/v1/chat/completions "HTTP/1.1 200 OK"
2026-05-02 02:01:45,419 [INFO] [2940/3993] id=openseek-4-00834f58c GT=fHhrVFA ✅ (1724ch, 6.9s)
2026-05-02 02:01:50,128 [INFO] HTTP Request: POST http://localhost:2026/v1/chat/completions "HTTP/1.1 200 OK"
2026-05-02 02:01:50,130 [INFO] [2941/3993] id=openseek-4-53475d762 GT=freeEqnatWhim;jJ ✅ (2151ch, 8.8s)
2026-05-02 02:01:50,540 [INFO] HTTP Request: POST http://localhost:2026/v1/chat/completions "HTTP/1.1 200 OK"
2026-05-02 02:01:50,542 [INFO] [2942/3993] id=openseek-4-2392b92c5 GT=LcVofnrwhale,xhisap ✅ (2179ch, 9.7s)
2026-05-02 02:01:56,510 [INFO] HTTP Request: POST http://localhost:2026/v1/chat/completions "HTTP/1.1 200 OK"
2026-05-02 02:01:56,512 [INFO] [2943/3993] id=openseek-4-518777256 GT=sPYYieZpeltJworldsQ ✅ (2457ch, 11.1s)
2026-05-02 02:02:03,908 [INFO] HTTP Request: POST http://localhost:2026/v1/chat/completions "HTTP/1.1 200 OK"
2026-05-02 02:02:03,909 [INFO] [2944/3993] id=openseek-4-6c3c730d8 GT=allfAluponK ✅ (1953ch, 7.4s)
2026-05-02 02:02:04,690 [INFO] HTTP Request: POST http://localhost:2026/v1/chat/completions "HTTP/1.1 200 OK"
2026-05-02 02:02:04,692 [INFO] [2945/3993] id=openseek-4-c72d1277c GT=liftingUpointothebvMLabrador.v ✅ (3788ch, 14.6s)
2026-05-02 02:02:07,443 [INFO] HTTP Request: POST http://localhost:2026/v1/chat/completions "HTTP/1.1 200 OK"
2026-05-02 02:02:07,445 [INFO] [2946/3993] id=openseek-4-141b07cb4 GT=qbeautyhbetweennAsoall.kQrelie ✅ (3939ch, 16.9s)
2026-05-02 02:02:11,693 [INFO] HTTP Request: POST http://localhost:2026/v1/chat/completions "HTTP/1.1 200 OK"
2026-05-02 02:02:11,694 [INFO] [2947/3993] id=openseek-4-a2567df6d GT=towardsbwithc ✅ (2119ch, 7.8s)
2026-05-02 02:02:18,059 [INFO] HTTP Request: POST http://localhost:2026/v1/chat/completions "HTTP/1.1 200 OK"
2026-05-02 02:02:18,061 [INFO] [2948/3993] id=openseek-4-5c4566880 GT=isjwhitefleakbAshantee,Rdesert ✅ (3344ch, 13.4s)
2026-05-02 02:02:20,590 [INFO] HTTP Request: POST http://localhost:2026/v1/chat/completions "HTTP/1.1 200 OK"
2026-05-02 02:02:20,592 [INFO] [2949/3993] id=openseek-4-e532bdee1 GT=Zdifficultyhjso,KheiLookdwhirl ✅ (3275ch, 13.1s)
2026-05-02 02:02:21,495 [INFO] HTTP Request: POST http://localhost:2026/v1/chat/completions "HTTP/1.1 200 OK"
2026-05-02 02:02:21,497 [INFO] [2950/3993] id=openseek-4-32c6fb441 GT=leviathanrgeisH ✅ (2430ch, 9.8s)
2026-05-02 02:02:29,632 [INFO] HTTP Request: POST http://localhost:2026/v1/chat/completions "HTTP/1.1 200 OK"
2026-05-02 02:02:29,634 [INFO] [2951/3993] id=openseek-4-2925c0620 GT=cNandEitt ✅ (1996ch, 8.1s)
2026-05-02 02:02:30,296 [INFO] HTTP Request: POST http://localhost:2026/v1/chat/completions "HTTP/1.1 200 OK"
2026-05-02 02:02:30,297 [INFO] [2952/3993] id=openseek-4-6b55723cc GT=kinkYbKmostohCresponsibilities ✅ (2488ch, 9.7s)
2026-05-02 02:02:32,066 [INFO] HTTP Request: POST http://localhost:2026/v1/chat/completions "HTTP/1.1 200 OK"
2026-05-02 02:02:32,067 [INFO] [2953/3993] id=openseek-4-5dcb8039c GT=LLgoSrareoseamenStoNButgas ✅ (3228ch, 14.0s)
2026-05-02 02:02:35,162 [INFO] HTTP Request: POST http://localhost:2026/v1/chat/completions "HTTP/1.1 200 OK"
2026-05-02 02:02:35,163 [INFO] [2954/3993] id=openseek-4-b85a05756 GT=form.JwasU ✅ (1188ch, 4.9s)
2026-05-02 02:02:37,952 [INFO] HTTP Request: POST http://localhost:2026/v1/chat/completions "HTTP/1.1 200 OK"
2026-05-02 02:02:37,953 [INFO] [2955/3993] id=openseek-4-7c8dedb9a GT=theyadrift;FKjeq ✅ (1966ch, 8.3s)
2026-05-02 02:02:44,843 [INFO] HTTP Request: POST http://localhost:2026/v1/chat/completions "HTTP/1.1 200 OK"
2026-05-02 02:02:44,844 [INFO] [2956/3993] id=openseek-4-55999a418 GT=littletforkAndawhale9sqtwoodro ✅ (3082ch, 12.8s)
2026-05-02 02:02:45,940 [INFO] HTTP Request: POST http://localhost:2026/v1/chat/completions "HTTP/1.1 200 OK"
2026-05-02 02:02:45,941 [INFO] [2957/3993] id=openseek-4-098a153e0 GT=somejJStarbuck!TallN ✅ (2666ch, 10.8s)
2026-05-02 02:02:50,182 [INFO] HTTP Request: POST http://localhost:2026/v1/chat/completions "HTTP/1.1 200 OK"
2026-05-02 02:02:50,184 [INFO] [2958/3993] id=openseek-4-c84c848dc GT=khearseqisland,MhEfoundtAndNrq ✅ (2762ch, 12.2s)
2026-05-02 02:02:59,307 [INFO] HTTP Request: POST http://localhost:2026/v1/chat/completions "HTTP/1.1 200 OK"
2026-05-02 02:02:59,308 [INFO] [2959/3993] id=openseek-4-b7c43b530 GT=ofWNtopYBWVearsF ✅ (2932ch, 13.4s)
2026-05-02 02:02:59,443 [INFO] HTTP Request: POST http://localhost:2026/v1/chat/completions "HTTP/1.1 200 OK"
2026-05-02 02:02:59,444 [INFO] [2960/3993] id=openseek-4-35982434d GT=butYsnows4azalpunchbowlIhuzza! ✅ (3069ch, 14.6s)
2026-05-02 02:03:02,175 [INFO] HTTP Request: POST http://localhost:2026/v1/chat/completions "HTTP/1.1 200 OK"
2026-05-02 02:03:02,176 [INFO] [2961/3993] id=openseek-4-9a523e1d7 GT=franticGcaughtRawayImoreuYBsee ✅ (2989ch, 12.0s)
2026-05-02 02:03:02,994 [INFO] HTTP Request: POST http://localhost:2026/v1/chat/completions "HTTP/1.1 200 OK"
2026-05-02 02:03:02,996 [INFO] [2962/3993] id=openseek-4-95577af55 GT=UU ✅ (941ch, 3.7s)
2026-05-02 02:03:07,197 [INFO] HTTP Request: POST http://localhost:2026/v1/chat/completions "HTTP/1.1 200 OK"
2026-05-02 02:03:07,198 [INFO] [2963/3993] id=openseek-4-cd8b22a6e GT=SDIXthem!U ✅ (1919ch, 7.8s)
2026-05-02 02:03:07,776 [INFO] HTTP Request: POST http://localhost:2026/v1/chat/completions "HTTP/1.1 200 OK"
2026-05-02 02:03:07,777 [INFO] [2964/3993] id=openseek-4-3dca225ba GT=tswamp ✅ (1461ch, 5.6s)
2026-05-02 02:03:13,422 [INFO] HTTP Request: POST http://localhost:2026/v1/chat/completions "HTTP/1.1 200 OK"
2026-05-02 02:03:13,423 [INFO] [2965/3993] id=openseek-4-116370da8 GT=Aoh,junderI ✅ (1595ch, 6.2s)
2026-05-02 02:03:16,724 [INFO] HTTP Request: POST http://localhost:2026/v1/chat/completions "HTTP/1.1 200 OK"
2026-05-02 02:03:16,725 [INFO] [2966/3993] id=openseek-4-cf9d7edf1 GT=onexgmcabin,HMecca,wtcastors,J ✅ (3424ch, 13.7s)
2026-05-02 02:03:17,770 [INFO] HTTP Request: POST http://localhost:2026/v1/chat/completions "HTTP/1.1 200 OK"
2026-05-02 02:03:17,771 [INFO] [2967/3993] id=openseek-4-0f0a55be4 GT=nawayxPyrrho,H ✅ (2608ch, 10.0s)
2026-05-02 02:03:24,777 [INFO] HTTP Request: POST http://localhost:2026/v1/chat/completions "HTTP/1.1 200 OK"
2026-05-02 02:03:24,779 [INFO] [2968/3993] id=openseek-4-a6d3c5750 GT=Zgentle,Jtoo,OfPboatsdherv ✅ (2880ch, 11.4s)
2026-05-02 02:03:27,466 [INFO] HTTP Request: POST http://localhost:2026/v1/chat/completions "HTTP/1.1 200 OK"
2026-05-02 02:03:27,467 [INFO] [2969/3993] id=openseek-4-346521d41 GT=Kcasket,4thePhisuhadsthatU ✅ (2401ch, 9.7s)
2026-05-02 02:03:28,989 [INFO] HTTP Request: POST http://localhost:2026/v1/chat/completions "HTTP/1.1 200 OK"
2026-05-02 02:03:28,990 [INFO] [2970/3993] id=openseek-4-ed0b3281b GT=onprollingjWqallmandhbhtreatx ✅ (2953ch, 12.3s)
2026-05-02 02:03:34,658 [INFO] HTTP Request: POST http://localhost:2026/v1/chat/completions "HTTP/1.1 200 OK"
2026-05-02 02:03:34,659 [INFO] [2971/3993] id=openseek-4-cc979eee4 GT=CLincliningjmS ✅ (1892ch, 7.2s)
2026-05-02 02:03:36,077 [INFO] HTTP Request: POST http://localhost:2026/v1/chat/completions "HTTP/1.1 200 OK"
2026-05-02 02:03:36,079 [INFO] [2972/3993] id=openseek-4-062b834f7 GT=Roall-quickeningcolKus;k ✅ (2832ch, 11.3s)
2026-05-02 02:03:40,329 [INFO] HTTP Request: POST http://localhost:2026/v1/chat/completions "HTTP/1.1 200 OK"
2026-05-02 02:03:40,330 [INFO] [2973/3993] id=openseek-4-1fa75c904 GT=rocks.WIbutmBelsexknowE ✅ (3043ch, 11.3s)
2026-05-02 02:03:41,605 [INFO] HTTP Request: POST http://localhost:2026/v1/chat/completions "HTTP/1.1 200 OK"
2026-05-02 02:03:41,606 [INFO] [2974/3993] id=openseek-4-f2f058c7d GT=vulturesUID ✅ (1457ch, 5.5s)
2026-05-02 02:03:47,807 [INFO] HTTP Request: POST http://localhost:2026/v1/chat/completions "HTTP/1.1 200 OK"
2026-05-02 02:03:47,809 [INFO] [2975/3993] id=openseek-4-5432daee9 GT=command;VSgp ✅ (1625ch, 6.2s)
2026-05-02 02:03:51,090 [INFO] HTTP Request: POST http://localhost:2026/v1/chat/completions "HTTP/1.1 200 OK"
2026-05-02 02:03:51,092 [INFO] [2976/3993] id=openseek-4-fc2395a85 GT=ofthead,dtravel!DthmthisU ✅ (3748ch, 16.4s)
2026-05-02 02:03:52,852 [INFO] HTTP Request: POST http://localhost:2026/v1/chat/completions "HTTP/1.1 200 OK"
2026-05-02 02:03:52,854 [INFO] [2977/3993] id=openseek-4-14a5860b0 GT=fthatETUtruly!OevenI ✅ (3047ch, 12.5s)
2026-05-02 02:03:58,544 [INFO] HTTP Request: POST http://localhost:2026/v1/chat/completions "HTTP/1.1 200 OK"
2026-05-02 02:03:58,545 [INFO] [2978/3993] id=openseek-4-b66e12ffe GT=CaptainVfT ✅ (1581ch, 5.7s)
2026-05-02 02:03:59,097 [INFO] HTTP Request: POST http://localhost:2026/v1/chat/completions "HTTP/1.1 200 OK"
2026-05-02 02:03:59,098 [INFO] [2979/3993] id=openseek-4-0b3bea6af GT=YlesstaylM ✅ (1931ch, 8.0s)
2026-05-02 02:03:59,147 [INFO] HTTP Request: POST http://localhost:2026/v1/chat/completions "HTTP/1.1 200 OK"
2026-05-02 02:03:59,148 [INFO] [2980/3993] id=openseek-4-3f1e82134 GT=becamemnotEmakeHatyntheuhim.dT ✅ (3080ch, 11.3s)
2026-05-02 02:04:07,929 [INFO] HTTP Request: POST http://localhost:2026/v1/chat/completions "HTTP/1.1 200 OK"
2026-05-02 02:04:07,930 [INFO] [2981/3993] id=openseek-4-cd08f03da GT=uverywhim.9RmasteringHMO ✅ (2274ch, 8.8s)
2026-05-02 02:04:08,154 [INFO] HTTP Request: POST http://localhost:2026/v1/chat/completions "HTTP/1.1 200 OK"
2026-05-02 02:04:08,155 [INFO] [2982/3993] id=openseek-4-adbfc640f GT=ForemostOFcontinualunoti ✅ (2151ch, 9.6s)
2026-05-02 02:04:16,564 [INFO] HTTP Request: POST http://localhost:2026/v1/chat/completions "HTTP/1.1 200 OK"
2026-05-02 02:04:16,565 [INFO] [2983/3993] id=openseek-4-e2544efd6 GT=pkthoseQmyYd ✅ (2036ch, 8.4s)
2026-05-02 02:04:17,469 [INFO] HTTP Request: POST http://localhost:2026/v1/chat/completions "HTTP/1.1 200 OK"
2026-05-02 02:04:17,469 [WARNING]   [attempt 1 T=0.0] think validate 失败 (len=4411): 'Okay, let's see. I need to concatenate this list of strings into a single line w'
2026-05-02 02:04:18,165 [INFO] HTTP Request: POST http://localhost:2026/v1/chat/completions "HTTP/1.1 200 OK"
2026-05-02 02:04:18,166 [INFO] [2984/3993] id=openseek-4-1c35279d7 GT=done.VintoFdovillaO ✅ (2486ch, 10.2s)
2026-05-02 02:04:22,643 [INFO] HTTP Request: POST http://localhost:2026/v1/chat/completions "HTTP/1.1 200 OK"
2026-05-02 02:04:22,644 [INFO] [2985/3993] id=openseek-4-5fa924989 GT=fGLforY ✅ (1516ch, 6.1s)
2026-05-02 02:04:30,275 [INFO] HTTP Request: POST http://localhost:2026/v1/chat/completions "HTTP/1.1 200 OK"
2026-05-02 02:04:30,276 [INFO] [2986/3993] id=openseek-4-82e28c8e1 GT=eKwithXvJqu ✅ (2635ch, 12.1s)
2026-05-02 02:04:30,610 [INFO] HTTP Request: POST http://localhost:2026/v1/chat/completions "HTTP/1.1 200 OK"
2026-05-02 02:04:30,612 [INFO] [2987/3993] id=openseek-4-12947db0b GT=askedhCJiittopenGVRbetweeno ✅ (2951ch, 31.5s)
2026-05-02 02:04:36,590 [INFO] HTTP Request: POST http://localhost:2026/v1/chat/completions "HTTP/1.1 200 OK"
2026-05-02 02:04:36,592 [INFO] [2988/3993] id=openseek-4-91aa7c9c0 GT=archfmanbsawEn ✅ (1621ch, 6.0s)
2026-05-02 02:04:38,385 [INFO] HTTP Request: POST http://localhost:2026/v1/chat/completions "HTTP/1.1 200 OK"
2026-05-02 02:04:38,386 [INFO] [2989/3993] id=openseek-4-01819a0a2 GT=inYtheWERz ✅ (1816ch, 8.1s)
2026-05-02 02:04:46,377 [INFO] HTTP Request: POST http://localhost:2026/v1/chat/completions "HTTP/1.1 200 OK"
2026-05-02 02:04:46,378 [WARNING]   [attempt 1 T=0.0] think validate 失败 (len=5571): 'Okay, let's see. I need to concatenate this list of strings into a single line w'
2026-05-02 02:04:46,524 [INFO] HTTP Request: POST http://localhost:2026/v1/chat/completions "HTTP/1.1 200 OK"
2026-05-02 02:04:46,525 [INFO] [2990/3993] id=openseek-4-16ec286cc GT=thetTashtego4likeVJ ✅ (2049ch, 8.1s)
2026-05-02 02:04:47,902 [INFO] HTTP Request: POST http://localhost:2026/v1/chat/completions "HTTP/1.1 200 OK"
2026-05-02 02:04:47,904 [INFO] [2991/3993] id=openseek-4-b0f53186c GT=JhimpMpchestfUDKhe;fsoule ✅ (2705ch, 11.3s)
2026-05-02 02:04:54,916 [INFO] HTTP Request: POST http://localhost:2026/v1/chat/completions "HTTP/1.1 200 OK"
2026-05-02 02:04:54,917 [INFO] [2992/3993] id=openseek-4-ba17b6a00 GT=ZafwellX ✅ (2075ch, 8.4s)
2026-05-02 02:05:00,316 [INFO] HTTP Request: POST http://localhost:2026/v1/chat/completions "HTTP/1.1 200 OK"
2026-05-02 02:05:00,318 [INFO] [2993/3993] id=openseek-4-22eef975c GT=littleJVandaaalliUnitedCtackle ✅ (3390ch, 37.7s)
2026-05-02 02:05:00,369 [INFO] HTTP Request: POST http://localhost:2026/v1/chat/completions "HTTP/1.1 200 OK"
2026-05-02 02:05:00,370 [INFO] [2994/3993] id=openseek-4-ab69f8716 GT=personKchangedzmarbleyredEtheB ✅ (3194ch, 12.5s)
2026-05-02 02:05:01,408 [INFO] HTTP Request: POST http://localhost:2026/v1/chat/completions "HTTP/1.1 200 OK"
2026-05-02 02:05:01,409 [INFO] [2995/3993] id=openseek-4-f696ccb11 GT=HthezUNk ✅ (1441ch, 6.5s)
2026-05-02 02:05:04,350 [INFO] HTTP Request: POST http://localhost:2026/v1/chat/completions "HTTP/1.1 200 OK"
2026-05-02 02:05:04,351 [INFO] [2996/3993] id=openseek-4-a48adecde GT=zOU ✅ (910ch, 4.0s)
2026-05-02 02:05:15,244 [INFO] HTTP Request: POST http://localhost:2026/v1/chat/completions "HTTP/1.1 200 OK"
2026-05-02 02:05:15,245 [INFO] [2997/3993] id=openseek-4-c5f08f536 GT=sMarmkItogetherifullLtheCi ✅ (3341ch, 14.9s)
2026-05-02 02:05:16,961 [INFO] HTTP Request: POST http://localhost:2026/v1/chat/completions "HTTP/1.1 200 OK"
2026-05-02 02:05:16,963 [INFO] [2998/3993] id=openseek-4-e445eaa71 GT=thatDumyaseemedtupwzair,y ✅ (3962ch, 15.6s)
2026-05-02 02:05:18,088 [INFO] HTTP Request: POST http://localhost:2026/v1/chat/completions "HTTP/1.1 200 OK"
2026-05-02 02:05:18,089 [INFO] [2999/3993] id=openseek-4-88bf5e793 GT=yourHinXIyeTxUStarbuckYg ✅ (3239ch, 13.7s)
2026-05-02 02:05:25,903 [INFO] HTTP Request: POST http://localhost:2026/v1/chat/completions "HTTP/1.1 200 OK"
2026-05-02 02:05:25,904 [INFO] [3000/3993] id=openseek-4-ffbe6c08d GT=yetolordaofo ✅ (2305ch, 8.9s)
2026-05-02 02:05:26,217 [INFO]   💾 已保存 (成功=2984 失败=16) | 3.8s/条均值 | ETA=63min
2026-05-02 02:05:27,643 [INFO] HTTP Request: POST http://localhost:2026/v1/chat/completions "HTTP/1.1 200 OK"
2026-05-02 02:05:27,644 [INFO] [3001/3993] id=openseek-4-953cae275 GT=meKcMyRactuallyEsickness,Ksile ✅ (3088ch, 12.4s)
2026-05-02 02:05:27,936 [INFO] HTTP Request: POST http://localhost:2026/v1/chat/completions "HTTP/1.1 200 OK"
2026-05-02 02:05:27,937 [INFO] [3002/3993] id=openseek-4-f65f7c29e GT=OAdjHowVhisBm ✅ (2330ch, 9.8s)
2026-05-02 02:05:32,142 [INFO] HTTP Request: POST http://localhost:2026/v1/chat/completions "HTTP/1.1 200 OK"
2026-05-02 02:05:32,144 [INFO] [3003/3993] id=openseek-4-b6eeaeb2c GT=GGSp ✅ (1174ch, 4.5s)
2026-05-02 02:05:36,434 [INFO] HTTP Request: POST http://localhost:2026/v1/chat/completions "HTTP/1.1 200 OK"
2026-05-02 02:05:36,435 [INFO] [3004/3993] id=openseek-4-446d186b2 GT=theuyajXLqbowasywereQ ✅ (2561ch, 10.5s)
2026-05-02 02:05:41,352 [INFO] HTTP Request: POST http://localhost:2026/v1/chat/completions "HTTP/1.1 200 OK"
2026-05-02 02:05:41,353 [INFO] [3005/3993] id=openseek-4-03ec9cb9f GT=YawithclgettingoN ✅ (2325ch, 9.2s)
2026-05-02 02:05:45,236 [INFO] HTTP Request: POST http://localhost:2026/v1/chat/completions "HTTP/1.1 200 OK"
2026-05-02 02:05:45,237 [INFO] [3006/3993] id=openseek-4-fbd2aa39a GT=Mocean,Wnandwpeculiarlyxespeci ✅ (3871ch, 17.3s)
2026-05-02 02:05:45,389 [INFO] HTTP Request: POST http://localhost:2026/v1/chat/completions "HTTP/1.1 200 OK"
2026-05-02 02:05:45,390 [INFO] [3007/3993] id=openseek-4-ead9dec1c GT=fromCfireiNBKrig.Rstrangex ✅ (2291ch, 9.0s)
2026-05-02 02:05:52,185 [INFO] HTTP Request: POST http://localhost:2026/v1/chat/completions "HTTP/1.1 200 OK"
2026-05-02 02:05:52,187 [INFO] [3008/3993] id=openseek-4-374678b78 GT=contentIKAKepresentKair,r ✅ (2742ch, 10.8s)
2026-05-02 02:05:54,635 [INFO] HTTP Request: POST http://localhost:2026/v1/chat/completions "HTTP/1.1 200 OK"
2026-05-02 02:05:54,636 [INFO] [3009/3993] id=openseek-4-8eab3d1a6 GT=lmfateGifromiWthev ✅ (2401ch, 9.4s)
2026-05-02 02:05:56,053 [INFO] HTTP Request: POST http://localhost:2026/v1/chat/completions "HTTP/1.1 200 OK"
2026-05-02 02:05:56,054 [INFO] [3010/3993] id=openseek-4-f22ce0d5b GT=koaufarEPchronometer,K ✅ (2380ch, 10.7s)
2026-05-02 02:06:01,605 [INFO] HTTP Request: POST http://localhost:2026/v1/chat/completions "HTTP/1.1 200 OK"
2026-05-02 02:06:01,606 [INFO] [3011/3993] id=openseek-4-1aa7661b3 GT=ranpmQ ✅ (1810ch, 7.0s)
2026-05-02 02:06:04,316 [INFO] HTTP Request: POST http://localhost:2026/v1/chat/completions "HTTP/1.1 200 OK"
2026-05-02 02:06:04,317 [INFO] [3012/3993] id=openseek-4-28acaf3fb GT=intocbyebptheaolbs.z ✅ (2887ch, 12.1s)
2026-05-02 02:06:07,753 [INFO] HTTP Request: POST http://localhost:2026/v1/chat/completions "HTTP/1.1 200 OK"
2026-05-02 02:06:07,755 [INFO] [3013/3993] id=openseek-4-8d3c8ec39 GT=UplantingikZDcapaciousJbuiltb ✅ (2979ch, 11.7s)
2026-05-02 02:06:08,058 [INFO] HTTP Request: POST http://localhost:2026/v1/chat/completions "HTTP/1.1 200 OK"
2026-05-02 02:06:08,060 [INFO] [3014/3993] id=openseek-4-dd0966380 GT=CuXwasTtheVeseeB ✅ (1497ch, 6.5s)
2026-05-02 02:06:11,068 [INFO] HTTP Request: POST http://localhost:2026/v1/chat/completions "HTTP/1.1 200 OK"
2026-05-02 02:06:11,069 [INFO] [3015/3993] id=openseek-4-7f21d2035 GT=nk ✅ (909ch, 3.3s)
2026-05-02 02:06:11,611 [INFO] HTTP Request: POST http://localhost:2026/v1/chat/completions "HTTP/1.1 200 OK"
2026-05-02 02:06:11,612 [INFO] [3016/3993] id=openseek-4-9b2db03c6 GT=XlegRcallVglcapsz ✅ (1760ch, 7.3s)
2026-05-02 02:06:18,402 [INFO] HTTP Request: POST http://localhost:2026/v1/chat/completions "HTTP/1.1 200 OK"
2026-05-02 02:06:18,403 [INFO] [3017/3993] id=openseek-4-48a4c18ca GT=avail;JRe ✅ (1689ch, 6.8s)
2026-05-02 02:06:21,489 [INFO] HTTP Request: POST http://localhost:2026/v1/chat/completions "HTTP/1.1 200 OK"
2026-05-02 02:06:21,491 [INFO] [3018/3993] id=openseek-4-52ac1f624 GT=fun:ADeasy,uprowyneedlesf ✅ (2560ch, 10.4s)
2026-05-02 02:06:26,365 [INFO] HTTP Request: POST http://localhost:2026/v1/chat/completions "HTTP/1.1 200 OK"
2026-05-02 02:06:26,366 [INFO] [3019/3993] id=openseek-4-f3f2e637d GT=toRgthebrinwJbyC ✅ (1817ch, 8.0s)
2026-05-02 02:06:26,945 [INFO] HTTP Request: POST http://localhost:2026/v1/chat/completions "HTTP/1.1 200 OK"
2026-05-02 02:06:26,946 [WARNING]   [attempt 1 T=0.0] think validate 失败 (len=4016): 'Okay, let's see. I need to concatenate this list of strings into a single line w'
2026-05-02 02:06:31,009 [INFO] HTTP Request: POST http://localhost:2026/v1/chat/completions "HTTP/1.1 200 OK"
2026-05-02 02:06:31,010 [INFO] [3020/3993] id=openseek-4-e80f17286 GT=FivwhytoCarrivedalimitations,S ✅ (2092ch, 9.5s)
2026-05-02 02:06:35,357 [INFO] HTTP Request: POST http://localhost:2026/v1/chat/completions "HTTP/1.1 200 OK"
2026-05-02 02:06:35,358 [INFO] [3021/3993] id=openseek-4-f4007410f GT=rnotZ ✅ (2276ch, 9.0s)
2026-05-02 02:06:40,595 [INFO] HTTP Request: POST http://localhost:2026/v1/chat/completions "HTTP/1.1 200 OK"
2026-05-02 02:06:40,596 [INFO] [3022/3993] id=openseek-4-13851cc87 GT=UvupwardsB ✅ (1310ch, 5.2s)
2026-05-02 02:06:42,329 [INFO] HTTP Request: POST http://localhost:2026/v1/chat/completions "HTTP/1.1 200 OK"
2026-05-02 02:06:42,331 [INFO] [3023/3993] id=openseek-4-9ac683824 GT=sir,xeverocJdwhenOqHuggins9s,G ✅ (3118ch, 34.3s)
2026-05-02 02:06:43,895 [INFO] HTTP Request: POST http://localhost:2026/v1/chat/completions "HTTP/1.1 200 OK"
2026-05-02 02:06:43,896 [INFO] [3024/3993] id=openseek-4-c0e7fb9ac GT=wharpoons;FLnoJWhisTRNhisB ✅ (2912ch, 12.9s)
2026-05-02 02:06:52,231 [INFO] HTTP Request: POST http://localhost:2026/v1/chat/completions "HTTP/1.1 200 OK"
2026-05-02 02:06:52,233 [INFO] [3025/3993] id=openseek-4-1b21561cc GT=lifeXtheRfactIdivided.lVtoD ✅ (2898ch, 11.6s)
2026-05-02 02:06:55,706 [INFO] HTTP Request: POST http://localhost:2026/v1/chat/completions "HTTP/1.1 200 OK"
2026-05-02 02:06:55,707 [INFO] [3026/3993] id=openseek-4-85f6123bf GT=bestirredMKelikeltoJNGcertaink ✅ (3159ch, 11.8s)
2026-05-02 02:07:01,292 [INFO] HTTP Request: POST http://localhost:2026/v1/chat/completions "HTTP/1.1 200 OK"
2026-05-02 02:07:01,293 [WARNING]   [attempt 1 T=0.0] think validate 失败 (len=4405): 'Okay, let's see. I need to concatenate this list of strings into a single line w'
2026-05-02 02:07:05,080 [INFO] HTTP Request: POST http://localhost:2026/v1/chat/completions "HTTP/1.1 200 OK"
2026-05-02 02:07:05,082 [INFO] [3027/3993] id=openseek-4-7d6f4b691 GT=LXfMkDugongsJhe9sxgunwaleq ✅ (2961ch, 12.8s)
2026-05-02 02:07:06,528 [INFO] HTTP Request: POST http://localhost:2026/v1/chat/completions "HTTP/1.1 200 OK"
2026-05-02 02:07:06,529 [INFO] [3028/3993] id=openseek-4-a369d6649 GT=hisevchangefulYjwx ✅ (2725ch, 10.8s)
2026-05-02 02:07:12,427 [INFO] HTTP Request: POST http://localhost:2026/v1/chat/completions "HTTP/1.1 200 OK"
2026-05-02 02:07:12,428 [INFO] [3029/3993] id=openseek-4-f5ee14378 GT=theyXnN ✅ (1760ch, 7.3s)
2026-05-02 02:07:14,298 [INFO] HTTP Request: POST http://localhost:2026/v1/chat/completions "HTTP/1.1 200 OK"
2026-05-02 02:07:14,299 [INFO] [3030/3993] id=openseek-4-3416314dd GT=shell-fish,AandFrutteredIthenq ✅ (3145ch, 32.0s)
2026-05-02 02:07:20,897 [INFO] HTTP Request: POST http://localhost:2026/v1/chat/completions "HTTP/1.1 200 OK"
2026-05-02 02:07:20,898 [INFO] [3031/3993] id=openseek-4-6325b4205 GT=iasCtoFTthejhthee.dEj ✅ (3182ch, 14.4s)
2026-05-02 02:07:21,734 [INFO] HTTP Request: POST http://localhost:2026/v1/chat/completions "HTTP/1.1 200 OK"
2026-05-02 02:07:21,736 [INFO] [3032/3993] id=openseek-4-dc609b0f9 GT=SabbathaDwKisO ✅ (1742ch, 7.4s)
2026-05-02 02:07:30,814 [INFO] HTTP Request: POST http://localhost:2026/v1/chat/completions "HTTP/1.1 200 OK"
2026-05-02 02:07:30,815 [WARNING]   [attempt 1 T=0.0] think validate 失败 (len=4467): 'Okay, let's see. I need to concatenate this list of strings into a single line w'
2026-05-02 02:07:33,378 [INFO] HTTP Request: POST http://localhost:2026/v1/chat/completions "HTTP/1.1 200 OK"
2026-05-02 02:07:33,379 [INFO] [3033/3993] id=openseek-4-84d1f0114 GT=YjeythentheoqawayMrandq ✅ (2926ch, 12.5s)
2026-05-02 02:07:33,905 [INFO] HTTP Request: POST http://localhost:2026/v1/chat/completions "HTTP/1.1 200 OK"
2026-05-02 02:07:33,906 [INFO] [3034/3993] id=openseek-4-98b78e55e GT=integumentrSPwordpmButrilld ✅ (3115ch, 12.2s)
2026-05-02 02:07:39,920 [INFO] HTTP Request: POST http://localhost:2026/v1/chat/completions "HTTP/1.1 200 OK"
2026-05-02 02:07:39,922 [INFO] [3035/3993] id=openseek-4-7a4ead18a GT=LVWqwildEu ✅ (1399ch, 6.0s)
2026-05-02 02:07:44,659 [INFO] HTTP Request: POST http://localhost:2026/v1/chat/completions "HTTP/1.1 200 OK"
2026-05-02 02:07:44,660 [INFO] [3036/3993] id=openseek-4-efab717fe GT=zAmerican,JWell,GmortalB ✅ (2826ch, 11.3s)
2026-05-02 02:07:45,905 [INFO] HTTP Request: POST http://localhost:2026/v1/chat/completions "HTTP/1.1 200 OK"
2026-05-02 02:07:45,906 [INFO] [3037/3993] id=openseek-4-a4db54e25 GT=atself-condemningIGoingOxtheye ✅ (3426ch, 33.5s)
2026-05-02 02:07:53,434 [INFO] HTTP Request: POST http://localhost:2026/v1/chat/completions "HTTP/1.1 200 OK"
2026-05-02 02:07:53,435 [INFO] [3038/3993] id=openseek-4-80d1874d6 GT=lPeleg.dZthez ✅ (1778ch, 7.5s)
2026-05-02 02:07:55,245 [INFO] HTTP Request: POST http://localhost:2026/v1/chat/completions "HTTP/1.1 200 OK"
2026-05-02 02:07:55,246 [INFO] [3039/3993] id=openseek-4-b505f1cff GT=pumps,wDswear,hallJkintegral.f ✅ (2498ch, 10.6s)
2026-05-02 02:08:01,248 [INFO] HTTP Request: POST http://localhost:2026/v1/chat/completions "HTTP/1.1 200 OK"
2026-05-02 02:08:01,249 [INFO] [3040/3993] id=openseek-4-8cb4c372a GT=fromzcapriciousWp ✅ (1370ch, 6.0s)
2026-05-02 02:08:01,724 [INFO] HTTP Request: POST http://localhost:2026/v1/chat/completions "HTTP/1.1 200 OK"
2026-05-02 02:08:01,725 [WARNING]   [attempt 1 T=0.0] think validate 失败 (len=4772): 'Okay, let's see. I need to concatenate this list of strings into a single line w'
2026-05-02 02:08:08,142 [INFO] HTTP Request: POST http://localhost:2026/v1/chat/completions "HTTP/1.1 200 OK"
2026-05-02 02:08:08,143 [INFO] [3041/3993] id=openseek-4-b2a21d238 GT=endlesslyyJenny!pCtjYiQ ✅ (3595ch, 14.7s)
2026-05-02 02:08:16,986 [INFO] HTTP Request: POST http://localhost:2026/v1/chat/completions "HTTP/1.1 200 OK"
2026-05-02 02:08:16,987 [INFO] [3042/3993] id=openseek-4-86c3c6b12 GT=shape,GthehnotnEandJuItrial,Z9 ✅ (3269ch, 15.7s)
2026-05-02 02:08:19,380 [INFO] HTTP Request: POST http://localhost:2026/v1/chat/completions "HTTP/1.1 200 OK"
2026-05-02 02:08:19,381 [INFO] [3043/3993] id=openseek-4-7feb1fd8f GT=heuthezLveryhshipGButXtheUGtoL ✅ (3841ch, 39.5s)
2026-05-02 02:08:20,946 [INFO] HTTP Request: POST http://localhost:2026/v1/chat/completions "HTTP/1.1 200 OK"
2026-05-02 02:08:20,948 [INFO] [3044/3993] id=openseek-4-cb3bc09b3 GT=azKcityUKhearses.WlX ✅ (2763ch, 12.8s)
2026-05-02 02:08:28,998 [INFO] HTTP Request: POST http://localhost:2026/v1/chat/completions "HTTP/1.1 200 OK"
2026-05-02 02:08:29,000 [INFO] [3045/3993] id=openseek-4-b63b65ba4 GT=himNZJKNpthatQv ✅ (2593ch, 9.6s)
2026-05-02 02:08:29,414 [INFO] HTTP Request: POST http://localhost:2026/v1/chat/completions "HTTP/1.1 200 OK"
2026-05-02 02:08:29,415 [INFO] [3046/3993] id=openseek-4-e7e6e69ae GT=Uhim.ekManyYsequellvstoppingfp ✅ (3023ch, 12.4s)
2026-05-02 02:08:32,991 [INFO] HTTP Request: POST http://localhost:2026/v1/chat/completions "HTTP/1.1 200 OK"
2026-05-02 02:08:32,992 [INFO] [3047/3993] id=openseek-4-a601e9c67 GT=it,QVanddthenj ✅ (2963ch, 12.0s)
2026-05-02 02:08:34,294 [INFO] HTTP Request: POST http://localhost:2026/v1/chat/completions "HTTP/1.1 200 OK"
2026-05-02 02:08:34,295 [INFO] [3048/3993] id=openseek-4-6a11be819 GT=ofFwhereoaeitherc ✅ (1361ch, 5.3s)
2026-05-02 02:08:38,554 [INFO] HTTP Request: POST http://localhost:2026/v1/chat/completions "HTTP/1.1 200 OK"
2026-05-02 02:08:38,556 [INFO] [3049/3993] id=openseek-4-eb7dabe81 GT=KofHtheLPF ✅ (1485ch, 5.6s)
2026-05-02 02:08:39,413 [INFO] HTTP Request: POST http://localhost:2026/v1/chat/completions "HTTP/1.1 200 OK"
2026-05-02 02:08:39,415 [INFO] [3050/3993] id=openseek-4-768429ba9 GT=begtjrespectingKQX ✅ (2377ch, 10.0s)
2026-05-02 02:08:46,139 [INFO] HTTP Request: POST http://localhost:2026/v1/chat/completions "HTTP/1.1 200 OK"
2026-05-02 02:08:46,141 [INFO] [3051/3993] id=openseek-4-06c7fd768 GT=CUwasFprison.Dfm ✅ (3139ch, 11.8s)
2026-05-02 02:08:48,825 [INFO] HTTP Request: POST http://localhost:2026/v1/chat/completions "HTTP/1.1 200 OK"
2026-05-02 02:08:48,827 [INFO] [3052/3993] id=openseek-4-58fa7e111 GT=beELxvhavevRnthejN ✅ (2545ch, 10.3s)
2026-05-02 02:08:51,678 [INFO] HTTP Request: POST http://localhost:2026/v1/chat/completions "HTTP/1.1 200 OK"
2026-05-02 02:08:51,680 [INFO] [3053/3993] id=openseek-4-eabc3aebb GT=bZUhthemselvesDhbeenYEFU ✅ (2997ch, 12.3s)
2026-05-02 02:08:53,037 [INFO] HTTP Request: POST http://localhost:2026/v1/chat/completions "HTTP/1.1 200 OK"
2026-05-02 02:08:53,039 [INFO] [3054/3993] id=openseek-4-97e851c8e GT=YnotouF ✅ (1653ch, 6.9s)
2026-05-02 02:08:53,812 [INFO] HTTP Request: POST http://localhost:2026/v1/chat/completions "HTTP/1.1 200 OK"
2026-05-02 02:08:53,813 [INFO] [3055/3993] id=openseek-4-cbe1c59c9 GT=likelymmorex ✅ (1348ch, 5.0s)
2026-05-02 02:09:02,990 [INFO] HTTP Request: POST http://localhost:2026/v1/chat/completions "HTTP/1.1 200 OK"
2026-05-02 02:09:02,991 [INFO] [3056/3993] id=openseek-4-a1c0ef447 GT=tenNDAnexttarmy.zhimE ✅ (2831ch, 11.3s)
2026-05-02 02:09:07,389 [INFO] HTTP Request: POST http://localhost:2026/v1/chat/completions "HTTP/1.1 200 OK"
2026-05-02 02:09:07,390 [INFO] [3057/3993] id=openseek-4-c22125beb GT=morehvblack.pgYindirectlyJbroa ✅ (3520ch, 14.4s)
2026-05-02 02:09:10,233 [INFO] HTTP Request: POST http://localhost:2026/v1/chat/completions "HTTP/1.1 200 OK"
2026-05-02 02:09:10,234 [INFO] [3058/3993] id=openseek-4-52e2cbeb2 GT=xCYtheZthusPpthekfromUEa ✅ (3957ch, 16.4s)
2026-05-02 02:09:11,224 [INFO] HTTP Request: POST http://localhost:2026/v1/chat/completions "HTTP/1.1 200 OK"
2026-05-02 02:09:11,226 [INFO] [3059/3993] id=openseek-4-efe43f5c6 GT=MthenzMtoAqrk ✅ (1973ch, 8.2s)
2026-05-02 02:09:11,975 [INFO] HTTP Request: POST http://localhost:2026/v1/chat/completions "HTTP/1.1 200 OK"
2026-05-02 02:09:11,976 [INFO] [3060/3993] id=openseek-4-242f3ca58 GT=Dthisj ✅ (1233ch, 4.6s)
2026-05-02 02:09:18,681 [INFO] HTTP Request: POST http://localhost:2026/v1/chat/completions "HTTP/1.1 200 OK"
2026-05-02 02:09:18,682 [INFO] [3061/3993] id=openseek-4-427a90e30 GT=Tseemvhere,E ✅ (1843ch, 7.5s)
2026-05-02 02:09:23,994 [INFO] HTTP Request: POST http://localhost:2026/v1/chat/completions "HTTP/1.1 200 OK"
2026-05-02 02:09:23,995 [INFO] [3062/3993] id=openseek-4-9e0d98769 GT=I9ve44dBIyWseaI ✅ (3109ch, 13.8s)
2026-05-02 02:09:30,822 [INFO] HTTP Request: POST http://localhost:2026/v1/chat/completions "HTTP/1.1 200 OK"
2026-05-02 02:09:30,823 [INFO] [3063/3993] id=openseek-4-ce3fd73ee GT=don9thPfbutyatH ✅ (3036ch, 12.1s)
2026-05-02 02:09:33,157 [INFO] HTTP Request: POST http://localhost:2026/v1/chat/completions "HTTP/1.1 200 OK"
2026-05-02 02:09:33,158 [INFO] [3064/3993] id=openseek-4-8cc491378 GT=theBforhallRtallp ✅ (2313ch, 9.2s)
2026-05-02 02:09:34,794 [INFO] HTTP Request: POST http://localhost:2026/v1/chat/completions "HTTP/1.1 200 OK"
2026-05-02 02:09:34,795 [WARNING]   [attempt 1 T=0.0] think validate 失败 (len=5021): 'Okay, let's see. I need to concatenate this list of strings into a single line w'
2026-05-02 02:09:43,583 [INFO] HTTP Request: POST http://localhost:2026/v1/chat/completions "HTTP/1.1 200 OK"
2026-05-02 02:09:43,584 [INFO] [3065/3993] id=openseek-4-b76fd1c66 GT=XZuxorLcthat;xR ✅ (2870ch, 12.8s)
2026-05-02 02:09:44,298 [INFO] HTTP Request: POST http://localhost:2026/v1/chat/completions "HTTP/1.1 200 OK"
2026-05-02 02:09:44,299 [INFO] [3066/3993] id=openseek-4-6dcc24b95 GT=a9Zba3,YxofJwhereXwavykthei ✅ (2527ch, 11.1s)
2026-05-02 02:09:51,189 [INFO] HTTP Request: POST http://localhost:2026/v1/chat/completions "HTTP/1.1 200 OK"
2026-05-02 02:09:51,190 [INFO] [3067/3993] id=openseek-4-2bcbacdb9 GT=thewnYEqg ✅ (1698ch, 6.9s)
2026-05-02 02:09:54,282 [INFO] HTTP Request: POST http://localhost:2026/v1/chat/completions "HTTP/1.1 200 OK"
2026-05-02 02:09:54,284 [INFO] [3068/3993] id=openseek-4-ea71d79ae GT=theMkClapudecktImain-mast.eand ✅ (3723ch, 42.3s)
2026-05-02 02:09:55,874 [INFO] HTTP Request: POST http://localhost:2026/v1/chat/completions "HTTP/1.1 200 OK"
2026-05-02 02:09:55,876 [INFO] [3069/3993] id=openseek-4-4fb798eb7 GT=roneCpFnMtoB ✅ (2865ch, 12.3s)
2026-05-02 02:09:59,583 [INFO] HTTP Request: POST http://localhost:2026/v1/chat/completions "HTTP/1.1 200 OK"
2026-05-02 02:09:59,584 [INFO] [3070/3993] id=openseek-4-f1bf29eb6 GT=toLghadDFQ ✅ (1402ch, 5.3s)
2026-05-02 02:09:59,602 [INFO] HTTP Request: POST http://localhost:2026/v1/chat/completions "HTTP/1.1 200 OK"
2026-05-02 02:09:59,603 [INFO] [3071/3993] id=openseek-4-ac2a456ae GT=plaindarrangementhcDExztheRXCo ✅ (2014ch, 8.4s)
2026-05-02 02:10:07,174 [INFO] HTTP Request: POST http://localhost:2026/v1/chat/completions "HTTP/1.1 200 OK"
2026-05-02 02:10:07,175 [INFO] [3072/3993] id=openseek-4-246f1c8ca GT=ghim;yallm ✅ (1957ch, 7.6s)
2026-05-02 02:10:09,295 [INFO] HTTP Request: POST http://localhost:2026/v1/chat/completions "HTTP/1.1 200 OK"
2026-05-02 02:10:09,297 [INFO] [3073/3993] id=openseek-4-6eb9bef47 GT=xskZherebbeenR ✅ (2259ch, 9.7s)
2026-05-02 02:10:13,198 [INFO] HTTP Request: POST http://localhost:2026/v1/chat/completions "HTTP/1.1 200 OK"
2026-05-02 02:10:13,199 [INFO] [3074/3993] id=openseek-4-bf4c3e86e GT=pdeemEtail,daHplumbl_clean_PuE ✅ (3862ch, 17.3s)
2026-05-02 02:10:20,001 [INFO] HTTP Request: POST http://localhost:2026/v1/chat/completions "HTTP/1.1 200 OK"
2026-05-02 02:10:20,002 [INFO] [3075/3993] id=openseek-4-019fd56b2 GT=wind!dIOseemedvthatEnwhilehOh, ✅ (3113ch, 12.8s)
2026-05-02 02:10:20,804 [INFO] HTTP Request: POST http://localhost:2026/v1/chat/completions "HTTP/1.1 200 OK"
2026-05-02 02:10:20,805 [INFO] [3076/3993] id=openseek-4-ea3073139 GT=JQUm,y ✅ (2027ch, 7.6s)
2026-05-02 02:10:21,956 [INFO] HTTP Request: POST http://localhost:2026/v1/chat/completions "HTTP/1.1 200 OK"
2026-05-02 02:10:21,958 [INFO] [3077/3993] id=openseek-4-985af3f6c GT=deep.RLrFGbutokheadlands,Nothe ✅ (3234ch, 12.7s)
2026-05-02 02:10:25,528 [INFO] HTTP Request: POST http://localhost:2026/v1/chat/completions "HTTP/1.1 200 OK"
2026-05-02 02:10:25,529 [INFO] [3078/3993] id=openseek-4-699af4249 GT=ahupZ ✅ (1352ch, 5.5s)
2026-05-02 02:10:33,601 [INFO] HTTP Request: POST http://localhost:2026/v1/chat/completions "HTTP/1.1 200 OK"
2026-05-02 02:10:33,602 [INFO] [3079/3993] id=openseek-4-ef06959b9 GT=EforsftwojfmanyDeDanEo ✅ (3010ch, 12.8s)
2026-05-02 02:10:34,307 [INFO] HTTP Request: POST http://localhost:2026/v1/chat/completions "HTTP/1.1 200 OK"
2026-05-02 02:10:34,308 [INFO] [3080/3993] id=openseek-4-99f0331f9 GT=presents,plRwithzwyouShaveOBF ✅ (3005ch, 12.4s)
2026-05-02 02:10:41,206 [INFO] HTTP Request: POST http://localhost:2026/v1/chat/completions "HTTP/1.1 200 OK"
2026-05-02 02:10:41,207 [INFO] [3081/3993] id=openseek-4-35aa6931d GT=JhLHWSFbEc ✅ (1537ch, 6.9s)
2026-05-02 02:10:42,067 [INFO] HTTP Request: POST http://localhost:2026/v1/chat/completions "HTTP/1.1 200 OK"
2026-05-02 02:10:42,068 [INFO] [3082/3993] id=openseek-4-814d3515a GT=brainXLozgbstheirooC ✅ (3990ch, 16.5s)
2026-05-02 02:10:44,704 [INFO] HTTP Request: POST http://localhost:2026/v1/chat/completions "HTTP/1.1 200 OK"
2026-05-02 02:10:44,705 [INFO] [3083/3993] id=openseek-4-afe56e65e GT=lS ✅ (904ch, 3.5s)
2026-05-02 02:10:46,975 [INFO] HTTP Request: POST http://localhost:2026/v1/chat/completions "HTTP/1.1 200 OK"
2026-05-02 02:10:46,977 [INFO] [3084/3993] id=openseek-4-d23f383c9 GT=NjseemeddsRmwhichRhjatH ✅ (3293ch, 13.4s)
2026-05-02 02:10:54,302 [INFO] HTTP Request: POST http://localhost:2026/v1/chat/completions "HTTP/1.1 200 OK"
2026-05-02 02:10:54,304 [INFO] [3085/3993] id=openseek-4-0de3db774 GT=pictureqtheF ✅ (1855ch, 7.3s)
2026-05-02 02:10:55,163 [INFO] HTTP Request: POST http://localhost:2026/v1/chat/completions "HTTP/1.1 200 OK"
2026-05-02 02:10:55,164 [INFO] [3086/3993] id=openseek-4-0d720a0f3 GT=Stubb;TeyesrwonderWasgzisyofK ✅ (2909ch, 13.1s)
2026-05-02 02:10:55,467 [INFO] HTTP Request: POST http://localhost:2026/v1/chat/completions "HTTP/1.1 200 OK"
2026-05-02 02:10:55,469 [INFO] [3087/3993] id=openseek-4-6e41cc574 GT=plain4makesQADhkwithdrawaluJ ✅ (2619ch, 10.8s)
2026-05-02 02:11:01,065 [INFO] HTTP Request: POST http://localhost:2026/v1/chat/completions "HTTP/1.1 200 OK"
2026-05-02 02:11:01,067 [INFO] [3088/3993] id=openseek-4-43452fa4b GT=fromZSA ✅ (1223ch, 5.6s)
2026-05-02 02:11:06,634 [INFO] HTTP Request: POST http://localhost:2026/v1/chat/completions "HTTP/1.1 200 OK"
2026-05-02 02:11:06,635 [INFO] [3089/3993] id=openseek-4-6961063e6 GT=inBQo ✅ (1414ch, 5.6s)
2026-05-02 02:11:06,908 [INFO] HTTP Request: POST http://localhost:2026/v1/chat/completions "HTTP/1.1 200 OK"
2026-05-02 02:11:06,910 [INFO] [3090/3993] id=openseek-4-bf7edef3d GT=anonymousBZnervousqrbX ✅ (3171ch, 12.6s)
2026-05-02 02:11:07,877 [INFO] HTTP Request: POST http://localhost:2026/v1/chat/completions "HTTP/1.1 200 OK"
2026-05-02 02:11:07,879 [INFO] [3091/3993] id=openseek-4-eab76ef42 GT=NeachNDuthatyare.R ✅ (3173ch, 12.7s)
2026-05-02 02:11:15,440 [INFO] HTTP Request: POST http://localhost:2026/v1/chat/completions "HTTP/1.1 200 OK"
2026-05-02 02:11:15,442 [INFO] [3092/3993] id=openseek-4-0fe6d3834 GT=rWNsaVvmuch,w ✅ (2162ch, 8.8s)
2026-05-02 02:11:19,807 [INFO] HTTP Request: POST http://localhost:2026/v1/chat/completions "HTTP/1.1 200 OK"
2026-05-02 02:11:19,809 [INFO] [3093/3993] id=openseek-4-d5553cf4c GT=toTstoutlyNrOsecrethofMTBdepen ✅ (2831ch, 11.9s)
2026-05-02 02:11:24,631 [INFO] HTTP Request: POST http://localhost:2026/v1/chat/completions "HTTP/1.1 200 OK"
2026-05-02 02:11:24,633 [INFO] [3094/3993] id=openseek-4-c00b560d8 GT=MappleRUHnpeculiaritiesjH ✅ (2455ch, 9.2s)
2026-05-02 02:11:29,467 [INFO] HTTP Request: POST http://localhost:2026/v1/chat/completions "HTTP/1.1 200 OK"
2026-05-02 02:11:29,468 [INFO] [3095/3993] id=openseek-4-20e9e6b7d GT=eNiIandYisKabovehwithxE ✅ (2296ch, 9.7s)
2026-05-02 02:11:31,002 [INFO] HTTP Request: POST http://localhost:2026/v1/chat/completions "HTTP/1.1 200 OK"
2026-05-02 02:11:31,004 [WARNING]   [attempt 1 T=0.0] think validate 失败 (len=5344): 'Okay, let's see. I need to concatenate this list of strings into a single line w'
2026-05-02 02:11:33,819 [INFO] HTTP Request: POST http://localhost:2026/v1/chat/completions "HTTP/1.1 200 OK"
2026-05-02 02:11:33,820 [INFO] [3096/3993] id=openseek-4-2d7c5c77b GT=giveiVwithjhelK ✅ (2320ch, 9.2s)
2026-05-02 02:11:36,649 [INFO] HTTP Request: POST http://localhost:2026/v1/chat/completions "HTTP/1.1 200 OK"
2026-05-02 02:11:36,650 [INFO] [3097/3993] id=openseek-4-ba3968179 GT=ythoseQztohy ✅ (1817ch, 7.2s)
2026-05-02 02:11:42,769 [INFO] HTTP Request: POST http://localhost:2026/v1/chat/completions "HTTP/1.1 200 OK"
2026-05-02 02:11:42,770 [INFO] [3098/3993] id=openseek-4-1675085fd GT=Igstrange,I ✅ (1504ch, 6.1s)
2026-05-02 02:11:48,683 [INFO] HTTP Request: POST http://localhost:2026/v1/chat/completions "HTTP/1.1 200 OK"
2026-05-02 02:11:48,684 [WARNING]   [attempt 2 T=0.3] think validate 失败 (len=4094): 'Okay, let's tackle this problem. So, I need to concatenate a list of strings int'
2026-05-02 02:11:48,752 [INFO] HTTP Request: POST http://localhost:2026/v1/chat/completions "HTTP/1.1 200 OK"
2026-05-02 02:11:48,754 [INFO] [3099/3993] id=openseek-4-300fbcaad GT=IuFaPkbutDisHbutIThatGE ✅ (3086ch, 14.9s)
2026-05-02 02:11:52,510 [INFO] HTTP Request: POST http://localhost:2026/v1/chat/completions "HTTP/1.1 200 OK"
2026-05-02 02:11:52,511 [INFO] [3100/3993] id=openseek-4-07863c0d2 GT=QyoungautheYtheirCreasonM ✅ (2444ch, 9.7s)
2026-05-02 02:11:52,641 [INFO] HTTP Request: POST http://localhost:2026/v1/chat/completions "HTTP/1.1 200 OK"
2026-05-02 02:11:52,819 [INFO]   💾 已保存 (成功=3084 失败=16) | 3.8s/条均值 | ETA=56min
2026-05-02 02:11:52,820 [INFO] [3101/3993] id=openseek-4-701192649 GT=el ✅ (993ch, 3.9s)
2026-05-02 02:11:59,393 [INFO] HTTP Request: POST http://localhost:2026/v1/chat/completions "HTTP/1.1 200 OK"
2026-05-02 02:11:59,395 [INFO] [3102/3993] id=openseek-4-161b120a1 GT=filledvshallJ ✅ (1735ch, 6.8s)
2026-05-02 02:12:05,941 [INFO] HTTP Request: POST http://localhost:2026/v1/chat/completions "HTTP/1.1 200 OK"
2026-05-02 02:12:05,942 [INFO] [3103/3993] id=openseek-4-c28d26260 GT=withAMthedcoursesnPaul9sitheas ✅ (3087ch, 13.4s)
2026-05-02 02:12:07,060 [INFO] HTTP Request: POST http://localhost:2026/v1/chat/completions "HTTP/1.1 200 OK"
2026-05-02 02:12:07,061 [WARNING]   [attempt 3 T=0.6] think validate 失败 (len=4135): 'Okay, let's see. I need to concatenate this list of strings into a single line w'
2026-05-02 02:12:07,062 [WARNING] [3104/3993] id=openseek-4-8f747947e GT=seen,ckithOOh,qthirtyPWtheyuHT ❌ (60.2s)
2026-05-02 02:12:08,410 [INFO] HTTP Request: POST http://localhost:2026/v1/chat/completions "HTTP/1.1 200 OK"
2026-05-02 02:12:08,412 [INFO] [3105/3993] id=openseek-4-ca27339d1 GT=rounduGAhab,y ✅ (2282ch, 9.0s)
2026-05-02 02:12:12,953 [INFO] HTTP Request: POST http://localhost:2026/v1/chat/completions "HTTP/1.1 200 OK"
2026-05-02 02:12:12,954 [INFO] [3106/3993] id=openseek-4-821dc20ee GT=qourRyandg ✅ (1843ch, 7.0s)
2026-05-02 02:12:15,992 [INFO] HTTP Request: POST http://localhost:2026/v1/chat/completions "HTTP/1.1 200 OK"
2026-05-02 02:12:15,993 [INFO] [3107/3993] id=openseek-4-3d0fa0af7 GT=saidIthereArofMSr ✅ (2199ch, 8.9s)
2026-05-02 02:12:18,157 [INFO] HTTP Request: POST http://localhost:2026/v1/chat/completions "HTTP/1.1 200 OK"
2026-05-02 02:12:18,158 [INFO] [3108/3993] id=openseek-4-4e2bcb7d8 GT=ofqjghisOM ✅ (1397ch, 5.2s)
2026-05-02 02:12:22,561 [INFO] HTTP Request: POST http://localhost:2026/v1/chat/completions "HTTP/1.1 200 OK"
2026-05-02 02:12:22,563 [INFO] [3109/3993] id=openseek-4-2c84b1775 GT=narrativezlookslDdLclean.ttheF ✅ (3374ch, 14.2s)
2026-05-02 02:12:25,751 [INFO] HTTP Request: POST http://localhost:2026/v1/chat/completions "HTTP/1.1 200 OK"
2026-05-02 02:12:25,752 [INFO] [3110/3993] id=openseek-4-a23aaf60d GT=DWDMsaid,gGs ✅ (2365ch, 9.8s)
2026-05-02 02:12:29,670 [INFO] HTTP Request: POST http://localhost:2026/v1/chat/completions "HTTP/1.1 200 OK"
2026-05-02 02:12:29,671 [INFO] [3111/3993] id=openseek-4-1c2f94231 GT=allfb ✅ (1931ch, 7.1s)
2026-05-02 02:12:31,317 [INFO] HTTP Request: POST http://localhost:2026/v1/chat/completions "HTTP/1.1 200 OK"
2026-05-02 02:12:31,318 [INFO] [3112/3993] id=openseek-4-fae4ccb48 GT=andLdownkpecOh!pcalledZ ✅ (3185ch, 13.2s)
2026-05-02 02:12:34,338 [INFO] HTTP Request: POST http://localhost:2026/v1/chat/completions "HTTP/1.1 200 OK"
2026-05-02 02:12:34,339 [INFO] [3113/3993] id=openseek-4-fba361429 GT=wfHcrboxing,Chlikeyu ✅ (2152ch, 8.6s)
2026-05-02 02:12:43,101 [INFO] HTTP Request: POST http://localhost:2026/v1/chat/completions "HTTP/1.1 200 OK"
2026-05-02 02:12:43,102 [INFO] [3114/3993] id=openseek-4-5ac0ae6ff GT=showedOPtheiover.EuponZx ✅ (3069ch, 11.8s)
2026-05-02 02:12:43,331 [INFO] HTTP Request: POST http://localhost:2026/v1/chat/completions "HTTP/1.1 200 OK"
2026-05-02 02:12:43,332 [INFO] [3115/3993] id=openseek-4-fc5551e26 GT=IMfoldLkxillimitableOopposeMRD ✅ (3029ch, 13.7s)
2026-05-02 02:12:45,969 [INFO] HTTP Request: POST http://localhost:2026/v1/chat/completions "HTTP/1.1 200 OK"
2026-05-02 02:12:45,970 [INFO] [3116/3993] id=openseek-4-f54ba2cde GT=jZalljtheWTthexR ✅ (2914ch, 11.6s)
2026-05-02 02:12:49,026 [INFO] HTTP Request: POST http://localhost:2026/v1/chat/completions "HTTP/1.1 200 OK"
2026-05-02 02:12:49,027 [INFO] [3117/3993] id=openseek-4-518e1d908 GT=mxasu ✅ (1531ch, 5.9s)
2026-05-02 02:12:50,795 [INFO] HTTP Request: POST http://localhost:2026/v1/chat/completions "HTTP/1.1 200 OK"
2026-05-02 02:12:50,796 [INFO] [3118/3993] id=openseek-4-11502ab31 GT=forvXU ✅ (1941ch, 7.5s)
2026-05-02 02:12:52,725 [INFO] HTTP Request: POST http://localhost:2026/v1/chat/completions "HTTP/1.1 200 OK"
2026-05-02 02:12:52,726 [INFO] [3119/3993] id=openseek-4-3df1e9a64 GT=lungsAtomahawk,Hg ✅ (1813ch, 6.8s)
2026-05-02 02:13:02,684 [INFO] HTTP Request: POST http://localhost:2026/v1/chat/completions "HTTP/1.1 200 OK"
2026-05-02 02:13:02,685 [INFO] [3120/3993] id=openseek-4-b24f1b672 GT=bcftheregintertwistingsjHexMH ✅ (3281ch, 13.7s)
2026-05-02 02:13:02,703 [INFO] HTTP Request: POST http://localhost:2026/v1/chat/completions "HTTP/1.1 200 OK"
2026-05-02 02:13:02,704 [INFO] [3121/3993] id=openseek-4-2e0d20940 GT=natZawithOQVE ✅ (2705ch, 11.9s)
2026-05-02 02:13:07,748 [INFO] HTTP Request: POST http://localhost:2026/v1/chat/completions "HTTP/1.1 200 OK"
2026-05-02 02:13:07,748 [INFO] HTTP Request: POST http://localhost:2026/v1/chat/completions "HTTP/1.1 200 OK"
2026-05-02 02:13:07,750 [INFO] [3122/3993] id=openseek-4-3cb7dab80 GT=Mwmanylbelong,MendlessAdare-de ✅ (3770ch, 15.0s)
2026-05-02 02:13:08,062 [INFO] [3123/3993] id=openseek-4-78b3e2a9f GT=beCthatd ✅ (1265ch, 5.4s)
2026-05-02 02:13:14,370 [INFO] HTTP Request: POST http://localhost:2026/v1/chat/completions "HTTP/1.1 200 OK"
2026-05-02 02:13:14,371 [INFO] [3124/3993] id=openseek-4-f96652583 GT=willIflamesca ✅ (1708ch, 6.3s)
2026-05-02 02:13:17,628 [INFO] HTTP Request: POST http://localhost:2026/v1/chat/completions "HTTP/1.1 200 OK"
2026-05-02 02:13:17,630 [INFO] [3125/3993] id=openseek-4-7f02dfd0c GT=thevequally,nHaulUU ✅ (3655ch, 14.9s)
2026-05-02 02:13:18,587 [INFO] HTTP Request: POST http://localhost:2026/v1/chat/completions "HTTP/1.1 200 OK"
2026-05-02 02:13:18,588 [INFO] [3126/3993] id=openseek-4-fb9d514f7 GT=theMitSnKtcomplaints4Inw ✅ (2704ch, 10.8s)
2026-05-02 02:13:21,063 [INFO] HTTP Request: POST http://localhost:2026/v1/chat/completions "HTTP/1.1 200 OK"
2026-05-02 02:13:21,064 [INFO] [3127/3993] id=openseek-4-93ed0c5ac GT=thereforelCommodoreyo ✅ (1180ch, 6.7s)
2026-05-02 02:13:21,775 [INFO] HTTP Request: POST http://localhost:2026/v1/chat/completions "HTTP/1.1 200 OK"
2026-05-02 02:13:21,776 [INFO] [3128/3993] id=openseek-4-626c9da4b GT=oldla ✅ (902ch, 4.1s)
2026-05-02 02:13:26,531 [INFO] HTTP Request: POST http://localhost:2026/v1/chat/completions "HTTP/1.1 200 OK"
2026-05-02 02:13:26,532 [INFO] [3129/3993] id=openseek-4-0a06292c7 GT=anythingpP ✅ (1507ch, 5.5s)
2026-05-02 02:13:31,162 [INFO] HTTP Request: POST http://localhost:2026/v1/chat/completions "HTTP/1.1 200 OK"
2026-05-02 02:13:31,163 [INFO] [3130/3993] id=openseek-4-7b6f31fcc GT=theymimportantYButXallBzcMfofN ✅ (3146ch, 12.6s)
2026-05-02 02:13:32,229 [INFO] HTTP Request: POST http://localhost:2026/v1/chat/completions "HTTP/1.1 200 OK"
2026-05-02 02:13:32,231 [INFO] [3131/3993] id=openseek-4-8c38b0aae GT=isLOEasterngasideyYR ✅ (2682ch, 10.5s)
2026-05-02 02:13:39,015 [INFO] HTTP Request: POST http://localhost:2026/v1/chat/completions "HTTP/1.1 200 OK"
2026-05-02 02:13:39,016 [INFO] [3132/3993] id=openseek-4-35b5cd177 GT=WVtellNtheyf ✅ (1749ch, 6.8s)
2026-05-02 02:13:39,267 [INFO] HTTP Request: POST http://localhost:2026/v1/chat/completions "HTTP/1.1 200 OK"
2026-05-02 02:13:39,269 [INFO] [3133/3993] id=openseek-4-a8ad9b259 GT=thekwhiteEPHthee,Jv ✅ (3254ch, 12.7s)
2026-05-02 02:13:41,830 [INFO] HTTP Request: POST http://localhost:2026/v1/chat/completions "HTTP/1.1 200 OK"
2026-05-02 02:13:41,832 [INFO] [3134/3993] id=openseek-4-2d7f24254 GT=YinmZuCaptainNstrangeX ✅ (2636ch, 10.7s)
2026-05-02 02:13:47,140 [INFO] HTTP Request: POST http://localhost:2026/v1/chat/completions "HTTP/1.1 200 OK"
2026-05-02 02:13:47,142 [INFO] [3135/3993] id=openseek-4-bd673c6f4 GT=inrcontrast.v ✅ (1418ch, 5.3s)
2026-05-02 02:13:48,982 [INFO] HTTP Request: POST http://localhost:2026/v1/chat/completions "HTTP/1.1 200 OK"
2026-05-02 02:13:48,983 [INFO] [3136/3993] id=openseek-4-1756c13f0 GT=themlplacedqXJapaneseEyoungS ✅ (2573ch, 9.7s)
2026-05-02 02:13:49,673 [INFO] HTTP Request: POST http://localhost:2026/v1/chat/completions "HTTP/1.1 200 OK"
2026-05-02 02:13:49,675 [INFO] [3137/3993] id=openseek-4-d2b8d72f0 GT=don9tVanddhalf-stifledLE ✅ (2711ch, 10.7s)
2026-05-02 02:13:54,653 [INFO] HTTP Request: POST http://localhost:2026/v1/chat/completions "HTTP/1.1 200 OK"
2026-05-02 02:13:54,654 [INFO] [3138/3993] id=openseek-4-ffabe4ada GT=CiMtbweree ✅ (1824ch, 7.5s)
2026-05-02 02:13:59,733 [INFO] HTTP Request: POST http://localhost:2026/v1/chat/completions "HTTP/1.1 200 OK"
2026-05-02 02:13:59,734 [INFO] [3139/3993] id=openseek-4-e8cef4cce GT=thexUdcutVtocreceivingSNSVu ✅ (2397ch, 10.8s)
2026-05-02 02:14:06,024 [INFO] HTTP Request: POST http://localhost:2026/v1/chat/completions "HTTP/1.1 200 OK"
2026-05-02 02:14:06,026 [INFO] [3140/3993] id=openseek-4-69b781772 GT=theMsvofX ✅ (1503ch, 6.3s)
2026-05-02 02:14:07,472 [INFO] HTTP Request: POST http://localhost:2026/v1/chat/completions "HTTP/1.1 200 OK"
2026-05-02 02:14:07,473 [WARNING]   [attempt 1 T=0.0] think validate 失败 (len=4095): 'Okay, let's see. I need to concatenate this list of strings into a single line w'
2026-05-02 02:14:09,977 [INFO] HTTP Request: POST http://localhost:2026/v1/chat/completions "HTTP/1.1 200 OK"
2026-05-02 02:14:09,978 [INFO] [3141/3993] id=openseek-4-7068521c1 GT=matFwithLXaffordGwayJnosesX ✅ (3616ch, 15.3s)
2026-05-02 02:14:16,269 [INFO] HTTP Request: POST http://localhost:2026/v1/chat/completions "HTTP/1.1 200 OK"
2026-05-02 02:14:16,271 [INFO] [3142/3993] id=openseek-4-4b8f2d596 GT=StheeHseemedXYu ✅ (2359ch, 10.2s)
2026-05-02 02:14:21,061 [INFO] HTTP Request: POST http://localhost:2026/v1/chat/completions "HTTP/1.1 200 OK"
2026-05-02 02:14:21,063 [INFO] [3143/3993] id=openseek-4-c0ba7b0a4 GT=yevenhTusualrtheFbJFJThen,f ✅ (3084ch, 31.4s)
2026-05-02 02:14:21,418 [INFO] HTTP Request: POST http://localhost:2026/v1/chat/completions "HTTP/1.1 200 OK"
2026-05-02 02:14:21,420 [INFO] [3144/3993] id=openseek-4-8e3ef26eb GT=GcompleteZz ✅ (1298ch, 5.1s)
2026-05-02 02:14:24,069 [INFO] HTTP Request: POST http://localhost:2026/v1/chat/completions "HTTP/1.1 200 OK"
2026-05-02 02:14:24,070 [INFO] [3145/3993] id=openseek-4-4178d658e GT=HPtifssomethingUqforTatc ✅ (3409ch, 14.1s)
2026-05-02 02:14:30,747 [INFO] HTTP Request: POST http://localhost:2026/v1/chat/completions "HTTP/1.1 200 OK"
2026-05-02 02:14:30,749 [INFO] [3146/3993] id=openseek-4-67ef7e7fa GT=RofWRrofctriangularJCS ✅ (2159ch, 9.3s)
2026-05-02 02:14:38,720 [INFO] HTTP Request: POST http://localhost:2026/v1/chat/completions "HTTP/1.1 200 OK"
2026-05-02 02:14:38,721 [INFO] [3147/3993] id=openseek-4-c1b2731d6 GT=SlivinghofYhumblyfaway;Uofj ✅ (3633ch, 14.7s)
2026-05-02 02:14:41,515 [INFO] HTTP Request: POST http://localhost:2026/v1/chat/completions "HTTP/1.1 200 OK"
2026-05-02 02:14:41,516 [WARNING]   [attempt 1 T=0.0] think validate 失败 (len=4809): 'Okay, let's see. I need to concatenate this list of strings into a single line w'
2026-05-02 02:14:46,195 [INFO] HTTP Request: POST http://localhost:2026/v1/chat/completions "HTTP/1.1 200 OK"
2026-05-02 02:14:46,197 [INFO] [3148/3993] id=openseek-4-581f92115 GT=HarkxIDerickrBJfieldKpumpsPMar ✅ (3565ch, 15.4s)
2026-05-02 02:14:50,331 [INFO] HTTP Request: POST http://localhost:2026/v1/chat/completions "HTTP/1.1 200 OK"
2026-05-02 02:14:50,333 [INFO] [3149/3993] id=openseek-4-d1342f87b GT=lysight;AandPkVT ✅ (2062ch, 29.3s)
2026-05-02 02:14:52,368 [INFO] HTTP Request: POST http://localhost:2026/v1/chat/completions "HTTP/1.1 200 OK"
2026-05-02 02:14:52,369 [INFO] [3150/3993] id=openseek-4-adccafc53 GT=decksQabedwonW ✅ (1520ch, 6.2s)
2026-05-02 02:14:53,295 [INFO] HTTP Request: POST http://localhost:2026/v1/chat/completions "HTTP/1.1 200 OK"
2026-05-02 02:14:53,296 [INFO] [3151/3993] id=openseek-4-35678cbb7 GT=ZPtbeen,wtzusedsbyxvW ✅ (3461ch, 14.6s)
2026-05-02 02:14:56,568 [INFO] HTTP Request: POST http://localhost:2026/v1/chat/completions "HTTP/1.1 200 OK"
2026-05-02 02:14:56,569 [INFO] [3152/3993] id=openseek-4-5fd414265 GT=Nmotionsz ✅ (1088ch, 4.2s)
2026-05-02 02:15:04,801 [INFO] HTTP Request: POST http://localhost:2026/v1/chat/completions "HTTP/1.1 200 OK"
2026-05-02 02:15:04,802 [INFO] [3153/3993] id=openseek-4-76989f87b GT=miffstationaryqlightedmroundSh ✅ (3395ch, 14.5s)
2026-05-02 02:15:07,657 [INFO] HTTP Request: POST http://localhost:2026/v1/chat/completions "HTTP/1.1 200 OK"
2026-05-02 02:15:07,658 [INFO] [3154/3993] id=openseek-4-70ac4fac5 GT=hezVQueequeg,KboardO ✅ (2027ch, 11.1s)
2026-05-02 02:15:10,228 [INFO] HTTP Request: POST http://localhost:2026/v1/chat/completions "HTTP/1.1 200 OK"
2026-05-02 02:15:10,229 [INFO] [3155/3993] id=openseek-4-2655c65c4 GT=Hlamp-feederM ✅ (1154ch, 5.4s)
2026-05-02 02:15:12,843 [INFO] HTTP Request: POST http://localhost:2026/v1/chat/completions "HTTP/1.1 200 OK"
2026-05-02 02:15:12,844 [WARNING]   [attempt 1 T=0.0] think validate 失败 (len=4630): 'Okay, let's see. I need to concatenate this list of strings into a single line w'
2026-05-02 02:15:17,376 [INFO] HTTP Request: POST http://localhost:2026/v1/chat/completions "HTTP/1.1 200 OK"
2026-05-02 02:15:17,377 [INFO] [3156/3993] id=openseek-4-dd367eb67 GT=JvJHtheLvb ✅ (2335ch, 9.7s)
2026-05-02 02:15:28,591 [INFO] HTTP Request: POST http://localhost:2026/v1/chat/completions "HTTP/1.1 200 OK"
2026-05-02 02:15:28,592 [INFO] [3157/3993] id=openseek-4-4787e3cee GT=swFFStarbuck!xWNothem.i ✅ (3406ch, 35.3s)
2026-05-02 02:15:35,049 [INFO] HTTP Request: POST http://localhost:2026/v1/chat/completions "HTTP/1.1 200 OK"
2026-05-02 02:15:35,050 [INFO] [3158/3993] id=openseek-4-346159e6f GT=sightiaboriginaltcedaryitBLFes ✅ (3767ch, 17.7s)
2026-05-02 02:15:35,115 [INFO] HTTP Request: POST http://localhost:2026/v1/chat/completions "HTTP/1.1 200 OK"
2026-05-02 02:15:35,116 [INFO] [3159/3993] id=openseek-4-617fc1ad2 GT=cLookeeDB ✅ (1681ch, 6.5s)
2026-05-02 02:15:36,191 [INFO] HTTP Request: POST http://localhost:2026/v1/chat/completions "HTTP/1.1 200 OK"
2026-05-02 02:15:36,192 [WARNING]   [attempt 1 T=0.0] think validate 失败 (len=5942): 'Okay, let's see. I need to concatenate this list of strings into a single line w'
2026-05-02 02:15:44,017 [INFO] HTTP Request: POST http://localhost:2026/v1/chat/completions "HTTP/1.1 200 OK"
2026-05-02 02:15:44,018 [INFO] [3160/3993] id=openseek-4-61fef3e8e GT=letOlargevhec98.ef ✅ (2110ch, 8.9s)
2026-05-02 02:15:45,383 [INFO] HTTP Request: POST http://localhost:2026/v1/chat/completions "HTTP/1.1 200 OK"
2026-05-02 02:15:45,384 [INFO] [3161/3993] id=openseek-4-656e20167 GT=ZxatFaporpoisehXN ✅ (2483ch, 10.3s)
2026-05-02 02:15:52,389 [INFO] HTTP Request: POST http://localhost:2026/v1/chat/completions "HTTP/1.1 200 OK"
2026-05-02 02:15:52,390 [INFO] [3162/3993] id=openseek-4-c5be2d7de GT=turncallCbyeRswells,QIwYJseven ✅ (3547ch, 42.2s)
2026-05-02 02:15:53,134 [INFO] HTTP Request: POST http://localhost:2026/v1/chat/completions "HTTP/1.1 200 OK"
2026-05-02 02:15:53,136 [INFO] [3163/3993] id=openseek-4-ff934bd20 GT=duheZQ ✅ (1903ch, 7.8s)
2026-05-02 02:15:53,447 [INFO] HTTP Request: POST http://localhost:2026/v1/chat/completions "HTTP/1.1 200 OK"
2026-05-02 02:15:53,449 [INFO] [3164/3993] id=openseek-4-de654a2b3 GT=GFOe ✅ (2401ch, 9.4s)
2026-05-02 02:16:01,014 [INFO] HTTP Request: POST http://localhost:2026/v1/chat/completions "HTTP/1.1 200 OK"
2026-05-02 02:16:01,016 [INFO] [3165/3993] id=openseek-4-55f73228e GT=FnachronicallyMqButP ✅ (2089ch, 7.9s)
2026-05-02 02:16:06,586 [INFO] HTTP Request: POST http://localhost:2026/v1/chat/completions "HTTP/1.1 200 OK"
2026-05-02 02:16:06,587 [INFO] [3166/3993] id=openseek-4-c35103061 GT=toGsanity,ubutYHGloryLplo!Vhav ✅ (3196ch, 13.1s)
2026-05-02 02:16:11,058 [INFO] HTTP Request: POST http://localhost:2026/v1/chat/completions "HTTP/1.1 200 OK"
2026-05-02 02:16:11,058 [WARNING]   [attempt 1 T=0.0] think validate 失败 (len=4265): 'Okay, let's see. I need to concatenate this list of strings into a single line w'
2026-05-02 02:16:16,684 [INFO] HTTP Request: POST http://localhost:2026/v1/chat/completions "HTTP/1.1 200 OK"
2026-05-02 02:16:16,686 [INFO] [3167/3993] id=openseek-4-b02e594f5 GT=thammock,uvineonPsheK ✅ (3370ch, 15.7s)
2026-05-02 02:16:16,775 [INFO] HTTP Request: POST http://localhost:2026/v1/chat/completions "HTTP/1.1 200 OK"
2026-05-02 02:16:16,776 [INFO] [3168/3993] id=openseek-4-b6285aaec GT=aIGyandsTheapenciltprosecution ✅ (2359ch, 10.2s)
2026-05-02 02:16:20,977 [INFO] HTTP Request: POST http://localhost:2026/v1/chat/completions "HTTP/1.1 200 OK"
2026-05-02 02:16:20,978 [INFO] [3169/3993] id=openseek-4-fe703c248 GT=mwx ✅ (1019ch, 4.2s)
2026-05-02 02:16:21,692 [INFO] HTTP Request: POST http://localhost:2026/v1/chat/completions "HTTP/1.1 200 OK"
2026-05-02 02:16:21,693 [INFO] [3170/3993] id=openseek-4-528b34a3e GT=wmyBy ✅ (1256ch, 5.0s)
2026-05-02 02:16:21,900 [INFO] HTTP Request: POST http://localhost:2026/v1/chat/completions "HTTP/1.1 200 OK"
2026-05-02 02:16:21,901 [INFO] [3171/3993] id=openseek-4-ae97ae7b1 GT=districtsovisitationCcrew,Mbfl ✅ (2754ch, 29.5s)
2026-05-02 02:16:28,678 [INFO] HTTP Request: POST http://localhost:2026/v1/chat/completions "HTTP/1.1 200 OK"
2026-05-02 02:16:28,679 [INFO] [3172/3993] id=openseek-4-1838fcd95 GT=abututVX ✅ (1979ch, 7.7s)
2026-05-02 02:16:30,099 [INFO] HTTP Request: POST http://localhost:2026/v1/chat/completions "HTTP/1.1 200 OK"
2026-05-02 02:16:30,101 [INFO] [3173/3993] id=openseek-4-f6b8c4111 GT=YonlyxitEandOh ✅ (2038ch, 8.4s)
2026-05-02 02:16:35,814 [INFO] HTTP Request: POST http://localhost:2026/v1/chat/completions "HTTP/1.1 200 OK"
2026-05-02 02:16:35,816 [INFO] [3174/3993] id=openseek-4-9ace638cb GT=ywasLletJqthere!n ✅ (3521ch, 13.9s)
2026-05-02 02:16:36,005 [INFO] HTTP Request: POST http://localhost:2026/v1/chat/completions "HTTP/1.1 200 OK"
2026-05-02 02:16:36,006 [INFO] [3175/3993] id=openseek-4-c38890f95 GT=forfstheregtaI ✅ (1750ch, 7.3s)
2026-05-02 02:16:39,247 [INFO] HTTP Request: POST http://localhost:2026/v1/chat/completions "HTTP/1.1 200 OK"
2026-05-02 02:16:39,248 [INFO] [3176/3993] id=openseek-4-c9a464559 GT=Iv ✅ (661ch, 3.4s)
2026-05-02 02:16:46,180 [INFO] HTTP Request: POST http://localhost:2026/v1/chat/completions "HTTP/1.1 200 OK"
2026-05-02 02:16:46,182 [INFO] [3177/3993] id=openseek-4-b504d3555 GT=sthevhoweverntheadHonwfish;zES ✅ (3745ch, 16.1s)
2026-05-02 02:16:49,273 [INFO] HTTP Request: POST http://localhost:2026/v1/chat/completions "HTTP/1.1 200 OK"
2026-05-02 02:16:49,274 [INFO] [3178/3993] id=openseek-4-cca0b8889 GT=andmvcalljaself-containingFpDs ✅ (3201ch, 13.3s)
2026-05-02 02:16:52,840 [INFO] HTTP Request: POST http://localhost:2026/v1/chat/completions "HTTP/1.1 200 OK"
2026-05-02 02:16:52,842 [INFO] [3179/3993] id=openseek-4-6804403d4 GT=iandGRtheYvZXintoY ✅ (3409ch, 13.6s)
2026-05-02 02:16:54,047 [INFO] HTTP Request: POST http://localhost:2026/v1/chat/completions "HTTP/1.1 200 OK"
2026-05-02 02:16:54,049 [INFO] [3180/3993] id=openseek-4-7e466156e GT=halthinsulated,bwhenN ✅ (1676ch, 7.9s)
2026-05-02 02:16:55,388 [INFO] HTTP Request: POST http://localhost:2026/v1/chat/completions "HTTP/1.1 200 OK"
2026-05-02 02:16:55,389 [INFO] [3181/3993] id=openseek-4-5ee4a3d95 GT=INcomeXcf ✅ (1480ch, 6.1s)
2026-05-02 02:17:01,030 [INFO] HTTP Request: POST http://localhost:2026/v1/chat/completions "HTTP/1.1 200 OK"
2026-05-02 02:17:01,032 [INFO] [3182/3993] id=openseek-4-3e3cc7c4e GT=sailsLIOG ✅ (1453ch, 5.6s)
2026-05-02 02:17:02,244 [INFO] HTTP Request: POST http://localhost:2026/v1/chat/completions "HTTP/1.1 200 OK"
2026-05-02 02:17:02,245 [INFO] [3183/3993] id=openseek-4-284e98f8e GT=Junthinkinglynoncepofsl ✅ (1874ch, 8.2s)
2026-05-02 02:17:08,407 [INFO] HTTP Request: POST http://localhost:2026/v1/chat/completions "HTTP/1.1 200 OK"
2026-05-02 02:17:08,408 [INFO] [3184/3993] id=openseek-4-7d62935d0 GT=thusoJtuinFyetk ✅ (1500ch, 6.2s)
2026-05-02 02:17:10,990 [INFO] HTTP Request: POST http://localhost:2026/v1/chat/completions "HTTP/1.1 200 OK"
2026-05-02 02:17:10,992 [WARNING]   [attempt 1 T=0.0] think validate 失败 (len=4169): 'Okay, let's see. I need to concatenate this list of strings into a single line w'
2026-05-02 02:17:18,632 [INFO] HTTP Request: POST http://localhost:2026/v1/chat/completions "HTTP/1.1 200 OK"
2026-05-02 02:17:18,633 [INFO] [3185/3993] id=openseek-4-0bc4b44e7 GT=toDassimagevGpossible.Aspeak,q ✅ (3626ch, 17.6s)
2026-05-02 02:17:22,055 [INFO] HTTP Request: POST http://localhost:2026/v1/chat/completions "HTTP/1.1 200 OK"
2026-05-02 02:17:22,056 [INFO] [3186/3993] id=openseek-4-d0900e131 GT=battalions,bsleetjTherenEEQ ✅ (2993ch, 13.6s)
2026-05-02 02:17:24,484 [INFO] HTTP Request: POST http://localhost:2026/v1/chat/completions "HTTP/1.1 200 OK"
2026-05-02 02:17:24,486 [INFO] [3187/3993] id=openseek-4-bbf6b7751 GT=whileDW ✅ (1512ch, 5.9s)
2026-05-02 02:17:26,878 [INFO] HTTP Request: POST http://localhost:2026/v1/chat/completions "HTTP/1.1 200 OK"
2026-05-02 02:17:26,879 [INFO] [3188/3993] id=openseek-4-79dcd33eb GT=cVharpoon,KAlevelledMdtheKIshm ✅ (3632ch, 34.0s)
2026-05-02 02:17:31,357 [INFO] HTTP Request: POST http://localhost:2026/v1/chat/completions "HTTP/1.1 200 OK"
2026-05-02 02:17:31,358 [INFO] [3189/3993] id=openseek-4-083481f33 GT=QnoblestyufZatM ✅ (1397ch, 6.9s)
2026-05-02 02:17:32,927 [INFO] HTTP Request: POST http://localhost:2026/v1/chat/completions "HTTP/1.1 200 OK"
2026-05-02 02:17:32,929 [INFO] [3190/3993] id=openseek-4-a1024c324 GT=striving,FqWu ✅ (1536ch, 6.0s)
2026-05-02 02:17:35,659 [INFO] HTTP Request: POST http://localhost:2026/v1/chat/completions "HTTP/1.1 200 OK"
2026-05-02 02:17:35,661 [INFO] [3191/3993] id=openseek-4-cd8e44516 GT=ofRKpest;SSsmhisRV ✅ (3157ch, 13.6s)
2026-05-02 02:17:37,673 [INFO] HTTP Request: POST http://localhost:2026/v1/chat/completions "HTTP/1.1 200 OK"
2026-05-02 02:17:37,674 [INFO] [3192/3993] id=openseek-4-417a3d8eb GT=haveNrbutE ✅ (1570ch, 6.3s)
2026-05-02 02:17:39,618 [INFO] HTTP Request: POST http://localhost:2026/v1/chat/completions "HTTP/1.1 200 OK"
2026-05-02 02:17:39,619 [INFO] [3193/3993] id=openseek-4-c42430a51 GT=bypheadV ✅ (1764ch, 6.7s)
2026-05-02 02:17:43,876 [INFO] HTTP Request: POST http://localhost:2026/v1/chat/completions "HTTP/1.1 200 OK"
2026-05-02 02:17:43,877 [INFO] [3194/3993] id=openseek-4-00cfe87f3 GT=vZlBthankws ✅ (2028ch, 8.2s)
2026-05-02 02:17:44,380 [INFO] HTTP Request: POST http://localhost:2026/v1/chat/completions "HTTP/1.1 200 OK"
2026-05-02 02:17:44,381 [INFO] [3195/3993] id=openseek-4-6a69facd3 GT=anywhereEvicinities.UL ✅ (1521ch, 6.7s)
2026-05-02 02:17:47,674 [INFO] HTTP Request: POST http://localhost:2026/v1/chat/completions "HTTP/1.1 200 OK"
2026-05-02 02:17:47,676 [INFO] [3196/3993] id=openseek-4-e2a96618b GT=vPf ✅ (996ch, 3.8s)
2026-05-02 02:17:49,695 [INFO] HTTP Request: POST http://localhost:2026/v1/chat/completions "HTTP/1.1 200 OK"
2026-05-02 02:17:49,696 [INFO] [3197/3993] id=openseek-4-07eb6ce10 GT=inlseemedYs ✅ (1383ch, 5.3s)
2026-05-02 02:17:54,644 [INFO] HTTP Request: POST http://localhost:2026/v1/chat/completions "HTTP/1.1 200 OK"
2026-05-02 02:17:54,646 [INFO] [3198/3993] id=openseek-4-6c36a7641 GT=NgroundIelephant,waFvLetxk ✅ (3954ch, 15.0s)
2026-05-02 02:17:56,920 [INFO] HTTP Request: POST http://localhost:2026/v1/chat/completions "HTTP/1.1 200 OK"
2026-05-02 02:17:56,921 [INFO] [3199/3993] id=openseek-4-92d2734e2 GT=sMNbound,Y ✅ (2126ch, 9.2s)
2026-05-02 02:17:59,769 [INFO] HTTP Request: POST http://localhost:2026/v1/chat/completions "HTTP/1.1 200 OK"
2026-05-02 02:17:59,771 [INFO] [3200/3993] id=openseek-4-5f198ac54 GT=UtruckSQconcerningXmurmured,P ✅ (2517ch, 10.1s)
2026-05-02 02:17:59,981 [INFO]   💾 已保存 (成功=3183 失败=17) | 3.8s/条均值 | ETA=50min
2026-05-02 02:18:01,912 [INFO] HTTP Request: POST http://localhost:2026/v1/chat/completions "HTTP/1.1 200 OK"
2026-05-02 02:18:01,914 [INFO] [3201/3993] id=openseek-4-d78beeeac GT=all;4looknjtheuc ✅ (1871ch, 7.3s)
2026-05-02 02:18:03,214 [INFO] HTTP Request: POST http://localhost:2026/v1/chat/completions "HTTP/1.1 200 OK"
2026-05-02 02:18:03,215 [INFO] [3202/3993] id=openseek-4-8ca43a3a6 GT=xCwhichl ✅ (1679ch, 6.3s)
2026-05-02 02:18:11,093 [INFO] HTTP Request: POST http://localhost:2026/v1/chat/completions "HTTP/1.1 200 OK"
2026-05-02 02:18:11,095 [INFO] [3203/3993] id=openseek-4-424ec05ba GT=alone,rIk ✅ (2108ch, 7.9s)
2026-05-02 02:18:17,348 [INFO] HTTP Request: POST http://localhost:2026/v1/chat/completions "HTTP/1.1 200 OK"
2026-05-02 02:18:17,349 [INFO] [3204/3993] id=openseek-4-02f5c577d GT=topdownUcKee-hee!SthatnULU ✅ (3751ch, 15.4s)
2026-05-02 02:18:20,426 [INFO] HTTP Request: POST http://localhost:2026/v1/chat/completions "HTTP/1.1 200 OK"
2026-05-02 02:18:20,428 [INFO] [3205/3993] id=openseek-4-3190d2e78 GT=orderkIKuRtoW ✅ (2089ch, 9.3s)
2026-05-02 02:18:21,593 [INFO] HTTP Request: POST http://localhost:2026/v1/chat/completions "HTTP/1.1 200 OK"
2026-05-02 02:18:21,594 [WARNING]   [attempt 1 T=0.0] think validate 失败 (len=4610): 'Okay, let's see. I need to concatenate this list of strings into a single line w'
2026-05-02 02:18:23,121 [INFO] HTTP Request: POST http://localhost:2026/v1/chat/completions "HTTP/1.1 200 OK"
2026-05-02 02:18:23,122 [INFO] [3206/3993] id=openseek-4-395b035a0 GT=howzfrommr ✅ (1268ch, 5.8s)
2026-05-02 02:18:25,462 [INFO] HTTP Request: POST http://localhost:2026/v1/chat/completions "HTTP/1.1 200 OK"
2026-05-02 02:18:25,463 [INFO] [3207/3993] id=openseek-4-5b1ef8a82 GT=snatchingvyetn ✅ (1298ch, 5.0s)
2026-05-02 02:18:33,429 [INFO] HTTP Request: POST http://localhost:2026/v1/chat/completions "HTTP/1.1 200 OK"
2026-05-02 02:18:33,431 [INFO] [3208/3993] id=openseek-4-da7909b03 GT=icLinFbym ✅ (1943ch, 8.0s)
2026-05-02 02:18:34,414 [INFO] HTTP Request: POST http://localhost:2026/v1/chat/completions "HTTP/1.1 200 OK"
2026-05-02 02:18:34,415 [INFO] [3209/3993] id=openseek-4-c489fbbd3 GT=thiscupaWlawOFcolessonCjofx ✅ (2746ch, 11.3s)
2026-05-02 02:18:38,841 [INFO] HTTP Request: POST http://localhost:2026/v1/chat/completions "HTTP/1.1 200 OK"
2026-05-02 02:18:38,842 [INFO] [3210/3993] id=openseek-4-d005abfab GT=then,CKbBIthejaTtheIR ✅ (3649ch, 39.1s)
2026-05-02 02:18:39,673 [INFO] HTTP Request: POST http://localhost:2026/v1/chat/completions "HTTP/1.1 200 OK"
2026-05-02 02:18:39,675 [INFO] [3211/3993] id=openseek-4-7e5862206 GT=willpeUinCcmuchk ✅ (1427ch, 6.2s)
2026-05-02 02:18:46,175 [INFO] HTTP Request: POST http://localhost:2026/v1/chat/completions "HTTP/1.1 200 OK"
2026-05-02 02:18:46,175 [WARNING]   [attempt 1 T=0.0] 答案校验失败 pred='m cases d T R roasted o' expect='m cases d T R roared o'
2026-05-02 02:18:50,867 [INFO] HTTP Request: POST http://localhost:2026/v1/chat/completions "HTTP/1.1 200 OK"
2026-05-02 02:18:50,869 [INFO] [3212/3993] id=openseek-4-530b7e77c GT=man,ctoHaeLinVTWzU ✅ (3687ch, 16.5s)
2026-05-02 02:18:52,828 [INFO] HTTP Request: POST http://localhost:2026/v1/chat/completions "HTTP/1.1 200 OK"
2026-05-02 02:18:52,829 [INFO] [3213/3993] id=openseek-4-1d11d63f3 GT=ItrGXjwithdU ✅ (3073ch, 14.0s)
2026-05-02 02:18:53,415 [INFO] HTTP Request: POST http://localhost:2026/v1/chat/completions "HTTP/1.1 200 OK"
2026-05-02 02:18:53,415 [WARNING]   [attempt 2 T=0.3] 答案校验失败 pred='m cases d T R roasted o' expect='m cases d T R roared o'
2026-05-02 02:18:59,048 [INFO] HTTP Request: POST http://localhost:2026/v1/chat/completions "HTTP/1.1 200 OK"
2026-05-02 02:18:59,049 [INFO] [3214/3993] id=openseek-4-0b98e2b5d GT=tdledvtheg ✅ (1448ch, 6.2s)
2026-05-02 02:19:00,855 [INFO] HTTP Request: POST http://localhost:2026/v1/chat/completions "HTTP/1.1 200 OK"
2026-05-02 02:19:00,855 [WARNING]   [attempt 3 T=0.6] 答案校验失败 pred='m cases d T R roasted o' expect='m cases d T R roared o'
2026-05-02 02:19:00,856 [WARNING] [3215/3993] id=openseek-4-1f66f351e GT=mcasesdTRroaredo ❌ (21.2s)
2026-05-02 02:19:03,709 [INFO] HTTP Request: POST http://localhost:2026/v1/chat/completions "HTTP/1.1 200 OK"
2026-05-02 02:19:03,711 [INFO] [3216/3993] id=openseek-4-36a9bb617 GT=wpzinDputxVtherkgaB ✅ (2898ch, 12.8s)
2026-05-02 02:19:08,319 [INFO] HTTP Request: POST http://localhost:2026/v1/chat/completions "HTTP/1.1 200 OK"
2026-05-02 02:19:08,320 [INFO] [3217/3993] id=openseek-4-9702c2249 GT=275thjshippcwhichfjIfs ✅ (1519ch, 9.3s)
2026-05-02 02:19:12,782 [INFO] HTTP Request: POST http://localhost:2026/v1/chat/completions "HTTP/1.1 200 OK"
2026-05-02 02:19:12,784 [INFO] [3218/3993] id=openseek-4-d07eccc1c GT=thatZplacecnowepofcnotIAhabISo ✅ (2904ch, 11.9s)
2026-05-02 02:19:16,508 [INFO] HTTP Request: POST http://localhost:2026/v1/chat/completions "HTTP/1.1 200 OK"
2026-05-02 02:19:16,510 [INFO] [3219/3993] id=openseek-4-15ee53655 GT=breadUnotYcrookedwwtoJ ✅ (3288ch, 12.8s)
2026-05-02 02:19:20,608 [INFO] HTTP Request: POST http://localhost:2026/v1/chat/completions "HTTP/1.1 200 OK"
2026-05-02 02:19:20,609 [INFO] [3220/3993] id=openseek-4-3e75c8bbc GT=tosqc ✅ (1032ch, 4.1s)
2026-05-02 02:19:21,753 [INFO] HTTP Request: POST http://localhost:2026/v1/chat/completions "HTTP/1.1 200 OK"
2026-05-02 02:19:21,754 [INFO] [3221/3993] id=openseek-4-9b57ccbd0 GT=TQblight.jtheqP ✅ (2259ch, 9.0s)
2026-05-02 02:19:25,332 [INFO] HTTP Request: POST http://localhost:2026/v1/chat/completions "HTTP/1.1 200 OK"
2026-05-02 02:19:25,334 [INFO] [3222/3993] id=openseek-4-7f31aa1e3 GT=theGH ✅ (1265ch, 4.7s)
2026-05-02 02:19:25,620 [INFO] HTTP Request: POST http://localhost:2026/v1/chat/completions "HTTP/1.1 200 OK"
2026-05-02 02:19:25,622 [INFO] [3223/3993] id=openseek-4-82b8c8b06 GT=LonlyBrgNdiaboli!dFNz ✅ (3998ch, 17.3s)
2026-05-02 02:19:32,347 [INFO] HTTP Request: POST http://localhost:2026/v1/chat/completions "HTTP/1.1 200 OK"
2026-05-02 02:19:32,349 [INFO] [3224/3993] id=openseek-4-e674a2c97 GT=EfromzClNelsonC ✅ (1825ch, 7.0s)
2026-05-02 02:19:36,283 [INFO] HTTP Request: POST http://localhost:2026/v1/chat/completions "HTTP/1.1 200 OK"
2026-05-02 02:19:36,285 [INFO] [3225/3993] id=openseek-4-6ef48c73e GT=Queequeg,ppthePonhOLaoeA ✅ (3149ch, 14.5s)
2026-05-02 02:19:37,002 [INFO] HTTP Request: POST http://localhost:2026/v1/chat/completions "HTTP/1.1 200 OK"
2026-05-02 02:19:37,003 [INFO] [3226/3993] id=openseek-4-4c026ffce GT=lumpsueyeingcwholFF ✅ (3000ch, 11.4s)
2026-05-02 02:19:37,999 [INFO] HTTP Request: POST http://localhost:2026/v1/chat/completions "HTTP/1.1 200 OK"
2026-05-02 02:19:38,001 [INFO] [3227/3993] id=openseek-4-aa8546993 GT=htdoesJ ✅ (1177ch, 5.7s)
2026-05-02 02:19:43,868 [INFO] HTTP Request: POST http://localhost:2026/v1/chat/completions "HTTP/1.1 200 OK"
2026-05-02 02:19:43,870 [INFO] [3228/3993] id=openseek-4-e9f52e795 GT=hecgenerallyqtheseb ✅ (1288ch, 5.9s)
2026-05-02 02:19:48,422 [INFO] HTTP Request: POST http://localhost:2026/v1/chat/completions "HTTP/1.1 200 OK"
2026-05-02 02:19:48,423 [INFO] [3229/3993] id=openseek-4-c20663e1e GT=ofZrheBcaptainTJholdingITiswky ✅ (2722ch, 12.1s)
2026-05-02 02:19:50,070 [INFO] HTTP Request: POST http://localhost:2026/v1/chat/completions "HTTP/1.1 200 OK"
2026-05-02 02:19:50,071 [INFO] [3230/3993] id=openseek-4-25d6b6800 GT=anmmast-head;zsoCXIndianVs ✅ (2156ch, 13.1s)
2026-05-02 02:19:53,942 [INFO] HTTP Request: POST http://localhost:2026/v1/chat/completions "HTTP/1.1 200 OK"
2026-05-02 02:19:53,943 [INFO] [3231/3993] id=openseek-4-b27a32aea GT=XdlywhiteKY ✅ (2666ch, 10.1s)
2026-05-02 02:19:55,748 [INFO] HTTP Request: POST http://localhost:2026/v1/chat/completions "HTTP/1.1 200 OK"
2026-05-02 02:19:55,749 [INFO] [3232/3993] id=openseek-4-14c48f77d GT=stirredUrPtheyh ✅ (1828ch, 7.3s)
2026-05-02 02:19:56,154 [INFO] HTTP Request: POST http://localhost:2026/v1/chat/completions "HTTP/1.1 200 OK"
2026-05-02 02:19:56,155 [INFO] [3233/3993] id=openseek-4-a7c59f00d GT=microscopicHdassaySw ✅ (1525ch, 6.1s)
2026-05-02 02:20:03,809 [INFO] HTTP Request: POST http://localhost:2026/v1/chat/completions "HTTP/1.1 200 OK"
2026-05-02 02:20:03,810 [INFO] [3234/3993] id=openseek-4-11b092465 GT=atheBthektheg ✅ (2539ch, 9.9s)
2026-05-02 02:20:08,154 [INFO] HTTP Request: POST http://localhost:2026/v1/chat/completions "HTTP/1.1 200 OK"
2026-05-02 02:20:08,156 [INFO] [3235/3993] id=openseek-4-1384716dd GT=unspeakableJfjnreallydthroughE ✅ (3228ch, 12.0s)
2026-05-02 02:20:09,373 [INFO] HTTP Request: POST http://localhost:2026/v1/chat/completions "HTTP/1.1 200 OK"
2026-05-02 02:20:09,375 [INFO] [3236/3993] id=openseek-4-1d6dc022c GT=Devil,herofzGbitesbK ✅ (3340ch, 13.6s)
2026-05-02 02:20:10,852 [INFO] HTTP Request: POST http://localhost:2026/v1/chat/completions "HTTP/1.1 200 OK"
2026-05-02 02:20:10,853 [INFO] [3237/3993] id=openseek-4-d17c5182c GT=offcBvastA ✅ (1845ch, 7.0s)
2026-05-02 02:20:17,740 [INFO] HTTP Request: POST http://localhost:2026/v1/chat/completions "HTTP/1.1 200 OK"
2026-05-02 02:20:17,741 [INFO] [3238/3993] id=openseek-4-3f923ce12 GT=ssparklingCF ✅ (1890ch, 6.9s)
2026-05-02 02:20:18,446 [INFO] HTTP Request: POST http://localhost:2026/v1/chat/completions "HTTP/1.1 200 OK"
2026-05-02 02:20:18,448 [INFO] [3239/3993] id=openseek-4-14968e7f1 GT=RwhenMhconsciencefUKjustS ✅ (2689ch, 10.3s)
2026-05-02 02:20:21,362 [INFO] HTTP Request: POST http://localhost:2026/v1/chat/completions "HTTP/1.1 200 OK"
2026-05-02 02:20:21,363 [INFO] [3240/3993] id=openseek-4-3c02289c1 GT=haveUfiroundIandyclayWbenevole ✅ (2908ch, 12.0s)
2026-05-02 02:20:27,096 [INFO] HTTP Request: POST http://localhost:2026/v1/chat/completions "HTTP/1.1 200 OK"
2026-05-02 02:20:27,097 [INFO] [3241/3993] id=openseek-4-42a3100bb GT=andyIBLthelKbeach,PN ✅ (2290ch, 9.4s)
2026-05-02 02:20:30,103 [INFO] HTTP Request: POST http://localhost:2026/v1/chat/completions "HTTP/1.1 200 OK"
2026-05-02 02:20:30,105 [INFO] [3242/3993] id=openseek-4-48c3cf5c0 GT=hzintoKthereEtaputndippingYg ✅ (2703ch, 11.7s)
2026-05-02 02:20:32,892 [INFO] HTTP Request: POST http://localhost:2026/v1/chat/completions "HTTP/1.1 200 OK"
2026-05-02 02:20:32,893 [INFO] [3243/3993] id=openseek-4-dca473564 GT=inPthatjs ✅ (1480ch, 5.8s)
2026-05-02 02:20:37,384 [INFO] HTTP Request: POST http://localhost:2026/v1/chat/completions "HTTP/1.1 200 OK"
2026-05-02 02:20:37,386 [INFO] [3244/3993] id=openseek-4-81f232207 GT=YinsthatxVashmJthei ✅ (3728ch, 16.0s)
2026-05-02 02:20:39,145 [INFO] HTTP Request: POST http://localhost:2026/v1/chat/completions "HTTP/1.1 200 OK"
2026-05-02 02:20:39,147 [INFO] [3245/3993] id=openseek-4-57d291f8d GT=atcgLr ✅ (2150ch, 9.0s)
2026-05-02 02:20:39,826 [INFO] HTTP Request: POST http://localhost:2026/v1/chat/completions "HTTP/1.1 200 OK"
2026-05-02 02:20:39,828 [INFO] [3246/3993] id=openseek-4-bfc082269 GT=violentQIv ✅ (1889ch, 6.9s)
2026-05-02 02:20:42,635 [INFO] HTTP Request: POST http://localhost:2026/v1/chat/completions "HTTP/1.1 200 OK"
2026-05-02 02:20:42,636 [INFO] [3247/3993] id=openseek-4-5e40ef1dd GT=kJ ✅ (962ch, 3.5s)
2026-05-02 02:20:47,493 [INFO] HTTP Request: POST http://localhost:2026/v1/chat/completions "HTTP/1.1 200 OK"
2026-05-02 02:20:47,495 [INFO] [3248/3993] id=openseek-4-ec82882e2 GT=thinkFAclueUTPUb ✅ (1881ch, 7.7s)
2026-05-02 02:20:50,534 [INFO] HTTP Request: POST http://localhost:2026/v1/chat/completions "HTTP/1.1 200 OK"
2026-05-02 02:20:50,536 [INFO] [3249/3993] id=openseek-4-cf785450e GT=bAwasmhadnYhim,nsuchybatS ✅ (3150ch, 13.2s)
2026-05-02 02:20:51,448 [INFO] HTTP Request: POST http://localhost:2026/v1/chat/completions "HTTP/1.1 200 OK"
2026-05-02 02:20:51,449 [INFO] [3250/3993] id=openseek-4-18a048d63 GT=me,Dslonger.t ✅ (2232ch, 8.8s)
2026-05-02 02:20:55,476 [INFO] HTTP Request: POST http://localhost:2026/v1/chat/completions "HTTP/1.1 200 OK"
2026-05-02 02:20:55,477 [INFO] [3251/3993] id=openseek-4-f6f536e2f GT=foundwon.DthreeR ✅ (2084ch, 8.0s)
2026-05-02 02:20:58,367 [INFO] HTTP Request: POST http://localhost:2026/v1/chat/completions "HTTP/1.1 200 OK"
2026-05-02 02:20:58,368 [INFO] [3252/3993] id=openseek-4-140a2a7c3 GT=tiheaunharmingQ ✅ (1972ch, 7.8s)
2026-05-02 02:21:00,739 [INFO] HTTP Request: POST http://localhost:2026/v1/chat/completions "HTTP/1.1 200 OK"
2026-05-02 02:21:00,740 [INFO] [3253/3993] id=openseek-4-ebfadadff GT=tofthere!pai ✅ (2315ch, 9.3s)
2026-05-02 02:21:03,800 [INFO] HTTP Request: POST http://localhost:2026/v1/chat/completions "HTTP/1.1 200 OK"
2026-05-02 02:21:03,801 [INFO] [3254/3993] id=openseek-4-632c076e2 GT=itzjunction,VdE ✅ (2122ch, 8.3s)
2026-05-02 02:21:10,737 [INFO] HTTP Request: POST http://localhost:2026/v1/chat/completions "HTTP/1.1 200 OK"
2026-05-02 02:21:10,738 [INFO] [3255/3993] id=openseek-4-482d93f5d GT=wouldvmelancholyialongfKnqIblu ✅ (2534ch, 10.0s)
2026-05-02 02:21:10,754 [INFO] HTTP Request: POST http://localhost:2026/v1/chat/completions "HTTP/1.1 200 OK"
2026-05-02 02:21:10,756 [INFO] [3256/3993] id=openseek-4-a6afa2d28 GT=Fates,Pwentq ✅ (1844ch, 7.0s)
2026-05-02 02:21:12,152 [INFO] HTTP Request: POST http://localhost:2026/v1/chat/completions "HTTP/1.1 200 OK"
2026-05-02 02:21:12,153 [INFO] [3257/3993] id=openseek-4-276f5505a GT=blight.ylmomentEolpurposeZknow ✅ (3185ch, 13.8s)
2026-05-02 02:21:17,129 [INFO] HTTP Request: POST http://localhost:2026/v1/chat/completions "HTTP/1.1 200 OK"
2026-05-02 02:21:17,131 [INFO] [3258/3993] id=openseek-4-06c26a43f GT=connecting,Hx ✅ (1802ch, 6.4s)
2026-05-02 02:21:18,105 [INFO] HTTP Request: POST http://localhost:2026/v1/chat/completions "HTTP/1.1 200 OK"
2026-05-02 02:21:18,106 [INFO] [3259/3993] id=openseek-4-83d969ed5 GT=commander9szstilld ✅ (1614ch, 6.0s)
2026-05-02 02:21:26,822 [INFO] HTTP Request: POST http://localhost:2026/v1/chat/completions "HTTP/1.1 200 OK"
2026-05-02 02:21:26,824 [INFO] [3260/3993] id=openseek-4-239e54908 GT=itpSomEaskforVRandhkV ✅ (3438ch, 16.1s)
2026-05-02 02:21:29,841 [INFO] HTTP Request: POST http://localhost:2026/v1/chat/completions "HTTP/1.1 200 OK"
2026-05-02 02:21:29,842 [INFO] [3261/3993] id=openseek-4-5e7f6644d GT=trHtheUyGT ✅ (2984ch, 11.7s)
2026-05-02 02:21:32,998 [INFO] HTTP Request: POST http://localhost:2026/v1/chat/completions "HTTP/1.1 200 OK"
2026-05-02 02:21:33,000 [INFO] [3262/3993] id=openseek-4-25b5fc11a GT=justzIRxCDb ✅ (1194ch, 6.2s)
2026-05-02 02:21:34,406 [INFO] HTTP Request: POST http://localhost:2026/v1/chat/completions "HTTP/1.1 200 OK"
2026-05-02 02:21:34,407 [INFO] [3263/3993] id=openseek-4-0b2548690 GT=Dvariousp ✅ (1172ch, 4.6s)
2026-05-02 02:21:43,131 [INFO] HTTP Request: POST http://localhost:2026/v1/chat/completions "HTTP/1.1 200 OK"
2026-05-02 02:21:43,132 [WARNING]   [attempt 1 T=0.0] think validate 失败 (len=6408): 'Okay, let's see. I need to concatenate this list of strings into a single line w'
2026-05-02 02:21:45,517 [INFO] HTTP Request: POST http://localhost:2026/v1/chat/completions "HTTP/1.1 200 OK"
2026-05-02 02:21:45,519 [INFO] [3264/3993] id=openseek-4-535473734 GT=WgAKranEddTq ✅ (2362ch, 11.1s)
2026-05-02 02:21:48,084 [INFO] HTTP Request: POST http://localhost:2026/v1/chat/completions "HTTP/1.1 200 OK"
2026-05-02 02:21:48,086 [INFO] [3265/3993] id=openseek-4-c555543fe GT=thezehbmZsharper,NYatN ✅ (3326ch, 15.1s)
2026-05-02 02:21:53,350 [INFO] HTTP Request: POST http://localhost:2026/v1/chat/completions "HTTP/1.1 200 OK"
2026-05-02 02:21:53,351 [INFO] [3266/3993] id=openseek-4-ac05384a8 GT=DSPaF ✅ (1839ch, 7.8s)
2026-05-02 02:21:54,234 [INFO] HTTP Request: POST http://localhost:2026/v1/chat/completions "HTTP/1.1 200 OK"
2026-05-02 02:21:54,236 [INFO] [3267/3993] id=openseek-4-6cf0e428c GT=thexhlarboardHdescendItheuonjS ✅ (2425ch, 37.1s)
2026-05-02 02:22:01,849 [INFO] HTTP Request: POST http://localhost:2026/v1/chat/completions "HTTP/1.1 200 OK"
2026-05-02 02:22:01,850 [INFO] [3268/3993] id=openseek-4-7fad6b220 GT=iofQmen.qisRIvloftyJit)e ✅ (3207ch, 13.8s)
2026-05-02 02:22:03,319 [INFO] HTTP Request: POST http://localhost:2026/v1/chat/completions "HTTP/1.1 200 OK"
2026-05-02 02:22:03,320 [INFO] [3269/3993] id=openseek-4-8d0247c02 GT=LlikenedarwantsowadomedF ✅ (2314ch, 10.0s)
2026-05-02 02:22:08,283 [INFO] HTTP Request: POST http://localhost:2026/v1/chat/completions "HTTP/1.1 200 OK"
2026-05-02 02:22:08,284 [INFO] [3270/3993] id=openseek-4-f039e5132 GT=anyqtheSgor!dyibroughtd ✅ (3252ch, 14.0s)
2026-05-02 02:22:09,076 [INFO] HTTP Request: POST http://localhost:2026/v1/chat/completions "HTTP/1.1 200 OK"
2026-05-02 02:22:09,077 [INFO] [3271/3993] id=openseek-4-a3416e4a6 GT=zsbiGs ✅ (1785ch, 7.2s)
2026-05-02 02:22:14,576 [INFO] HTTP Request: POST http://localhost:2026/v1/chat/completions "HTTP/1.1 200 OK"
2026-05-02 02:22:14,577 [INFO] [3272/3993] id=openseek-4-9a8d110f8 GT=OtheFhavedBIjandistepsB ✅ (2575ch, 11.3s)
2026-05-02 02:22:14,818 [INFO] HTTP Request: POST http://localhost:2026/v1/chat/completions "HTTP/1.1 200 OK"
2026-05-02 02:22:14,819 [INFO] [3273/3993] id=openseek-4-49bd8fddb GT=ltwoc ✅ (1478ch, 6.5s)
2026-05-02 02:22:19,090 [INFO] HTTP Request: POST http://localhost:2026/v1/chat/completions "HTTP/1.1 200 OK"
2026-05-02 02:22:19,091 [INFO] [3274/3993] id=openseek-4-d235396d4 GT=Eisk ✅ (898ch, 4.3s)
2026-05-02 02:22:25,041 [INFO] HTTP Request: POST http://localhost:2026/v1/chat/completions "HTTP/1.1 200 OK"
2026-05-02 02:22:25,043 [INFO] [3275/3993] id=openseek-4-217e322ef GT=NtheuPmatesX ✅ (1481ch, 6.0s)
2026-05-02 02:22:29,807 [INFO] HTTP Request: POST http://localhost:2026/v1/chat/completions "HTTP/1.1 200 OK"
2026-05-02 02:22:29,807 [WARNING]   [attempt 1 T=0.0] think validate 失败 (len=4883): 'Okay, let's see. I need to concatenate this list of strings into a single line w'
2026-05-02 02:22:33,939 [INFO] HTTP Request: POST http://localhost:2026/v1/chat/completions "HTTP/1.1 200 OK"
2026-05-02 02:22:33,939 [WARNING]   [attempt 1 T=0.0] think validate 失败 (len=4806): 'Okay, let's see. I need to concatenate this list of strings into a single line w'
2026-05-02 02:22:36,612 [INFO] HTTP Request: POST http://localhost:2026/v1/chat/completions "HTTP/1.1 200 OK"
2026-05-02 02:22:36,614 [INFO] [3276/3993] id=openseek-4-2998addbc GT=coastsUrtheSstory.9hq ✅ (2716ch, 11.6s)
2026-05-02 02:22:42,740 [INFO] HTTP Request: POST http://localhost:2026/v1/chat/completions "HTTP/1.1 200 OK"
2026-05-02 02:22:42,742 [INFO] [3277/3993] id=openseek-4-f5aa53ab3 GT=staggeringItakingj ✅ (1606ch, 6.1s)
2026-05-02 02:22:45,407 [INFO] HTTP Request: POST http://localhost:2026/v1/chat/completions "HTTP/1.1 200 OK"
2026-05-02 02:22:45,408 [INFO] [3278/3993] id=openseek-4-b965926f1 GT=tellsBonly,fb ✅ (2646ch, 30.8s)
2026-05-02 02:22:48,215 [INFO] HTTP Request: POST http://localhost:2026/v1/chat/completions "HTTP/1.1 200 OK"
2026-05-02 02:22:48,217 [INFO] [3279/3993] id=openseek-4-fc152c011 GT=oGhoisticAye!npbprickingdbedwa ✅ (3738ch, 39.1s)
2026-05-02 02:22:51,248 [INFO] HTTP Request: POST http://localhost:2026/v1/chat/completions "HTTP/1.1 200 OK"
2026-05-02 02:22:51,249 [INFO] [3280/3993] id=openseek-4-ee4f22482 GT=andClthingshinN ✅ (1970ch, 8.5s)
2026-05-02 02:22:53,326 [INFO] HTTP Request: POST http://localhost:2026/v1/chat/completions "HTTP/1.1 200 OK"
2026-05-02 02:22:53,327 [INFO] [3281/3993] id=openseek-4-70ddae7aa GT=itqawayzY ✅ (2009ch, 7.9s)
2026-05-02 02:22:57,637 [INFO] HTTP Request: POST http://localhost:2026/v1/chat/completions "HTTP/1.1 200 OK"
2026-05-02 02:22:57,638 [INFO] [3282/3993] id=openseek-4-90f05099a GT=zuztroubledfribbedLsomesrbands ✅ (2318ch, 9.4s)
2026-05-02 02:23:00,925 [INFO] HTTP Request: POST http://localhost:2026/v1/chat/completions "HTTP/1.1 200 OK"
2026-05-02 02:23:00,926 [INFO] [3283/3993] id=openseek-4-5f3bfbea7 GT=thenFtVagwVKsv ✅ (1796ch, 7.6s)
2026-05-02 02:23:05,347 [INFO] HTTP Request: POST http://localhost:2026/v1/chat/completions "HTTP/1.1 200 OK"
2026-05-02 02:23:05,349 [INFO] [3284/3993] id=openseek-4-c848399f3 GT=sea.WthenRxQMheQkIp ✅ (3422ch, 14.1s)
2026-05-02 02:23:14,844 [INFO] HTTP Request: POST http://localhost:2026/v1/chat/completions "HTTP/1.1 200 OK"
2026-05-02 02:23:14,845 [WARNING]   [attempt 1 T=0.0] think validate 失败 (len=4104): 'Okay, let's see. I need to concatenate this list of strings into a single line w'
2026-05-02 02:23:16,553 [INFO] HTTP Request: POST http://localhost:2026/v1/chat/completions "HTTP/1.1 200 OK"
2026-05-02 02:23:16,554 [INFO] [3285/3993] id=openseek-4-fd1ad6cd5 GT=hhWhiteutheRctelling.ffishery, ✅ (3661ch, 15.6s)
2026-05-02 02:23:21,691 [INFO] HTTP Request: POST http://localhost:2026/v1/chat/completions "HTTP/1.1 200 OK"
2026-05-02 02:23:21,692 [INFO] [3286/3993] id=openseek-4-f3d774550 GT=bEworld!ssoXantique,ghimselfFo ✅ (3635ch, 16.3s)
2026-05-02 02:23:28,457 [INFO] HTTP Request: POST http://localhost:2026/v1/chat/completions "HTTP/1.1 200 OK"
2026-05-02 02:23:28,458 [INFO] [3287/3993] id=openseek-4-71b473d89 GT=mDmothersSKClikeDofLboilingYx ✅ (3039ch, 30.8s)
2026-05-02 02:23:29,548 [INFO] HTTP Request: POST http://localhost:2026/v1/chat/completions "HTTP/1.1 200 OK"
2026-05-02 02:23:29,550 [INFO] [3288/3993] id=openseek-4-5979e5647 GT=reprehensibleTVitsNmutteredemt ✅ (3216ch, 13.0s)
2026-05-02 02:23:35,300 [INFO] HTTP Request: POST http://localhost:2026/v1/chat/completions "HTTP/1.1 200 OK"
2026-05-02 02:23:35,301 [INFO] [3289/3993] id=openseek-4-22fbdfffd GT=asqharpoon,COSisPpNX ✅ (3162ch, 13.6s)
2026-05-02 02:23:37,048 [INFO] HTTP Request: POST http://localhost:2026/v1/chat/completions "HTTP/1.1 200 OK"
2026-05-02 02:23:37,049 [INFO] [3290/3993] id=openseek-4-9000cd51f GT=question;MMstirE ✅ (2249ch, 8.6s)
2026-05-02 02:23:40,460 [INFO] HTTP Request: POST http://localhost:2026/v1/chat/completions "HTTP/1.1 200 OK"
2026-05-02 02:23:40,461 [INFO] [3291/3993] id=openseek-4-ef85dbd07 GT=and,XoldrRslowly,mamongz ✅ (2478ch, 10.9s)
2026-05-02 02:23:44,702 [INFO] HTTP Request: POST http://localhost:2026/v1/chat/completions "HTTP/1.1 200 OK"
2026-05-02 02:23:44,703 [INFO] [3292/3993] id=openseek-4-72321d9cd GT=iLLR ✅ (1079ch, 4.2s)
2026-05-02 02:23:46,067 [INFO] HTTP Request: POST http://localhost:2026/v1/chat/completions "HTTP/1.1 200 OK"
2026-05-02 02:23:46,069 [INFO] [3293/3993] id=openseek-4-68f6fe8d5 GT=ofUanywhere;nq ✅ (2244ch, 9.0s)
2026-05-02 02:23:52,051 [INFO] HTTP Request: POST http://localhost:2026/v1/chat/completions "HTTP/1.1 200 OK"
2026-05-02 02:23:52,052 [INFO] [3294/3993] id=openseek-4-7a2ecf9c3 GT=it,tHiI ✅ (1434ch, 6.0s)
2026-05-02 02:23:54,148 [INFO] HTTP Request: POST http://localhost:2026/v1/chat/completions "HTTP/1.1 200 OK"
2026-05-02 02:23:54,148 [INFO] [3295/3993] id=openseek-4-ecd3c5617 GT=weBhermits,ispanglingY ✅ (2415ch, 9.4s)
2026-05-02 02:23:57,650 [INFO] HTTP Request: POST http://localhost:2026/v1/chat/completions "HTTP/1.1 200 OK"
2026-05-02 02:23:57,651 [INFO] [3296/3993] id=openseek-4-9cc4b125c GT=Jo ✅ (941ch, 3.5s)
2026-05-02 02:24:02,066 [INFO] HTTP Request: POST http://localhost:2026/v1/chat/completions "HTTP/1.1 200 OK"
2026-05-02 02:24:02,067 [WARNING]   [attempt 1 T=0.0] think validate 失败 (len=6549): 'Okay, let's see. I need to concatenate this list of strings into a single line w'
2026-05-02 02:24:07,020 [INFO] HTTP Request: POST http://localhost:2026/v1/chat/completions "HTTP/1.1 200 OK"
2026-05-02 02:24:07,021 [INFO] [3297/3993] id=openseek-4-0d70865f4 GT=rithanlWofnNwithpUnowsd ✅ (3560ch, 15.0s)
2026-05-02 02:24:09,794 [INFO] HTTP Request: POST http://localhost:2026/v1/chat/completions "HTTP/1.1 200 OK"
2026-05-02 02:24:09,796 [INFO] [3298/3993] id=openseek-4-317cf28db GT=IhSheYqVsmecv ✅ (2938ch, 12.1s)
2026-05-02 02:24:12,314 [INFO] HTTP Request: POST http://localhost:2026/v1/chat/completions "HTTP/1.1 200 OK"
2026-05-02 02:24:12,315 [INFO] [3299/3993] id=openseek-4-a3c9d91df GT=constitution;Ri ✅ (1377ch, 5.3s)
2026-05-02 02:24:14,828 [INFO] HTTP Request: POST http://localhost:2026/v1/chat/completions "HTTP/1.1 200 OK"
2026-05-02 02:24:14,829 [INFO] [3300/3993] id=openseek-4-cc37ea8c8 GT=please;oMysmokingoplasterNdtoo ✅ (2927ch, 39.5s)
2026-05-02 02:24:15,070 [INFO]   💾 已保存 (成功=3282 失败=18) | 3.8s/条均值 | ETA=44min
2026-05-02 02:24:21,089 [INFO] HTTP Request: POST http://localhost:2026/v1/chat/completions "HTTP/1.1 200 OK"
2026-05-02 02:24:21,090 [INFO] [3301/3993] id=openseek-4-eaacd4813 GT=NuponpdropDig ✅ (2145ch, 8.8s)
2026-05-02 02:24:22,999 [INFO] HTTP Request: POST http://localhost:2026/v1/chat/completions "HTTP/1.1 200 OK"
2026-05-02 02:24:23,000 [INFO] [3302/3993] id=openseek-4-814fda98c GT=boat-knife,EnEQ ✅ (1727ch, 8.2s)
2026-05-02 02:24:23,359 [INFO] HTTP Request: POST http://localhost:2026/v1/chat/completions "HTTP/1.1 200 OK"
2026-05-02 02:24:23,361 [INFO] [3303/3993] id=openseek-4-bec47ab47 GT=viNow,dtatwish.fsecurez ✅ (3384ch, 13.6s)
2026-05-02 02:24:27,348 [INFO] HTTP Request: POST http://localhost:2026/v1/chat/completions "HTTP/1.1 200 OK"
2026-05-02 02:24:27,349 [INFO] [3304/3993] id=openseek-4-fce4d2e5c GT=ButSxUSRthisw ✅ (1440ch, 6.3s)
2026-05-02 02:24:33,975 [INFO] HTTP Request: POST http://localhost:2026/v1/chat/completions "HTTP/1.1 200 OK"
2026-05-02 02:24:33,976 [INFO] [3305/3993] id=openseek-4-2e9a11a55 GT=ofGGGwX ✅ (2563ch, 10.6s)
2026-05-02 02:24:36,694 [INFO] HTTP Request: POST http://localhost:2026/v1/chat/completions "HTTP/1.1 200 OK"
2026-05-02 02:24:36,696 [INFO] [3306/3993] id=openseek-4-5ee4045af GT=cbeforeidroppingYYNamidrmindki ✅ (3255ch, 13.7s)
2026-05-02 02:24:40,583 [INFO] HTTP Request: POST http://localhost:2026/v1/chat/completions "HTTP/1.1 200 OK"
2026-05-02 02:24:40,584 [INFO] [3307/3993] id=openseek-4-b87884033 GT=putxforIShisplandktheaUf ✅ (3138ch, 13.2s)
2026-05-02 02:24:47,979 [INFO] HTTP Request: POST http://localhost:2026/v1/chat/completions "HTTP/1.1 200 OK"
2026-05-02 02:24:47,980 [INFO] [3308/3993] id=openseek-4-ab46dc3d0 GT=armsqdiscomfortsPapZsGEomightC ✅ (3373ch, 14.0s)
2026-05-02 02:24:48,139 [INFO] HTTP Request: POST http://localhost:2026/v1/chat/completions "HTTP/1.1 200 OK"
2026-05-02 02:24:48,140 [INFO] [3309/3993] id=openseek-4-9ae0ef04a GT=eFofTlife.jfromMisR ✅ (2872ch, 11.4s)
2026-05-02 02:24:48,448 [INFO] HTTP Request: POST http://localhost:2026/v1/chat/completions "HTTP/1.1 200 OK"
2026-05-02 02:24:48,449 [INFO] [3310/3993] id=openseek-4-78bbce864 GT=inXmzYhottDtU ✅ (1912ch, 7.9s)
2026-05-02 02:24:55,942 [INFO] HTTP Request: POST http://localhost:2026/v1/chat/completions "HTTP/1.1 200 OK"
2026-05-02 02:24:55,943 [INFO] [3311/3993] id=openseek-4-55ee752b6 GT=likedvZxw ✅ (1941ch, 7.5s)
2026-05-02 02:24:57,861 [INFO] HTTP Request: POST http://localhost:2026/v1/chat/completions "HTTP/1.1 200 OK"
2026-05-02 02:24:57,862 [INFO] [3312/3993] id=openseek-4-1af1e3847 GT=pointfhmaden ✅ (2701ch, 9.9s)
2026-05-02 02:25:00,212 [INFO] HTTP Request: POST http://localhost:2026/v1/chat/completions "HTTP/1.1 200 OK"
2026-05-02 02:25:00,213 [INFO] [3313/3993] id=openseek-4-ae7c4d16f GT=sEbutwGandRtSuhaveMveryN ✅ (2793ch, 12.1s)
2026-05-02 02:25:07,500 [INFO] HTTP Request: POST http://localhost:2026/v1/chat/completions "HTTP/1.1 200 OK"
2026-05-02 02:25:07,501 [INFO] [3314/3993] id=openseek-4-b6faf57df GT=VkVKtheQPipko ✅ (2423ch, 9.6s)
2026-05-02 02:25:08,503 [INFO] HTTP Request: POST http://localhost:2026/v1/chat/completions "HTTP/1.1 200 OK"
2026-05-02 02:25:08,505 [INFO] [3315/3993] id=openseek-4-44ce337ea GT=GZtoPPcaseCbutjendlesslyl ✅ (3184ch, 12.6s)
2026-05-02 02:25:14,602 [INFO] HTTP Request: POST http://localhost:2026/v1/chat/completions "HTTP/1.1 200 OK"
2026-05-02 02:25:14,603 [INFO] [3316/3993] id=openseek-4-4038f24ef GT=toEvdisobeyU ✅ (1563ch, 6.1s)
2026-05-02 02:25:17,480 [INFO] HTTP Request: POST http://localhost:2026/v1/chat/completions "HTTP/1.1 200 OK"
2026-05-02 02:25:17,481 [WARNING]   [attempt 1 T=0.0] think validate 失败 (len=4126): 'Okay, let's see. I need to concatenate this list of strings into a single line w'
2026-05-02 02:25:21,928 [INFO] HTTP Request: POST http://localhost:2026/v1/chat/completions "HTTP/1.1 200 OK"
2026-05-02 02:25:21,929 [INFO] [3317/3993] id=openseek-4-487e23c34 GT=anyEVe ✅ (1808ch, 7.3s)
2026-05-02 02:25:24,647 [INFO] HTTP Request: POST http://localhost:2026/v1/chat/completions "HTTP/1.1 200 OK"
2026-05-02 02:25:24,648 [INFO] [3318/3993] id=openseek-4-724995411 GT=YMcorn-cobsHOfeelingYlGOofVq ✅ (3912ch, 17.1s)
2026-05-02 02:25:27,683 [INFO] HTTP Request: POST http://localhost:2026/v1/chat/completions "HTTP/1.1 200 OK"
2026-05-02 02:25:27,684 [INFO] [3319/3993] id=openseek-4-57a792c4a GT=fandfJM ✅ (1342ch, 5.8s)
2026-05-02 02:25:34,791 [INFO] HTTP Request: POST http://localhost:2026/v1/chat/completions "HTTP/1.1 200 OK"
2026-05-02 02:25:34,793 [INFO] [3320/3993] id=openseek-4-7596c020b GT=heard,RinteriorJZyLordvelastic ✅ (3861ch, 34.6s)
2026-05-02 02:25:35,193 [INFO] HTTP Request: POST http://localhost:2026/v1/chat/completions "HTTP/1.1 200 OK"
2026-05-02 02:25:35,194 [INFO] [3321/3993] id=openseek-4-c9ba0eb6a GT=ImbowRzGEzthattAwouldZ ✅ (2336ch, 10.5s)
2026-05-02 02:25:38,980 [INFO] HTTP Request: POST http://localhost:2026/v1/chat/completions "HTTP/1.1 200 OK"
2026-05-02 02:25:38,981 [INFO] [3322/3993] id=openseek-4-a55dda249 GT=hintedethusHwideOexpresslyKC ✅ (2870ch, 11.3s)
2026-05-02 02:25:41,433 [INFO] HTTP Request: POST http://localhost:2026/v1/chat/completions "HTTP/1.1 200 OK"
2026-05-02 02:25:41,434 [INFO] [3323/3993] id=openseek-4-756e7454c GT=Well,Adkbi ✅ (1643ch, 6.2s)
2026-05-02 02:25:46,248 [INFO] HTTP Request: POST http://localhost:2026/v1/chat/completions "HTTP/1.1 200 OK"
2026-05-02 02:25:46,249 [INFO] [3324/3993] id=openseek-4-529954423 GT=LUwXyhisMselectingIYthis,z ✅ (2843ch, 11.5s)
2026-05-02 02:25:48,961 [INFO] HTTP Request: POST http://localhost:2026/v1/chat/completions "HTTP/1.1 200 OK"
2026-05-02 02:25:48,962 [INFO] [3325/3993] id=openseek-4-21523dcb6 GT=hegiinpaSg ✅ (2405ch, 10.0s)
2026-05-02 02:25:53,501 [INFO] HTTP Request: POST http://localhost:2026/v1/chat/completions "HTTP/1.1 200 OK"
2026-05-02 02:25:53,503 [INFO] [3326/3993] id=openseek-4-d3d0a0b4c GT=Remote,BletY ✅ (1905ch, 7.3s)
2026-05-02 02:25:54,595 [INFO] HTTP Request: POST http://localhost:2026/v1/chat/completions "HTTP/1.1 200 OK"
2026-05-02 02:25:54,597 [INFO] [3327/3993] id=openseek-4-6a7420cea GT=toFshoresFNsayAintoptheQ ✅ (3088ch, 13.2s)
2026-05-02 02:25:59,626 [INFO] HTTP Request: POST http://localhost:2026/v1/chat/completions "HTTP/1.1 200 OK"
2026-05-02 02:25:59,627 [INFO] [3328/3993] id=openseek-4-35ed28adc GT=EagainstyandM ✅ (1650ch, 6.1s)
2026-05-02 02:26:03,301 [INFO] HTTP Request: POST http://localhost:2026/v1/chat/completions "HTTP/1.1 200 OK"
2026-05-02 02:26:03,302 [INFO] [3329/3993] id=openseek-4-bc128e7d1 GT=tFjelly.ICoffinsAsomeenotzrais ✅ (3381ch, 14.3s)
2026-05-02 02:26:04,796 [INFO] HTTP Request: POST http://localhost:2026/v1/chat/completions "HTTP/1.1 200 OK"
2026-05-02 02:26:04,798 [INFO] [3330/3993] id=openseek-4-f3a5056db GT=IMcouldoT ✅ (1308ch, 5.2s)
2026-05-02 02:26:05,746 [INFO] HTTP Request: POST http://localhost:2026/v1/chat/completions "HTTP/1.1 200 OK"
2026-05-02 02:26:05,748 [INFO] [3331/3993] id=openseek-4-20d51fbf3 GT=soundKtherwithstand,QL ✅ (3000ch, 11.2s)
2026-05-02 02:26:10,134 [INFO] HTTP Request: POST http://localhost:2026/v1/chat/completions "HTTP/1.1 200 OK"
2026-05-02 02:26:10,136 [INFO] [3332/3993] id=openseek-4-056ba6dd3 GT=esuggestivelysk ✅ (868ch, 5.3s)
2026-05-02 02:26:12,479 [INFO] HTTP Request: POST http://localhost:2026/v1/chat/completions "HTTP/1.1 200 OK"
2026-05-02 02:26:12,480 [INFO] [3333/3993] id=openseek-4-55cdcdc69 GT=IdistanceDblazingIincijtheQL ✅ (2338ch, 9.2s)
2026-05-02 02:26:19,982 [INFO] HTTP Request: POST http://localhost:2026/v1/chat/completions "HTTP/1.1 200 OK"
2026-05-02 02:26:19,983 [INFO] [3334/3993] id=openseek-4-3500524c8 GT=Kmorning.RihadbJhelpinghRwhale ✅ (3565ch, 14.2s)
2026-05-02 02:26:22,241 [INFO] HTTP Request: POST http://localhost:2026/v1/chat/completions "HTTP/1.1 200 OK"
2026-05-02 02:26:22,243 [INFO] [3335/3993] id=openseek-4-fe24c3a6d GT=DagainsttmnqspareY ✅ (2934ch, 12.1s)
2026-05-02 02:26:29,543 [INFO] HTTP Request: POST http://localhost:2026/v1/chat/completions "HTTP/1.1 200 OK"
2026-05-02 02:26:29,544 [INFO] [3336/3993] id=openseek-4-cd8779899 GT=Scoresby9sOwithbXKsog!RLlAndom ✅ (3179ch, 17.1s)
2026-05-02 02:26:32,629 [INFO] HTTP Request: POST http://localhost:2026/v1/chat/completions "HTTP/1.1 200 OK"
2026-05-02 02:26:32,630 [INFO] [3337/3993] id=openseek-4-45c9f7cb0 GT=veywerepWthisonowW ✅ (3035ch, 12.6s)
2026-05-02 02:26:33,583 [INFO] HTTP Request: POST http://localhost:2026/v1/chat/completions "HTTP/1.1 200 OK"
2026-05-02 02:26:33,585 [INFO] [3338/3993] id=openseek-4-89903e9ef GT=kstickUvwithoutjAfCccockedOtha ✅ (2550ch, 11.3s)
2026-05-02 02:26:39,495 [INFO] HTTP Request: POST http://localhost:2026/v1/chat/completions "HTTP/1.1 200 OK"
2026-05-02 02:26:39,497 [INFO] [3339/3993] id=openseek-4-d0e26a8da GT=quarter-deckGISiVz ✅ (2251ch, 10.0s)
2026-05-02 02:26:43,035 [INFO] HTTP Request: POST http://localhost:2026/v1/chat/completions "HTTP/1.1 200 OK"
2026-05-02 02:26:43,037 [INFO] [3340/3993] id=openseek-4-861971e7b GT=askfindehbwithLaJhouseRif ✅ (2425ch, 10.4s)
2026-05-02 02:26:43,861 [INFO] HTTP Request: POST http://localhost:2026/v1/chat/completions "HTTP/1.1 200 OK"
2026-05-02 02:26:43,863 [INFO] [3341/3993] id=openseek-4-fa904bd41 GT=idlenessBNOpots,bbeingwG ✅ (2672ch, 10.3s)
2026-05-02 02:26:50,296 [INFO] HTTP Request: POST http://localhost:2026/v1/chat/completions "HTTP/1.1 200 OK"
2026-05-02 02:26:50,298 [INFO] [3342/3993] id=openseek-4-0f32a6768 GT=know,zsecond,UmoreU ✅ (2832ch, 10.8s)
2026-05-02 02:26:53,323 [INFO] HTTP Request: POST http://localhost:2026/v1/chat/completions "HTTP/1.1 200 OK"
2026-05-02 02:26:53,324 [INFO] [3343/3993] id=openseek-4-f0ecee1b5 GT=pKXbyhthisCP ✅ (2289ch, 9.5s)
2026-05-02 02:26:55,345 [INFO] HTTP Request: POST http://localhost:2026/v1/chat/completions "HTTP/1.1 200 OK"
2026-05-02 02:26:55,346 [INFO] [3344/3993] id=openseek-4-2fdc06a6d GT=WitltwoHdtallohungVLCRof4notK ✅ (2925ch, 12.3s)
2026-05-02 02:26:56,860 [INFO] HTTP Request: POST http://localhost:2026/v1/chat/completions "HTTP/1.1 200 OK"
2026-05-02 02:26:56,861 [INFO] [3345/3993] id=openseek-4-75cd88570 GT=kk ✅ (914ch, 3.5s)
2026-05-02 02:26:58,799 [INFO] HTTP Request: POST http://localhost:2026/v1/chat/completions "HTTP/1.1 200 OK"
2026-05-02 02:26:58,800 [INFO] [3346/3993] id=openseek-4-6dbaf6eef GT=wasxkcGiveKj ✅ (2148ch, 8.5s)
2026-05-02 02:27:01,067 [INFO] HTTP Request: POST http://localhost:2026/v1/chat/completions "HTTP/1.1 200 OK"
2026-05-02 02:27:01,068 [INFO] [3347/3993] id=openseek-4-fbc194b1b GT=thewBsubject,Erb ✅ (1480ch, 5.7s)
2026-05-02 02:27:02,833 [INFO] HTTP Request: POST http://localhost:2026/v1/chat/completions "HTTP/1.1 200 OK"
2026-05-02 02:27:02,834 [INFO] [3348/3993] id=openseek-4-3da06a65a GT=ztoo,nformingmH ✅ (1485ch, 6.0s)
2026-05-02 02:27:10,625 [INFO] HTTP Request: POST http://localhost:2026/v1/chat/completions "HTTP/1.1 200 OK"
2026-05-02 02:27:10,626 [INFO] [3349/3993] id=openseek-4-fa651cbc0 GT=cperils,LyallYcomingKloftytpro ✅ (2791ch, 11.8s)
2026-05-02 02:27:10,721 [INFO] HTTP Request: POST http://localhost:2026/v1/chat/completions "HTTP/1.1 200 OK"
2026-05-02 02:27:10,722 [INFO] [3350/3993] id=openseek-4-40349de84 GT=Atuandvwlittle,o ✅ (2063ch, 7.9s)
2026-05-02 02:27:12,506 [INFO] HTTP Request: POST http://localhost:2026/v1/chat/completions "HTTP/1.1 200 OK"
2026-05-02 02:27:12,507 [INFO] [3351/3993] id=openseek-4-c7e380914 GT=ptime,zthemoperatedxf ✅ (2823ch, 11.4s)
2026-05-02 02:27:17,282 [INFO] HTTP Request: POST http://localhost:2026/v1/chat/completions "HTTP/1.1 200 OK"
2026-05-02 02:27:17,289 [INFO] [3352/3993] id=openseek-4-3f1094a21 GT=outGbeatTM ✅ (1595ch, 6.6s)
2026-05-02 02:27:21,441 [INFO] HTTP Request: POST http://localhost:2026/v1/chat/completions "HTTP/1.1 200 OK"
2026-05-02 02:27:21,442 [INFO] [3353/3993] id=openseek-4-972fb1a02 GT=cLine,JQonH ✅ (2614ch, 10.8s)
2026-05-02 02:27:22,796 [INFO] HTTP Request: POST http://localhost:2026/v1/chat/completions "HTTP/1.1 200 OK"
2026-05-02 02:27:22,797 [INFO] [3354/3993] id=openseek-4-3e72751bf GT=himPifetchwulittlezbwasHwereGL ✅ (2700ch, 10.3s)
2026-05-02 02:27:24,873 [INFO] HTTP Request: POST http://localhost:2026/v1/chat/completions "HTTP/1.1 200 OK"
2026-05-02 02:27:24,874 [INFO] [3355/3993] id=openseek-4-f8f12b558 GT=sendNhadhmazym ✅ (2010ch, 7.6s)
2026-05-02 02:27:30,164 [INFO] HTTP Request: POST http://localhost:2026/v1/chat/completions "HTTP/1.1 200 OK"
2026-05-02 02:27:30,165 [INFO] [3356/3993] id=openseek-4-693da6f2d GT=oboisterousKpbyDM ✅ (2154ch, 8.7s)
2026-05-02 02:27:33,366 [INFO] HTTP Request: POST http://localhost:2026/v1/chat/completions "HTTP/1.1 200 OK"
2026-05-02 02:27:33,367 [INFO] [3357/3993] id=openseek-4-86cb807d3 GT=bTManxmanVOMPortugueseDThePwit ✅ (2561ch, 10.6s)
2026-05-02 02:27:38,878 [INFO] HTTP Request: POST http://localhost:2026/v1/chat/completions "HTTP/1.1 200 OK"
2026-05-02 02:27:38,879 [INFO] [3358/3993] id=openseek-4-26b2963c5 GT=theirPg ✅ (1463ch, 5.5s)
2026-05-02 02:27:41,129 [INFO] HTTP Request: POST http://localhost:2026/v1/chat/completions "HTTP/1.1 200 OK"
2026-05-02 02:27:41,130 [INFO] [3359/3993] id=openseek-4-67166f771 GT=BestowRycBtherheXtoUNY ✅ (3810ch, 16.3s)
2026-05-02 02:27:42,425 [INFO] HTTP Request: POST http://localhost:2026/v1/chat/completions "HTTP/1.1 200 OK"
2026-05-02 02:27:42,426 [INFO] [3360/3993] id=openseek-4-c75143c78 GT=xZ ✅ (614ch, 3.5s)
2026-05-02 02:27:42,682 [INFO] HTTP Request: POST http://localhost:2026/v1/chat/completions "HTTP/1.1 200 OK"
2026-05-02 02:27:42,683 [INFO] [3361/3993] id=openseek-4-54c53149d GT=BmightREfarpspareEasxtellOsqua ✅ (3043ch, 12.5s)
2026-05-02 02:27:48,881 [INFO] HTTP Request: POST http://localhost:2026/v1/chat/completions "HTTP/1.1 200 OK"
2026-05-02 02:27:48,882 [INFO] [3362/3993] id=openseek-4-8fd6708ef GT=MnLadddxZJ ✅ (1860ch, 7.8s)
2026-05-02 02:27:51,514 [INFO] HTTP Request: POST http://localhost:2026/v1/chat/completions "HTTP/1.1 200 OK"
2026-05-02 02:27:51,516 [INFO] [3363/3993] id=openseek-4-dd8437b53 GT=daCockatoouButmpgawaybl ✅ (2124ch, 9.1s)
2026-05-02 02:27:53,799 [INFO] HTTP Request: POST http://localhost:2026/v1/chat/completions "HTTP/1.1 200 OK"
2026-05-02 02:27:53,800 [INFO] [3364/3993] id=openseek-4-800011004 GT=around.qhavePitWaitss ✅ (2824ch, 11.1s)
2026-05-02 02:27:55,673 [INFO] HTTP Request: POST http://localhost:2026/v1/chat/completions "HTTP/1.1 200 OK"
2026-05-02 02:27:55,674 [INFO] [3365/3993] id=openseek-4-dd21a2e86 GT=ec ✅ (1147ch, 4.2s)
2026-05-02 02:27:59,253 [INFO] HTTP Request: POST http://localhost:2026/v1/chat/completions "HTTP/1.1 200 OK"
2026-05-02 02:27:59,254 [INFO] [3366/3993] id=openseek-4-d2021cdb2 GT=lholylGv ✅ (1344ch, 5.5s)
2026-05-02 02:28:02,809 [INFO] HTTP Request: POST http://localhost:2026/v1/chat/completions "HTTP/1.1 200 OK"
2026-05-02 02:28:02,810 [INFO] [3367/3993] id=openseek-4-4b294d337 GT=oY ✅ (967ch, 3.6s)
2026-05-02 02:28:03,476 [INFO] HTTP Request: POST http://localhost:2026/v1/chat/completions "HTTP/1.1 200 OK"
2026-05-02 02:28:03,477 [INFO] [3368/3993] id=openseek-4-97da62d9c GT=holdFcomparativevinstancesOoth ✅ (3743ch, 14.6s)
2026-05-02 02:28:08,751 [INFO] HTTP Request: POST http://localhost:2026/v1/chat/completions "HTTP/1.1 200 OK"
2026-05-02 02:28:08,752 [INFO] [3369/3993] id=openseek-4-95c0ba35f GT=enrolledCbbeB ✅ (1185ch, 5.3s)
2026-05-02 02:28:11,097 [INFO] HTTP Request: POST http://localhost:2026/v1/chat/completions "HTTP/1.1 200 OK"
2026-05-02 02:28:11,098 [INFO] [3370/3993] id=openseek-4-cc3be7f62 GT=IAfoAvroyalQZofficerKofj ✅ (3421ch, 15.4s)
2026-05-02 02:28:12,344 [INFO] HTTP Request: POST http://localhost:2026/v1/chat/completions "HTTP/1.1 200 OK"
2026-05-02 02:28:12,345 [INFO] [3371/3993] id=openseek-4-4be7cba53 GT=thiswprofessormurising,ibeauti ✅ (2514ch, 9.5s)
2026-05-02 02:28:18,049 [INFO] HTTP Request: POST http://localhost:2026/v1/chat/completions "HTTP/1.1 200 OK"
2026-05-02 02:28:18,050 [INFO] [3372/3993] id=openseek-4-4034b4106 GT=dCbevnothingMhisX ✅ (2291ch, 9.3s)
2026-05-02 02:28:20,500 [INFO] HTTP Request: POST http://localhost:2026/v1/chat/completions "HTTP/1.1 200 OK"
2026-05-02 02:28:20,502 [INFO] [3373/3993] id=openseek-4-fbc8871ab GT=GwithTItheWexcitements;Jimpati ✅ (2277ch, 9.4s)
2026-05-02 02:28:21,256 [INFO] HTTP Request: POST http://localhost:2026/v1/chat/completions "HTTP/1.1 200 OK"
2026-05-02 02:28:21,258 [INFO] [3374/3993] id=openseek-4-757fdf10f GT=nAkAndcOtablenwhichTd ✅ (2296ch, 8.9s)
2026-05-02 02:28:21,580 [INFO] HTTP Request: POST http://localhost:2026/v1/chat/completions "HTTP/1.1 200 OK"
2026-05-02 02:28:21,581 [INFO] [3375/3993] id=openseek-4-e83df9cdd GT=po ✅ (949ch, 3.5s)
2026-05-02 02:28:27,522 [INFO] HTTP Request: POST http://localhost:2026/v1/chat/completions "HTTP/1.1 200 OK"
2026-05-02 02:28:27,523 [INFO] [3376/3993] id=openseek-4-9af957a0e GT=profoundmcase,RU ✅ (1638ch, 7.0s)
2026-05-02 02:28:34,313 [INFO] HTTP Request: POST http://localhost:2026/v1/chat/completions "HTTP/1.1 200 OK"
2026-05-02 02:28:34,314 [INFO] [3377/3993] id=openseek-4-06f26f8d9 GT=orphans,HwybeyondWRnatur6kPi ✅ (2899ch, 12.7s)
2026-05-02 02:28:35,260 [INFO] HTTP Request: POST http://localhost:2026/v1/chat/completions "HTTP/1.1 200 OK"
2026-05-02 02:28:35,262 [INFO] [3378/3993] id=openseek-4-909d1a486 GT=withIandbAinKoneWOmadeTHhB ✅ (3070ch, 14.0s)
2026-05-02 02:28:41,897 [INFO] HTTP Request: POST http://localhost:2026/v1/chat/completions "HTTP/1.1 200 OK"
2026-05-02 02:28:41,898 [INFO] [3379/3993] id=openseek-4-99fb6e15d GT=jiafCZthatEPALi ✅ (3371ch, 14.4s)
2026-05-02 02:28:44,906 [INFO] HTTP Request: POST http://localhost:2026/v1/chat/completions "HTTP/1.1 200 OK"
2026-05-02 02:28:44,908 [INFO] [3380/3993] id=openseek-4-16634d146 GT=haveJcertainEMthou9ltLelasticm ✅ (2636ch, 10.6s)
2026-05-02 02:28:47,171 [INFO] HTTP Request: POST http://localhost:2026/v1/chat/completions "HTTP/1.1 200 OK"
2026-05-02 02:28:47,172 [INFO] [3381/3993] id=openseek-4-0be5ac97f GT=TwasuofYtheebaseawasielsefu ✅ (2938ch, 11.9s)
2026-05-02 02:28:52,399 [INFO] HTTP Request: POST http://localhost:2026/v1/chat/completions "HTTP/1.1 200 OK"
2026-05-02 02:28:52,400 [INFO] [3382/3993] id=openseek-4-96a6bca58 GT=attendvtheae ✅ (1600ch, 7.5s)
2026-05-02 02:28:52,727 [INFO] HTTP Request: POST http://localhost:2026/v1/chat/completions "HTTP/1.1 200 OK"
2026-05-02 02:28:52,728 [INFO] [3383/3993] id=openseek-4-5cbaa6ed3 GT=ethezy ✅ (1505ch, 5.6s)
2026-05-02 02:28:53,657 [INFO] HTTP Request: POST http://localhost:2026/v1/chat/completions "HTTP/1.1 200 OK"
2026-05-02 02:28:53,659 [INFO] [3384/3993] id=openseek-4-c3bb0509c GT=LbePuhintedLeThereamcolorlessa ✅ (2748ch, 11.8s)
2026-05-02 02:29:00,763 [INFO] HTTP Request: POST http://localhost:2026/v1/chat/completions "HTTP/1.1 200 OK"
2026-05-02 02:29:00,764 [INFO] [3385/3993] id=openseek-4-34fc69392 GT=singleluKfng ✅ (2175ch, 8.4s)
2026-05-02 02:29:01,051 [INFO] HTTP Request: POST http://localhost:2026/v1/chat/completions "HTTP/1.1 200 OK"
2026-05-02 02:29:01,053 [INFO] [3386/3993] id=openseek-4-45dcba08c GT=theDaszNcannotogaroundGywithou ✅ (2142ch, 8.3s)
2026-05-02 02:29:01,908 [INFO] HTTP Request: POST http://localhost:2026/v1/chat/completions "HTTP/1.1 200 OK"
2026-05-02 02:29:01,909 [INFO] [3387/3993] id=openseek-4-12ebda4ae GT=ttheLma ✅ (2094ch, 8.3s)
2026-05-02 02:29:07,194 [INFO] HTTP Request: POST http://localhost:2026/v1/chat/completions "HTTP/1.1 200 OK"
2026-05-02 02:29:07,195 [INFO] [3388/3993] id=openseek-4-306f40903 GT=inadequatelyVfailRbUX ✅ (1508ch, 6.1s)
2026-05-02 02:29:07,479 [INFO] HTTP Request: POST http://localhost:2026/v1/chat/completions "HTTP/1.1 200 OK"
2026-05-02 02:29:07,481 [INFO] [3389/3993] id=openseek-4-d48789169 GT=UvJlR ✅ (1702ch, 6.7s)
2026-05-02 02:29:16,880 [INFO] HTTP Request: POST http://localhost:2026/v1/chat/completions "HTTP/1.1 200 OK"
2026-05-02 02:29:16,882 [INFO] [3390/3993] id=openseek-4-88542d0cb GT=qasSheAofHclikeA ✅ (2169ch, 9.4s)
2026-05-02 02:29:16,962 [INFO] HTTP Request: POST http://localhost:2026/v1/chat/completions "HTTP/1.1 200 OK"
2026-05-02 02:29:16,963 [INFO] [3391/3993] id=openseek-4-e6042d944 GT=fysir.cfy ✅ (2368ch, 9.8s)
2026-05-02 02:29:18,397 [INFO] HTTP Request: POST http://localhost:2026/v1/chat/completions "HTTP/1.1 200 OK"
2026-05-02 02:29:18,398 [INFO] [3392/3993] id=openseek-4-d1e82adf5 GT=assailCtopBandBsshakenwtheTeve ✅ (3915ch, 16.5s)
2026-05-02 02:29:20,741 [INFO] HTTP Request: POST http://localhost:2026/v1/chat/completions "HTTP/1.1 200 OK"
2026-05-02 02:29:20,743 [INFO] [3393/3993] id=openseek-4-2b8b756a4 GT=Ma ✅ (1017ch, 3.8s)
2026-05-02 02:29:27,165 [INFO] HTTP Request: POST http://localhost:2026/v1/chat/completions "HTTP/1.1 200 OK"
2026-05-02 02:29:27,167 [INFO] [3394/3993] id=openseek-4-0e5b05676 GT=LDvoyageqv ✅ (1647ch, 6.4s)
2026-05-02 02:29:29,705 [INFO] HTTP Request: POST http://localhost:2026/v1/chat/completions "HTTP/1.1 200 OK"
2026-05-02 02:29:29,706 [INFO] [3395/3993] id=openseek-4-7b5f149da GT=Fhcabin.NwetpresentKupongY ✅ (2781ch, 11.3s)
2026-05-02 02:29:32,167 [INFO] HTTP Request: POST http://localhost:2026/v1/chat/completions "HTTP/1.1 200 OK"
2026-05-02 02:29:32,169 [INFO] [3396/3993] id=openseek-4-e2ea9146f GT=NsomeRPwithHrenouncedGbhisuals ✅ (3844ch, 15.3s)
2026-05-02 02:29:38,269 [INFO] HTTP Request: POST http://localhost:2026/v1/chat/completions "HTTP/1.1 200 OK"
2026-05-02 02:29:38,271 [INFO] [3397/3993] id=openseek-4-2b0b31179 GT=OIteFQlswhitew ✅ (2571ch, 11.1s)
2026-05-02 02:29:38,587 [INFO] HTTP Request: POST http://localhost:2026/v1/chat/completions "HTTP/1.1 200 OK"
2026-05-02 02:29:38,588 [INFO] [3398/3993] id=openseek-4-9b7a64d95 GT=pointingTfcAndupieceBqaG ✅ (2467ch, 8.9s)
2026-05-02 02:29:45,872 [INFO] HTTP Request: POST http://localhost:2026/v1/chat/completions "HTTP/1.1 200 OK"
2026-05-02 02:29:45,874 [INFO] [3399/3993] id=openseek-4-658adeb9e GT=therbeingXnobdtail,jvenerableK ✅ (3373ch, 13.7s)
2026-05-02 02:29:46,945 [INFO] HTTP Request: POST http://localhost:2026/v1/chat/completions "HTTP/1.1 200 OK"
2026-05-02 02:29:46,947 [INFO] [3400/3993] id=openseek-4-65c547d4f GT=bofGED ✅ (2252ch, 8.7s)
2026-05-02 02:29:47,268 [INFO]   💾 已保存 (成功=3382 失败=18) | 3.8s/条均值 | ETA=37min
2026-05-02 02:29:53,076 [INFO] HTTP Request: POST http://localhost:2026/v1/chat/completions "HTTP/1.1 200 OK"
2026-05-02 02:29:53,078 [INFO] [3401/3993] id=openseek-4-0f77faa29 GT=whogjsubsided,Icquk ✅ (3551ch, 14.5s)
2026-05-02 02:29:55,062 [INFO] HTTP Request: POST http://localhost:2026/v1/chat/completions "HTTP/1.1 200 OK"
2026-05-02 02:29:55,064 [INFO] [3402/3993] id=openseek-4-61278b59b GT=FandGHm ✅ (2413ch, 9.2s)
2026-05-02 02:30:01,325 [INFO] HTTP Request: POST http://localhost:2026/v1/chat/completions "HTTP/1.1 200 OK"
2026-05-02 02:30:01,326 [INFO] [3403/3993] id=openseek-4-7f2a4082f GT=AVFYm ✅ (2054ch, 8.2s)
2026-05-02 02:30:05,514 [INFO] HTTP Request: POST http://localhost:2026/v1/chat/completions "HTTP/1.1 200 OK"
2026-05-02 02:30:05,514 [WARNING]   [attempt 1 T=0.0] think validate 失败 (len=4561): 'Okay, let's see. I need to concatenate this list of strings into a single line w'
2026-05-02 02:30:06,328 [INFO] HTTP Request: POST http://localhost:2026/v1/chat/completions "HTTP/1.1 200 OK"
2026-05-02 02:30:06,329 [INFO] [3404/3993] id=openseek-4-a488088de GT=wouldNhdETkannakin,lwofIaaa ✅ (2593ch, 11.3s)
2026-05-02 02:30:12,775 [INFO] HTTP Request: POST http://localhost:2026/v1/chat/completions "HTTP/1.1 200 OK"
2026-05-02 02:30:12,776 [INFO] [3405/3993] id=openseek-4-d38e954bb GT=VhasfYosomeRIrVm ✅ (2808ch, 11.5s)
2026-05-02 02:30:17,610 [INFO] HTTP Request: POST http://localhost:2026/v1/chat/completions "HTTP/1.1 200 OK"
2026-05-02 02:30:17,611 [INFO] [3406/3993] id=openseek-4-f7bf2a50d GT=criminaluanqIposture,P ✅ (2957ch, 11.3s)
2026-05-02 02:30:17,847 [INFO] HTTP Request: POST http://localhost:2026/v1/chat/completions "HTTP/1.1 200 OK"
2026-05-02 02:30:17,849 [INFO] [3407/3993] id=openseek-4-29b709bc3 GT=phPequod,XhisUxA ✅ (2716ch, 30.9s)
2026-05-02 02:30:20,551 [INFO] HTTP Request: POST http://localhost:2026/v1/chat/completions "HTTP/1.1 200 OK"
2026-05-02 02:30:20,552 [INFO] [3408/3993] id=openseek-4-f97ffd5d3 GT=onXauthisQ ✅ (1932ch, 7.8s)
2026-05-02 02:30:26,221 [INFO] HTTP Request: POST http://localhost:2026/v1/chat/completions "HTTP/1.1 200 OK"
2026-05-02 02:30:26,222 [INFO] [3409/3993] id=openseek-4-fdb054af2 GT=forwardFengageiDsilentJ ✅ (2133ch, 8.6s)
2026-05-02 02:30:28,575 [INFO] HTTP Request: POST http://localhost:2026/v1/chat/completions "HTTP/1.1 200 OK"
2026-05-02 02:30:28,576 [INFO] [3410/3993] id=openseek-4-4bc8b3ba3 GT=DUqdEtheX ✅ (2129ch, 8.0s)
2026-05-02 02:30:31,550 [INFO] HTTP Request: POST http://localhost:2026/v1/chat/completions "HTTP/1.1 200 OK"
2026-05-02 02:30:31,552 [INFO] [3411/3993] id=openseek-4-13c1f53c9 GT=night!XdrThroughOKFRPsomebtoT ✅ (3123ch, 13.7s)
2026-05-02 02:30:34,425 [INFO] HTTP Request: POST http://localhost:2026/v1/chat/completions "HTTP/1.1 200 OK"
2026-05-02 02:30:34,427 [INFO] [3412/3993] id=openseek-4-a744bc47b GT=sunxtheuresponsibilitiesO ✅ (2223ch, 8.2s)
2026-05-02 02:30:40,101 [INFO] HTTP Request: POST http://localhost:2026/v1/chat/completions "HTTP/1.1 200 OK"
2026-05-02 02:30:40,102 [INFO] [3413/3993] id=openseek-4-eede20f91 GT=pXandXnofH ✅ (2825ch, 11.5s)
2026-05-02 02:30:44,608 [INFO] HTTP Request: POST http://localhost:2026/v1/chat/completions "HTTP/1.1 200 OK"
2026-05-02 02:30:44,610 [INFO] [3414/3993] id=openseek-4-81a7a85ab GT=delivered;xaVhundredecJWlanded ✅ (3123ch, 13.1s)
2026-05-02 02:30:48,101 [INFO] HTTP Request: POST http://localhost:2026/v1/chat/completions "HTTP/1.1 200 OK"
2026-05-02 02:30:48,102 [INFO] [3415/3993] id=openseek-4-fddd83dee GT=oryHcometisawhales.yCKp ✅ (3100ch, 13.7s)
2026-05-02 02:30:50,545 [INFO] HTTP Request: POST http://localhost:2026/v1/chat/completions "HTTP/1.1 200 OK"
2026-05-02 02:30:50,546 [INFO] [3416/3993] id=openseek-4-6ccfe777b GT=almostCW ✅ (1605ch, 5.9s)
2026-05-02 02:30:53,426 [INFO] HTTP Request: POST http://localhost:2026/v1/chat/completions "HTTP/1.1 200 OK"
2026-05-02 02:30:53,427 [INFO] [3417/3993] id=openseek-4-f69aff925 GT=partedYwhalemg ✅ (1427ch, 5.3s)
2026-05-02 02:30:58,093 [INFO] HTTP Request: POST http://localhost:2026/v1/chat/completions "HTTP/1.1 200 OK"
2026-05-02 02:30:58,094 [INFO] [3418/3993] id=openseek-4-0ff87bd18 GT=Ithatlx ✅ (1224ch, 4.7s)
2026-05-02 02:31:00,494 [INFO] HTTP Request: POST http://localhost:2026/v1/chat/completions "HTTP/1.1 200 OK"
2026-05-02 02:31:00,495 [WARNING]   [attempt 1 T=0.0] think validate 失败 (len=4458): 'Okay, let's see. I need to concatenate this list of strings into a single line w'
2026-05-02 02:31:07,352 [INFO] HTTP Request: POST http://localhost:2026/v1/chat/completions "HTTP/1.1 200 OK"
2026-05-02 02:31:07,354 [INFO] [3419/3993] id=openseek-4-e4e7ba8b7 GT=whalenlveryQoffthreeHccuriosit ✅ (3707ch, 16.8s)
2026-05-02 02:31:07,768 [INFO] HTTP Request: POST http://localhost:2026/v1/chat/completions "HTTP/1.1 200 OK"
2026-05-02 02:31:07,770 [INFO] [3420/3993] id=openseek-4-bf89c6b7f GT=YetRgo!duOO ✅ (2181ch, 9.7s)
2026-05-02 02:31:11,086 [INFO] HTTP Request: POST http://localhost:2026/v1/chat/completions "HTTP/1.1 200 OK"
2026-05-02 02:31:11,087 [INFO] [3421/3993] id=openseek-4-f0884acce GT=Zm ✅ (967ch, 3.7s)
2026-05-02 02:31:16,714 [INFO] HTTP Request: POST http://localhost:2026/v1/chat/completions "HTTP/1.1 200 OK"
2026-05-02 02:31:16,716 [INFO] [3422/3993] id=openseek-4-d6454e5d3 GT=EwhichzdoesN ✅ (1389ch, 5.6s)
2026-05-02 02:31:17,001 [INFO] HTTP Request: POST http://localhost:2026/v1/chat/completions "HTTP/1.1 200 OK"
2026-05-02 02:31:17,002 [INFO] [3423/3993] id=openseek-4-bab48a8cc GT=evirtueAfallMapmen,huboat,Jboy ✅ (3930ch, 36.9s)
2026-05-02 02:31:17,765 [INFO] HTTP Request: POST http://localhost:2026/v1/chat/completions "HTTP/1.1 200 OK"
2026-05-02 02:31:17,767 [INFO] [3424/3993] id=openseek-4-bdb1a6ba1 GT=stranger,khhardlyEWmX ✅ (2355ch, 10.0s)
2026-05-02 02:31:23,488 [INFO] HTTP Request: POST http://localhost:2026/v1/chat/completions "HTTP/1.1 200 OK"
2026-05-02 02:31:23,490 [INFO] [3425/3993] id=openseek-4-e29d15d17 GT=eRAcouldVIescapeMF ✅ (1653ch, 6.8s)
2026-05-02 02:31:27,505 [INFO] HTTP Request: POST http://localhost:2026/v1/chat/completions "HTTP/1.1 200 OK"
2026-05-02 02:31:27,507 [INFO] [3426/3993] id=openseek-4-f306c3ec2 GT=pwithpYellowuFagainPwy ✅ (2580ch, 9.7s)
2026-05-02 02:31:32,198 [INFO] HTTP Request: POST http://localhost:2026/v1/chat/completions "HTTP/1.1 200 OK"
2026-05-02 02:31:32,198 [WARNING]   [attempt 1 T=0.0] 答案校验失败 pred='k half p one v A T D Ocean a volleyball l c' expect='k half p one v A T D Ocean a volley l c'
2026-05-02 02:31:32,264 [INFO] HTTP Request: POST http://localhost:2026/v1/chat/completions "HTTP/1.1 200 OK"
2026-05-02 02:31:32,266 [INFO] [3427/3993] id=openseek-4-e85484e30 GT=thicklyJrunfinboardWexpression ✅ (2327ch, 8.8s)
2026-05-02 02:31:41,816 [INFO] HTTP Request: POST http://localhost:2026/v1/chat/completions "HTTP/1.1 200 OK"
2026-05-02 02:31:41,818 [INFO] [3428/3993] id=openseek-4-7f316a779 GT=lessNforthabUQMthereEK ✅ (3431ch, 14.3s)
2026-05-02 02:31:45,468 [INFO] HTTP Request: POST http://localhost:2026/v1/chat/completions "HTTP/1.1 200 OK"
2026-05-02 02:31:45,470 [INFO] [3429/3993] id=openseek-4-bf43b306f GT=mayXWaswIRtheFsomeT ✅ (3056ch, 13.2s)
2026-05-02 02:31:46,581 [INFO] HTTP Request: POST http://localhost:2026/v1/chat/completions "HTTP/1.1 200 OK"
2026-05-02 02:31:46,582 [WARNING]   [attempt 2 T=0.3] 答案校验失败 pred='k half p one v A T D Ocean a volleyball l c' expect='k half p one v A T D Ocean a volley l c'
2026-05-02 02:31:56,950 [INFO] HTTP Request: POST http://localhost:2026/v1/chat/completions "HTTP/1.1 200 OK"
2026-05-02 02:31:56,952 [INFO] [3430/3993] id=openseek-4-02feda38d GT=FMAtheirHallHriggedP ✅ (3247ch, 15.1s)
2026-05-02 02:31:59,454 [INFO] HTTP Request: POST http://localhost:2026/v1/chat/completions "HTTP/1.1 200 OK"
2026-05-02 02:31:59,455 [WARNING]   [attempt 3 T=0.6] 答案校验失败 pred='k half p one v A T D Ocean a volleyball l c' expect='k half p one v A T D Ocean a volley l c'
2026-05-02 02:31:59,455 [WARNING] [3431/3993] id=openseek-4-a07e7821e GT=khalfponevATDOceanavolleylc ❌ (42.5s)
2026-05-02 02:32:00,656 [INFO] HTTP Request: POST http://localhost:2026/v1/chat/completions "HTTP/1.1 200 OK"
2026-05-02 02:32:00,658 [INFO] [3432/3993] id=openseek-4-4435ebc80 GT=OxwwoodenCcHere!dpisvinWQL ✅ (3841ch, 15.2s)
2026-05-02 02:32:02,561 [INFO] HTTP Request: POST http://localhost:2026/v1/chat/completions "HTTP/1.1 200 OK"
2026-05-02 02:32:02,563 [INFO] [3433/3993] id=openseek-4-5ca1f7d7e GT=Aonlyz ✅ (1377ch, 5.6s)
2026-05-02 02:32:05,394 [INFO] HTTP Request: POST http://localhost:2026/v1/chat/completions "HTTP/1.1 200 OK"
2026-05-02 02:32:05,395 [INFO] [3434/3993] id=openseek-4-48e8d7a05 GT=invokedytheVS ✅ (1573ch, 5.9s)
2026-05-02 02:32:10,055 [INFO] HTTP Request: POST http://localhost:2026/v1/chat/completions "HTTP/1.1 200 OK"
2026-05-02 02:32:10,057 [INFO] [3435/3993] id=openseek-4-686073c3f GT=further,xVLrdoubloon,LwadeXT ✅ (2203ch, 9.4s)
2026-05-02 02:32:12,642 [INFO] HTTP Request: POST http://localhost:2026/v1/chat/completions "HTTP/1.1 200 OK"
2026-05-02 02:32:12,644 [INFO] [3436/3993] id=openseek-4-1584e7fdc GT=cThere9staway,HperchesX ✅ (2431ch, 10.1s)
2026-05-02 02:32:16,523 [INFO] HTTP Request: POST http://localhost:2026/v1/chat/completions "HTTP/1.1 200 OK"
2026-05-02 02:32:16,524 [INFO] [3437/3993] id=openseek-4-e6826026a GT=muskinessutoOereufountains,cen ✅ (2524ch, 11.1s)
2026-05-02 02:32:20,646 [INFO] HTTP Request: POST http://localhost:2026/v1/chat/completions "HTTP/1.1 200 OK"
2026-05-02 02:32:20,647 [INFO] [3438/3993] id=openseek-4-595a4ed5f GT=PZB ✅ (1038ch, 4.1s)
2026-05-02 02:32:24,426 [INFO] HTTP Request: POST http://localhost:2026/v1/chat/completions "HTTP/1.1 200 OK"
2026-05-02 02:32:24,428 [INFO] [3439/3993] id=openseek-4-1d9fb43f3 GT=itwsunriseWgetSbysIUlWhalesBAt ✅ (3560ch, 14.4s)
2026-05-02 02:32:25,751 [INFO] HTTP Request: POST http://localhost:2026/v1/chat/completions "HTTP/1.1 200 OK"
2026-05-02 02:32:25,753 [INFO] [3440/3993] id=openseek-4-c98d4ddf8 GT=thatAGcuttingIdeternitySnconfl ✅ (3473ch, 13.1s)
2026-05-02 02:32:27,670 [INFO] HTTP Request: POST http://localhost:2026/v1/chat/completions "HTTP/1.1 200 OK"
2026-05-02 02:32:27,671 [INFO] [3441/3993] id=openseek-4-156eccd59 GT=rlongOIbw ✅ (1570ch, 7.0s)
2026-05-02 02:32:30,256 [INFO] HTTP Request: POST http://localhost:2026/v1/chat/completions "HTTP/1.1 200 OK"
2026-05-02 02:32:30,257 [INFO] [3442/3993] id=openseek-4-aa5aced31 GT=XinFb ✅ (1167ch, 4.5s)
2026-05-02 02:32:32,240 [INFO] HTTP Request: POST http://localhost:2026/v1/chat/completions "HTTP/1.1 200 OK"
2026-05-02 02:32:32,241 [INFO] [3443/3993] id=openseek-4-4b70847f2 GT=youlT ✅ (1129ch, 4.6s)
2026-05-02 02:32:37,173 [INFO] HTTP Request: POST http://localhost:2026/v1/chat/completions "HTTP/1.1 200 OK"
2026-05-02 02:32:37,175 [INFO] [3444/3993] id=openseek-4-b75e3e4a3 GT=trap-hatchhthecyouWStwenty-fou ✅ (3363ch, 12.7s)
2026-05-02 02:32:40,455 [INFO] HTTP Request: POST http://localhost:2026/v1/chat/completions "HTTP/1.1 200 OK"
2026-05-02 02:32:40,456 [INFO] [3445/3993] id=openseek-4-d74d256b2 GT=bowed,mreplied4cnothingCD ✅ (2110ch, 8.2s)
2026-05-02 02:32:42,208 [INFO] HTTP Request: POST http://localhost:2026/v1/chat/completions "HTTP/1.1 200 OK"
2026-05-02 02:32:42,210 [INFO] [3446/3993] id=openseek-4-f951a437f GT=frequentlywRlofdthej ✅ (2947ch, 12.0s)
2026-05-02 02:32:47,606 [INFO] HTTP Request: POST http://localhost:2026/v1/chat/completions "HTTP/1.1 200 OK"
2026-05-02 02:32:47,607 [INFO] [3447/3993] id=openseek-4-56aa52ad3 GT=helshapee ✅ (1390ch, 5.4s)
2026-05-02 02:32:48,594 [INFO] HTTP Request: POST http://localhost:2026/v1/chat/completions "HTTP/1.1 200 OK"
2026-05-02 02:32:48,596 [INFO] [3448/3993] id=openseek-4-30779b57a GT=inattentionatheyxCztheWQueeque ✅ (2763ch, 11.4s)
2026-05-02 02:32:53,033 [INFO] HTTP Request: POST http://localhost:2026/v1/chat/completions "HTTP/1.1 200 OK"
2026-05-02 02:32:53,034 [INFO] [3449/3993] id=openseek-4-c37d8ecd2 GT=youjtLterribleTquestion,JfeelS ✅ (3167ch, 12.6s)
2026-05-02 02:32:56,389 [INFO] HTTP Request: POST http://localhost:2026/v1/chat/completions "HTTP/1.1 200 OK"
2026-05-02 02:32:56,391 [INFO] [3450/3993] id=openseek-4-6b57ab621 GT=DtheresourNZ ✅ (2026ch, 7.8s)
2026-05-02 02:32:57,205 [INFO] HTTP Request: POST http://localhost:2026/v1/chat/completions "HTTP/1.1 200 OK"
2026-05-02 02:32:57,206 [INFO] [3451/3993] id=openseek-4-cfa9327b0 GT=OBu ✅ (1089ch, 4.2s)
2026-05-02 02:32:59,363 [INFO] HTTP Request: POST http://localhost:2026/v1/chat/completions "HTTP/1.1 200 OK"
2026-05-02 02:32:59,365 [INFO] [3452/3993] id=openseek-4-3e4a68be5 GT=mouldTIJbploughinga ✅ (2927ch, 11.8s)
2026-05-02 02:33:04,032 [INFO] HTTP Request: POST http://localhost:2026/v1/chat/completions "HTTP/1.1 200 OK"
2026-05-02 02:33:04,033 [INFO] [3453/3993] id=openseek-4-23183cf84 GT=theoZ ✅ (1281ch, 4.7s)
2026-05-02 02:33:05,511 [INFO] HTTP Request: POST http://localhost:2026/v1/chat/completions "HTTP/1.1 200 OK"
2026-05-02 02:33:05,512 [INFO] [3454/3993] id=openseek-4-13b3894d5 GT=IMlegWIfhPyouk ✅ (1812ch, 8.3s)
2026-05-02 02:33:09,129 [INFO] HTTP Request: POST http://localhost:2026/v1/chat/completions "HTTP/1.1 200 OK"
2026-05-02 02:33:09,130 [INFO] [3455/3993] id=openseek-4-e5afe46f9 GT=even4then,ueandGwidejstern.nan ✅ (2987ch, 12.7s)
2026-05-02 02:33:09,307 [INFO] HTTP Request: POST http://localhost:2026/v1/chat/completions "HTTP/1.1 200 OK"
2026-05-02 02:33:09,308 [INFO] [3456/3993] id=openseek-4-114469da2 GT=Xiapprehensions ✅ (1425ch, 5.3s)
2026-05-02 02:33:15,547 [INFO] HTTP Request: POST http://localhost:2026/v1/chat/completions "HTTP/1.1 200 OK"
2026-05-02 02:33:15,548 [INFO] [3457/3993] id=openseek-4-7c6c6114c GT=thelwhales,xp ✅ (1710ch, 6.4s)
2026-05-02 02:33:16,466 [INFO] HTTP Request: POST http://localhost:2026/v1/chat/completions "HTTP/1.1 200 OK"
2026-05-02 02:33:16,467 [INFO] [3458/3993] id=openseek-4-4dc24b242 GT=YofJhasqPsmelloButSswtop ✅ (2624ch, 11.0s)
2026-05-02 02:33:25,339 [INFO] HTTP Request: POST http://localhost:2026/v1/chat/completions "HTTP/1.1 200 OK"
2026-05-02 02:33:25,340 [INFO] [3459/3993] id=openseek-4-8e28325c7 GT=wrongRQJHrigG ✅ (2234ch, 8.9s)
2026-05-02 02:33:27,610 [INFO] HTTP Request: POST http://localhost:2026/v1/chat/completions "HTTP/1.1 200 OK"
2026-05-02 02:33:27,611 [WARNING]   [attempt 1 T=0.0] think validate 失败 (len=4595): 'Okay, let's see. I need to concatenate this list of strings into a single line w'
2026-05-02 02:33:29,142 [INFO] HTTP Request: POST http://localhost:2026/v1/chat/completions "HTTP/1.1 200 OK"
2026-05-02 02:33:29,143 [INFO] [3460/3993] id=openseek-4-c9931822b GT=tigers4Queequeg,xinchPKandYKno ✅ (3063ch, 13.6s)
2026-05-02 02:33:30,311 [INFO] HTTP Request: POST http://localhost:2026/v1/chat/completions "HTTP/1.1 200 OK"
2026-05-02 02:33:30,313 [INFO] [3461/3993] id=openseek-4-1e86b95b0 GT=sboat,Q ✅ (1243ch, 5.0s)
2026-05-02 02:33:35,013 [INFO] HTTP Request: POST http://localhost:2026/v1/chat/completions "HTTP/1.1 200 OK"
2026-05-02 02:33:35,015 [INFO] [3462/3993] id=openseek-4-4be3ca558 GT=atNL ✅ (1175ch, 4.7s)
2026-05-02 02:33:36,624 [INFO] HTTP Request: POST http://localhost:2026/v1/chat/completions "HTTP/1.1 200 OK"
2026-05-02 02:33:36,626 [INFO] [3463/3993] id=openseek-4-11cae088e GT=whetherLslidavthemc ✅ (1643ch, 7.5s)
2026-05-02 02:33:43,489 [INFO] HTTP Request: POST http://localhost:2026/v1/chat/completions "HTTP/1.1 200 OK"
2026-05-02 02:33:43,490 [INFO] [3464/3993] id=openseek-4-28ed9c526 GT=pyaT ✅ (1729ch, 6.9s)
2026-05-02 02:33:44,120 [INFO] HTTP Request: POST http://localhost:2026/v1/chat/completions "HTTP/1.1 200 OK"
2026-05-02 02:33:44,122 [INFO] [3465/3993] id=openseek-4-259f7575e GT=thenAYchancesdourjlockedlseen, ✅ (3751ch, 34.8s)
2026-05-02 02:33:50,535 [INFO] HTTP Request: POST http://localhost:2026/v1/chat/completions "HTTP/1.1 200 OK"
2026-05-02 02:33:50,537 [INFO] [3466/3993] id=openseek-4-f936df06a GT=thatgmtherdeepLtQknownnamyVU ✅ (3553ch, 15.5s)
2026-05-02 02:33:54,729 [INFO] HTTP Request: POST http://localhost:2026/v1/chat/completions "HTTP/1.1 200 OK"
2026-05-02 02:33:54,730 [INFO] [3467/3993] id=openseek-4-b775b8965 GT=mhaze,wfrost?Uthen,L ✅ (2790ch, 10.6s)
2026-05-02 02:33:55,496 [INFO] HTTP Request: POST http://localhost:2026/v1/chat/completions "HTTP/1.1 200 OK"
2026-05-02 02:33:55,498 [INFO] [3468/3993] id=openseek-4-88284d809 GT=JPequodoethereecuponN ✅ (2758ch, 12.0s)
2026-05-02 02:33:59,026 [INFO] HTTP Request: POST http://localhost:2026/v1/chat/completions "HTTP/1.1 200 OK"
2026-05-02 02:33:59,027 [INFO] [3469/3993] id=openseek-4-9a70bf547 GT=KtoRu ✅ (1125ch, 4.3s)
2026-05-02 02:33:59,857 [INFO] HTTP Request: POST http://localhost:2026/v1/chat/completions "HTTP/1.1 200 OK"
2026-05-02 02:33:59,859 [INFO] [3470/3993] id=openseek-4-bd09a660a GT=EtoCman,jxwhale9sxAjgdownwards ✅ (2198ch, 9.3s)
2026-05-02 02:33:59,962 [INFO] HTTP Request: POST http://localhost:2026/v1/chat/completions "HTTP/1.1 200 OK"
2026-05-02 02:33:59,964 [INFO] [3471/3993] id=openseek-4-e8baf7717 GT=tcouldv ✅ (1185ch, 4.5s)
2026-05-02 02:34:03,787 [INFO] HTTP Request: POST http://localhost:2026/v1/chat/completions "HTTP/1.1 200 OK"
2026-05-02 02:34:03,788 [INFO] [3472/3993] id=openseek-4-a4afdcab4 GT=Xu ✅ (1079ch, 3.9s)
2026-05-02 02:34:06,677 [INFO] HTTP Request: POST http://localhost:2026/v1/chat/completions "HTTP/1.1 200 OK"
2026-05-02 02:34:06,678 [INFO] [3473/3993] id=openseek-4-a7a96ca27 GT=lJIKBvAneedss ✅ (1847ch, 7.7s)
2026-05-02 02:34:08,952 [INFO] HTTP Request: POST http://localhost:2026/v1/chat/completions "HTTP/1.1 200 OK"
2026-05-02 02:34:08,953 [INFO] [3474/3993] id=openseek-4-0e8afe2f2 GT=iAhab,CWvshipr ✅ (2105ch, 9.0s)
2026-05-02 02:34:09,645 [INFO] HTTP Request: POST http://localhost:2026/v1/chat/completions "HTTP/1.1 200 OK"
2026-05-02 02:34:09,647 [INFO] [3475/3993] id=openseek-4-89fa0855a GT=Jallqdepart.g ✅ (1550ch, 5.9s)
2026-05-02 02:34:10,601 [INFO] HTTP Request: POST http://localhost:2026/v1/chat/completions "HTTP/1.1 200 OK"
2026-05-02 02:34:10,602 [INFO] [3476/3993] id=openseek-4-b4787b38f GT=JhL ✅ (1009ch, 3.9s)
2026-05-02 02:34:13,257 [INFO] HTTP Request: POST http://localhost:2026/v1/chat/completions "HTTP/1.1 200 OK"
2026-05-02 02:34:13,259 [INFO] [3477/3993] id=openseek-4-ba05eee9b GT=ystraightR ✅ (797ch, 4.3s)
2026-05-02 02:34:18,161 [INFO] HTTP Request: POST http://localhost:2026/v1/chat/completions "HTTP/1.1 200 OK"
2026-05-02 02:34:18,163 [INFO] [3478/3993] id=openseek-4-567761306 GT=ratherEgclan.fhisr ✅ (1909ch, 7.6s)
2026-05-02 02:34:22,197 [INFO] HTTP Request: POST http://localhost:2026/v1/chat/completions "HTTP/1.1 200 OK"
2026-05-02 02:34:22,199 [INFO] [3479/3993] id=openseek-4-52b7d5047 GT=oflmakeSwoeYdifferenceV ✅ (3136ch, 12.6s)
2026-05-02 02:34:24,920 [INFO] HTTP Request: POST http://localhost:2026/v1/chat/completions "HTTP/1.1 200 OK"
2026-05-02 02:34:24,922 [INFO] [3480/3993] id=openseek-4-7504b878b GT=youhhWMAPVlsozI ✅ (2585ch, 11.7s)
2026-05-02 02:34:30,397 [INFO] HTTP Request: POST http://localhost:2026/v1/chat/completions "HTTP/1.1 200 OK"
2026-05-02 02:34:30,399 [INFO] [3481/3993] id=openseek-4-34f9e4b0a GT=infinitemFtheS ✅ (1184ch, 5.5s)
2026-05-02 02:34:34,491 [INFO] HTTP Request: POST http://localhost:2026/v1/chat/completions "HTTP/1.1 200 OK"
2026-05-02 02:34:34,492 [INFO] [3482/3993] id=openseek-4-b135670a4 GT=whileUmoreXinQRWnbFmadeD ✅ (2692ch, 12.3s)
2026-05-02 02:34:35,900 [INFO] HTTP Request: POST http://localhost:2026/v1/chat/completions "HTTP/1.1 200 OK"
2026-05-02 02:34:35,901 [WARNING]   [attempt 1 T=0.0] think validate 失败 (len=4046): 'Okay, let's see. I need to concatenate this list of strings into a single line w'
2026-05-02 02:34:46,788 [INFO] HTTP Request: POST http://localhost:2026/v1/chat/completions "HTTP/1.1 200 OK"
2026-05-02 02:34:46,790 [INFO] [3483/3993] id=openseek-4-29e2049ea GT=cuttingyTthePtheZbNonlyLlossD ✅ (3031ch, 12.3s)
2026-05-02 02:34:48,692 [INFO] HTTP Request: POST http://localhost:2026/v1/chat/completions "HTTP/1.1 200 OK"
2026-05-02 02:34:48,693 [INFO] [3484/3993] id=openseek-4-3de823085 GT=alive,etheKmeCxsustainxWdayeNT ✅ (2971ch, 30.5s)
2026-05-02 02:34:48,764 [INFO] HTTP Request: POST http://localhost:2026/v1/chat/completions "HTTP/1.1 200 OK"
2026-05-02 02:34:48,765 [WARNING]   [attempt 1 T=0.0] think validate 失败 (len=4555): 'Okay, let's see. I need to concatenate this list of strings into a single line w'
2026-05-02 02:34:58,395 [INFO] HTTP Request: POST http://localhost:2026/v1/chat/completions "HTTP/1.1 200 OK"
2026-05-02 02:34:58,397 [INFO] [3485/3993] id=openseek-4-46648be48 GT=USlongesthbeGmemberD ✅ (2773ch, 11.6s)
2026-05-02 02:35:02,338 [INFO] HTTP Request: POST http://localhost:2026/v1/chat/completions "HTTP/1.1 200 OK"
2026-05-02 02:35:02,339 [INFO] [3486/3993] id=openseek-4-9f3e53a0b GT=evenyMandmhisjnotibeutelling.H ✅ (3190ch, 31.9s)
2026-05-02 02:35:05,836 [INFO] HTTP Request: POST http://localhost:2026/v1/chat/completions "HTTP/1.1 200 OK"
2026-05-02 02:35:05,837 [WARNING]   [attempt 1 T=0.0] think validate 失败 (len=4075): 'Okay, let's see. I need to concatenate this list of strings into a single line w'
2026-05-02 02:35:12,566 [INFO] HTTP Request: POST http://localhost:2026/v1/chat/completions "HTTP/1.1 200 OK"
2026-05-02 02:35:12,568 [INFO] [3487/3993] id=openseek-4-6b6f11c70 GT=YwhatSandQcookhsoletsankpbenea ✅ (3418ch, 14.2s)
2026-05-02 02:35:14,737 [INFO] HTTP Request: POST http://localhost:2026/v1/chat/completions "HTTP/1.1 200 OK"
2026-05-02 02:35:14,739 [INFO] [3488/3993] id=openseek-4-e550e2a22 GT=AtheAubentitledztUboys,moffYb ✅ (2821ch, 12.4s)
2026-05-02 02:35:18,709 [INFO] HTTP Request: POST http://localhost:2026/v1/chat/completions "HTTP/1.1 200 OK"
2026-05-02 02:35:18,711 [INFO] [3489/3993] id=openseek-4-c54ba3cd7 GT=rofb ✅ (1475ch, 6.1s)
2026-05-02 02:35:21,493 [INFO] HTTP Request: POST http://localhost:2026/v1/chat/completions "HTTP/1.1 200 OK"
2026-05-02 02:35:21,494 [INFO] [3490/3993] id=openseek-4-eba8141cf GT=PiWhenmcIsHwhen4_TherePfoundbf ✅ (3586ch, 32.8s)
2026-05-02 02:35:29,236 [INFO] HTTP Request: POST http://localhost:2026/v1/chat/completions "HTTP/1.1 200 OK"
2026-05-02 02:35:29,237 [INFO] [3491/3993] id=openseek-4-22df4d67b GT=iteaJE ✅ (1804ch, 7.7s)
2026-05-02 02:35:30,384 [INFO] HTTP Request: POST http://localhost:2026/v1/chat/completions "HTTP/1.1 200 OK"
2026-05-02 02:35:30,386 [INFO] [3492/3993] id=openseek-4-f0aa3592f GT=beneathYvcoccurredYbackwoodspJ ✅ (3652ch, 15.6s)
2026-05-02 02:35:30,936 [INFO] HTTP Request: POST http://localhost:2026/v1/chat/completions "HTTP/1.1 200 OK"
2026-05-02 02:35:30,937 [INFO] [3493/3993] id=openseek-4-40de133e1 GT=long,pcreature9smconvertedcmfa ✅ (3135ch, 12.2s)
2026-05-02 02:35:39,284 [INFO] HTTP Request: POST http://localhost:2026/v1/chat/completions "HTTP/1.1 200 OK"
2026-05-02 02:35:39,285 [INFO] [3494/3993] id=openseek-4-cd7f867fa GT=bgraves,c ✅ (2331ch, 8.3s)
2026-05-02 02:35:40,899 [INFO] HTTP Request: POST http://localhost:2026/v1/chat/completions "HTTP/1.1 200 OK"
2026-05-02 02:35:40,900 [INFO] [3495/3993] id=openseek-4-b04b15c53 GT=eFalternatingrevenrX ✅ (2627ch, 10.5s)
2026-05-02 02:35:42,946 [INFO] HTTP Request: POST http://localhost:2026/v1/chat/completions "HTTP/1.1 200 OK"
2026-05-02 02:35:42,947 [INFO] [3496/3993] id=openseek-4-b841a8d0c GT=rn ✅ (963ch, 3.7s)
2026-05-02 02:35:43,712 [INFO] HTTP Request: POST http://localhost:2026/v1/chat/completions "HTTP/1.1 200 OK"
2026-05-02 02:35:43,714 [INFO] [3497/3993] id=openseek-4-52ccaca09 GT=IJadventuresExstrickenk ✅ (3789ch, 14.5s)
2026-05-02 02:35:46,093 [INFO] HTTP Request: POST http://localhost:2026/v1/chat/completions "HTTP/1.1 200 OK"
2026-05-02 02:35:46,095 [INFO] [3498/3993] id=openseek-4-3829b86d3 GT=inclinedrsinglex ✅ (1413ch, 5.2s)
2026-05-02 02:35:47,046 [INFO] HTTP Request: POST http://localhost:2026/v1/chat/completions "HTTP/1.1 200 OK"
2026-05-02 02:35:47,047 [INFO] [3499/3993] id=openseek-4-e3d751264 GT=es ✅ (634ch, 3.3s)
2026-05-02 02:35:50,825 [INFO] HTTP Request: POST http://localhost:2026/v1/chat/completions "HTTP/1.1 200 OK"
2026-05-02 02:35:50,826 [INFO] [3500/3993] id=openseek-4-e69323df6 GT=zob ✅ (974ch, 3.8s)
2026-05-02 02:35:51,197 [INFO]   💾 已保存 (成功=3481 失败=19) | 3.8s/条均值 | ETA=31min
2026-05-02 02:35:58,693 [INFO] HTTP Request: POST http://localhost:2026/v1/chat/completions "HTTP/1.1 200 OK"
2026-05-02 02:35:58,695 [INFO] [3501/3993] id=openseek-4-1d6417af2 GT=hasBjreadingkXlastIC ✅ (3178ch, 12.6s)
2026-05-02 02:35:59,842 [INFO] HTTP Request: POST http://localhost:2026/v1/chat/completions "HTTP/1.1 200 OK"
2026-05-02 02:35:59,843 [WARNING]   [attempt 1 T=0.0] think validate 失败 (len=4321): 'Okay, let's see. I need to concatenate this list of strings into a single line w'
2026-05-02 02:36:03,114 [INFO] HTTP Request: POST http://localhost:2026/v1/chat/completions "HTTP/1.1 200 OK"
2026-05-02 02:36:03,115 [INFO] [3502/3993] id=openseek-4-622bce6c4 GT=hisanothingPTYrangedohUc ✅ (3050ch, 12.3s)
2026-05-02 02:36:09,426 [INFO] HTTP Request: POST http://localhost:2026/v1/chat/completions "HTTP/1.1 200 OK"
2026-05-02 02:36:09,427 [INFO] [3503/3993] id=openseek-4-b41a97db0 GT=daytS ✅ (1601ch, 6.3s)
2026-05-02 02:36:10,706 [INFO] HTTP Request: POST http://localhost:2026/v1/chat/completions "HTTP/1.1 200 OK"
2026-05-02 02:36:10,708 [INFO] [3504/3993] id=openseek-4-942c3a488 GT=wouldlGhSofkButpboard.VaD ✅ (2664ch, 12.0s)
2026-05-02 02:36:13,085 [INFO] HTTP Request: POST http://localhost:2026/v1/chat/completions "HTTP/1.1 200 OK"
2026-05-02 02:36:13,086 [INFO] [3505/3993] id=openseek-4-9e3a26d33 GT=him,GtheBaxUblooduTheirB ✅ (2900ch, 30.1s)
2026-05-02 02:36:17,186 [INFO] HTTP Request: POST http://localhost:2026/v1/chat/completions "HTTP/1.1 200 OK"
2026-05-02 02:36:17,187 [INFO] [3506/3993] id=openseek-4-1d28646d0 GT=quantitytye.townq ✅ (1928ch, 7.8s)
2026-05-02 02:36:19,424 [INFO] HTTP Request: POST http://localhost:2026/v1/chat/completions "HTTP/1.1 200 OK"
2026-05-02 02:36:19,425 [INFO] [3507/3993] id=openseek-4-0c06fc0a0 GT=cwhatUjudgment.F ✅ (1743ch, 6.3s)
2026-05-02 02:36:26,506 [INFO] HTTP Request: POST http://localhost:2026/v1/chat/completions "HTTP/1.1 200 OK"
2026-05-02 02:36:26,508 [INFO] [3508/3993] id=openseek-4-a400538e1 GT=adandfwavesRgJFMthepM ✅ (3514ch, 15.8s)
2026-05-02 02:36:27,749 [INFO] HTTP Request: POST http://localhost:2026/v1/chat/completions "HTTP/1.1 200 OK"
2026-05-02 02:36:27,751 [INFO] [3509/3993] id=openseek-4-43b3e9aec GT=shouldndidMXmykC ✅ (1885ch, 8.3s)
2026-05-02 02:36:32,513 [INFO] HTTP Request: POST http://localhost:2026/v1/chat/completions "HTTP/1.1 200 OK"
2026-05-02 02:36:32,515 [INFO] [3510/3993] id=openseek-4-e504eb72b GT=gKjointshfuel,BYtakedpartsIO ✅ (3682ch, 15.3s)
2026-05-02 02:36:35,539 [INFO] HTTP Request: POST http://localhost:2026/v1/chat/completions "HTTP/1.1 200 OK"
2026-05-02 02:36:35,540 [INFO] [3511/3993] id=openseek-4-86a4489d9 GT=KtoJSnow,BTt ✅ (2228ch, 9.0s)
2026-05-02 02:36:38,476 [INFO] HTTP Request: POST http://localhost:2026/v1/chat/completions "HTTP/1.1 200 OK"
2026-05-02 02:36:38,478 [INFO] [3512/3993] id=openseek-4-bd6f012d1 GT=toItimeWqsomejreligiousCa ✅ (2532ch, 10.7s)
2026-05-02 02:36:39,847 [INFO] HTTP Request: POST http://localhost:2026/v1/chat/completions "HTTP/1.1 200 OK"
2026-05-02 02:36:39,848 [INFO] [3513/3993] id=openseek-4-3e2e34d21 GT=BminZBIy ✅ (1728ch, 7.3s)
2026-05-02 02:36:45,674 [INFO] HTTP Request: POST http://localhost:2026/v1/chat/completions "HTTP/1.1 200 OK"
2026-05-02 02:36:45,676 [INFO] [3514/3993] id=openseek-4-70092ccf4 GT=czrlsavageV ✅ (1918ch, 7.2s)
2026-05-02 02:36:48,858 [INFO] HTTP Request: POST http://localhost:2026/v1/chat/completions "HTTP/1.1 200 OK"
2026-05-02 02:36:48,860 [INFO] [3515/3993] id=openseek-4-01be57b6f GT=ChiesklongcDnonianyPmomentRis, ✅ (3150ch, 13.3s)
2026-05-02 02:36:50,596 [INFO] HTTP Request: POST http://localhost:2026/v1/chat/completions "HTTP/1.1 200 OK"
2026-05-02 02:36:50,598 [INFO] [3516/3993] id=openseek-4-30b101fa9 GT=whentO ✅ (1310ch, 4.9s)
2026-05-02 02:36:55,309 [INFO] HTTP Request: POST http://localhost:2026/v1/chat/completions "HTTP/1.1 200 OK"
2026-05-02 02:36:55,311 [INFO] [3517/3993] id=openseek-4-a17bcbdf3 GT=theOGbeQAhab9sXcounteractingrt ✅ (3820ch, 15.5s)
2026-05-02 02:36:55,449 [INFO] HTTP Request: POST http://localhost:2026/v1/chat/completions "HTTP/1.1 200 OK"
2026-05-02 02:36:55,450 [INFO] [3518/3993] id=openseek-4-60a32a416 GT=youngRorderMgforC ✅ (1737ch, 6.6s)
2026-05-02 02:37:03,781 [INFO] HTTP Request: POST http://localhost:2026/v1/chat/completions "HTTP/1.1 200 OK"
2026-05-02 02:37:03,783 [INFO] [3519/3993] id=openseek-4-68ab301c1 GT=shore,JPgA ✅ (2139ch, 8.3s)
2026-05-02 02:37:06,588 [INFO] HTTP Request: POST http://localhost:2026/v1/chat/completions "HTTP/1.1 200 OK"
2026-05-02 02:37:06,590 [INFO] [3520/3993] id=openseek-4-2a3753f51 GT=ofgwofrZburningDsir,useemedD ✅ (3721ch, 16.0s)
2026-05-02 02:37:09,309 [INFO] HTTP Request: POST http://localhost:2026/v1/chat/completions "HTTP/1.1 200 OK"
2026-05-02 02:37:09,310 [INFO] [3521/3993] id=openseek-4-ac7629ee1 GT=whalebone,UTRAGmustBUfL ✅ (3540ch, 14.0s)
2026-05-02 02:37:10,082 [INFO] HTTP Request: POST http://localhost:2026/v1/chat/completions "HTTP/1.1 200 OK"
2026-05-02 02:37:10,084 [INFO] [3522/3993] id=openseek-4-bbade964a GT=LVjtheR ✅ (1666ch, 6.3s)
2026-05-02 02:37:16,436 [INFO] HTTP Request: POST http://localhost:2026/v1/chat/completions "HTTP/1.1 200 OK"
2026-05-02 02:37:16,437 [INFO] [3523/3993] id=openseek-4-a3236cf2a GT=kItT ✅ (2698ch, 9.8s)
2026-05-02 02:37:20,439 [INFO] HTTP Request: POST http://localhost:2026/v1/chat/completions "HTTP/1.1 200 OK"
2026-05-02 02:37:20,441 [INFO] [3524/3993] id=openseek-4-6f6f754fc GT=authentickdvintooAndeateFstran ✅ (2920ch, 11.1s)
2026-05-02 02:37:22,306 [INFO] HTTP Request: POST http://localhost:2026/v1/chat/completions "HTTP/1.1 200 OK"
2026-05-02 02:37:22,307 [INFO] [3525/3993] id=openseek-4-8422cbdcc GT=isCwithLnS ✅ (1508ch, 5.9s)
2026-05-02 02:37:25,614 [INFO] HTTP Request: POST http://localhost:2026/v1/chat/completions "HTTP/1.1 200 OK"
2026-05-02 02:37:25,615 [INFO] [3526/3993] id=openseek-4-6043790d6 GT=thee!dQtheTcharacter,bphisVlam ✅ (3573ch, 15.5s)
2026-05-02 02:37:25,992 [INFO] HTTP Request: POST http://localhost:2026/v1/chat/completions "HTTP/1.1 200 OK"
2026-05-02 02:37:25,993 [INFO] [3527/3993] id=openseek-4-185cad432 GT=originalDhereBiL ✅ (1520ch, 5.6s)
2026-05-02 02:37:28,813 [INFO] HTTP Request: POST http://localhost:2026/v1/chat/completions "HTTP/1.1 200 OK"
2026-05-02 02:37:28,815 [INFO] [3528/3993] id=openseek-4-7af9b2987 GT=cq ✅ (880ch, 3.2s)
2026-05-02 02:37:34,000 [INFO] HTTP Request: POST http://localhost:2026/v1/chat/completions "HTTP/1.1 200 OK"
2026-05-02 02:37:34,002 [INFO] [3529/3993] id=openseek-4-f3800977e GT=hawhowlingfohhighFAheardo ✅ (2600ch, 11.7s)
2026-05-02 02:37:36,346 [INFO] HTTP Request: POST http://localhost:2026/v1/chat/completions "HTTP/1.1 200 OK"
2026-05-02 02:37:36,347 [INFO] [3530/3993] id=openseek-4-23fa2d867 GT=PtheyPhheU ✅ (1900ch, 7.5s)
2026-05-02 02:37:40,037 [INFO] HTTP Request: POST http://localhost:2026/v1/chat/completions "HTTP/1.1 200 OK"
2026-05-02 02:37:40,038 [INFO] [3531/3993] id=openseek-4-cf9778525 GT=byoKhisJqnavalTforOsthere!SasR ✅ (3237ch, 14.0s)
2026-05-02 02:37:43,027 [INFO] HTTP Request: POST http://localhost:2026/v1/chat/completions "HTTP/1.1 200 OK"
2026-05-02 02:37:43,028 [INFO] [3532/3993] id=openseek-4-a18b480c2 GT=lthatlleap,R ✅ (1731ch, 6.7s)
2026-05-02 02:37:51,198 [INFO] HTTP Request: POST http://localhost:2026/v1/chat/completions "HTTP/1.1 200 OK"
2026-05-02 02:37:51,200 [INFO] [3533/3993] id=openseek-4-4815ad2e4 GT=Awant?duLFJlsucceededr ✅ (2665ch, 11.2s)
2026-05-02 02:37:51,830 [INFO] HTTP Request: POST http://localhost:2026/v1/chat/completions "HTTP/1.1 200 OK"
2026-05-02 02:37:51,832 [INFO] [3534/3993] id=openseek-4-83e27d9fe GT=dVitTasBULandqalmostB ✅ (3736ch, 17.8s)
2026-05-02 02:37:52,891 [INFO] HTTP Request: POST http://localhost:2026/v1/chat/completions "HTTP/1.1 200 OK"
2026-05-02 02:37:52,892 [INFO] [3535/3993] id=openseek-4-601489c58 GT=tBgoodCakofWhimsE ✅ (2310ch, 9.9s)
2026-05-02 02:38:03,003 [INFO] HTTP Request: POST http://localhost:2026/v1/chat/completions "HTTP/1.1 200 OK"
2026-05-02 02:38:03,005 [INFO] [3536/3993] id=openseek-4-058310b95 GT=sheep,khislasHso,dandnyQ ✅ (2638ch, 11.8s)
2026-05-02 02:38:05,096 [INFO] HTTP Request: POST http://localhost:2026/v1/chat/completions "HTTP/1.1 200 OK"
2026-05-02 02:38:05,097 [INFO] [3537/3993] id=openseek-4-8ecfc7f61 GT=ZyshotzdenyLtosfuture,KthemJ ✅ (3244ch, 13.3s)
2026-05-02 02:38:05,540 [INFO] HTTP Request: POST http://localhost:2026/v1/chat/completions "HTTP/1.1 200 OK"
2026-05-02 02:38:05,541 [INFO] [3538/3993] id=openseek-4-42b126b11 GT=hisDhadmIthathnoVsultanismzhun ✅ (3038ch, 12.6s)
2026-05-02 02:38:08,616 [INFO] HTTP Request: POST http://localhost:2026/v1/chat/completions "HTTP/1.1 200 OK"
2026-05-02 02:38:08,617 [INFO] [3539/3993] id=openseek-4-5d672826a GT=WstrangeXsuchk ✅ (1439ch, 5.6s)
2026-05-02 02:38:10,081 [INFO] HTTP Request: POST http://localhost:2026/v1/chat/completions "HTTP/1.1 200 OK"
2026-05-02 02:38:10,082 [INFO] [3540/3993] id=openseek-4-36f7bd721 GT=cmostc ✅ (1186ch, 4.5s)
2026-05-02 02:38:15,312 [INFO] HTTP Request: POST http://localhost:2026/v1/chat/completions "HTTP/1.1 200 OK"
2026-05-02 02:38:15,313 [INFO] [3541/3993] id=openseek-4-d0cdcb937 GT=iswroundM ✅ (1266ch, 5.2s)
2026-05-02 02:38:16,834 [INFO] HTTP Request: POST http://localhost:2026/v1/chat/completions "HTTP/1.1 200 OK"
2026-05-02 02:38:16,835 [INFO] [3542/3993] id=openseek-4-34cc645ec GT=gUZfourhgtraditionsppieceltidy ✅ (2920ch, 11.7s)
2026-05-02 02:38:20,562 [INFO] HTTP Request: POST http://localhost:2026/v1/chat/completions "HTTP/1.1 200 OK"
2026-05-02 02:38:20,563 [INFO] [3543/3993] id=openseek-4-c5384529a GT=zukitshletSYGOofLb ✅ (2789ch, 11.9s)
2026-05-02 02:38:26,143 [INFO] HTTP Request: POST http://localhost:2026/v1/chat/completions "HTTP/1.1 200 OK"
2026-05-02 02:38:26,144 [INFO] [3544/3993] id=openseek-4-97932f50a GT=pHtheihi ✅ (2409ch, 9.3s)
2026-05-02 02:38:30,402 [INFO] HTTP Request: POST http://localhost:2026/v1/chat/completions "HTTP/1.1 200 OK"
2026-05-02 02:38:30,404 [INFO] [3545/3993] id=openseek-4-d2aa1d0df GT=strangerPzDBofhtpxtheWandQ ✅ (3721ch, 15.1s)
2026-05-02 02:38:36,574 [INFO] HTTP Request: POST http://localhost:2026/v1/chat/completions "HTTP/1.1 200 OK"
2026-05-02 02:38:36,575 [INFO] [3546/3993] id=openseek-4-9967398c8 GT=TeachvalmostOthistzbeingP ✅ (3968ch, 16.0s)
2026-05-02 02:38:36,890 [INFO] HTTP Request: POST http://localhost:2026/v1/chat/completions "HTTP/1.1 200 OK"
2026-05-02 02:38:36,892 [INFO] [3547/3993] id=openseek-4-15b19977a GT=APQbushel,nmaycandi ✅ (2496ch, 10.7s)
2026-05-02 02:38:44,292 [INFO] HTTP Request: POST http://localhost:2026/v1/chat/completions "HTTP/1.1 200 OK"
2026-05-02 02:38:44,294 [INFO] [3548/3993] id=openseek-4-2c9ee4b0d GT=leKprodigioustperhapsGandrallj ✅ (3166ch, 13.9s)
2026-05-02 02:38:45,512 [INFO] HTTP Request: POST http://localhost:2026/v1/chat/completions "HTTP/1.1 200 OK"
2026-05-02 02:38:45,513 [INFO] [3549/3993] id=openseek-4-6f9c529dc GT=csWtwoKproportions,k ✅ (2312ch, 8.9s)
2026-05-02 02:38:46,339 [INFO] HTTP Request: POST http://localhost:2026/v1/chat/completions "HTTP/1.1 200 OK"
2026-05-02 02:38:46,340 [INFO] [3550/3993] id=openseek-4-9c3685b5c GT=iHdMman,S ✅ (2430ch, 9.4s)
2026-05-02 02:38:49,870 [INFO] HTTP Request: POST http://localhost:2026/v1/chat/completions "HTTP/1.1 200 OK"
2026-05-02 02:38:49,872 [INFO] [3551/3993] id=openseek-4-d61dc101b GT=Cofatoc ✅ (1435ch, 5.6s)
2026-05-02 02:38:55,093 [INFO] HTTP Request: POST http://localhost:2026/v1/chat/completions "HTTP/1.1 200 OK"
2026-05-02 02:38:55,094 [INFO] [3552/3993] id=openseek-4-7d8ad25d2 GT=him;bthelcIP ✅ (2220ch, 9.6s)
2026-05-02 02:38:59,396 [INFO] HTTP Request: POST http://localhost:2026/v1/chat/completions "HTTP/1.1 200 OK"
2026-05-02 02:38:59,398 [INFO] [3553/3993] id=openseek-4-4ce617a00 GT=WCtrouble;4hepwatchesOeiEkroll ✅ (2395ch, 9.5s)
2026-05-02 02:39:04,076 [INFO] HTTP Request: POST http://localhost:2026/v1/chat/completions "HTTP/1.1 200 OK"
2026-05-02 02:39:04,078 [INFO] [3554/3993] id=openseek-4-2dfd7977b GT=stashXpgravestone,phump4Oh,ZTh ✅ (3902ch, 17.7s)
2026-05-02 02:39:05,053 [INFO] HTTP Request: POST http://localhost:2026/v1/chat/completions "HTTP/1.1 200 OK"
2026-05-02 02:39:05,055 [INFO] [3555/3993] id=openseek-4-84804f7ac GT=toFwsshrouds,ABtheJ ✅ (2458ch, 10.0s)
2026-05-02 02:39:08,314 [INFO] HTTP Request: POST http://localhost:2026/v1/chat/completions "HTTP/1.1 200 OK"
2026-05-02 02:39:08,315 [INFO] [3556/3993] id=openseek-4-07c6e8edc GT=himrr ✅ (1080ch, 4.2s)
2026-05-02 02:39:10,880 [INFO] HTTP Request: POST http://localhost:2026/v1/chat/completions "HTTP/1.1 200 OK"
2026-05-02 02:39:10,882 [INFO] [3557/3993] id=openseek-4-aae47b2eb GT=beenxmKKastQguests.OJLV ✅ (2720ch, 11.5s)
2026-05-02 02:39:11,504 [INFO] HTTP Request: POST http://localhost:2026/v1/chat/completions "HTTP/1.1 200 OK"
2026-05-02 02:39:11,505 [INFO] [3558/3993] id=openseek-4-e8f43e2a1 GT=fXthet ✅ (1677ch, 6.5s)
2026-05-02 02:39:18,221 [INFO] HTTP Request: POST http://localhost:2026/v1/chat/completions "HTTP/1.1 200 OK"
2026-05-02 02:39:18,222 [INFO] [3559/3993] id=openseek-4-18cbd4570 GT=operations;iofYrbute ✅ (2657ch, 9.9s)
2026-05-02 02:39:21,705 [INFO] HTTP Request: POST http://localhost:2026/v1/chat/completions "HTTP/1.1 200 OK"
2026-05-02 02:39:21,706 [INFO] [3560/3993] id=openseek-4-c99dad3f2 GT=FL ✅ (949ch, 3.5s)
2026-05-02 02:39:23,343 [INFO] HTTP Request: POST http://localhost:2026/v1/chat/completions "HTTP/1.1 200 OK"
2026-05-02 02:39:23,345 [INFO] [3561/3993] id=openseek-4-f4bd6b9ba GT=motivesGDflume.qArcher,Hnoteis ✅ (3075ch, 12.5s)
2026-05-02 02:39:27,548 [INFO] HTTP Request: POST http://localhost:2026/v1/chat/completions "HTTP/1.1 200 OK"
2026-05-02 02:39:27,550 [INFO] [3562/3993] id=openseek-4-88b7e14c9 GT=wbutter,wandKbeatingkone,MUJlo ✅ (3713ch, 16.0s)
2026-05-02 02:39:28,381 [INFO] HTTP Request: POST http://localhost:2026/v1/chat/completions "HTTP/1.1 200 OK"
2026-05-02 02:39:28,382 [INFO] [3563/3993] id=openseek-4-c512360c9 GT=isiandb ✅ (1325ch, 5.0s)
2026-05-02 02:39:32,721 [INFO] HTTP Request: POST http://localhost:2026/v1/chat/completions "HTTP/1.1 200 OK"
2026-05-02 02:39:32,722 [INFO] [3564/3993] id=openseek-4-e532bda03 GT=ButJFRanIhisAsaidT ✅ (2685ch, 11.0s)
2026-05-02 02:39:35,334 [INFO] HTTP Request: POST http://localhost:2026/v1/chat/completions "HTTP/1.1 200 OK"
2026-05-02 02:39:35,335 [INFO] [3565/3993] id=openseek-4-a80445d55 GT=OxqcourseQtheL ✅ (1842ch, 7.0s)
2026-05-02 02:39:38,449 [INFO] HTTP Request: POST http://localhost:2026/v1/chat/completions "HTTP/1.1 200 OK"
2026-05-02 02:39:38,450 [INFO] [3566/3993] id=openseek-4-e4febe9dd GT=casEwA ✅ (1388ch, 5.7s)
2026-05-02 02:39:42,682 [INFO] HTTP Request: POST http://localhost:2026/v1/chat/completions "HTTP/1.1 200 OK"
2026-05-02 02:39:42,683 [INFO] [3567/3993] id=openseek-4-9f9daecca GT=daPProtestantnatP ✅ (1897ch, 7.3s)
2026-05-02 02:39:43,088 [INFO] HTTP Request: POST http://localhost:2026/v1/chat/completions "HTTP/1.1 200 OK"
2026-05-02 02:39:43,089 [INFO] [3568/3993] id=openseek-4-5f679678b GT=andkW ✅ (1188ch, 4.6s)
2026-05-02 02:39:43,755 [INFO] HTTP Request: POST http://localhost:2026/v1/chat/completions "HTTP/1.1 200 OK"
2026-05-02 02:39:43,756 [INFO] [3569/3993] id=openseek-4-332df1052 GT=inGsolemnly.tSTtowardsOqAndtIt ✅ (3578ch, 16.2s)
2026-05-02 02:39:48,558 [INFO] HTTP Request: POST http://localhost:2026/v1/chat/completions "HTTP/1.1 200 OK"
2026-05-02 02:39:48,559 [INFO] [3570/3993] id=openseek-4-1acbf71f4 GT=theMyThewn ✅ (1115ch, 5.5s)
2026-05-02 02:39:50,571 [INFO] HTTP Request: POST http://localhost:2026/v1/chat/completions "HTTP/1.1 200 OK"
2026-05-02 02:39:50,572 [INFO] [3571/3993] id=openseek-4-d5ef5ca27 GT=tookWpNjZEthatELw ✅ (1810ch, 7.9s)
2026-05-02 02:39:51,208 [INFO] HTTP Request: POST http://localhost:2026/v1/chat/completions "HTTP/1.1 200 OK"
2026-05-02 02:39:51,209 [INFO] [3572/3993] id=openseek-4-5d4924279 GT=ofRsthyQwildZN ✅ (1851ch, 7.5s)
2026-05-02 02:39:55,477 [INFO] HTTP Request: POST http://localhost:2026/v1/chat/completions "HTTP/1.1 200 OK"
2026-05-02 02:39:55,478 [INFO] [3573/3993] id=openseek-4-c1c0655a9 GT=rWKsz ✅ (1751ch, 6.9s)
2026-05-02 02:39:57,682 [INFO] HTTP Request: POST http://localhost:2026/v1/chat/completions "HTTP/1.1 200 OK"
2026-05-02 02:39:57,683 [INFO] [3574/3993] id=openseek-4-d08ad5532 GT=cHallo,Yasjp ✅ (1659ch, 6.5s)
2026-05-02 02:39:59,325 [INFO] HTTP Request: POST http://localhost:2026/v1/chat/completions "HTTP/1.1 200 OK"
2026-05-02 02:39:59,326 [INFO] [3575/3993] id=openseek-4-310ce9c9b GT=determinateQtonesucuriouso ✅ (2500ch, 8.8s)
2026-05-02 02:40:06,095 [INFO] HTTP Request: POST http://localhost:2026/v1/chat/completions "HTTP/1.1 200 OK"
2026-05-02 02:40:06,096 [INFO] [3576/3993] id=openseek-4-f3ab5f4fb GT=TupwyieldsXhisMdowncastc ✅ (2146ch, 8.4s)
2026-05-02 02:40:09,497 [INFO] HTTP Request: POST http://localhost:2026/v1/chat/completions "HTTP/1.1 200 OK"
2026-05-02 02:40:09,498 [INFO] [3577/3993] id=openseek-4-f17efbb53 GT=fDick?dVyou,gBildadz ✅ (2519ch, 10.2s)
2026-05-02 02:40:11,231 [INFO] HTTP Request: POST http://localhost:2026/v1/chat/completions "HTTP/1.1 200 OK"
2026-05-02 02:40:11,232 [WARNING]   [attempt 1 T=0.0] think validate 失败 (len=4084): 'Okay, let's see. I need to concatenate this list of strings into a single line w'
2026-05-02 02:40:25,057 [INFO] HTTP Request: POST http://localhost:2026/v1/chat/completions "HTTP/1.1 200 OK"
2026-05-02 02:40:25,059 [INFO] [3578/3993] id=openseek-4-06ff80f4a GT=broadwthreecdhencountered,AEtw ✅ (3547ch, 15.6s)
2026-05-02 02:40:27,948 [INFO] HTTP Request: POST http://localhost:2026/v1/chat/completions "HTTP/1.1 200 OK"
2026-05-02 02:40:27,949 [WARNING]   [attempt 1 T=0.0] think validate 失败 (len=4633): 'Okay, let's see. I need to concatenate this list of strings into a single line w'
2026-05-02 02:40:35,291 [INFO] HTTP Request: POST http://localhost:2026/v1/chat/completions "HTTP/1.1 200 OK"
2026-05-02 02:40:35,292 [INFO] [3579/3993] id=openseek-4-d86ad76bf GT=mupwVforDreefNo ✅ (2303ch, 10.2s)
2026-05-02 02:40:42,347 [INFO] HTTP Request: POST http://localhost:2026/v1/chat/completions "HTTP/1.1 200 OK"
2026-05-02 02:40:42,348 [INFO] [3580/3993] id=openseek-4-75312d759 GT=bAHTcomprehension.p ✅ (1799ch, 7.1s)
2026-05-02 02:40:42,878 [INFO] HTTP Request: POST http://localhost:2026/v1/chat/completions "HTTP/1.1 200 OK"
2026-05-02 02:40:42,879 [WARNING]   [attempt 2 T=0.3] think validate 失败 (len=7656): 'Okay, let's see. I need to concatenate this list of strings into a single line w'
2026-05-02 02:40:45,487 [INFO] HTTP Request: POST http://localhost:2026/v1/chat/completions "HTTP/1.1 200 OK"
2026-05-02 02:40:45,489 [INFO] [3581/3993] id=openseek-4-169a43563 GT=wNothingCofVmShousesBandeQe ✅ (3742ch, 39.4s)
2026-05-02 02:40:46,755 [INFO] HTTP Request: POST http://localhost:2026/v1/chat/completions "HTTP/1.1 200 OK"
2026-05-02 02:40:46,756 [INFO] [3582/3993] id=openseek-4-2814ee2b2 GT=tmotionsf ✅ (1081ch, 4.4s)
2026-05-02 02:40:51,563 [INFO] HTTP Request: POST http://localhost:2026/v1/chat/completions "HTTP/1.1 200 OK"
2026-05-02 02:40:51,565 [INFO] [3583/3993] id=openseek-4-cb796a249 GT=putImcriedoSback,K ✅ (2008ch, 56.1s)
2026-05-02 02:40:55,902 [INFO] HTTP Request: POST http://localhost:2026/v1/chat/completions "HTTP/1.1 200 OK"
2026-05-02 02:40:55,904 [INFO] [3584/3993] id=openseek-4-01b4d5ef3 GT=PcoursejyourdMAk ✅ (2514ch, 10.4s)
2026-05-02 02:40:59,213 [INFO] HTTP Request: POST http://localhost:2026/v1/chat/completions "HTTP/1.1 200 OK"
2026-05-02 02:40:59,215 [INFO] [3585/3993] id=openseek-4-957e16570 GT=ndepositedZBtthatS ✅ (1838ch, 7.6s)
2026-05-02 02:41:00,854 [INFO] HTTP Request: POST http://localhost:2026/v1/chat/completions "HTTP/1.1 200 OK"
2026-05-02 02:41:00,855 [INFO] [3586/3993] id=openseek-4-96e2c3904 GT=lance?qfefin.doKrofr ✅ (3290ch, 14.1s)
2026-05-02 02:41:02,288 [INFO] HTTP Request: POST http://localhost:2026/v1/chat/completions "HTTP/1.1 200 OK"
2026-05-02 02:41:02,290 [INFO] [3587/3993] id=openseek-4-94a2198a6 GT=Itheyvm ✅ (1715ch, 6.4s)
2026-05-02 02:41:05,520 [INFO] HTTP Request: POST http://localhost:2026/v1/chat/completions "HTTP/1.1 200 OK"
2026-05-02 02:41:05,521 [INFO] [3588/3993] id=openseek-4-9beec431c GT=fx ✅ (896ch, 3.2s)
2026-05-02 02:41:08,089 [INFO] HTTP Request: POST http://localhost:2026/v1/chat/completions "HTTP/1.1 200 OK"
2026-05-02 02:41:08,090 [INFO] [3589/3993] id=openseek-4-70df7ba0d GT=giveWRN ✅ (1804ch, 7.2s)
2026-05-02 02:41:12,663 [INFO] HTTP Request: POST http://localhost:2026/v1/chat/completions "HTTP/1.1 200 OK"
2026-05-02 02:41:12,664 [INFO] [3590/3993] id=openseek-4-c190d6214 GT=headUuW ✅ (1688ch, 7.1s)
2026-05-02 02:41:14,192 [INFO] HTTP Request: POST http://localhost:2026/v1/chat/completions "HTTP/1.1 200 OK"
2026-05-02 02:41:14,194 [INFO] [3591/3993] id=openseek-4-b44536009 GT=wereXdcCan9tcfJQit,mwasH ✅ (3515ch, 15.0s)
2026-05-02 02:41:16,508 [INFO] HTTP Request: POST http://localhost:2026/v1/chat/completions "HTTP/1.1 200 OK"
2026-05-02 02:41:16,509 [INFO] [3592/3993] id=openseek-4-849c6e99c GT=largestTWCthereHgfl ✅ (2030ch, 8.4s)
2026-05-02 02:41:22,390 [INFO] HTTP Request: POST http://localhost:2026/v1/chat/completions "HTTP/1.1 200 OK"
2026-05-02 02:41:22,391 [INFO] [3593/3993] id=openseek-4-9183d041e GT=sozGol ✅ (2589ch, 9.7s)
2026-05-02 02:41:25,518 [INFO] HTTP Request: POST http://localhost:2026/v1/chat/completions "HTTP/1.1 200 OK"
2026-05-02 02:41:25,520 [INFO] [3594/3993] id=openseek-4-2bac8f3ff GT=Pgo;kVmostRbinnacle-watchxorrj ✅ (2745ch, 11.3s)
2026-05-02 02:41:29,019 [INFO] HTTP Request: POST http://localhost:2026/v1/chat/completions "HTTP/1.1 200 OK"
2026-05-02 02:41:29,020 [INFO] [3595/3993] id=openseek-4-6354f8191 GT=Ca ✅ (773ch, 3.5s)
2026-05-02 02:41:31,474 [INFO] HTTP Request: POST http://localhost:2026/v1/chat/completions "HTTP/1.1 200 OK"
2026-05-02 02:41:31,475 [INFO] [3596/3993] id=openseek-4-80c9bdca1 GT=dtheKstoppingV14.ohadEseemszlo ✅ (3387ch, 15.0s)
2026-05-02 02:41:31,684 [INFO] HTTP Request: POST http://localhost:2026/v1/chat/completions "HTTP/1.1 200 OK"
2026-05-02 02:41:31,685 [INFO] [3597/3993] id=openseek-4-5aec0a448 GT=ofvusUlikeACxeyes;NAm ✅ (2081ch, 9.3s)
2026-05-02 02:41:35,881 [INFO] HTTP Request: POST http://localhost:2026/v1/chat/completions "HTTP/1.1 200 OK"
2026-05-02 02:41:35,882 [INFO] [3598/3993] id=openseek-4-63cefc405 GT=uJverydyiCS ✅ (1733ch, 6.9s)
2026-05-02 02:41:36,942 [INFO] HTTP Request: POST http://localhost:2026/v1/chat/completions "HTTP/1.1 200 OK"
2026-05-02 02:41:36,943 [INFO] [3599/3993] id=openseek-4-0a9625ca9 GT=ineFJtheq ✅ (1484ch, 5.5s)
2026-05-02 02:41:38,706 [INFO] HTTP Request: POST http://localhost:2026/v1/chat/completions "HTTP/1.1 200 OK"
2026-05-02 02:41:38,707 [INFO] [3600/3993] id=openseek-4-b956d91c0 GT=DandBtheq ✅ (1817ch, 7.0s)
2026-05-02 02:41:38,956 [INFO]   💾 已保存 (成功=3581 失败=19) | 3.8s/条均值 | ETA=25min
2026-05-02 02:41:42,723 [INFO] HTTP Request: POST http://localhost:2026/v1/chat/completions "HTTP/1.1 200 OK"
2026-05-02 02:41:42,724 [INFO] [3601/3993] id=openseek-4-df9d04d41 GT=theDthatJgDY ✅ (1423ch, 5.8s)
2026-05-02 02:41:43,256 [INFO] HTTP Request: POST http://localhost:2026/v1/chat/completions "HTTP/1.1 200 OK"
2026-05-02 02:41:43,258 [INFO] [3602/3993] id=openseek-4-708cf3ecb GT=NoafromIQ ✅ (1766ch, 7.4s)
2026-05-02 02:41:52,816 [INFO] HTTP Request: POST http://localhost:2026/v1/chat/completions "HTTP/1.1 200 OK"
2026-05-02 02:41:52,818 [INFO] [3603/3993] id=openseek-4-3f13d6b41 GT=tUeGthetu ✅ (2534ch, 10.1s)
2026-05-02 02:41:53,554 [INFO] HTTP Request: POST http://localhost:2026/v1/chat/completions "HTTP/1.1 200 OK"
2026-05-02 02:41:53,555 [WARNING]   [attempt 1 T=0.0] 答案校验失败 pred='felt r J resides. n had f H a' expect='felt r J resided. n had f H a'
2026-05-02 02:41:58,386 [INFO] HTTP Request: POST http://localhost:2026/v1/chat/completions "HTTP/1.1 200 OK"
2026-05-02 02:41:58,387 [INFO] [3604/3993] id=openseek-4-b687db500 GT=aWAIoff4serenestZtthefibew ✅ (3597ch, 15.1s)
2026-05-02 02:42:04,403 [INFO] HTTP Request: POST http://localhost:2026/v1/chat/completions "HTTP/1.1 200 OK"
2026-05-02 02:42:04,403 [WARNING]   [attempt 2 T=0.3] 答案校验失败 pred='felt r J resides. n had f H a' expect='felt r J resided. n had f H a'
2026-05-02 02:42:06,707 [INFO] HTTP Request: POST http://localhost:2026/v1/chat/completions "HTTP/1.1 200 OK"
2026-05-02 02:42:06,708 [INFO] [3605/3993] id=openseek-4-6035fb178 GT=clingingroperationBRFNmightybW ✅ (3219ch, 13.9s)
2026-05-02 02:42:09,833 [INFO] HTTP Request: POST http://localhost:2026/v1/chat/completions "HTTP/1.1 200 OK"
2026-05-02 02:42:09,834 [INFO] [3606/3993] id=openseek-4-98f4c71fa GT=XheMextreme,iqWhale9socHolloa! ✅ (2626ch, 11.4s)
2026-05-02 02:42:17,220 [INFO] HTTP Request: POST http://localhost:2026/v1/chat/completions "HTTP/1.1 200 OK"
2026-05-02 02:42:17,221 [INFO] [3607/3993] id=openseek-4-d05c976b9 GT=JByhtnpriverXBandi ✅ (2418ch, 10.5s)
2026-05-02 02:42:18,766 [INFO] HTTP Request: POST http://localhost:2026/v1/chat/completions "HTTP/1.1 200 OK"
2026-05-02 02:42:18,767 [WARNING]   [attempt 3 T=0.6] 答案校验失败 pred='felt r J resides. n had f H a' expect='felt r J resided. n had f H a'
2026-05-02 02:42:18,768 [WARNING] [3608/3993] id=openseek-4-141adde2a GT=feltrJresided.nhadfHa ❌ (40.1s)
2026-05-02 02:42:22,712 [INFO] HTTP Request: POST http://localhost:2026/v1/chat/completions "HTTP/1.1 200 OK"
2026-05-02 02:42:22,713 [INFO] [3609/3993] id=openseek-4-043c0a0ff GT=Uinr ✅ (985ch, 3.9s)
2026-05-02 02:42:24,603 [INFO] HTTP Request: POST http://localhost:2026/v1/chat/completions "HTTP/1.1 200 OK"
2026-05-02 02:42:24,604 [INFO] [3610/3993] id=openseek-4-db21e6f91 GT=theyptheOofozPKYasy ✅ (3347ch, 14.8s)
2026-05-02 02:42:27,230 [INFO] HTTP Request: POST http://localhost:2026/v1/chat/completions "HTTP/1.1 200 OK"
2026-05-02 02:42:27,231 [INFO] [3611/3993] id=openseek-4-f30c74e89 GT=cornerslRVcustomaryOthatSZ ✅ (2623ch, 10.0s)
2026-05-02 02:42:29,843 [INFO] HTTP Request: POST http://localhost:2026/v1/chat/completions "HTTP/1.1 200 OK"
2026-05-02 02:42:29,844 [INFO] [3612/3993] id=openseek-4-02aa10c9d GT=fibrouswO ✅ (1120ch, 5.2s)
2026-05-02 02:42:34,272 [INFO] HTTP Request: POST http://localhost:2026/v1/chat/completions "HTTP/1.1 200 OK"
2026-05-02 02:42:34,274 [INFO] [3613/3993] id=openseek-4-c29277c93 GT=theTthelIspclamIthyVy ✅ (2837ch, 11.6s)
2026-05-02 02:42:36,478 [INFO] HTTP Request: POST http://localhost:2026/v1/chat/completions "HTTP/1.1 200 OK"
2026-05-02 02:42:36,479 [INFO] [3614/3993] id=openseek-4-2b2511c0f GT=lKQbyBtS ✅ (2332ch, 9.2s)
2026-05-02 02:42:38,330 [INFO] HTTP Request: POST http://localhost:2026/v1/chat/completions "HTTP/1.1 200 OK"
2026-05-02 02:42:38,331 [INFO] [3615/3993] id=openseek-4-cff1e0c2e GT=ahb ✅ (1039ch, 4.1s)
2026-05-02 02:42:44,409 [INFO] HTTP Request: POST http://localhost:2026/v1/chat/completions "HTTP/1.1 200 OK"
2026-05-02 02:42:44,410 [INFO] [3616/3993] id=openseek-4-1ef33b77e GT=Climitations,Ktoy ✅ (1577ch, 6.1s)
2026-05-02 02:42:46,612 [INFO] HTTP Request: POST http://localhost:2026/v1/chat/completions "HTTP/1.1 200 OK"
2026-05-02 02:42:46,613 [INFO] [3617/3993] id=openseek-4-e17bf1985 GT=thePmasonry.csaid,ocommandedkl ✅ (3904ch, 16.8s)
2026-05-02 02:42:49,169 [INFO] HTTP Request: POST http://localhost:2026/v1/chat/completions "HTTP/1.1 200 OK"
2026-05-02 02:42:49,170 [INFO] [3618/3993] id=openseek-4-2a3f86d37 GT=dtldbearingxbed-riddenvAlliLha ✅ (3004ch, 12.7s)
2026-05-02 02:42:50,922 [INFO] HTTP Request: POST http://localhost:2026/v1/chat/completions "HTTP/1.1 200 OK"
2026-05-02 02:42:50,923 [INFO] [3619/3993] id=openseek-4-0b8833952 GT=pandOe ✅ (1691ch, 6.5s)
2026-05-02 02:42:56,166 [INFO] HTTP Request: POST http://localhost:2026/v1/chat/completions "HTTP/1.1 200 OK"
2026-05-02 02:42:56,167 [INFO] [3620/3993] id=openseek-4-a21cb2836 GT=RFmQT ✅ (1352ch, 5.2s)
2026-05-02 02:42:58,691 [INFO] HTTP Request: POST http://localhost:2026/v1/chat/completions "HTTP/1.1 200 OK"
2026-05-02 02:42:58,692 [INFO] [3621/3993] id=openseek-4-5e1a91a8e GT=xtheirKybeforeIofTSsEB ✅ (2987ch, 12.1s)
2026-05-02 02:43:00,277 [INFO] HTTP Request: POST http://localhost:2026/v1/chat/completions "HTTP/1.1 200 OK"
2026-05-02 02:43:00,278 [INFO] [3622/3993] id=openseek-4-a0c5daece GT=Bnotgduties:4repairinggmEtos ✅ (2834ch, 11.1s)
2026-05-02 02:43:03,445 [INFO] HTTP Request: POST http://localhost:2026/v1/chat/completions "HTTP/1.1 200 OK"
2026-05-02 02:43:03,446 [INFO] [3623/3993] id=openseek-4-9e19f9362 GT=gsurelyethex ✅ (1886ch, 7.3s)
2026-05-02 02:43:04,589 [INFO] HTTP Request: POST http://localhost:2026/v1/chat/completions "HTTP/1.1 200 OK"
2026-05-02 02:43:04,590 [INFO] [3624/3993] id=openseek-4-d1674ea4c GT=oJship9sV ✅ (1523ch, 5.9s)
2026-05-02 02:43:05,240 [INFO] HTTP Request: POST http://localhost:2026/v1/chat/completions "HTTP/1.1 200 OK"
2026-05-02 02:43:05,242 [INFO] [3625/3993] id=openseek-4-5d57ebdf2 GT=ofWhisg ✅ (1337ch, 5.0s)
2026-05-02 02:43:12,405 [INFO] HTTP Request: POST http://localhost:2026/v1/chat/completions "HTTP/1.1 200 OK"
2026-05-02 02:43:12,406 [INFO] [3626/3993] id=openseek-4-ed9ddac6c GT=SandfbutlcurrentsRlightJ ✅ (2140ch, 9.0s)
2026-05-02 02:43:17,778 [INFO] HTTP Request: POST http://localhost:2026/v1/chat/completions "HTTP/1.1 200 OK"
2026-05-02 02:43:17,780 [INFO] [3627/3993] id=openseek-4-8e3065204 GT=thisoForrjQorPDalla ✅ (3130ch, 13.2s)
2026-05-02 02:43:23,682 [INFO] HTTP Request: POST http://localhost:2026/v1/chat/completions "HTTP/1.1 200 OK"
2026-05-02 02:43:23,683 [WARNING]   [attempt 1 T=0.0] think validate 失败 (len=4115): 'Okay, let's see. I need to concatenate this list of strings into a single line w'
2026-05-02 02:43:27,532 [INFO] HTTP Request: POST http://localhost:2026/v1/chat/completions "HTTP/1.1 200 OK"
2026-05-02 02:43:27,533 [INFO] [3628/3993] id=openseek-4-ec9319dbb GT=FFhours?dFconcentratingUgstill ✅ (3486ch, 15.1s)
2026-05-02 02:43:31,894 [INFO] HTTP Request: POST http://localhost:2026/v1/chat/completions "HTTP/1.1 200 OK"
2026-05-02 02:43:31,896 [INFO] [3629/3993] id=openseek-4-f6f9833b8 GT=xthevBpracticable,xiIg ✅ (3242ch, 14.1s)
2026-05-02 02:43:36,132 [INFO] HTTP Request: POST http://localhost:2026/v1/chat/completions "HTTP/1.1 200 OK"
2026-05-02 02:43:36,134 [INFO] [3630/3993] id=openseek-4-469e216af GT=kFromJisFnoB ✅ (1983ch, 8.6s)
2026-05-02 02:43:39,511 [INFO] HTTP Request: POST http://localhost:2026/v1/chat/completions "HTTP/1.1 200 OK"
2026-05-02 02:43:39,512 [INFO] [3631/3993] id=openseek-4-e38db80c5 GT=hence,NTIheloftiestnphilosophe ✅ (3595ch, 34.3s)
2026-05-02 02:43:45,216 [INFO] HTTP Request: POST http://localhost:2026/v1/chat/completions "HTTP/1.1 200 OK"
2026-05-02 02:43:45,218 [INFO] [3632/3993] id=openseek-4-9b4858c22 GT=heDRStubbmLeviathanxpicturefco ✅ (3021ch, 13.3s)
2026-05-02 02:43:49,548 [INFO] HTTP Request: POST http://localhost:2026/v1/chat/completions "HTTP/1.1 200 OK"
2026-05-02 02:43:49,550 [INFO] [3633/3993] id=openseek-4-e91147ad2 GT=vEwants.WEmyselfPinYremotestXP ✅ (3036ch, 13.4s)
2026-05-02 02:43:54,526 [INFO] HTTP Request: POST http://localhost:2026/v1/chat/completions "HTTP/1.1 200 OK"
2026-05-02 02:43:54,528 [INFO] [3634/3993] id=openseek-4-d57808f78 GT=swouldbtZadheeDtptheg ✅ (3342ch, 15.0s)
2026-05-02 02:43:59,844 [INFO] HTTP Request: POST http://localhost:2026/v1/chat/completions "HTTP/1.1 200 OK"
2026-05-02 02:43:59,846 [INFO] [3635/3993] id=openseek-4-5e13b176c GT=wandNbwithMQandJy ✅ (2380ch, 10.3s)
2026-05-02 02:44:01,834 [INFO] HTTP Request: POST http://localhost:2026/v1/chat/completions "HTTP/1.1 200 OK"
2026-05-02 02:44:01,835 [INFO] [3636/3993] id=openseek-4-0b30e01f6 GT=oeofXwvwhatkPJove?darei ✅ (3436ch, 16.6s)
2026-05-02 02:44:03,255 [INFO] HTTP Request: POST http://localhost:2026/v1/chat/completions "HTTP/1.1 200 OK"
2026-05-02 02:44:03,256 [INFO] [3637/3993] id=openseek-4-12f879e5d GT=youAobservepking,tlTWfromJonly ✅ (2105ch, 8.7s)
2026-05-02 02:44:07,381 [INFO] HTTP Request: POST http://localhost:2026/v1/chat/completions "HTTP/1.1 200 OK"
2026-05-02 02:44:07,383 [INFO] [3638/3993] id=openseek-4-aef38a065 GT=underLfh ✅ (1757ch, 7.5s)
2026-05-02 02:44:10,748 [INFO] HTTP Request: POST http://localhost:2026/v1/chat/completions "HTTP/1.1 200 OK"
2026-05-02 02:44:10,750 [INFO] [3639/3993] id=openseek-4-724707a93 GT=LtempestBnus,dh ✅ (2310ch, 8.9s)
2026-05-02 02:44:13,115 [INFO] HTTP Request: POST http://localhost:2026/v1/chat/completions "HTTP/1.1 200 OK"
2026-05-02 02:44:13,117 [INFO] [3640/3993] id=openseek-4-cbef5493f GT=Wunusuallys ✅ (1510ch, 5.7s)
2026-05-02 02:44:16,143 [INFO] HTTP Request: POST http://localhost:2026/v1/chat/completions "HTTP/1.1 200 OK"
2026-05-02 02:44:16,144 [INFO] [3641/3993] id=openseek-4-a4531df84 GT=uDaggooQi ✅ (1313ch, 5.4s)
2026-05-02 02:44:17,889 [INFO] HTTP Request: POST http://localhost:2026/v1/chat/completions "HTTP/1.1 200 OK"
2026-05-02 02:44:17,890 [INFO] [3642/3993] id=openseek-4-4fbf69467 GT=UinvolveOafteryIFkofEqyF ✅ (3165ch, 14.6s)
2026-05-02 02:44:20,998 [INFO] HTTP Request: POST http://localhost:2026/v1/chat/completions "HTTP/1.1 200 OK"
2026-05-02 02:44:21,000 [INFO] [3643/3993] id=openseek-4-d5783f1bb GT=ownersEcratherJ ✅ (2054ch, 7.9s)
2026-05-02 02:44:27,232 [INFO] HTTP Request: POST http://localhost:2026/v1/chat/completions "HTTP/1.1 200 OK"
2026-05-02 02:44:27,233 [INFO] [3644/3993] id=openseek-4-2d3147b53 GT=vdUS ✅ (1438ch, 6.2s)
2026-05-02 02:44:27,829 [INFO] HTTP Request: POST http://localhost:2026/v1/chat/completions "HTTP/1.1 200 OK"
2026-05-02 02:44:27,830 [INFO] [3645/3993] id=openseek-4-0bd195ad0 GT=sea.saredthroughAZNfiveepresen ✅ (2871ch, 11.7s)
2026-05-02 02:44:29,818 [INFO] HTTP Request: POST http://localhost:2026/v1/chat/completions "HTTP/1.1 200 OK"
2026-05-02 02:44:29,819 [INFO] [3646/3993] id=openseek-4-ad5f61110 GT=isDeaslwasYintoVimildA ✅ (2942ch, 11.9s)
2026-05-02 02:44:35,261 [INFO] HTTP Request: POST http://localhost:2026/v1/chat/completions "HTTP/1.1 200 OK"
2026-05-02 02:44:35,262 [INFO] [3647/3993] id=openseek-4-6fb66e0f4 GT=Aship,RZ ✅ (1345ch, 5.4s)
2026-05-02 02:44:39,666 [INFO] HTTP Request: POST http://localhost:2026/v1/chat/completions "HTTP/1.1 200 OK"
2026-05-02 02:44:39,668 [INFO] [3648/3993] id=openseek-4-b73061303 GT=SdtheiStubb,K ✅ (2993ch, 11.8s)
2026-05-02 02:44:39,735 [INFO] HTTP Request: POST http://localhost:2026/v1/chat/completions "HTTP/1.1 200 OK"
2026-05-02 02:44:39,737 [INFO] [3649/3993] id=openseek-4-4cafc1a24 GT=MatterwYfoqthemselves,Igiveh ✅ (3092ch, 12.5s)
2026-05-02 02:44:41,898 [INFO] HTTP Request: POST http://localhost:2026/v1/chat/completions "HTTP/1.1 200 OK"
2026-05-02 02:44:41,899 [INFO] [3650/3993] id=openseek-4-60c9a6d64 GT=GitackleWill.t ✅ (1544ch, 6.6s)
2026-05-02 02:44:46,526 [INFO] HTTP Request: POST http://localhost:2026/v1/chat/completions "HTTP/1.1 200 OK"
2026-05-02 02:44:46,527 [INFO] [3651/3993] id=openseek-4-a8ab2a88a GT=Jonahmg ✅ (1240ch, 4.6s)
2026-05-02 02:44:52,152 [INFO] HTTP Request: POST http://localhost:2026/v1/chat/completions "HTTP/1.1 200 OK"
2026-05-02 02:44:52,154 [INFO] [3652/3993] id=openseek-4-c7327d3f5 GT=onZlbebourzpastGsouls.S ✅ (3060ch, 12.4s)
2026-05-02 02:44:55,946 [INFO] HTTP Request: POST http://localhost:2026/v1/chat/completions "HTTP/1.1 200 OK"
2026-05-02 02:44:55,948 [INFO] [3653/3993] id=openseek-4-8ba78d536 GT=vUloweredOtheWEcurbstoneJr ✅ (2307ch, 9.4s)
2026-05-02 02:44:59,550 [INFO] HTTP Request: POST http://localhost:2026/v1/chat/completions "HTTP/1.1 200 OK"
2026-05-02 02:44:59,550 [WARNING]   [attempt 1 T=0.0] think validate 失败 (len=4325): 'Okay, let's see. I need to concatenate this list of strings into a single line w'
2026-05-02 02:45:08,699 [INFO] HTTP Request: POST http://localhost:2026/v1/chat/completions "HTTP/1.1 200 OK"
2026-05-02 02:45:08,701 [INFO] [3654/3993] id=openseek-4-de821cfc0 GT=peculiaramRenormousZyKsWhenBol ✅ (3027ch, 12.8s)
2026-05-02 02:45:09,478 [INFO] HTTP Request: POST http://localhost:2026/v1/chat/completions "HTTP/1.1 200 OK"
2026-05-02 02:45:09,479 [INFO] [3655/3993] id=openseek-4-9fc7bb02e GT=onisaidnhisQPupella;iKfavourit ✅ (3899ch, 17.3s)
2026-05-02 02:45:16,272 [INFO] HTTP Request: POST http://localhost:2026/v1/chat/completions "HTTP/1.1 200 OK"
2026-05-02 02:45:16,273 [INFO] [3656/3993] id=openseek-4-b7be2ed1a GT=bebsmoothedawithi ✅ (1871ch, 7.6s)
2026-05-02 02:45:16,518 [INFO] HTTP Request: POST http://localhost:2026/v1/chat/completions "HTTP/1.1 200 OK"
2026-05-02 02:45:16,520 [INFO] [3657/3993] id=openseek-4-33c21d64e GT=ybutB ✅ (1794ch, 7.0s)
2026-05-02 02:45:17,070 [INFO] HTTP Request: POST http://localhost:2026/v1/chat/completions "HTTP/1.1 200 OK"
2026-05-02 02:45:17,072 [INFO] [3658/3993] id=openseek-4-90c82547a GT=flood.tforGtail.tZftolyetlhait ✅ (3841ch, 37.4s)
2026-05-02 02:45:27,115 [INFO] HTTP Request: POST http://localhost:2026/v1/chat/completions "HTTP/1.1 200 OK"
2026-05-02 02:45:27,116 [INFO] [3659/3993] id=openseek-4-eb448ce91 GT=theirabloseCnoZThisWEmanK ✅ (2587ch, 10.0s)
2026-05-02 02:45:27,665 [INFO] HTTP Request: POST http://localhost:2026/v1/chat/completions "HTTP/1.1 200 OK"
2026-05-02 02:45:27,666 [INFO] [3660/3993] id=openseek-4-a3cb076e3 GT=mTheedpfogXandiKhisbofV ✅ (2570ch, 11.4s)
2026-05-02 02:45:30,369 [INFO] HTTP Request: POST http://localhost:2026/v1/chat/completions "HTTP/1.1 200 OK"
2026-05-02 02:45:30,370 [INFO] [3661/3993] id=openseek-4-6112a2d95 GT=goodyrKlikeVtheyVbutmtruth,RR ✅ (3532ch, 13.9s)
2026-05-02 02:45:35,999 [INFO] HTTP Request: POST http://localhost:2026/v1/chat/completions "HTTP/1.1 200 OK"
2026-05-02 02:45:36,000 [INFO] [3662/3993] id=openseek-4-653cdca25 GT=is,BintermediateIhebhowp ✅ (2187ch, 8.3s)
2026-05-02 02:45:36,429 [INFO] HTTP Request: POST http://localhost:2026/v1/chat/completions "HTTP/1.1 200 OK"
2026-05-02 02:45:36,430 [INFO] [3663/3993] id=openseek-4-84bb0a316 GT=qIatc ✅ (1562ch, 6.1s)
2026-05-02 02:45:40,172 [INFO] HTTP Request: POST http://localhost:2026/v1/chat/completions "HTTP/1.1 200 OK"
2026-05-02 02:45:40,173 [INFO] [3664/3993] id=openseek-4-007a2c73e GT=qSN ✅ (968ch, 4.2s)
2026-05-02 02:45:40,190 [INFO] HTTP Request: POST http://localhost:2026/v1/chat/completions "HTTP/1.1 200 OK"
2026-05-02 02:45:40,191 [INFO] [3665/3993] id=openseek-4-43ebd6deb GT=NwithB ✅ (939ch, 3.8s)
2026-05-02 02:45:40,540 [INFO] HTTP Request: POST http://localhost:2026/v1/chat/completions "HTTP/1.1 200 OK"
2026-05-02 02:45:40,541 [INFO] [3666/3993] id=openseek-4-a0fdd718a GT=truthsEbookEthyytoSthelwereast ✅ (3110ch, 13.4s)
2026-05-02 02:45:48,033 [INFO] HTTP Request: POST http://localhost:2026/v1/chat/completions "HTTP/1.1 200 OK"
2026-05-02 02:45:48,034 [INFO] [3667/3993] id=openseek-4-ef1b43653 GT=butGP ✅ (2104ch, 7.8s)
2026-05-02 02:45:53,011 [INFO] HTTP Request: POST http://localhost:2026/v1/chat/completions "HTTP/1.1 200 OK"
2026-05-02 02:45:53,013 [INFO] [3668/3993] id=openseek-4-0a1b731fc GT=andWWhaleuiThevinvoluntaryw ✅ (3301ch, 12.5s)
2026-05-02 02:45:55,264 [INFO] HTTP Request: POST http://localhost:2026/v1/chat/completions "HTTP/1.1 200 OK"
2026-05-02 02:45:55,265 [INFO] [3669/3993] id=openseek-4-91c765cac GT=lofctHbytseeWIandEI9mB ✅ (3230ch, 15.1s)
2026-05-02 02:45:59,147 [INFO] HTTP Request: POST http://localhost:2026/v1/chat/completions "HTTP/1.1 200 OK"
2026-05-02 02:45:59,148 [INFO] [3670/3993] id=openseek-4-4314b0dbb GT=Jone;CR ✅ (1351ch, 6.1s)
2026-05-02 02:46:00,209 [INFO] HTTP Request: POST http://localhost:2026/v1/chat/completions "HTTP/1.1 200 OK"
2026-05-02 02:46:00,210 [INFO] [3671/3993] id=openseek-4-154e1254b GT=aVsmallLcircleUbutzpipeCjcaugh ✅ (3022ch, 12.2s)
2026-05-02 02:46:01,415 [INFO] HTTP Request: POST http://localhost:2026/v1/chat/completions "HTTP/1.1 200 OK"
2026-05-02 02:46:01,417 [INFO] [3672/3993] id=openseek-4-2587b3da4 GT=uponXZQ ✅ (1387ch, 6.2s)
2026-05-02 02:46:07,672 [INFO] HTTP Request: POST http://localhost:2026/v1/chat/completions "HTTP/1.1 200 OK"
2026-05-02 02:46:07,673 [INFO] [3673/3993] id=openseek-4-380673ea2 GT=coraljandCtheginyZ ✅ (2090ch, 8.5s)
2026-05-02 02:46:12,311 [INFO] HTTP Request: POST http://localhost:2026/v1/chat/completions "HTTP/1.1 200 OK"
2026-05-02 02:46:12,313 [INFO] [3674/3993] id=openseek-4-86e0378e2 GT=wightnZPnfindsTbytbon,CSo;D ✅ (2487ch, 10.9s)
2026-05-02 02:46:15,092 [INFO] HTTP Request: POST http://localhost:2026/v1/chat/completions "HTTP/1.1 200 OK"
2026-05-02 02:46:15,093 [INFO] [3675/3993] id=openseek-4-9959d8f5c GT=WHALE.pqblackQwaydmarriageSWUY ✅ (3631ch, 14.9s)
2026-05-02 02:46:23,099 [INFO] HTTP Request: POST http://localhost:2026/v1/chat/completions "HTTP/1.1 200 OK"
2026-05-02 02:46:23,100 [INFO] [3676/3993] id=openseek-4-181afed3e GT=tobaccoVuHforqfurtherIallnhher ✅ (2537ch, 10.8s)
2026-05-02 02:46:25,909 [INFO] HTTP Request: POST http://localhost:2026/v1/chat/completions "HTTP/1.1 200 OK"
2026-05-02 02:46:25,911 [INFO] [3677/3993] id=openseek-4-fddda3331 GT=thanpsaidILhadYnowwmany ✅ (2845ch, 10.8s)
2026-05-02 02:46:29,865 [INFO] HTTP Request: POST http://localhost:2026/v1/chat/completions "HTTP/1.1 200 OK"
2026-05-02 02:46:29,866 [WARNING]   [attempt 1 T=0.0] think validate 失败 (len=4959): 'Okay, let's see. I need to concatenate this list of strings into a single line w'
2026-05-02 02:46:38,232 [INFO] HTTP Request: POST http://localhost:2026/v1/chat/completions "HTTP/1.1 200 OK"
2026-05-02 02:46:38,234 [INFO] [3678/3993] id=openseek-4-9e9f22069 GT=spentPTkwildlyrheadlong,vsword ✅ (2930ch, 12.3s)
2026-05-02 02:46:38,783 [INFO] HTTP Request: POST http://localhost:2026/v1/chat/completions "HTTP/1.1 200 OK"
2026-05-02 02:46:38,785 [INFO] [3679/3993] id=openseek-4-b3ba1a779 GT=ahisOisTlnaturalBfirm,ue ✅ (3418ch, 15.7s)
2026-05-02 02:46:43,028 [INFO] HTTP Request: POST http://localhost:2026/v1/chat/completions "HTTP/1.1 200 OK"
2026-05-02 02:46:43,029 [INFO] [3680/3993] id=openseek-4-84de66d31 GT=takingdknow,KwasHrugGannVslate ✅ (3087ch, 35.4s)
2026-05-02 02:46:46,153 [INFO] HTTP Request: POST http://localhost:2026/v1/chat/completions "HTTP/1.1 200 OK"
2026-05-02 02:46:46,155 [INFO] [3681/3993] id=openseek-4-769275cb5 GT=offYhavingN ✅ (1829ch, 7.4s)
2026-05-02 02:46:49,181 [INFO] HTTP Request: POST http://localhost:2026/v1/chat/completions "HTTP/1.1 200 OK"
2026-05-02 02:46:49,182 [INFO] [3682/3993] id=openseek-4-6ca4bff83 GT=Hem!RogmZsail!L ✅ (2506ch, 10.9s)
2026-05-02 02:46:52,529 [INFO] HTTP Request: POST http://localhost:2026/v1/chat/completions "HTTP/1.1 200 OK"
2026-05-02 02:46:52,530 [INFO] [3683/3993] id=openseek-4-3ab3dd422 GT=thatuNrgreatatheSseeHFNe ✅ (2451ch, 9.5s)
2026-05-02 02:46:55,080 [INFO] HTTP Request: POST http://localhost:2026/v1/chat/completions "HTTP/1.1 200 OK"
2026-05-02 02:46:55,081 [INFO] [3684/3993] id=openseek-4-13b58752e GT=mhtheme.r ✅ (1465ch, 5.9s)
2026-05-02 02:47:01,672 [INFO] HTTP Request: POST http://localhost:2026/v1/chat/completions "HTTP/1.1 200 OK"
2026-05-02 02:47:01,673 [INFO] [3685/3993] id=openseek-4-9042e0b38 GT=outQDman;LLI!ktogYheMDr ✅ (3506ch, 15.5s)
2026-05-02 02:47:02,060 [INFO] HTTP Request: POST http://localhost:2026/v1/chat/completions "HTTP/1.1 200 OK"
2026-05-02 02:47:02,061 [INFO] [3686/3993] id=openseek-4-e3a99e1a5 GT=thybstopquntoooL ✅ (1692ch, 7.0s)
2026-05-02 02:47:02,988 [INFO] HTTP Request: POST http://localhost:2026/v1/chat/completions "HTTP/1.1 200 OK"
2026-05-02 02:47:02,989 [INFO] [3687/3993] id=openseek-4-afed1652b GT=POatdlay_AAseeD ✅ (2724ch, 10.5s)
2026-05-02 02:47:07,873 [INFO] HTTP Request: POST http://localhost:2026/v1/chat/completions "HTTP/1.1 200 OK"
2026-05-02 02:47:07,874 [INFO] [3688/3993] id=openseek-4-1c5396ed4 GT=nline?Y ✅ (1268ch, 4.9s)
2026-05-02 02:47:09,354 [INFO] HTTP Request: POST http://localhost:2026/v1/chat/completions "HTTP/1.1 200 OK"
2026-05-02 02:47:09,356 [INFO] [3689/3993] id=openseek-4-71213e81e GT=TWJCxn ✅ (1504ch, 7.3s)
2026-05-02 02:47:12,697 [INFO] HTTP Request: POST http://localhost:2026/v1/chat/completions "HTTP/1.1 200 OK"
2026-05-02 02:47:12,698 [INFO] [3690/3993] id=openseek-4-489920acf GT=etEnglishGshorthe ✅ (2699ch, 11.0s)
2026-05-02 02:47:24,835 [INFO] HTTP Request: POST http://localhost:2026/v1/chat/completions "HTTP/1.1 200 OK"
2026-05-02 02:47:24,837 [INFO] [3691/3993] id=openseek-4-f5c21135c GT=littledwhale,vkheZtheDnh ✅ (3470ch, 15.5s)
2026-05-02 02:47:26,935 [INFO] HTTP Request: POST http://localhost:2026/v1/chat/completions "HTTP/1.1 200 OK"
2026-05-02 02:47:26,935 [WARNING]   [attempt 1 T=0.0] think validate 失败 (len=4105): 'Okay, let's see. I need to concatenate this list of strings into a single line w'
2026-05-02 02:47:28,435 [INFO] HTTP Request: POST http://localhost:2026/v1/chat/completions "HTTP/1.1 200 OK"
2026-05-02 02:47:28,437 [INFO] [3692/3993] id=openseek-4-f501af056 GT=ensuingKKUponrQSnotDl ✅ (3748ch, 15.7s)
2026-05-02 02:47:39,034 [INFO] HTTP Request: POST http://localhost:2026/v1/chat/completions "HTTP/1.1 200 OK"
2026-05-02 02:47:39,036 [INFO] [3693/3993] id=openseek-4-d390b147a GT=ofshisRtheMah!4Ilkfys ✅ (2895ch, 14.2s)
2026-05-02 02:47:43,987 [INFO] HTTP Request: POST http://localhost:2026/v1/chat/completions "HTTP/1.1 200 OK"
2026-05-02 02:47:43,988 [WARNING]   [attempt 2 T=0.3] think validate 失败 (len=4017): 'Okay, let's see. I need to concatenate this list of strings into a single line w'
2026-05-02 02:47:47,076 [INFO] HTTP Request: POST http://localhost:2026/v1/chat/completions "HTTP/1.1 200 OK"
2026-05-02 02:47:47,077 [WARNING]   [attempt 1 T=0.0] think validate 失败 (len=4217): 'Okay, let's see. I need to concatenate this list of strings into a single line w'
2026-05-02 02:47:50,476 [INFO] HTTP Request: POST http://localhost:2026/v1/chat/completions "HTTP/1.1 200 OK"
2026-05-02 02:47:50,478 [INFO] [3694/3993] id=openseek-4-70ac7e35c GT=forthDofZJtheFwhalingTwouldSva ✅ (2730ch, 11.4s)
2026-05-02 02:48:00,777 [INFO] HTTP Request: POST http://localhost:2026/v1/chat/completions "HTTP/1.1 200 OK"
2026-05-02 02:48:00,779 [INFO] [3695/3993] id=openseek-4-d060fc850 GT=fellhCabominatedGsconPeInJnkO ✅ (3014ch, 32.3s)
2026-05-02 02:48:06,931 [INFO] HTTP Request: POST http://localhost:2026/v1/chat/completions "HTTP/1.1 200 OK"
2026-05-02 02:48:06,931 [WARNING]   [attempt 3 T=0.6] think validate 失败 (len=5369): 'Okay, let's tackle this problem. So, I need to concatenate a list of strings int'
2026-05-02 02:48:06,932 [WARNING] [3696/3993] id=openseek-4-6c962bc9e GT=againstLatNitLwhenzpapers?THol ❌ (59.1s)
2026-05-02 02:48:08,019 [INFO] HTTP Request: POST http://localhost:2026/v1/chat/completions "HTTP/1.1 200 OK"
2026-05-02 02:48:08,020 [WARNING]   [attempt 1 T=0.0] think validate 失败 (len=4208): 'Okay, let's see. I need to concatenate this list of strings into a single line w'
2026-05-02 02:48:12,401 [INFO] HTTP Request: POST http://localhost:2026/v1/chat/completions "HTTP/1.1 200 OK"
2026-05-02 02:48:12,403 [INFO] [3697/3993] id=openseek-4-718c0ffcc GT=kZnYXlKQveryHG ✅ (2291ch, 11.6s)
2026-05-02 02:48:19,782 [INFO] HTTP Request: POST http://localhost:2026/v1/chat/completions "HTTP/1.1 200 OK"
2026-05-02 02:48:19,784 [INFO] [3698/3993] id=openseek-4-b22709bda GT=timeRthousandJfthrough,HCthers ✅ (2821ch, 29.3s)
2026-05-02 02:48:22,914 [INFO] HTTP Request: POST http://localhost:2026/v1/chat/completions "HTTP/1.1 200 OK"
2026-05-02 02:48:22,916 [INFO] [3699/3993] id=openseek-4-771adf94d GT=Dr.MuanyKLthusCmoreDNMtheh ✅ (3405ch, 16.0s)
2026-05-02 02:48:25,740 [INFO] HTTP Request: POST http://localhost:2026/v1/chat/completions "HTTP/1.1 200 OK"
2026-05-02 02:48:25,742 [INFO] [3700/3993] id=openseek-4-06a3bc17d GT=othebYprofoundestAgany.dRUcRA ✅ (2945ch, 13.3s)
2026-05-02 02:48:25,973 [INFO]   💾 已保存 (成功=3679 失败=21) | 3.8s/条均值 | ETA=18min
2026-05-02 02:48:28,413 [INFO] HTTP Request: POST http://localhost:2026/v1/chat/completions "HTTP/1.1 200 OK"
2026-05-02 02:48:28,415 [INFO] [3701/3993] id=openseek-4-2cf8bfc3a GT=cHeadingtpXESAyLofl ✅ (2119ch, 8.6s)
2026-05-02 02:48:37,684 [INFO] HTTP Request: POST http://localhost:2026/v1/chat/completions "HTTP/1.1 200 OK"
2026-05-02 02:48:37,686 [INFO] [3702/3993] id=openseek-4-f56625950 GT=YMobypJVFriarDfoundOandlaboneB ✅ (3518ch, 14.8s)
2026-05-02 02:48:39,945 [INFO] HTTP Request: POST http://localhost:2026/v1/chat/completions "HTTP/1.1 200 OK"
2026-05-02 02:48:39,947 [INFO] [3703/3993] id=openseek-4-d1293de58 GT=Pking,kQthatRsaid:48ICY ✅ (3510ch, 14.2s)
2026-05-02 02:48:44,989 [INFO] HTTP Request: POST http://localhost:2026/v1/chat/completions "HTTP/1.1 200 OK"
2026-05-02 02:48:44,991 [INFO] [3704/3993] id=openseek-4-146f47053 GT=theROCtheMtoMtNxN ✅ (3802ch, 16.6s)
2026-05-02 02:48:47,265 [INFO] HTTP Request: POST http://localhost:2026/v1/chat/completions "HTTP/1.1 200 OK"
2026-05-02 02:48:47,266 [INFO] [3705/3993] id=openseek-4-44eb77009 GT=WXGcobbler9sWl ✅ (2327ch, 9.6s)
2026-05-02 02:48:50,779 [INFO] HTTP Request: POST http://localhost:2026/v1/chat/completions "HTTP/1.1 200 OK"
2026-05-02 02:48:50,781 [INFO] [3706/3993] id=openseek-4-3d43ee472 GT=SHYveryR ✅ (1553ch, 5.8s)
2026-05-02 02:48:51,993 [INFO] HTTP Request: POST http://localhost:2026/v1/chat/completions "HTTP/1.1 200 OK"
2026-05-02 02:48:51,995 [INFO] [3707/3993] id=openseek-4-0db507c39 GT=wwindpipeo ✅ (1266ch, 4.7s)
2026-05-02 02:48:52,863 [INFO] HTTP Request: POST http://localhost:2026/v1/chat/completions "HTTP/1.1 200 OK"
2026-05-02 02:48:52,865 [INFO] [3708/3993] id=openseek-4-f306cda61 GT=whileknone?mhcablesyVopinion,h ✅ (3068ch, 12.9s)
2026-05-02 02:48:57,569 [INFO] HTTP Request: POST http://localhost:2026/v1/chat/completions "HTTP/1.1 200 OK"
2026-05-02 02:48:57,571 [INFO] [3709/3993] id=openseek-4-c44c27965 GT=beingDtheolCwasns ✅ (1570ch, 6.8s)
2026-05-02 02:48:57,854 [INFO] HTTP Request: POST http://localhost:2026/v1/chat/completions "HTTP/1.1 200 OK"
2026-05-02 02:48:57,855 [INFO] [3710/3993] id=openseek-4-4eb5eceb0 GT=Nthelm ✅ (1244ch, 5.0s)
2026-05-02 02:49:00,585 [INFO] HTTP Request: POST http://localhost:2026/v1/chat/completions "HTTP/1.1 200 OK"
2026-05-02 02:49:00,587 [INFO] [3711/3993] id=openseek-4-20098328c GT=oaogoin9Binstanth ✅ (2092ch, 8.6s)
2026-05-02 02:49:07,475 [INFO] HTTP Request: POST http://localhost:2026/v1/chat/completions "HTTP/1.1 200 OK"
2026-05-02 02:49:07,476 [INFO] [3712/3993] id=openseek-4-adbb66b85 GT=KCptheBc8IsNRm ✅ (2109ch, 9.6s)
2026-05-02 02:49:10,164 [INFO] HTTP Request: POST http://localhost:2026/v1/chat/completions "HTTP/1.1 200 OK"
2026-05-02 02:49:10,166 [INFO] [3713/3993] id=openseek-4-db088dfd5 GT=fountain,WIatonher,shumanVoZ ✅ (2294ch, 9.6s)
2026-05-02 02:49:13,928 [INFO] HTTP Request: POST http://localhost:2026/v1/chat/completions "HTTP/1.1 200 OK"
2026-05-02 02:49:13,930 [INFO] [3714/3993] id=openseek-4-4ed2581af GT=aNHtzumoreBLinn6usmaNNF ✅ (3375ch, 16.4s)
2026-05-02 02:49:16,609 [INFO] HTTP Request: POST http://localhost:2026/v1/chat/completions "HTTP/1.1 200 OK"
2026-05-02 02:49:16,610 [INFO] [3715/3993] id=openseek-4-c7bc23b83 GT=fsYFbyaNast ✅ (2186ch, 9.1s)
2026-05-02 02:49:18,926 [INFO] HTTP Request: POST http://localhost:2026/v1/chat/completions "HTTP/1.1 200 OK"
2026-05-02 02:49:18,927 [INFO] [3716/3993] id=openseek-4-1f3fd9380 GT=verynthefQ ✅ (1320ch, 5.0s)
2026-05-02 02:49:19,837 [INFO] HTTP Request: POST http://localhost:2026/v1/chat/completions "HTTP/1.1 200 OK"
2026-05-02 02:49:19,838 [INFO] [3717/3993] id=openseek-4-a5a08b097 GT=tz ✅ (878ch, 3.2s)
2026-05-02 02:49:23,512 [INFO] HTTP Request: POST http://localhost:2026/v1/chat/completions "HTTP/1.1 200 OK"
2026-05-02 02:49:23,513 [INFO] [3718/3993] id=openseek-4-ca3840db2 GT=andmmdeck!dbplacekoDtheR ✅ (3335ch, 13.3s)
2026-05-02 02:49:24,748 [INFO] HTTP Request: POST http://localhost:2026/v1/chat/completions "HTTP/1.1 200 OK"
2026-05-02 02:49:24,749 [INFO] [3719/3993] id=openseek-4-78c76d514 GT=aGcameVC ✅ (1233ch, 5.8s)
2026-05-02 02:49:28,572 [INFO] HTTP Request: POST http://localhost:2026/v1/chat/completions "HTTP/1.1 200 OK"
2026-05-02 02:49:28,573 [INFO] [3720/3993] id=openseek-4-c3b31f436 GT=cantCintow ✅ (1365ch, 5.1s)
2026-05-02 02:49:29,911 [INFO] HTTP Request: POST http://localhost:2026/v1/chat/completions "HTTP/1.1 200 OK"
2026-05-02 02:49:29,912 [INFO] [3721/3993] id=openseek-4-b0bd19fb7 GT=fsmall,x ✅ (1356ch, 5.2s)
2026-05-02 02:49:30,582 [INFO] HTTP Request: POST http://localhost:2026/v1/chat/completions "HTTP/1.1 200 OK"
2026-05-02 02:49:30,584 [INFO] [3722/3993] id=openseek-4-10f59955c GT=xLOST ✅ (2550ch, 10.7s)
2026-05-02 02:49:34,804 [INFO] HTTP Request: POST http://localhost:2026/v1/chat/completions "HTTP/1.1 200 OK"
2026-05-02 02:49:34,805 [INFO] [3723/3993] id=openseek-4-393b47a06 GT=mwrong.tsailV ✅ (1678ch, 6.2s)
2026-05-02 02:49:38,266 [INFO] HTTP Request: POST http://localhost:2026/v1/chat/completions "HTTP/1.1 200 OK"
2026-05-02 02:49:38,267 [INFO] [3724/3993] id=openseek-4-49419c2fe GT=itheUhisnheYYy ✅ (1991ch, 8.4s)
2026-05-02 02:49:39,754 [INFO] HTTP Request: POST http://localhost:2026/v1/chat/completions "HTTP/1.1 200 OK"
2026-05-02 02:49:39,755 [INFO] [3725/3993] id=openseek-4-7d3264158 GT=line-of-battle-shipMheadingihe ✅ (1644ch, 9.2s)
2026-05-02 02:49:49,113 [INFO] HTTP Request: POST http://localhost:2026/v1/chat/completions "HTTP/1.1 200 OK"
2026-05-02 02:49:49,115 [INFO] [3726/3993] id=openseek-4-101acdc08 GT=billows;SAMtoJpcYes,U ✅ (2761ch, 10.8s)
2026-05-02 02:49:52,372 [INFO] HTTP Request: POST http://localhost:2026/v1/chat/completions "HTTP/1.1 200 OK"
2026-05-02 02:49:52,374 [INFO] [3727/3993] id=openseek-4-42d45e890 GT=somethingTandXwouldayourvprece ✅ (3247ch, 12.6s)
2026-05-02 02:49:56,311 [INFO] HTTP Request: POST http://localhost:2026/v1/chat/completions "HTTP/1.1 200 OK"
2026-05-02 02:49:56,312 [WARNING]   [attempt 1 T=0.0] think validate 失败 (len=4703): 'Okay, let's see. I need to concatenate this list of strings into a single line w'
2026-05-02 02:50:11,230 [INFO] HTTP Request: POST http://localhost:2026/v1/chat/completions "HTTP/1.1 200 OK"
2026-05-02 02:50:11,231 [WARNING]   [attempt 1 T=0.0] think validate 失败 (len=4792): 'Okay, let's see. I need to concatenate this list of strings into a single line w'
2026-05-02 02:50:12,099 [INFO] HTTP Request: POST http://localhost:2026/v1/chat/completions "HTTP/1.1 200 OK"
2026-05-02 02:50:12,099 [WARNING]   [attempt 1 T=0.0] think validate 失败 (len=4372): 'Okay, let's see. I need to concatenate this list of strings into a single line w'
2026-05-02 02:50:12,755 [INFO] HTTP Request: POST http://localhost:2026/v1/chat/completions "HTTP/1.1 200 OK"
2026-05-02 02:50:12,756 [INFO] [3728/3993] id=openseek-4-372c55eac GT=curiouslthesjU$7,000,000.Jdevi ✅ (3659ch, 38.0s)
2026-05-02 02:50:19,466 [INFO] HTTP Request: POST http://localhost:2026/v1/chat/completions "HTTP/1.1 200 OK"
2026-05-02 02:50:19,467 [INFO] [3729/3993] id=openseek-4-e82438e97 GT=FdownmGtandK ✅ (1625ch, 6.7s)
2026-05-02 02:50:27,541 [INFO] HTTP Request: POST http://localhost:2026/v1/chat/completions "HTTP/1.1 200 OK"
2026-05-02 02:50:27,543 [INFO] [3730/3993] id=openseek-4-6db682a75 GT=iGKhesteemedRZ ✅ (1945ch, 8.1s)
2026-05-02 02:50:32,597 [INFO] HTTP Request: POST http://localhost:2026/v1/chat/completions "HTTP/1.1 200 OK"
2026-05-02 02:50:32,598 [WARNING]   [attempt 2 T=0.3] think validate 失败 (len=4670): 'Okay, let's see. I need to concatenate this list of strings into a single line w'
2026-05-02 02:50:33,618 [INFO] HTTP Request: POST http://localhost:2026/v1/chat/completions "HTTP/1.1 200 OK"
2026-05-02 02:50:33,619 [WARNING]   [attempt 2 T=0.3] think validate 失败 (len=5149): 'Okay, let's tackle this problem. So, I need to concatenate a list of strings int'
2026-05-02 02:50:41,649 [INFO] HTTP Request: POST http://localhost:2026/v1/chat/completions "HTTP/1.1 200 OK"
2026-05-02 02:50:41,651 [INFO] [3731/3993] id=openseek-4-2ab3ee542 GT=beeVThatgBearUzczULuneasy,f ✅ (3067ch, 14.1s)
2026-05-02 02:50:44,097 [INFO] HTTP Request: POST http://localhost:2026/v1/chat/completions "HTTP/1.1 200 OK"
2026-05-02 02:50:44,099 [INFO] [3732/3993] id=openseek-4-f5fed416a GT=reluctantlyKcontrastFBFKHonJPa ✅ (2700ch, 51.7s)
2026-05-02 02:50:47,808 [INFO] HTTP Request: POST http://localhost:2026/v1/chat/completions "HTTP/1.1 200 OK"
2026-05-02 02:50:47,809 [INFO] [3733/3993] id=openseek-4-a1ac31c3b GT=GofQotoB ✅ (1414ch, 6.2s)
2026-05-02 02:50:48,706 [INFO] HTTP Request: POST http://localhost:2026/v1/chat/completions "HTTP/1.1 200 OK"
2026-05-02 02:50:48,708 [INFO] [3734/3993] id=openseek-4-326c84fc4 GT=Morrel;roldstoKOaboveXLookksai ✅ (3356ch, 59.6s)
2026-05-02 02:50:52,424 [INFO] HTTP Request: POST http://localhost:2026/v1/chat/completions "HTTP/1.1 200 OK"
2026-05-02 02:50:52,426 [INFO] [3735/3993] id=openseek-4-0e5863948 GT=momentIcmanotherF ✅ (1310ch, 4.6s)
2026-05-02 02:50:55,349 [INFO] HTTP Request: POST http://localhost:2026/v1/chat/completions "HTTP/1.1 200 OK"
2026-05-02 02:50:55,350 [INFO] [3736/3993] id=openseek-4-bbcd70c8b GT=pearthWoqsinkRoheqU ✅ (2604ch, 11.3s)
2026-05-02 02:51:03,215 [INFO] HTTP Request: POST http://localhost:2026/v1/chat/completions "HTTP/1.1 200 OK"
2026-05-02 02:51:03,216 [INFO] [3737/3993] id=openseek-4-3ed39cab7 GT=PtoCaslZandqnmyNL ✅ (3262ch, 14.5s)
2026-05-02 02:51:08,652 [INFO] HTTP Request: POST http://localhost:2026/v1/chat/completions "HTTP/1.1 200 OK"
2026-05-02 02:51:08,653 [INFO] [3738/3993] id=openseek-4-91d8e79b9 GT=bYwereMBesides,dcertainLGitnLt ✅ (3793ch, 16.2s)
2026-05-02 02:51:09,534 [INFO] HTTP Request: POST http://localhost:2026/v1/chat/completions "HTTP/1.1 200 OK"
2026-05-02 02:51:09,535 [INFO] [3739/3993] id=openseek-4-ee7ac3696 GT=forBcraftCtaperingqFVAatsok ✅ (3637ch, 14.2s)
2026-05-02 02:51:10,506 [INFO] HTTP Request: POST http://localhost:2026/v1/chat/completions "HTTP/1.1 200 OK"
2026-05-02 02:51:10,507 [INFO] [3740/3993] id=openseek-4-c99d7607d GT=aOoHL ✅ (1831ch, 7.3s)
2026-05-02 02:51:16,967 [INFO] HTTP Request: POST http://localhost:2026/v1/chat/completions "HTTP/1.1 200 OK"
2026-05-02 02:51:16,969 [INFO] [3741/3993] id=openseek-4-da894a6aa GT=ladyoWuBernard9sS ✅ (1995ch, 8.3s)
2026-05-02 02:51:17,638 [INFO] HTTP Request: POST http://localhost:2026/v1/chat/completions "HTTP/1.1 200 OK"
2026-05-02 02:51:17,639 [INFO] [3742/3993] id=openseek-4-6ecdd66bb GT=dYBleanduhuzza!yQ ✅ (1782ch, 8.1s)
2026-05-02 02:51:22,798 [INFO] HTTP Request: POST http://localhost:2026/v1/chat/completions "HTTP/1.1 200 OK"
2026-05-02 02:51:22,799 [INFO] [3743/3993] id=openseek-4-f64ddae44 GT=qHOaZnovBp ✅ (3132ch, 12.3s)
2026-05-02 02:51:26,669 [INFO] HTTP Request: POST http://localhost:2026/v1/chat/completions "HTTP/1.1 200 OK"
2026-05-02 02:51:26,670 [INFO] [3744/3993] id=openseek-4-fa9f7e90d GT=KlastE ✅ (1014ch, 3.9s)
2026-05-02 02:51:28,521 [INFO] HTTP Request: POST http://localhost:2026/v1/chat/completions "HTTP/1.1 200 OK"
2026-05-02 02:51:28,522 [INFO] [3745/3993] id=openseek-4-305c73c53 GT=hadVheKFwordSbows;gQmiyourA ✅ (2486ch, 11.6s)
2026-05-02 02:51:28,832 [INFO] HTTP Request: POST http://localhost:2026/v1/chat/completions "HTTP/1.1 200 OK"
2026-05-02 02:51:28,833 [INFO] [3746/3993] id=openseek-4-545287757 GT=FTLpHmyDcThankTlastjholdi ✅ (2684ch, 11.2s)
2026-05-02 02:51:34,050 [INFO] HTTP Request: POST http://localhost:2026/v1/chat/completions "HTTP/1.1 200 OK"
2026-05-02 02:51:34,051 [INFO] [3747/3993] id=openseek-4-353673b50 GT=jofO ✅ (1356ch, 5.2s)
2026-05-02 02:51:36,020 [INFO] HTTP Request: POST http://localhost:2026/v1/chat/completions "HTTP/1.1 200 OK"
2026-05-02 02:51:36,021 [INFO] [3748/3993] id=openseek-4-4e67b050e GT=fitGWafer,V ✅ (2046ch, 7.5s)
2026-05-02 02:51:38,859 [INFO] HTTP Request: POST http://localhost:2026/v1/chat/completions "HTTP/1.1 200 OK"
2026-05-02 02:51:38,860 [INFO] [3749/3993] id=openseek-4-07dcdb2b0 GT=jtheH ✅ (1053ch, 4.8s)
2026-05-02 02:51:39,885 [INFO] HTTP Request: POST http://localhost:2026/v1/chat/completions "HTTP/1.1 200 OK"
2026-05-02 02:51:39,886 [INFO] [3750/3993] id=openseek-4-d82243c0c GT=useemsCmAhabathem.CstrangeHisM ✅ (3100ch, 13.2s)
2026-05-02 02:51:41,231 [INFO] HTTP Request: POST http://localhost:2026/v1/chat/completions "HTTP/1.1 200 OK"
2026-05-02 02:51:41,232 [INFO] [3751/3993] id=openseek-4-ba1eff82c GT=BrthatT ✅ (1349ch, 5.2s)
2026-05-02 02:51:49,887 [INFO] HTTP Request: POST http://localhost:2026/v1/chat/completions "HTTP/1.1 200 OK"
2026-05-02 02:51:49,888 [INFO] [3752/3993] id=openseek-4-35da4ee3f GT=jpipe,cdistantBdownshadzeither ✅ (2607ch, 11.0s)
2026-05-02 02:51:51,497 [INFO] HTTP Request: POST http://localhost:2026/v1/chat/completions "HTTP/1.1 200 OK"
2026-05-02 02:51:51,498 [INFO] [3753/3993] id=openseek-4-4e6cef747 GT=GbetUVkpleasant,Z ✅ (3006ch, 11.6s)
2026-05-02 02:51:53,289 [INFO] HTTP Request: POST http://localhost:2026/v1/chat/completions "HTTP/1.1 200 OK"
2026-05-02 02:51:53,291 [INFO] [3754/3993] id=openseek-4-7c8e4e368 GT=TjnIbroadSbykintozanother,Y ✅ (2861ch, 12.1s)
2026-05-02 02:52:00,881 [INFO] HTTP Request: POST http://localhost:2026/v1/chat/completions "HTTP/1.1 200 OK"
2026-05-02 02:52:00,883 [INFO] [3755/3993] id=openseek-4-d971ab477 GT=betterYgolden-huedporyqwm ✅ (3043ch, 11.0s)
2026-05-02 02:52:01,167 [INFO] HTTP Request: POST http://localhost:2026/v1/chat/completions "HTTP/1.1 200 OK"
2026-05-02 02:52:01,168 [INFO] [3756/3993] id=openseek-4-6a3f36e6f GT=ofjoWhales.HadmonitoryE ✅ (2443ch, 9.7s)
2026-05-02 02:52:02,474 [INFO] HTTP Request: POST http://localhost:2026/v1/chat/completions "HTTP/1.1 200 OK"
2026-05-02 02:52:02,475 [INFO] [3757/3993] id=openseek-4-de7fcb68d GT=give,vorHnZtiOk ✅ (2304ch, 9.2s)
2026-05-02 02:52:09,564 [INFO] HTTP Request: POST http://localhost:2026/v1/chat/completions "HTTP/1.1 200 OK"
2026-05-02 02:52:09,565 [INFO] [3758/3993] id=openseek-4-60bc7e5ea GT=endureZtOVgropingY ✅ (2017ch, 8.4s)
2026-05-02 02:52:09,849 [INFO] HTTP Request: POST http://localhost:2026/v1/chat/completions "HTTP/1.1 200 OK"
2026-05-02 02:52:09,850 [INFO] [3759/3993] id=openseek-4-9adf847d4 GT=there,YuseemedU ✅ (1981ch, 7.4s)
2026-05-02 02:52:13,205 [INFO] HTTP Request: POST http://localhost:2026/v1/chat/completions "HTTP/1.1 200 OK"
2026-05-02 02:52:13,206 [INFO] [3760/3993] id=openseek-4-3e5522b94 GT=somewhereYglVtPIHItKx ✅ (3196ch, 12.3s)
2026-05-02 02:52:21,070 [INFO] HTTP Request: POST http://localhost:2026/v1/chat/completions "HTTP/1.1 200 OK"
2026-05-02 02:52:21,071 [INFO] [3761/3993] id=openseek-4-b918d4e51 GT=aUhisqhadHKseenqofq ✅ (2599ch, 11.2s)
2026-05-02 02:52:22,000 [INFO] HTTP Request: POST http://localhost:2026/v1/chat/completions "HTTP/1.1 200 OK"
2026-05-02 02:52:22,001 [INFO] [3762/3993] id=openseek-4-0a62135e4 GT=Tconcern;asounds.VpitchedwyetJ ✅ (3035ch, 12.4s)
2026-05-02 02:52:23,329 [INFO] HTTP Request: POST http://localhost:2026/v1/chat/completions "HTTP/1.1 200 OK"
2026-05-02 02:52:23,330 [INFO] [3763/3993] id=openseek-4-3ba7e5125 GT=bpains.sleviathanthourGj ✅ (2646ch, 10.1s)
2026-05-02 02:52:27,158 [INFO] HTTP Request: POST http://localhost:2026/v1/chat/completions "HTTP/1.1 200 OK"
2026-05-02 02:52:27,159 [INFO] [3764/3993] id=openseek-4-07d80065c GT=EM ✅ (1048ch, 3.8s)
2026-05-02 02:52:27,606 [INFO] HTTP Request: POST http://localhost:2026/v1/chat/completions "HTTP/1.1 200 OK"
2026-05-02 02:52:27,607 [INFO] [3765/3993] id=openseek-4-4ad04d868 GT=needveyesA ✅ (1758ch, 6.5s)
2026-05-02 02:52:32,037 [INFO] HTTP Request: POST http://localhost:2026/v1/chat/completions "HTTP/1.1 200 OK"
2026-05-02 02:52:32,038 [INFO] [3766/3993] id=openseek-4-0641dfe1c GT=asLU ✅ (920ch, 4.9s)
2026-05-02 02:52:35,640 [INFO] HTTP Request: POST http://localhost:2026/v1/chat/completions "HTTP/1.1 200 OK"
2026-05-02 02:52:35,641 [INFO] [3767/3993] id=openseek-4-6c93a3e1e GT=you,vplaintiffs9vtheXasBhaveeb ✅ (3433ch, 13.6s)
2026-05-02 02:52:35,998 [INFO] HTTP Request: POST http://localhost:2026/v1/chat/completions "HTTP/1.1 200 OK"
2026-05-02 02:52:36,000 [INFO] [3768/3993] id=openseek-4-403ea1435 GT=sightqsecondwwaneAPKpeculiarit ✅ (2136ch, 8.4s)
2026-05-02 02:52:39,235 [INFO] HTTP Request: POST http://localhost:2026/v1/chat/completions "HTTP/1.1 200 OK"
2026-05-02 02:52:39,236 [INFO] [3769/3993] id=openseek-4-9bf3b3bf7 GT=PsubdividedoEreverybathatvyetG ✅ (1702ch, 7.2s)
2026-05-02 02:52:45,949 [INFO] HTTP Request: POST http://localhost:2026/v1/chat/completions "HTTP/1.1 200 OK"
2026-05-02 02:52:45,950 [INFO] [3770/3993] id=openseek-4-9529246c6 GT=thankxsurplusbNtheirng ✅ (2642ch, 10.0s)
2026-05-02 02:52:48,224 [INFO] HTTP Request: POST http://localhost:2026/v1/chat/completions "HTTP/1.1 200 OK"
2026-05-02 02:52:48,225 [INFO] [3771/3993] id=openseek-4-6dc7dc531 GT=IbbodyPthehucTthem,O ✅ (3045ch, 12.6s)
2026-05-02 02:52:48,759 [INFO] HTTP Request: POST http://localhost:2026/v1/chat/completions "HTTP/1.1 200 OK"
2026-05-02 02:52:48,760 [INFO] [3772/3993] id=openseek-4-87775b636 GT=investedqSuLbones,albutkbconsi ✅ (2469ch, 9.5s)
2026-05-02 02:52:53,089 [INFO] HTTP Request: POST http://localhost:2026/v1/chat/completions "HTTP/1.1 200 OK"
2026-05-02 02:52:53,090 [INFO] [3773/3993] id=openseek-4-2e7d01de7 GT=Mwast ✅ (1264ch, 4.9s)
2026-05-02 02:52:57,065 [INFO] HTTP Request: POST http://localhost:2026/v1/chat/completions "HTTP/1.1 200 OK"
2026-05-02 02:52:57,067 [INFO] [3774/3993] id=openseek-4-b912869a2 GT=sqzjofvleaningu ✅ (2643ch, 11.1s)
2026-05-02 02:53:02,477 [INFO] HTTP Request: POST http://localhost:2026/v1/chat/completions "HTTP/1.1 200 OK"
2026-05-02 02:53:02,478 [INFO] [3775/3993] id=openseek-4-8aa4127fd GT=xnotnkeepQdog,smoreXjtheDVhisv ✅ (3331ch, 13.7s)
2026-05-02 02:53:04,722 [INFO] HTTP Request: POST http://localhost:2026/v1/chat/completions "HTTP/1.1 200 OK"
2026-05-02 02:53:04,723 [INFO] [3776/3993] id=openseek-4-8b9f6f3b3 GT=outspreadinglyktoLstrikesxEU ✅ (3041ch, 11.6s)
2026-05-02 02:53:05,837 [INFO] HTTP Request: POST http://localhost:2026/v1/chat/completions "HTTP/1.1 200 OK"
2026-05-02 02:53:05,838 [INFO] [3777/3993] id=openseek-4-9a79dd063 GT=deadly,qfrombaboutV ✅ (2392ch, 8.8s)
2026-05-02 02:53:12,647 [INFO] HTTP Request: POST http://localhost:2026/v1/chat/completions "HTTP/1.1 200 OK"
2026-05-02 02:53:12,649 [INFO] [3778/3993] id=openseek-4-95ff82092 GT=VPstoutSthanpkZuq ✅ (2434ch, 10.2s)
2026-05-02 02:53:15,780 [INFO] HTTP Request: POST http://localhost:2026/v1/chat/completions "HTTP/1.1 200 OK"
2026-05-02 02:53:15,781 [INFO] [3779/3993] id=openseek-4-a919229e4 GT=XchestdtheReveryLtocAEtownsaju ✅ (2716ch, 11.1s)
2026-05-02 02:53:24,283 [INFO] HTTP Request: POST http://localhost:2026/v1/chat/completions "HTTP/1.1 200 OK"
2026-05-02 02:53:24,284 [INFO] [3780/3993] id=openseek-4-f0fc9d2cc GT=Anne9ssButIVtoiledydandNDuring ✅ (2597ch, 11.6s)
2026-05-02 02:53:24,395 [INFO] HTTP Request: POST http://localhost:2026/v1/chat/completions "HTTP/1.1 200 OK"
2026-05-02 02:53:24,396 [INFO] [3781/3993] id=openseek-4-81f3d5cac GT=striving,dhailedcvnl ✅ (2144ch, 8.6s)
2026-05-02 02:53:32,419 [INFO] HTTP Request: POST http://localhost:2026/v1/chat/completions "HTTP/1.1 200 OK"
2026-05-02 02:53:32,420 [WARNING]   [attempt 1 T=0.0] think validate 失败 (len=6359): 'Okay, let's see. I need to concatenate this list of strings into a single line w'
2026-05-02 02:53:32,781 [INFO] HTTP Request: POST http://localhost:2026/v1/chat/completions "HTTP/1.1 200 OK"
2026-05-02 02:53:32,783 [INFO] [3782/3993] id=openseek-4-bf095fc98 GT=NvzstillbginxJm ✅ (2036ch, 8.5s)
2026-05-02 02:53:39,513 [INFO] HTTP Request: POST http://localhost:2026/v1/chat/completions "HTTP/1.1 200 OK"
2026-05-02 02:53:39,514 [INFO] [3783/3993] id=openseek-4-0d02daa26 GT=ystillfQlNthesB ✅ (3595ch, 15.1s)
2026-05-02 02:53:48,421 [INFO] HTTP Request: POST http://localhost:2026/v1/chat/completions "HTTP/1.1 200 OK"
2026-05-02 02:53:48,422 [INFO] [3784/3993] id=openseek-4-2c376c1db GT=oWknowingEsameOsomeAorNUbmtheC ✅ (3677ch, 42.6s)
2026-05-02 02:53:48,584 [INFO] HTTP Request: POST http://localhost:2026/v1/chat/completions "HTTP/1.1 200 OK"
2026-05-02 02:53:48,585 [INFO] [3785/3993] id=openseek-4-19449cbda GT=hmsidewaysxthoughbqp ✅ (2091ch, 9.1s)
2026-05-02 02:53:52,423 [INFO] HTTP Request: POST http://localhost:2026/v1/chat/completions "HTTP/1.1 200 OK"
2026-05-02 02:53:52,425 [INFO] [3786/3993] id=openseek-4-a7a749bf7 GT=xAG ✅ (965ch, 3.8s)
2026-05-02 02:53:54,046 [INFO] HTTP Request: POST http://localhost:2026/v1/chat/completions "HTTP/1.1 200 OK"
2026-05-02 02:53:54,048 [INFO] [3787/3993] id=openseek-4-f6b1c733b GT=timezbeforenS ✅ (1525ch, 5.6s)
2026-05-02 02:53:57,293 [INFO] HTTP Request: POST http://localhost:2026/v1/chat/completions "HTTP/1.1 200 OK"
2026-05-02 02:53:57,294 [INFO] [3788/3993] id=openseek-4-c9d9e60eb GT=chair;JO ✅ (1294ch, 4.9s)
2026-05-02 02:54:01,021 [INFO] HTTP Request: POST http://localhost:2026/v1/chat/completions "HTTP/1.1 200 OK"
2026-05-02 02:54:01,022 [INFO] [3789/3993] id=openseek-4-09fe032f5 GT=adashojforI ✅ (1722ch, 7.0s)
2026-05-02 02:54:03,967 [INFO] HTTP Request: POST http://localhost:2026/v1/chat/completions "HTTP/1.1 200 OK"
2026-05-02 02:54:03,967 [WARNING]   [attempt 1 T=0.0] 答案校验失败 pred=None expect='peering S v by d v f beholding f d canoes, m into K D'
2026-05-02 02:54:04,158 [INFO] HTTP Request: POST http://localhost:2026/v1/chat/completions "HTTP/1.1 200 OK"
2026-05-02 02:54:04,160 [INFO] [3790/3993] id=openseek-4-83ee99366 GT=andEmildO ✅ (1756ch, 6.9s)
2026-05-02 02:54:15,391 [INFO] HTTP Request: POST http://localhost:2026/v1/chat/completions "HTTP/1.1 200 OK"
2026-05-02 02:54:15,392 [INFO] [3791/3993] id=openseek-4-13d3d3c78 GT=theMknowtandHKlivinglyxcwherea ✅ (3013ch, 14.4s)
2026-05-02 02:54:18,709 [INFO] HTTP Request: POST http://localhost:2026/v1/chat/completions "HTTP/1.1 200 OK"
2026-05-02 02:54:18,711 [INFO] [3792/3993] id=openseek-4-a9b8ce00e GT=theFPorpoiseubhavingsPt ✅ (3339ch, 14.6s)
2026-05-02 02:54:21,868 [INFO] HTTP Request: POST http://localhost:2026/v1/chat/completions "HTTP/1.1 200 OK"
2026-05-02 02:54:21,869 [WARNING]   [attempt 2 T=0.3] 答案校验失败 pred='peering S v by d v f believing f d canoes, m into K D' expect='peering S v by d v f beholding f d canoes, m into K D'
2026-05-02 02:54:32,570 [INFO] HTTP Request: POST http://localhost:2026/v1/chat/completions "HTTP/1.1 200 OK"
2026-05-02 02:54:32,570 [WARNING]   [attempt 1 T=0.0] think validate 失败 (len=4055): 'Okay, let's see. I need to concatenate this list of strings into a single line w'
2026-05-02 02:54:33,621 [INFO] HTTP Request: POST http://localhost:2026/v1/chat/completions "HTTP/1.1 200 OK"
2026-05-02 02:54:33,624 [INFO] [3793/3993] id=openseek-4-1340d556f GT=EpitomeECassistedZinfluence;EE ✅ (3494ch, 14.9s)
2026-05-02 02:54:40,981 [INFO] HTTP Request: POST http://localhost:2026/v1/chat/completions "HTTP/1.1 200 OK"
2026-05-02 02:54:40,981 [WARNING]   [attempt 3 T=0.6] 答案校验失败 pred='peering S v by d v f beholdinG f d canoes, m into K D' expect='peering S v by d v f beholding f d canoes, m into K D'
2026-05-02 02:54:40,982 [WARNING] [3794/3993] id=openseek-4-94bab21a4 GT=peeringSvbydvfbeholdingfdcanoe ❌ (68.2s)
2026-05-02 02:54:47,142 [INFO] HTTP Request: POST http://localhost:2026/v1/chat/completions "HTTP/1.1 200 OK"
2026-05-02 02:54:47,144 [INFO] [3795/3993] id=openseek-4-11caf6f3f GT=goesPzEpoor,nandbngAfricansi ✅ (3151ch, 13.5s)
2026-05-02 02:54:47,337 [INFO] HTTP Request: POST http://localhost:2026/v1/chat/completions "HTTP/1.1 200 OK"
2026-05-02 02:54:47,339 [INFO] [3796/3993] id=openseek-4-153d5d3dd GT=VlfwereXdashedwxUJe ✅ (3488ch, 31.9s)
2026-05-02 02:54:52,019 [INFO] HTTP Request: POST http://localhost:2026/v1/chat/completions "HTTP/1.1 200 OK"
2026-05-02 02:54:52,020 [INFO] [3797/3993] id=openseek-4-92e09e82e GT=thewbJjidolZessayN ✅ (2725ch, 11.0s)
2026-05-02 02:54:57,405 [INFO] HTTP Request: POST http://localhost:2026/v1/chat/completions "HTTP/1.1 200 OK"
2026-05-02 02:54:57,406 [INFO] [3798/3993] id=openseek-4-be8258325 GT=nowbFV ✅ (1423ch, 5.4s)
2026-05-02 02:54:58,135 [INFO] HTTP Request: POST http://localhost:2026/v1/chat/completions "HTTP/1.1 200 OK"
2026-05-02 02:54:58,137 [INFO] [3799/3993] id=openseek-4-3852590d1 GT=thingOvfirstJintoaK ✅ (2678ch, 10.8s)
2026-05-02 02:55:01,337 [INFO] HTTP Request: POST http://localhost:2026/v1/chat/completions "HTTP/1.1 200 OK"
2026-05-02 02:55:01,339 [INFO] [3800/3993] id=openseek-4-b2d445b65 GT=vivaciousgcosendYtheFoilrbfish ✅ (3402ch, 14.2s)
2026-05-02 02:55:01,662 [INFO]   💾 已保存 (成功=3778 失败=22) | 3.8s/条均值 | ETA=12min
2026-05-02 02:55:02,134 [INFO] HTTP Request: POST http://localhost:2026/v1/chat/completions "HTTP/1.1 200 OK"
2026-05-02 02:55:02,135 [INFO] [3801/3993] id=openseek-4-c0c8837ae GT=BWd ✅ (1020ch, 4.0s)
2026-05-02 02:55:05,078 [INFO] HTTP Request: POST http://localhost:2026/v1/chat/completions "HTTP/1.1 200 OK"
2026-05-02 02:55:05,079 [INFO] [3802/3993] id=openseek-4-136221b3d GT=kx ✅ (797ch, 2.9s)
2026-05-02 02:55:12,945 [INFO] HTTP Request: POST http://localhost:2026/v1/chat/completions "HTTP/1.1 200 OK"
2026-05-02 02:55:12,946 [INFO] [3803/3993] id=openseek-4-bf1e13757 GT=someuvTchocks4droppeddholderBo ✅ (3523ch, 15.5s)
2026-05-02 02:55:15,523 [INFO] HTTP Request: POST http://localhost:2026/v1/chat/completions "HTTP/1.1 200 OK"
2026-05-02 02:55:15,525 [INFO] [3804/3993] id=openseek-4-658c06657 GT=jorRbeginningkYFlove,escorchin ✅ (3401ch, 14.2s)
2026-05-02 02:55:18,040 [INFO] HTTP Request: POST http://localhost:2026/v1/chat/completions "HTTP/1.1 200 OK"
2026-05-02 02:55:18,041 [INFO] [3805/3993] id=openseek-4-8435f66a5 GT=entireIJZ ✅ (1315ch, 5.1s)
2026-05-02 02:55:18,308 [INFO] HTTP Request: POST http://localhost:2026/v1/chat/completions "HTTP/1.1 200 OK"
2026-05-02 02:55:18,309 [INFO] [3806/3993] id=openseek-4-900acc059 GT=figure-headyconscientiousfapco ✅ (3364ch, 13.2s)
2026-05-02 02:55:27,361 [INFO] HTTP Request: POST http://localhost:2026/v1/chat/completions "HTTP/1.1 200 OK"
2026-05-02 02:55:27,363 [INFO] [3807/3993] id=openseek-4-a54e0edfd GT=hisZzthammerdvUcoursesGe ✅ (2321ch, 9.1s)
2026-05-02 02:55:28,741 [INFO] HTTP Request: POST http://localhost:2026/v1/chat/completions "HTTP/1.1 200 OK"
2026-05-02 02:55:28,743 [INFO] [3808/3993] id=openseek-4-6f6d91425 GT=tenjlddidnWGbarbaricpNIM ✅ (2638ch, 10.7s)
2026-05-02 02:55:29,939 [INFO] HTTP Request: POST http://localhost:2026/v1/chat/completions "HTTP/1.1 200 OK"
2026-05-02 02:55:29,941 [INFO] [3809/3993] id=openseek-4-554e7fc9a GT=theytgtightOofRfish,HmJ ✅ (3485ch, 14.4s)
2026-05-02 02:55:33,978 [INFO] HTTP Request: POST http://localhost:2026/v1/chat/completions "HTTP/1.1 200 OK"
2026-05-02 02:55:33,980 [INFO] [3810/3993] id=openseek-4-dfca44fbe GT=MLsharpestpVcrotchj ✅ (1698ch, 6.6s)
2026-05-02 02:55:42,494 [INFO] HTTP Request: POST http://localhost:2026/v1/chat/completions "HTTP/1.1 200 OK"
2026-05-02 02:55:42,496 [INFO] [3811/3993] id=openseek-4-3c3f5b8a5 GT=saidZxtimeCwererMfY ✅ (3233ch, 12.6s)
2026-05-02 02:55:44,866 [INFO] HTTP Request: POST http://localhost:2026/v1/chat/completions "HTTP/1.1 200 OK"
2026-05-02 02:55:44,867 [INFO] [3812/3993] id=openseek-4-cb51d10c1 GT=finest,gball4theEmdentsGharmCt ✅ (3702ch, 16.1s)
2026-05-02 02:55:45,755 [INFO] HTTP Request: POST http://localhost:2026/v1/chat/completions "HTTP/1.1 200 OK"
2026-05-02 02:55:45,757 [INFO] [3813/3993] id=openseek-4-c88eb8f0f GT=aNdiresthKbVdjSpanishvM ✅ (2911ch, 11.8s)
2026-05-02 02:55:53,798 [INFO] HTTP Request: POST http://localhost:2026/v1/chat/completions "HTTP/1.1 200 OK"
2026-05-02 02:55:53,800 [INFO] [3814/3993] id=openseek-4-e4aeb50f9 GT=oneHforeyspirituallyVUOi ✅ (2293ch, 8.9s)
2026-05-02 02:55:57,874 [INFO] HTTP Request: POST http://localhost:2026/v1/chat/completions "HTTP/1.1 200 OK"
2026-05-02 02:55:57,876 [INFO] [3815/3993] id=openseek-4-bed91e716 GT=Bhalf-erectHampleIwhale;pBeiOi ✅ (3145ch, 15.4s)
2026-05-02 02:55:59,607 [INFO] HTTP Request: POST http://localhost:2026/v1/chat/completions "HTTP/1.1 200 OK"
2026-05-02 02:55:59,609 [INFO] [3816/3993] id=openseek-4-0fd4a6f3f GT=hammock,WUforrplainaonlytbutVM ✅ (3616ch, 13.9s)
2026-05-02 02:56:01,272 [INFO] HTTP Request: POST http://localhost:2026/v1/chat/completions "HTTP/1.1 200 OK"
2026-05-02 02:56:01,273 [INFO] [3817/3993] id=openseek-4-e799589de GT=GpersistingOwscXIZM ✅ (1932ch, 7.5s)
2026-05-02 02:56:07,252 [INFO] HTTP Request: POST http://localhost:2026/v1/chat/completions "HTTP/1.1 200 OK"
2026-05-02 02:56:07,253 [INFO] [3818/3993] id=openseek-4-5164328ef GT=theZfromRDryIoncIwithLZOnx ✅ (2218ch, 9.4s)
2026-05-02 02:56:08,499 [INFO] HTTP Request: POST http://localhost:2026/v1/chat/completions "HTTP/1.1 200 OK"
2026-05-02 02:56:08,500 [INFO] [3819/3993] id=openseek-4-2c584e457 GT=IlworkthuntWD ✅ (1858ch, 7.2s)
2026-05-02 02:56:11,328 [INFO] HTTP Request: POST http://localhost:2026/v1/chat/completions "HTTP/1.1 200 OK"
2026-05-02 02:56:11,330 [INFO] [3820/3993] id=openseek-4-854515557 GT=bombazineWNethoughtaallures.H ✅ (2951ch, 11.7s)
2026-05-02 02:56:12,192 [INFO] HTTP Request: POST http://localhost:2026/v1/chat/completions "HTTP/1.1 200 OK"
2026-05-02 02:56:12,193 [INFO] [3821/3993] id=openseek-4-1cff7da00 GT=JB ✅ (986ch, 3.7s)
2026-05-02 02:56:16,156 [INFO] HTTP Request: POST http://localhost:2026/v1/chat/completions "HTTP/1.1 200 OK"
2026-05-02 02:56:16,157 [INFO] [3822/3993] id=openseek-4-253341a71 GT=Lamp.HvXsBforW ✅ (2120ch, 8.9s)
2026-05-02 02:56:17,826 [INFO] HTTP Request: POST http://localhost:2026/v1/chat/completions "HTTP/1.1 200 OK"
2026-05-02 02:56:17,827 [INFO] [3823/3993] id=openseek-4-ee8371d48 GT=onefUAsaysz ✅ (1468ch, 5.6s)
2026-05-02 02:56:21,582 [INFO] HTTP Request: POST http://localhost:2026/v1/chat/completions "HTTP/1.1 200 OK"
2026-05-02 02:56:21,583 [INFO] [3824/3993] id=openseek-4-9927002bf GT=blackmxabsmokeVandKX ✅ (2767ch, 10.3s)
2026-05-02 02:56:22,660 [INFO] HTTP Request: POST http://localhost:2026/v1/chat/completions "HTTP/1.1 200 OK"
2026-05-02 02:56:22,661 [INFO] [3825/3993] id=openseek-4-b4ae6d35c GT=tcases,P ✅ (956ch, 4.8s)
2026-05-02 02:56:25,075 [INFO] HTTP Request: POST http://localhost:2026/v1/chat/completions "HTTP/1.1 200 OK"
2026-05-02 02:56:25,077 [INFO] [3826/3993] id=openseek-4-20834d728 GT=RI ✅ (942ch, 3.5s)
2026-05-02 02:56:30,149 [INFO] HTTP Request: POST http://localhost:2026/v1/chat/completions "HTTP/1.1 200 OK"
2026-05-02 02:56:30,151 [INFO] [3827/3993] id=openseek-4-5eb25d877 GT=xehepthen,N ✅ (1932ch, 7.5s)
2026-05-02 02:56:30,867 [INFO] HTTP Request: POST http://localhost:2026/v1/chat/completions "HTTP/1.1 200 OK"
2026-05-02 02:56:30,869 [INFO] [3828/3993] id=openseek-4-6348bc648 GT=kclookzIndianAvRforApaper.BSun ✅ (3338ch, 14.7s)
2026-05-02 02:56:35,998 [INFO] HTTP Request: POST http://localhost:2026/v1/chat/completions "HTTP/1.1 200 OK"
2026-05-02 02:56:36,000 [INFO] [3829/3993] id=openseek-4-fa9f03478 GT=life,UBPIwacindividualfgentlem ✅ (2799ch, 10.9s)
2026-05-02 02:56:38,287 [INFO] HTTP Request: POST http://localhost:2026/v1/chat/completions "HTTP/1.1 200 OK"
2026-05-02 02:56:38,289 [INFO] [3830/3993] id=openseek-4-3ad58f0bc GT=raIq ✅ (1852ch, 7.4s)
2026-05-02 02:56:43,456 [INFO] HTTP Request: POST http://localhost:2026/v1/chat/completions "HTTP/1.1 200 OK"
2026-05-02 02:56:43,457 [INFO] [3831/3993] id=openseek-4-8bdf4e240 GT=pXnotBfYthoughtsoFin,ppalpable ✅ (3055ch, 13.3s)
2026-05-02 02:56:46,545 [INFO] HTTP Request: POST http://localhost:2026/v1/chat/completions "HTTP/1.1 200 OK"
2026-05-02 02:56:46,547 [INFO] [3832/3993] id=openseek-4-6b05f78bb GT=HandztheObeingG ✅ (2116ch, 8.3s)
2026-05-02 02:56:50,321 [INFO] HTTP Request: POST http://localhost:2026/v1/chat/completions "HTTP/1.1 200 OK"
2026-05-02 02:56:50,323 [INFO] [3833/3993] id=openseek-4-bdb9b1da3 GT=EnglandMitsBObeverageViallcPye ✅ (3472ch, 14.3s)
2026-05-02 02:56:52,795 [INFO] HTTP Request: POST http://localhost:2026/v1/chat/completions "HTTP/1.1 200 OK"
2026-05-02 02:56:52,796 [INFO] [3834/3993] id=openseek-4-2209cc0f8 GT=JhandslHlingeringAbescontracti ✅ (2402ch, 9.3s)
2026-05-02 02:56:59,306 [INFO] HTTP Request: POST http://localhost:2026/v1/chat/completions "HTTP/1.1 200 OK"
2026-05-02 02:56:59,308 [INFO] [3835/3993] id=openseek-4-1404401d9 GT=ankersPFitsx ✅ (1755ch, 6.5s)
2026-05-02 02:57:00,109 [INFO] HTTP Request: POST http://localhost:2026/v1/chat/completions "HTTP/1.1 200 OK"
2026-05-02 02:57:00,111 [INFO] [3836/3993] id=openseek-4-e4dbb6619 GT=jSalwayslwhalestyn ✅ (2396ch, 9.8s)
2026-05-02 02:57:03,767 [INFO] HTTP Request: POST http://localhost:2026/v1/chat/completions "HTTP/1.1 200 OK"
2026-05-02 02:57:03,768 [WARNING]   [attempt 1 T=0.0] think validate 失败 (len=4048): 'Okay, let's see. I need to concatenate this list of strings into a single line w'
2026-05-02 02:57:04,737 [INFO] HTTP Request: POST http://localhost:2026/v1/chat/completions "HTTP/1.1 200 OK"
2026-05-02 02:57:04,738 [INFO] [3837/3993] id=openseek-4-ea502250a GT=Ystills ✅ (891ch, 4.6s)
2026-05-02 02:57:11,248 [INFO] HTTP Request: POST http://localhost:2026/v1/chat/completions "HTTP/1.1 200 OK"
2026-05-02 02:57:11,250 [INFO] [3838/3993] id=openseek-4-edbefd5aa GT=authorxtheIs ✅ (1481ch, 6.5s)
2026-05-02 02:57:18,116 [INFO] HTTP Request: POST http://localhost:2026/v1/chat/completions "HTTP/1.1 200 OK"
2026-05-02 02:57:18,118 [INFO] [3839/3993] id=openseek-4-9f643f5c6 GT=theDCroyaleqoilLorgrisywhichY ✅ (3489ch, 31.6s)
2026-05-02 02:57:21,129 [INFO] HTTP Request: POST http://localhost:2026/v1/chat/completions "HTTP/1.1 200 OK"
2026-05-02 02:57:21,130 [WARNING]   [attempt 1 T=0.0] think validate 失败 (len=5115): 'Okay, let's see. I need to concatenate this list of strings into a single line w'
2026-05-02 02:57:23,070 [INFO] HTTP Request: POST http://localhost:2026/v1/chat/completions "HTTP/1.1 200 OK"
2026-05-02 02:57:23,072 [INFO] [3840/3993] id=openseek-4-eb8a42b60 GT=runboundedxhisHofEbutRcouldIKi ✅ (3096ch, 11.8s)
2026-05-02 02:57:32,164 [INFO] HTTP Request: POST http://localhost:2026/v1/chat/completions "HTTP/1.1 200 OK"
2026-05-02 02:57:32,165 [INFO] [3841/3993] id=openseek-4-148c0a751 GT=vhenceiikxkR ✅ (3263ch, 14.0s)
2026-05-02 02:57:40,503 [INFO] HTTP Request: POST http://localhost:2026/v1/chat/completions "HTTP/1.1 200 OK"
2026-05-02 02:57:40,504 [INFO] [3842/3993] id=openseek-4-fd2b475fe GT=jmustWHeIhegfellow9smqInn.NaOk ✅ (3629ch, 17.4s)
2026-05-02 02:57:41,049 [INFO] HTTP Request: POST http://localhost:2026/v1/chat/completions "HTTP/1.1 200 OK"
2026-05-02 02:57:41,050 [WARNING]   [attempt 2 T=0.3] think validate 失败 (len=4707): 'Okay, let's tackle this problem. So, I need to concatenate a list of strings int'
2026-05-02 02:57:45,368 [INFO] HTTP Request: POST http://localhost:2026/v1/chat/completions "HTTP/1.1 200 OK"
2026-05-02 02:57:45,369 [INFO] [3843/3993] id=openseek-4-47284e0c6 GT=architect,mgvJandwEtokhislAndS ✅ (2997ch, 13.2s)
2026-05-02 02:57:55,489 [INFO] HTTP Request: POST http://localhost:2026/v1/chat/completions "HTTP/1.1 200 OK"
2026-05-02 02:57:55,491 [INFO] [3844/3993] id=openseek-4-fb0a24f1e GT=fromPYwhaleDoldpon:Svisiblekar ✅ (3306ch, 15.0s)
2026-05-02 02:57:57,532 [INFO] HTTP Request: POST http://localhost:2026/v1/chat/completions "HTTP/1.1 200 OK"
2026-05-02 02:57:57,534 [INFO] [3845/3993] id=openseek-4-08641602b GT=fastvoverxsouth-eastwardGqbyIg ✅ (3704ch, 58.2s)
2026-05-02 02:58:00,257 [INFO] HTTP Request: POST http://localhost:2026/v1/chat/completions "HTTP/1.1 200 OK"
2026-05-02 02:58:00,259 [INFO] [3846/3993] id=openseek-4-4918414dc GT=toXNay,vnoisebinvolvewjmast-he ✅ (3223ch, 14.9s)
2026-05-02 02:58:08,529 [INFO] HTTP Request: POST http://localhost:2026/v1/chat/completions "HTTP/1.1 200 OK"
2026-05-02 02:58:08,531 [INFO] [3847/3993] id=openseek-4-a408e9d0c GT=zNdidhiobeingOIfromTK ✅ (2625ch, 11.0s)
2026-05-02 02:58:10,610 [INFO] HTTP Request: POST http://localhost:2026/v1/chat/completions "HTTP/1.1 200 OK"
2026-05-02 02:58:10,611 [INFO] [3848/3993] id=openseek-4-82eec7789 GT=pyouzKmofwlittle,Ll ✅ (2581ch, 10.4s)
2026-05-02 02:58:11,877 [INFO] HTTP Request: POST http://localhost:2026/v1/chat/completions "HTTP/1.1 200 OK"
2026-05-02 02:58:11,877 [WARNING]   [attempt 1 T=0.0] think validate 失败 (len=4222): 'Okay, let's see. I need to concatenate this list of strings into a single line w'
2026-05-02 02:58:19,396 [INFO] HTTP Request: POST http://localhost:2026/v1/chat/completions "HTTP/1.1 200 OK"
2026-05-02 02:58:19,397 [INFO] [3849/3993] id=openseek-4-06c4a9a37 GT=theSincludedMVtYhear?dO ✅ (2717ch, 10.9s)
2026-05-02 02:58:21,497 [INFO] HTTP Request: POST http://localhost:2026/v1/chat/completions "HTTP/1.1 200 OK"
2026-05-02 02:58:21,498 [INFO] [3850/3993] id=openseek-4-74ba54475 GT=ButxcotherImarvelsionedz ✅ (2800ch, 10.9s)
2026-05-02 02:58:24,978 [INFO] HTTP Request: POST http://localhost:2026/v1/chat/completions "HTTP/1.1 200 OK"
2026-05-02 02:58:24,980 [INFO] [3851/3993] id=openseek-4-14f10d106 GT=unthinkinglyrn ✅ (1391ch, 5.6s)
2026-05-02 02:58:28,345 [INFO] HTTP Request: POST http://localhost:2026/v1/chat/completions "HTTP/1.1 200 OK"
2026-05-02 02:58:28,346 [INFO] [3852/3993] id=openseek-4-5292c04b6 GT=scheme,Izdeservesmmind;RandQsi ✅ (3926ch, 32.9s)
2026-05-02 02:58:30,221 [INFO] HTTP Request: POST http://localhost:2026/v1/chat/completions "HTTP/1.1 200 OK"
2026-05-02 02:58:30,222 [INFO] [3853/3993] id=openseek-4-54b3804d7 GT=Canallerijt ✅ (1341ch, 5.2s)
2026-05-02 02:58:30,957 [INFO] HTTP Request: POST http://localhost:2026/v1/chat/completions "HTTP/1.1 200 OK"
2026-05-02 02:58:30,958 [INFO] [3854/3993] id=openseek-4-922510b3e GT=ofnxofUYBasHclutchedP ✅ (2205ch, 9.5s)
2026-05-02 02:58:32,454 [INFO] HTTP Request: POST http://localhost:2026/v1/chat/completions "HTTP/1.1 200 OK"
2026-05-02 02:58:32,456 [INFO] [3855/3993] id=openseek-4-7343459a1 GT=ri ✅ (1139ch, 4.1s)
2026-05-02 02:58:34,174 [INFO] HTTP Request: POST http://localhost:2026/v1/chat/completions "HTTP/1.1 200 OK"
2026-05-02 02:58:34,175 [INFO] [3856/3993] id=openseek-4-db8479bc2 GT=ydS ✅ (1006ch, 4.0s)
2026-05-02 02:58:38,683 [INFO] HTTP Request: POST http://localhost:2026/v1/chat/completions "HTTP/1.1 200 OK"
2026-05-02 02:58:38,685 [INFO] [3857/3993] id=openseek-4-38dca49c4 GT=AasnfarIK ✅ (1539ch, 6.2s)
2026-05-02 02:58:41,229 [INFO] HTTP Request: POST http://localhost:2026/v1/chat/completions "HTTP/1.1 200 OK"
2026-05-02 02:58:41,230 [INFO] [3858/3993] id=openseek-4-215277020 GT=nappropriatedms ✅ (1947ch, 7.1s)
2026-05-02 02:58:41,746 [INFO] HTTP Request: POST http://localhost:2026/v1/chat/completions "HTTP/1.1 200 OK"
2026-05-02 02:58:41,748 [INFO] [3859/3993] id=openseek-4-c04ad48fd GT=boatJintoUivfro,R ✅ (2830ch, 10.8s)
2026-05-02 02:58:49,609 [INFO] HTTP Request: POST http://localhost:2026/v1/chat/completions "HTTP/1.1 200 OK"
2026-05-02 02:58:49,611 [INFO] [3860/3993] id=openseek-4-42bc92130 GT=sight;YHtroubledBARachel,wj ✅ (2716ch, 10.9s)
2026-05-02 02:58:52,798 [INFO] HTTP Request: POST http://localhost:2026/v1/chat/completions "HTTP/1.1 200 OK"
2026-05-02 02:58:52,800 [INFO] [3861/3993] id=openseek-4-fa64134dd GT=QhungSywindward,Hfeelvqrandrof ✅ (2500ch, 11.6s)
2026-05-02 02:58:53,755 [INFO] HTTP Request: POST http://localhost:2026/v1/chat/completions "HTTP/1.1 200 OK"
2026-05-02 02:58:53,757 [INFO] [3862/3993] id=openseek-4-92c18de3b GT=thatvvmanySAdNxskull.IW ✅ (2978ch, 12.0s)
2026-05-02 02:59:03,270 [INFO] HTTP Request: POST http://localhost:2026/v1/chat/completions "HTTP/1.1 200 OK"
2026-05-02 02:59:03,272 [INFO] [3863/3993] id=openseek-4-a489a33c2 GT=oftdday,PBildad;xformTBihastwo ✅ (3061ch, 13.7s)
2026-05-02 02:59:04,157 [INFO] HTTP Request: POST http://localhost:2026/v1/chat/completions "HTTP/1.1 200 OK"
2026-05-02 02:59:04,158 [INFO] [3864/3993] id=openseek-4-ecdd7ff66 GT=HCvFsofferedtrwetFt ✅ (2545ch, 11.4s)
2026-05-02 02:59:04,467 [INFO] HTTP Request: POST http://localhost:2026/v1/chat/completions "HTTP/1.1 200 OK"
2026-05-02 02:59:04,469 [INFO] [3865/3993] id=openseek-4-c761ed09e GT=zDthoseoevanescencevkthatMoffe ✅ (2646ch, 10.7s)
2026-05-02 02:59:08,481 [INFO] HTTP Request: POST http://localhost:2026/v1/chat/completions "HTTP/1.1 200 OK"
2026-05-02 02:59:08,483 [INFO] [3866/3993] id=openseek-4-4fa62a2b2 GT=irevolvedyLaudaciousaz ✅ (1410ch, 5.2s)
2026-05-02 02:59:13,305 [INFO] HTTP Request: POST http://localhost:2026/v1/chat/completions "HTTP/1.1 200 OK"
2026-05-02 02:59:13,306 [INFO] [3867/3993] id=openseek-4-f99f2153c GT=wbunshored,WIsretreatsB ✅ (2176ch, 9.1s)
2026-05-02 02:59:14,569 [INFO] HTTP Request: POST http://localhost:2026/v1/chat/completions "HTTP/1.1 200 OK"
2026-05-02 02:59:14,571 [INFO] [3868/3993] id=openseek-4-3d1a8312a GT=KtLcDickGhourskcspecies.ytheJm ✅ (2483ch, 10.1s)
2026-05-02 02:59:19,072 [INFO] HTTP Request: POST http://localhost:2026/v1/chat/completions "HTTP/1.1 200 OK"
2026-05-02 02:59:19,074 [INFO] [3869/3993] id=openseek-4-302cf3c4b GT=TrVdnotmmaymCreasonsKheregStar ✅ (2512ch, 10.6s)
2026-05-02 02:59:19,741 [INFO] HTTP Request: POST http://localhost:2026/v1/chat/completions "HTTP/1.1 200 OK"
2026-05-02 02:59:19,742 [INFO] [3870/3993] id=openseek-4-2115fe18d GT=itsTfit.MR ✅ (1698ch, 6.4s)
2026-05-02 02:59:25,172 [INFO] HTTP Request: POST http://localhost:2026/v1/chat/completions "HTTP/1.1 200 OK"
2026-05-02 02:59:25,174 [INFO] [3871/3993] id=openseek-4-83308682e GT=toaYsecondQcandyegtheUl ✅ (2485ch, 10.6s)
2026-05-02 02:59:30,274 [INFO] HTTP Request: POST http://localhost:2026/v1/chat/completions "HTTP/1.1 200 OK"
2026-05-02 02:59:30,275 [INFO] [3872/3993] id=openseek-4-89d53b8d4 GT=JxXthinghJbut,W ✅ (2795ch, 11.2s)
2026-05-02 02:59:32,169 [INFO] HTTP Request: POST http://localhost:2026/v1/chat/completions "HTTP/1.1 200 OK"
2026-05-02 02:59:32,170 [INFO] [3873/3993] id=openseek-4-470f771db GT=lbhimiuASwentXtheKboneVofM ✅ (2845ch, 12.4s)
2026-05-02 02:59:39,349 [INFO] HTTP Request: POST http://localhost:2026/v1/chat/completions "HTTP/1.1 200 OK"
2026-05-02 02:59:39,351 [INFO] [3874/3993] id=openseek-4-34f298fa4 GT=WhoObeGguests,SartskMandElpres ✅ (3165ch, 14.2s)
2026-05-02 02:59:43,817 [INFO] HTTP Request: POST http://localhost:2026/v1/chat/completions "HTTP/1.1 200 OK"
2026-05-02 02:59:43,818 [INFO] [3875/3993] id=openseek-4-19c23d929 GT=Jcn ✅ (1159ch, 4.5s)
2026-05-02 02:59:44,365 [INFO] HTTP Request: POST http://localhost:2026/v1/chat/completions "HTTP/1.1 200 OK"
2026-05-02 02:59:44,366 [INFO] [3876/3993] id=openseek-4-9462c7cce GT=sibainYtheSthisxAdw ✅ (3000ch, 14.1s)
2026-05-02 02:59:45,056 [INFO] HTTP Request: POST http://localhost:2026/v1/chat/completions "HTTP/1.1 200 OK"
2026-05-02 02:59:45,058 [INFO] [3877/3993] id=openseek-4-de64d915d GT=angleQNdQOwenhhead,zviewwitsf ✅ (3018ch, 12.9s)
2026-05-02 02:59:50,093 [INFO] HTTP Request: POST http://localhost:2026/v1/chat/completions "HTTP/1.1 200 OK"
2026-05-02 02:59:50,094 [INFO] [3878/3993] id=openseek-4-6295fd93b GT=ifEwasNz ✅ (1473ch, 5.7s)
2026-05-02 02:59:52,682 [INFO] HTTP Request: POST http://localhost:2026/v1/chat/completions "HTTP/1.1 200 OK"
2026-05-02 02:59:52,683 [INFO] [3879/3993] id=openseek-4-a28a787cd GT=kGn ✅ (2067ch, 7.6s)
2026-05-02 02:59:54,642 [INFO] HTTP Request: POST http://localhost:2026/v1/chat/completions "HTTP/1.1 200 OK"
2026-05-02 02:59:54,644 [INFO] [3880/3993] id=openseek-4-14bb299c0 GT=hangingWintentions,vsoul;RF ✅ (2910ch, 10.8s)
2026-05-02 03:00:01,331 [INFO] HTTP Request: POST http://localhost:2026/v1/chat/completions "HTTP/1.1 200 OK"
2026-05-02 03:00:01,332 [INFO] [3881/3993] id=openseek-4-d64d180b0 GT=ltheYETmbyI ✅ (2166ch, 8.6s)
2026-05-02 03:00:01,801 [INFO] HTTP Request: POST http://localhost:2026/v1/chat/completions "HTTP/1.1 200 OK"
2026-05-02 03:00:01,803 [INFO] [3882/3993] id=openseek-4-13e7c892d GT=sadGGoingNeachKQ ✅ (1735ch, 7.2s)
2026-05-02 03:00:05,582 [INFO] HTTP Request: POST http://localhost:2026/v1/chat/completions "HTTP/1.1 200 OK"
2026-05-02 03:00:05,583 [INFO] [3883/3993] id=openseek-4-fed1932cd GT=DwhileK ✅ (814ch, 4.3s)
2026-05-02 03:00:06,694 [INFO] HTTP Request: POST http://localhost:2026/v1/chat/completions "HTTP/1.1 200 OK"
2026-05-02 03:00:06,696 [INFO] [3884/3993] id=openseek-4-bf46c9327 GT=me94andHTistZLblackxthestheCBo ✅ (3617ch, 16.6s)
2026-05-02 03:00:10,193 [INFO] HTTP Request: POST http://localhost:2026/v1/chat/completions "HTTP/1.1 200 OK"
2026-05-02 03:00:10,195 [INFO] [3885/3993] id=openseek-4-98526e51f GT=qZ ✅ (947ch, 3.5s)
2026-05-02 03:00:13,007 [INFO] HTTP Request: POST http://localhost:2026/v1/chat/completions "HTTP/1.1 200 OK"
2026-05-02 03:00:13,008 [INFO] [3886/3993] id=openseek-4-f66e514b8 GT=overBov ✅ (1977ch, 7.4s)
2026-05-02 03:00:18,466 [INFO] HTTP Request: POST http://localhost:2026/v1/chat/completions "HTTP/1.1 200 OK"
2026-05-02 03:00:18,468 [INFO] [3887/3993] id=openseek-4-a804e3701 GT=GthebkindettwoGAoclams,ruponv ✅ (3750ch, 16.7s)
2026-05-02 03:00:23,579 [INFO] HTTP Request: POST http://localhost:2026/v1/chat/completions "HTTP/1.1 200 OK"
2026-05-02 03:00:23,581 [INFO] [3888/3993] id=openseek-4-9c3b85488 GT=andSthing,BSpermLHbonesgoperat ✅ (2443ch, 10.6s)
2026-05-02 03:00:25,604 [INFO] HTTP Request: POST http://localhost:2026/v1/chat/completions "HTTP/1.1 200 OK"
2026-05-02 03:00:25,606 [INFO] [3889/3993] id=openseek-4-758d9a4d5 GT=LtakesofLTstToMQtakeW ✅ (3240ch, 15.4s)
2026-05-02 03:00:31,397 [INFO] HTTP Request: POST http://localhost:2026/v1/chat/completions "HTTP/1.1 200 OK"
2026-05-02 03:00:31,398 [INFO] [3890/3993] id=openseek-4-c8ca225e4 GT=TuUnobservedW ✅ (1497ch, 5.8s)
2026-05-02 03:00:31,499 [INFO] HTTP Request: POST http://localhost:2026/v1/chat/completions "HTTP/1.1 200 OK"
2026-05-02 03:00:31,501 [INFO] [3891/3993] id=openseek-4-4e2dccd1e GT=endlyexnowPgoingvcy ✅ (3165ch, 13.0s)
2026-05-02 03:00:31,653 [INFO] HTTP Request: POST http://localhost:2026/v1/chat/completions "HTTP/1.1 200 OK"
2026-05-02 03:00:31,655 [INFO] [3892/3993] id=openseek-4-6b8928b7f GT=DunearthlygwereX ✅ (2056ch, 8.1s)
2026-05-02 03:00:36,463 [INFO] HTTP Request: POST http://localhost:2026/v1/chat/completions "HTTP/1.1 200 OK"
2026-05-02 03:00:36,464 [INFO] [3893/3993] id=openseek-4-55376c688 GT=OuBamongK ✅ (1274ch, 5.1s)
2026-05-02 03:00:42,289 [INFO] HTTP Request: POST http://localhost:2026/v1/chat/completions "HTTP/1.1 200 OK"
2026-05-02 03:00:42,290 [INFO] [3894/3993] id=openseek-4-3317bddeb GT=gUpa ✅ (1471ch, 5.8s)
2026-05-02 03:00:43,351 [INFO] HTTP Request: POST http://localhost:2026/v1/chat/completions "HTTP/1.1 200 OK"
2026-05-02 03:00:43,353 [INFO] [3895/3993] id=openseek-4-d92d5bef4 GT=fareTgFcouldrtoowCoffinvgood-n ✅ (2599ch, 11.9s)
2026-05-02 03:00:43,816 [INFO] HTTP Request: POST http://localhost:2026/v1/chat/completions "HTTP/1.1 200 OK"
2026-05-02 03:00:43,818 [INFO] [3896/3993] id=openseek-4-842d1100c GT=fiREprickcputiclamnjoppositexh ✅ (2897ch, 12.2s)
2026-05-02 03:00:49,214 [INFO] HTTP Request: POST http://localhost:2026/v1/chat/completions "HTTP/1.1 200 OK"
2026-05-02 03:00:49,216 [INFO] [3897/3993] id=openseek-4-78e9c73db GT=cbButAr ✅ (1145ch, 5.4s)
2026-05-02 03:00:51,508 [INFO] HTTP Request: POST http://localhost:2026/v1/chat/completions "HTTP/1.1 200 OK"
2026-05-02 03:00:51,509 [INFO] [3898/3993] id=openseek-4-4621c6cfb GT=Mhalf-hintingmmynnC ✅ (2176ch, 9.2s)
2026-05-02 03:00:52,783 [INFO] HTTP Request: POST http://localhost:2026/v1/chat/completions "HTTP/1.1 200 OK"
2026-05-02 03:00:52,785 [INFO] [3899/3993] id=openseek-4-56d2c226f GT=eObGWW ✅ (2276ch, 9.4s)
2026-05-02 03:01:01,213 [INFO] HTTP Request: POST http://localhost:2026/v1/chat/completions "HTTP/1.1 200 OK"
2026-05-02 03:01:01,214 [INFO] [3900/3993] id=openseek-4-022f89af1 GT=greatJKnmwandHjpower,P ✅ (3066ch, 12.0s)
2026-05-02 03:01:01,536 [INFO]   💾 已保存 (成功=3878 失败=22) | 3.8s/条均值 | ETA=6min
2026-05-02 03:01:03,115 [INFO] HTTP Request: POST http://localhost:2026/v1/chat/completions "HTTP/1.1 200 OK"
2026-05-02 03:01:03,117 [INFO] [3901/3993] id=openseek-4-fb0a3f85d GT=shores;VwhilewIispwantingRVSpe ✅ (2792ch, 11.6s)
2026-05-02 03:01:07,837 [INFO] HTTP Request: POST http://localhost:2026/v1/chat/completions "HTTP/1.1 200 OK"
2026-05-02 03:01:07,839 [INFO] [3902/3993] id=openseek-4-f0cfd5e40 GT=oAhab9s,lbFreezeMbothPiandSyf ✅ (3260ch, 15.1s)
2026-05-02 03:01:11,637 [INFO] HTTP Request: POST http://localhost:2026/v1/chat/completions "HTTP/1.1 200 OK"
2026-05-02 03:01:11,639 [INFO] [3903/3993] id=openseek-4-07ae63e2f GT=RawarmSiforehead,Pc ✅ (2345ch, 10.4s)
2026-05-02 03:01:15,450 [INFO] HTTP Request: POST http://localhost:2026/v1/chat/completions "HTTP/1.1 200 OK"
2026-05-02 03:01:15,451 [INFO] [3904/3993] id=openseek-4-fc1e0d174 GT=xObbeatingsgokworldMy ✅ (3166ch, 12.3s)
2026-05-02 03:01:20,347 [INFO] HTTP Request: POST http://localhost:2026/v1/chat/completions "HTTP/1.1 200 OK"
2026-05-02 03:01:20,349 [INFO] [3905/3993] id=openseek-4-995a9bca3 GT=whalersHpotentQoneMthingsImama ✅ (3297ch, 12.5s)
2026-05-02 03:01:23,874 [INFO] HTTP Request: POST http://localhost:2026/v1/chat/completions "HTTP/1.1 200 OK"
2026-05-02 03:01:23,876 [INFO] [3906/3993] id=openseek-4-e38519e35 GT=mZ ✅ (962ch, 3.5s)
2026-05-02 03:01:24,791 [INFO] HTTP Request: POST http://localhost:2026/v1/chat/completions "HTTP/1.1 200 OK"
2026-05-02 03:01:24,793 [INFO] [3907/3993] id=openseek-4-8106b7ff8 GT=belonginggYKNpArsacideanvblewn ✅ (3179ch, 13.2s)
2026-05-02 03:01:25,202 [INFO] HTTP Request: POST http://localhost:2026/v1/chat/completions "HTTP/1.1 200 OK"
2026-05-02 03:01:25,203 [INFO] [3908/3993] id=openseek-4-e6d2eb823 GT=ionlyEqXButRatow ✅ (2402ch, 9.8s)
2026-05-02 03:01:32,618 [INFO] HTTP Request: POST http://localhost:2026/v1/chat/completions "HTTP/1.1 200 OK"
2026-05-02 03:01:32,620 [INFO] [3909/3993] id=openseek-4-aa71d8e36 GT=PhuntersXauvsableBcGkhopelandy ✅ (2181ch, 8.7s)
2026-05-02 03:01:34,198 [INFO] HTTP Request: POST http://localhost:2026/v1/chat/completions "HTTP/1.1 200 OK"
2026-05-02 03:01:34,199 [INFO] [3910/3993] id=openseek-4-fe8caff57 GT=theqchildren;Rthat,dT ✅ (2459ch, 9.4s)
2026-05-02 03:01:38,435 [INFO] HTTP Request: POST http://localhost:2026/v1/chat/completions "HTTP/1.1 200 OK"
2026-05-02 03:01:38,436 [INFO] [3911/3993] id=openseek-4-cc715130d GT=aykShakers,ytellingrsweeping,d ✅ (3020ch, 13.2s)
2026-05-02 03:01:46,241 [INFO] HTTP Request: POST http://localhost:2026/v1/chat/completions "HTTP/1.1 200 OK"
2026-05-02 03:01:46,243 [INFO] [3912/3993] id=openseek-4-2f1d9c40c GT=time!dmtheYpeculiarBeFO ✅ (3079ch, 13.6s)
2026-05-02 03:01:46,545 [INFO] HTTP Request: POST http://localhost:2026/v1/chat/completions "HTTP/1.1 200 OK"
2026-05-02 03:01:46,547 [INFO] [3913/3993] id=openseek-4-f573b28de GT=gallantryTQaher,wp ✅ (3100ch, 12.3s)
2026-05-02 03:01:53,462 [INFO] HTTP Request: POST http://localhost:2026/v1/chat/completions "HTTP/1.1 200 OK"
2026-05-02 03:01:53,464 [INFO] [3914/3993] id=openseek-4-0875ade33 GT=pitHaft;LeskeletonL9tisdstreet ✅ (3523ch, 15.0s)
2026-05-02 03:01:55,105 [INFO] HTTP Request: POST http://localhost:2026/v1/chat/completions "HTTP/1.1 200 OK"
2026-05-02 03:01:55,106 [INFO] [3915/3993] id=openseek-4-375ef0f4c GT=intentNblast!FVthisYLexternalM ✅ (2418ch, 8.9s)
2026-05-02 03:01:56,812 [INFO] HTTP Request: POST http://localhost:2026/v1/chat/completions "HTTP/1.1 200 OK"
2026-05-02 03:01:56,814 [INFO] [3916/3993] id=openseek-4-96ffaf60b GT=that,DIofWm ✅ (2498ch, 10.3s)
2026-05-02 03:02:05,149 [INFO] HTTP Request: POST http://localhost:2026/v1/chat/completions "HTTP/1.1 200 OK"
2026-05-02 03:02:05,150 [INFO] [3917/3993] id=openseek-4-71ffc6eed GT=Findeed,Rcplace,ztoSoTwandYIe ✅ (2429ch, 10.0s)
2026-05-02 03:02:06,197 [INFO] HTTP Request: POST http://localhost:2026/v1/chat/completions "HTTP/1.1 200 OK"
2026-05-02 03:02:06,199 [INFO] [3918/3993] id=openseek-4-a4d69bad7 GT=indirect,KQQsbkORG ✅ (2914ch, 12.7s)
2026-05-02 03:02:08,394 [INFO] HTTP Request: POST http://localhost:2026/v1/chat/completions "HTTP/1.1 200 OK"
2026-05-02 03:02:08,396 [INFO] [3919/3993] id=openseek-4-f7310b6f2 GT=NhimGKttheoitptoJoutlS ✅ (2650ch, 11.6s)
2026-05-02 03:02:12,096 [INFO] HTTP Request: POST http://localhost:2026/v1/chat/completions "HTTP/1.1 200 OK"
2026-05-02 03:02:12,097 [INFO] [3920/3993] id=openseek-4-c8b4f99f1 GT=pandrGT ✅ (1533ch, 5.9s)
2026-05-02 03:02:15,664 [INFO] HTTP Request: POST http://localhost:2026/v1/chat/completions "HTTP/1.1 200 OK"
2026-05-02 03:02:15,666 [INFO] [3921/3993] id=openseek-4-e643b7311 GT=sUtheznotPgWX ✅ (1812ch, 7.3s)
2026-05-02 03:02:21,419 [INFO] HTTP Request: POST http://localhost:2026/v1/chat/completions "HTTP/1.1 200 OK"
2026-05-02 03:02:21,420 [INFO] [3922/3993] id=openseek-4-81922f952 GT=ofPneck.Rland.ZashesZsea,Wsoul ✅ (3567ch, 16.3s)
2026-05-02 03:02:22,728 [INFO] HTTP Request: POST http://localhost:2026/v1/chat/completions "HTTP/1.1 200 OK"
2026-05-02 03:02:22,730 [INFO] [3923/3993] id=openseek-4-2a3d8a059 GT=VCmine.SE ✅ (1684ch, 7.1s)
2026-05-02 03:02:24,833 [INFO] HTTP Request: POST http://localhost:2026/v1/chat/completions "HTTP/1.1 200 OK"
2026-05-02 03:02:24,834 [INFO] [3924/3993] id=openseek-4-8209e35d1 GT=anduSofYxeZfromwNIndian;m ✅ (3103ch, 12.7s)
2026-05-02 03:02:29,694 [INFO] HTTP Request: POST http://localhost:2026/v1/chat/completions "HTTP/1.1 200 OK"
2026-05-02 03:02:29,695 [INFO] [3925/3993] id=openseek-4-4afb0a110 GT=thatYUsoWQ ✅ (1319ch, 7.0s)
2026-05-02 03:02:36,139 [INFO] HTTP Request: POST http://localhost:2026/v1/chat/completions "HTTP/1.1 200 OK"
2026-05-02 03:02:36,141 [INFO] [3926/3993] id=openseek-4-2a208bcec GT=splicehEfZ ✅ (1761ch, 6.4s)
2026-05-02 03:02:37,281 [INFO] HTTP Request: POST http://localhost:2026/v1/chat/completions "HTTP/1.1 200 OK"
2026-05-02 03:02:37,283 [INFO] [3927/3993] id=openseek-4-274b8bec8 GT=undignified;cipbegetWanKpanic- ✅ (3675ch, 15.9s)
2026-05-02 03:02:39,434 [INFO] HTTP Request: POST http://localhost:2026/v1/chat/completions "HTTP/1.1 200 OK"
2026-05-02 03:02:39,436 [INFO] [3928/3993] id=openseek-4-1b9299ef1 GT=IabouteEnglandcusndownright.sc ✅ (3753ch, 14.6s)
2026-05-02 03:02:43,170 [INFO] HTTP Request: POST http://localhost:2026/v1/chat/completions "HTTP/1.1 200 OK"
2026-05-02 03:02:43,171 [INFO] [3929/3993] id=openseek-4-a2b831564 GT=visibleFpartings ✅ (1873ch, 7.0s)
2026-05-02 03:02:46,387 [INFO] HTTP Request: POST http://localhost:2026/v1/chat/completions "HTTP/1.1 200 OK"
2026-05-02 03:02:46,388 [INFO] [3930/3993] id=openseek-4-b3aa43038 GT=gj ✅ (861ch, 3.2s)
2026-05-02 03:02:48,044 [INFO] HTTP Request: POST http://localhost:2026/v1/chat/completions "HTTP/1.1 200 OK"
2026-05-02 03:02:48,046 [INFO] [3931/3993] id=openseek-4-41c45fa42 GT=ateIfWYworlds.RFPu ✅ (2750ch, 10.8s)
2026-05-02 03:02:50,309 [INFO] HTTP Request: POST http://localhost:2026/v1/chat/completions "HTTP/1.1 200 OK"
2026-05-02 03:02:50,310 [INFO] [3932/3993] id=openseek-4-bad7f4011 GT=Qk ✅ (948ch, 3.9s)
2026-05-02 03:02:53,784 [INFO] HTTP Request: POST http://localhost:2026/v1/chat/completions "HTTP/1.1 200 OK"
2026-05-02 03:02:53,786 [INFO] [3933/3993] id=openseek-4-6514e2f72 GT=theeMhadXRthougheForjI ✅ (3770ch, 14.3s)
2026-05-02 03:02:55,757 [INFO] HTTP Request: POST http://localhost:2026/v1/chat/completions "HTTP/1.1 200 OK"
2026-05-02 03:02:55,759 [INFO] [3934/3993] id=openseek-4-9d74702be GT=sjsortyherev ✅ (2100ch, 7.7s)
2026-05-02 03:03:00,635 [INFO] HTTP Request: POST http://localhost:2026/v1/chat/completions "HTTP/1.1 200 OK"
2026-05-02 03:03:00,636 [INFO] [3935/3993] id=openseek-4-e970bd866 GT=Cone,Xvastlthata ✅ (2696ch, 10.3s)
2026-05-02 03:03:06,309 [INFO] HTTP Request: POST http://localhost:2026/v1/chat/completions "HTTP/1.1 200 OK"
2026-05-02 03:03:06,311 [INFO] [3936/3993] id=openseek-4-cd196b683 GT=UmayBXwithvI,tonsetqU ✅ (3105ch, 12.5s)
2026-05-02 03:03:07,519 [INFO] HTTP Request: POST http://localhost:2026/v1/chat/completions "HTTP/1.1 200 OK"
2026-05-02 03:03:07,520 [INFO] [3937/3993] id=openseek-4-420ff8523 GT=enoughTqg ✅ (1805ch, 6.9s)
2026-05-02 03:03:10,324 [INFO] HTTP Request: POST http://localhost:2026/v1/chat/completions "HTTP/1.1 200 OK"
2026-05-02 03:03:10,325 [INFO] [3938/3993] id=openseek-4-88e46dc62 GT=anythinghreversingqhoneQOwbyS ✅ (3542ch, 14.6s)
2026-05-02 03:03:15,046 [INFO] HTTP Request: POST http://localhost:2026/v1/chat/completions "HTTP/1.1 200 OK"
2026-05-02 03:03:15,047 [INFO] [3939/3993] id=openseek-4-5ba1f8bd5 GT=Qsmallua ✅ (2380ch, 8.7s)
2026-05-02 03:03:17,630 [INFO] HTTP Request: POST http://localhost:2026/v1/chat/completions "HTTP/1.1 200 OK"
2026-05-02 03:03:17,631 [INFO] [3940/3993] id=openseek-4-b9ce76160 GT=dtell,eitX ✅ (1862ch, 7.3s)
2026-05-02 03:03:22,587 [INFO] HTTP Request: POST http://localhost:2026/v1/chat/completions "HTTP/1.1 200 OK"
2026-05-02 03:03:22,588 [INFO] [3941/3993] id=openseek-4-66b542a0a GT=Kwhale4aIzhands.yCcircled,FAwk ✅ (3730ch, 15.1s)
2026-05-02 03:03:23,760 [INFO] HTTP Request: POST http://localhost:2026/v1/chat/completions "HTTP/1.1 200 OK"
2026-05-02 03:03:23,761 [INFO] [3942/3993] id=openseek-4-70194f187 GT=circleGJ ✅ (1678ch, 6.1s)
2026-05-02 03:03:25,150 [INFO] HTTP Request: POST http://localhost:2026/v1/chat/completions "HTTP/1.1 200 OK"
2026-05-02 03:03:25,151 [INFO] [3943/3993] id=openseek-4-b280d21b1 GT=jrisOthisEthefwaves!e ✅ (2501ch, 10.1s)
2026-05-02 03:03:27,091 [INFO] HTTP Request: POST http://localhost:2026/v1/chat/completions "HTTP/1.1 200 OK"
2026-05-02 03:03:27,092 [INFO] [3944/3993] id=openseek-4-f290023b4 GT=ka ✅ (1181ch, 4.5s)
2026-05-02 03:03:33,550 [INFO] HTTP Request: POST http://localhost:2026/v1/chat/completions "HTTP/1.1 200 OK"
2026-05-02 03:03:33,552 [INFO] [3945/3993] id=openseek-4-d8ef34d5d GT=dselectingLohisyheb ✅ (2179ch, 8.4s)
2026-05-02 03:03:35,613 [INFO] HTTP Request: POST http://localhost:2026/v1/chat/completions "HTTP/1.1 200 OK"
2026-05-02 03:03:35,614 [INFO] [3946/3993] id=openseek-4-e6ccb3022 GT=AlikeqXdTregularyonetlonelyYat ✅ (3066ch, 11.9s)
2026-05-02 03:03:37,867 [INFO] HTTP Request: POST http://localhost:2026/v1/chat/completions "HTTP/1.1 200 OK"
2026-05-02 03:03:37,868 [INFO] [3947/3993] id=openseek-4-c987dff10 GT=inDpooh!fN ✅ (2681ch, 10.8s)
2026-05-02 03:03:39,449 [INFO] HTTP Request: POST http://localhost:2026/v1/chat/completions "HTTP/1.1 200 OK"
2026-05-02 03:03:39,451 [INFO] [3948/3993] id=openseek-4-aa28fb2b5 GT=eyeyjaw,e ✅ (1426ch, 5.9s)
2026-05-02 03:03:44,300 [INFO] HTTP Request: POST http://localhost:2026/v1/chat/completions "HTTP/1.1 200 OK"
2026-05-02 03:03:44,302 [INFO] [3949/3993] id=openseek-4-fdb523d42 GT=ofYhDon9tnHeQ ✅ (1964ch, 8.7s)
2026-05-02 03:03:46,143 [INFO] HTTP Request: POST http://localhost:2026/v1/chat/completions "HTTP/1.1 200 OK"
2026-05-02 03:03:46,144 [INFO] [3950/3993] id=openseek-4-5c2f2486b GT=IIkIjUuye?Q ✅ (1506ch, 6.7s)
2026-05-02 03:03:48,414 [INFO] HTTP Request: POST http://localhost:2026/v1/chat/completions "HTTP/1.1 200 OK"
2026-05-02 03:03:48,416 [INFO] [3951/3993] id=openseek-4-af23dbb9c GT=AhabnvYedVthreelnwaback;S ✅ (2502ch, 10.5s)
2026-05-02 03:03:58,618 [INFO] HTTP Request: POST http://localhost:2026/v1/chat/completions "HTTP/1.1 200 OK"
2026-05-02 03:03:58,620 [INFO] [3952/3993] id=openseek-4-234d38d12 GT=Xshotssea.psea,lYthisKall,wBno ✅ (3319ch, 14.3s)
2026-05-02 03:03:58,986 [INFO] HTTP Request: POST http://localhost:2026/v1/chat/completions "HTTP/1.1 200 OK"
2026-05-02 03:03:58,987 [INFO] [3953/3993] id=openseek-4-8dd96ab9f GT=rslainkHboatfsaysR ✅ (2959ch, 10.6s)
2026-05-02 03:03:59,803 [INFO] HTTP Request: POST http://localhost:2026/v1/chat/completions "HTTP/1.1 200 OK"
2026-05-02 03:03:59,805 [INFO] [3954/3993] id=openseek-4-256518043 GT=sobDjqGgunbbeget.Ywell,AY ✅ (2929ch, 13.7s)
2026-05-02 03:04:06,830 [INFO] HTTP Request: POST http://localhost:2026/v1/chat/completions "HTTP/1.1 200 OK"
2026-05-02 03:04:06,831 [INFO] [3955/3993] id=openseek-4-25e510979 GT=rcurvingbWar,v ✅ (2097ch, 7.8s)
2026-05-02 03:04:12,860 [INFO] HTTP Request: POST http://localhost:2026/v1/chat/completions "HTTP/1.1 200 OK"
2026-05-02 03:04:12,862 [INFO] [3956/3993] id=openseek-4-8493ee2a4 GT=somewhere;bdEQseemedw ✅ (3456ch, 13.1s)
2026-05-02 03:04:14,192 [INFO] HTTP Request: POST http://localhost:2026/v1/chat/completions "HTTP/1.1 200 OK"
2026-05-02 03:04:14,193 [WARNING]   [attempt 1 T=0.0] 答案校验失败 pred='no G behaves i' expect='no G beholds i'
2026-05-02 03:04:16,221 [INFO] HTTP Request: POST http://localhost:2026/v1/chat/completions "HTTP/1.1 200 OK"
2026-05-02 03:04:16,223 [INFO] [3957/3993] id=openseek-4-56091fd7b GT=yinecThejthenValongeenztheb ✅ (3910ch, 17.6s)
2026-05-02 03:04:16,739 [INFO] HTTP Request: POST http://localhost:2026/v1/chat/completions "HTTP/1.1 200 OK"
2026-05-02 03:04:16,740 [INFO] [3958/3993] id=openseek-4-41cd0111e GT=HO ✅ (782ch, 3.9s)
2026-05-02 03:04:22,675 [INFO] HTTP Request: POST http://localhost:2026/v1/chat/completions "HTTP/1.1 200 OK"
2026-05-02 03:04:22,677 [INFO] [3959/3993] id=openseek-4-0afcf45e0 GT=canstPAa ✅ (1573ch, 6.5s)
2026-05-02 03:04:24,429 [INFO] HTTP Request: POST http://localhost:2026/v1/chat/completions "HTTP/1.1 200 OK"
2026-05-02 03:04:24,431 [INFO] [3960/3993] id=openseek-4-8b944272e GT=noGbeholdsi ✅ (2743ch, 17.6s)
2026-05-02 03:04:28,054 [INFO] HTTP Request: POST http://localhost:2026/v1/chat/completions "HTTP/1.1 200 OK"
2026-05-02 03:04:28,055 [INFO] [3961/3993] id=openseek-4-5d539ee94 GT=yeveryQCoftzgleastYx ✅ (2765ch, 11.3s)
2026-05-02 03:04:29,188 [INFO] HTTP Request: POST http://localhost:2026/v1/chat/completions "HTTP/1.1 200 OK"
2026-05-02 03:04:29,190 [INFO] [3962/3993] id=openseek-4-850c10564 GT=CsYbunchXY ✅ (1728ch, 6.5s)
2026-05-02 03:04:36,270 [INFO] HTTP Request: POST http://localhost:2026/v1/chat/completions "HTTP/1.1 200 OK"
2026-05-02 03:04:36,272 [INFO] [3963/3993] id=openseek-4-cb654f3f9 GT=stindiUG ✅ (1944ch, 8.2s)
2026-05-02 03:04:36,482 [INFO] HTTP Request: POST http://localhost:2026/v1/chat/completions "HTTP/1.1 200 OK"
2026-05-02 03:04:36,484 [INFO] [3964/3993] id=openseek-4-e4a0be2e4 GT=zDChinted,qpowerT ✅ (1782ch, 7.3s)
2026-05-02 03:04:37,344 [INFO] HTTP Request: POST http://localhost:2026/v1/chat/completions "HTTP/1.1 200 OK"
2026-05-02 03:04:37,345 [INFO] [3965/3993] id=openseek-4-d8a8017c1 GT=motives,iothoujnNow,zhblubbert ✅ (2887ch, 12.9s)
2026-05-02 03:04:44,133 [INFO] HTTP Request: POST http://localhost:2026/v1/chat/completions "HTTP/1.1 200 OK"
2026-05-02 03:04:44,135 [INFO] [3966/3993] id=openseek-4-3978641fa GT=tgYNrintoi ✅ (1989ch, 7.9s)
2026-05-02 03:04:47,908 [INFO] HTTP Request: POST http://localhost:2026/v1/chat/completions "HTTP/1.1 200 OK"
2026-05-02 03:04:47,910 [INFO] [3967/3993] id=openseek-4-328d800dc GT=WIDOW.UofWsheHjI ✅ (2761ch, 11.4s)
2026-05-02 03:04:53,218 [INFO] HTTP Request: POST http://localhost:2026/v1/chat/completions "HTTP/1.1 200 OK"
2026-05-02 03:04:53,220 [INFO] [3968/3993] id=openseek-4-37cc4d0d5 GT=AtoTsomeQJapaneseXrNIapassedvq ✅ (3655ch, 15.9s)
2026-05-02 03:04:57,720 [INFO] HTTP Request: POST http://localhost:2026/v1/chat/completions "HTTP/1.1 200 OK"
2026-05-02 03:04:57,722 [INFO] [3969/3993] id=openseek-4-ab296bfd2 GT=VaXRyearGLF ✅ (3466ch, 13.6s)
2026-05-02 03:04:58,349 [INFO] HTTP Request: POST http://localhost:2026/v1/chat/completions "HTTP/1.1 200 OK"
2026-05-02 03:04:58,351 [INFO] [3970/3993] id=openseek-4-f92790b81 GT=jYzbez ✅ (1233ch, 5.1s)
2026-05-02 03:05:04,323 [INFO] HTTP Request: POST http://localhost:2026/v1/chat/completions "HTTP/1.1 200 OK"
2026-05-02 03:05:04,325 [INFO] [3971/3993] id=openseek-4-530d7de0d GT=mayofranklyQGseamenHmDlessonlO ✅ (3976ch, 16.4s)
2026-05-02 03:05:05,700 [INFO] HTTP Request: POST http://localhost:2026/v1/chat/completions "HTTP/1.1 200 OK"
2026-05-02 03:05:05,702 [INFO] [3972/3993] id=openseek-4-25f4ae095 GT=Chair,NYInw ✅ (1966ch, 8.0s)
2026-05-02 03:05:08,892 [INFO] HTTP Request: POST http://localhost:2026/v1/chat/completions "HTTP/1.1 200 OK"
2026-05-02 03:05:08,893 [INFO] [3973/3993] id=openseek-4-0f6758ee7 GT=RthexbybdjDofs ✅ (2290ch, 10.5s)
2026-05-02 03:05:09,971 [INFO] HTTP Request: POST http://localhost:2026/v1/chat/completions "HTTP/1.1 200 OK"
2026-05-02 03:05:09,973 [INFO] [3974/3993] id=openseek-4-2fc18b8a4 GT=seeBo ✅ (1513ch, 5.6s)
2026-05-02 03:05:15,182 [INFO] HTTP Request: POST http://localhost:2026/v1/chat/completions "HTTP/1.1 200 OK"
2026-05-02 03:05:15,184 [INFO] [3975/3993] id=openseek-4-748bab068 GT=heavyRatg ✅ (1358ch, 5.2s)
2026-05-02 03:05:17,265 [INFO] HTTP Request: POST http://localhost:2026/v1/chat/completions "HTTP/1.1 200 OK"
2026-05-02 03:05:17,266 [INFO] [3976/3993] id=openseek-4-955ca7c7a GT=toilHChimLturnDaredrVuponI ✅ (3058ch, 11.6s)
2026-05-02 03:05:17,876 [INFO] HTTP Request: POST http://localhost:2026/v1/chat/completions "HTTP/1.1 200 OK"
2026-05-02 03:05:17,877 [INFO] [3977/3993] id=openseek-4-4018bcf56 GT=Naleakdthoughva ✅ (2296ch, 9.0s)
2026-05-02 03:05:19,712 [INFO] HTTP Request: POST http://localhost:2026/v1/chat/completions "HTTP/1.1 200 OK"
2026-05-02 03:05:19,713 [INFO] [3978/3993] id=openseek-4-4cc0429d8 GT=aO ✅ (974ch, 4.5s)
2026-05-02 03:05:23,258 [INFO] HTTP Request: POST http://localhost:2026/v1/chat/completions "HTTP/1.1 200 OK"
2026-05-02 03:05:23,259 [INFO] [3979/3993] id=openseek-4-971bd2d1e GT=torappearanceHaz ✅ (1683ch, 6.0s)
2026-05-02 03:05:29,363 [INFO] HTTP Request: POST http://localhost:2026/v1/chat/completions "HTTP/1.1 200 OK"
2026-05-02 03:05:29,364 [INFO] [3980/3993] id=openseek-4-ce149a3e1 GT=aZmakingUfingers,qJIN ✅ (2781ch, 11.5s)
2026-05-02 03:05:31,068 [INFO] HTTP Request: POST http://localhost:2026/v1/chat/completions "HTTP/1.1 200 OK"
2026-05-02 03:05:31,070 [INFO] [3981/3993] id=openseek-4-c5575ccc5 GT=thoughIphavetuatpb ✅ (1501ch, 7.8s)
2026-05-02 03:05:34,304 [INFO] HTTP Request: POST http://localhost:2026/v1/chat/completions "HTTP/1.1 200 OK"
2026-05-02 03:05:34,306 [INFO] [3982/3993] id=openseek-4-337b563e2 GT=atWstepping,CeCAtlanticdfearle ✅ (3614ch, 14.6s)
2026-05-02 03:05:41,638 [INFO] HTTP Request: POST http://localhost:2026/v1/chat/completions "HTTP/1.1 200 OK"
2026-05-02 03:05:41,639 [INFO] [3983/3993] id=openseek-4-d9f35abfc GT=notcdafttzOHa!xfPTheG ✅ (2671ch, 12.3s)
2026-05-02 03:05:42,050 [INFO] HTTP Request: POST http://localhost:2026/v1/chat/completions "HTTP/1.1 200 OK"
2026-05-02 03:05:42,052 [INFO] [3984/3993] id=openseek-4-7a32ef467 GT=tmustfEofmbeTc ✅ (2709ch, 11.0s)
2026-05-02 03:05:44,359 [INFO] HTTP Request: POST http://localhost:2026/v1/chat/completions "HTTP/1.1 200 OK"
2026-05-02 03:05:44,361 [INFO] [3985/3993] id=openseek-4-78cd9dab7 GT=excellenticouldZfanti-scorbuti ✅ (2587ch, 10.1s)
2026-05-02 03:05:49,439 [INFO] HTTP Request: POST http://localhost:2026/v1/chat/completions "HTTP/1.1 200 OK"
2026-05-02 03:05:49,440 [INFO] [3986/3993] id=openseek-4-97ca235dd GT=aGsometimesj ✅ (2081ch, 7.8s)
2026-05-02 03:05:52,624 [INFO] HTTP Request: POST http://localhost:2026/v1/chat/completions "HTTP/1.1 200 OK"
2026-05-02 03:05:52,625 [INFO] [3987/3993] id=openseek-4-bf1a98e79 GT=onceQoyAwbynkstartJ ✅ (2613ch, 10.6s)
2026-05-02 03:05:55,946 [INFO] HTTP Request: POST http://localhost:2026/v1/chat/completions "HTTP/1.1 200 OK"
2026-05-02 03:05:55,948 [INFO] [3988/3993] id=openseek-4-8ff66a510 GT=jawNhejthanXw ✅ (2880ch, 11.6s)
2026-05-02 03:05:56,935 [INFO] HTTP Request: POST http://localhost:2026/v1/chat/completions "HTTP/1.1 200 OK"
2026-05-02 03:05:56,936 [INFO] [3989/3993] id=openseek-4-129c1e77e GT=tiswforh ✅ (1476ch, 7.5s)
2026-05-02 03:06:02,396 [INFO] HTTP Request: POST http://localhost:2026/v1/chat/completions "HTTP/1.1 200 OK"
2026-05-02 03:06:02,397 [INFO] [3990/3993] id=openseek-4-741fef0eb GT=GinvocationsfinnzDinVminutesO ✅ (2262ch, 9.8s)
2026-05-02 03:06:04,767 [INFO] HTTP Request: POST http://localhost:2026/v1/chat/completions "HTTP/1.1 200 OK"
2026-05-02 03:06:04,767 [INFO] [3991/3993] id=openseek-4-4ee2e8766 GT=regulargallseemedWU ✅ (1753ch, 7.8s)
2026-05-02 03:06:12,828 [INFO] HTTP Request: POST http://localhost:2026/v1/chat/completions "HTTP/1.1 200 OK"
2026-05-02 03:06:12,829 [INFO] [3992/3993] id=openseek-4-b6282af96 GT=ACpeculiaritiesvBLgenerallyOev ✅ (3631ch, 16.9s)
2026-05-02 03:06:19,664 [INFO] HTTP Request: POST http://localhost:2026/v1/chat/completions "HTTP/1.1 200 OK"
2026-05-02 03:06:19,664 [INFO] [3993/3993] id=openseek-4-9a7edf4f1 GT=YaHiskCWmbasis.Iwell,gR ✅ (2775ch, 17.3s)
2026-05-02 03:06:19,996 [INFO] ============================================================
2026-05-02 03:06:19,996 [INFO] 完成! 14993s, 共处理 3993 条
2026-05-02 03:06:19,996 [INFO]   成功: 3971
2026-05-02 03:06:19,996 [INFO]   失败(think 空): 22
2026-05-02 03:06:19,996 [INFO]   跳过: 0
2026-05-02 03:06:19,996 [INFO]   成功率: 99.4%
2026-05-02 03:06:19,996 [INFO]   输出: /home/blue/dev4T/flagOS/code/OpenSeek/openseek/competition/LongContext-ICL-Annotation/src/task4/v2/cot_data/openseek-4_conala_concat_strings_with_cot.json
